date,open,high,low,close,volume
2007-11-02,0.9122,0.92492,0.9113,0.9232,25768
2007-11-05,0.9212,0.9226,0.9157,0.9206,17800
2007-11-06,0.9206,0.9293,0.9203,0.9287,15243
2007-11-07,0.9287,0.94003,0.927,0.92802,25634
2007-11-08,0.92802,0.93302,0.91881,0.9268,27122
2007-11-09,0.9268,0.9321,0.9102,0.9128,29940
2007-11-12,0.9055,0.9089,0.8758,0.8759,31784
2007-11-13,0.8759,0.8976,0.8753,0.8952,24689
2007-11-14,0.8952,0.9069,0.8946,0.8951,28953
2007-11-15,0.8951,0.9016,0.8852,0.8857,24038
2007-11-16,0.8857,0.8941,0.88152,0.8919,23424
2007-11-19,0.8961,0.8996,0.8828,0.884,17338
2007-11-20,0.884,0.8933,0.87583,0.8924,28923
2007-11-21,0.8924,0.89531,0.86525,0.8707,33943
2007-11-22,0.8707,0.87881,0.868,0.8713,15443
2007-11-23,0.8713,0.8778,0.8685,0.877,12523
2007-11-26,0.88055,0.8869,0.86665,0.87004,25080
2007-11-27,0.87004,0.8814,0.86849,0.87737,26800
2007-11-28,0.87737,0.89198,0.8719,0.8897,23154
2007-11-29,0.8897,0.8904,0.8775,0.8813,23181
2007-11-30,0.8813,0.8895,0.8806,0.8831,21074
2007-12-03,0.8829,0.8854,0.8786,0.8806,12867
2007-12-04,0.8806,0.8812,0.87102,0.8736,17677
2007-12-05,0.8736,0.8741,0.866,0.8699,18132
2007-12-06,0.8699,0.879,0.8691,0.8788,15099
2007-12-07,0.8788,0.8827,0.8741,0.8774,15466
2007-12-10,0.87405,0.8861,0.87267,0.8848,14421
2007-12-11,0.8848,0.8895,0.871,0.8733,17732
2007-12-12,0.8733,0.8902,0.87255,0.88282,19790
2007-12-13,0.88282,0.8863,0.8734,0.8759,19283
2007-12-14,0.8759,0.87934,0.86056,0.8614,20598
2007-12-17,0.86245,0.86505,0.85577,0.8572,23469
2007-12-18,0.8572,0.86435,0.8553,0.8602,20496
2007-12-19,0.8602,0.8636,0.8558,0.8589,16297
2007-12-20,0.8589,0.86033,0.8569,0.859,16418
2007-12-21,0.859,0.86973,0.8577,0.8669,15129
2007-12-24,0.86805,0.872,0.8673,0.8705,4049
2007-12-25,0.87192,0.87192,0.86941,0.87063,0
2007-12-26,0.8705,0.8708,0.8705,0.8706,23
2007-12-27,0.8706,0.8792,0.8706,0.8778,9060
2007-12-28,0.8778,0.8787,0.87201,0.87511,13085
2007-12-31,0.8768,0.8826,0.87508,0.87706,10419
2008-01-01,0.87428,0.87758,0.87428,0.87712,0
2008-01-02,0.87706,0.88542,0.87669,0.8834,13610
2008-01-03,0.8834,0.8847,0.87861,0.88015,18877
2008-01-04,0.88015,0.8837,0.86998,0.87034,20852
2008-01-07,0.8715,0.87493,0.8683,0.8727,24043
2008-01-08,0.8727,0.88385,0.87016,0.87852,26029
2008-01-09,0.87852,0.8859,0.87841,0.883,26040
2008-01-10,0.883,0.89755,0.8811,0.8953,25250
2008-01-11,0.8953,0.89705,0.8898,0.8909,27432
2008-01-14,0.8893,0.90035,0.8891,0.8995,16503
2008-01-15,0.8995,0.9019,0.8803,0.8808,27431
2008-01-16,0.8808,0.8868,0.8744,0.8796,38528
2008-01-17,0.8796,0.88805,0.87605,0.87655,34435
2008-01-18,0.87655,0.88522,0.87,0.88005,35234
2008-01-21,0.87885,0.882,0.85935,0.86125,23859
2008-01-22,0.86125,0.87205,0.8512,0.86835,40192
2008-01-23,0.86835,0.8748,0.86105,0.87305,41289
2008-01-24,0.87305,0.88205,0.86905,0.882,30029
2008-01-25,0.882,0.8853,0.87718,0.88032,27431
2008-01-28,0.878,0.8892,0.8767,0.88905,20877
2008-01-29,0.88905,0.8904,0.8859,0.88915,19905
2008-01-30,0.88915,0.9015,0.886,0.893,22048
2008-01-31,0.893,0.89815,0.88157,0.89553,34080
2008-02-01,0.89553,0.90465,0.8943,0.9043,25370
2008-02-04,0.90305,0.91001,0.9023,0.90818,18868
2008-02-05,0.90818,0.9091,0.89405,0.89722,32479
2008-02-06,0.89722,0.8999,0.89073,0.89562,27503
2008-02-07,0.89562,0.89753,0.8874,0.89465,30320
2008-02-08,0.89465,0.8986,0.8915,0.89515,19568
2008-02-11,0.8957,0.9058,0.895,0.90355,20211
2008-02-12,0.90355,0.9085,0.9021,0.90295,19471
2008-02-13,0.90295,0.90463,0.8923,0.8963,25386
2008-02-14,0.8963,0.90653,0.89525,0.9021,22311
2008-02-15,0.9021,0.9098,0.9003,0.9083,22509
2008-02-18,0.9081,0.9141,0.9069,0.91355,12900
2008-02-19,0.91355,0.92372,0.91355,0.9189,24550
2008-02-20,0.9189,0.9212,0.9112,0.9182,27917
2008-02-21,0.9182,0.92076,0.9166,0.91865,23631
2008-02-22,0.91865,0.92505,0.91715,0.9233,23350
2008-02-25,0.9233,0.92736,0.9216,0.9269,20301
2008-02-26,0.9269,0.9339,0.9253,0.9338,26093
2008-02-27,0.9338,0.94318,0.9319,0.9416,29347
2008-02-28,0.9416,0.9497,0.93672,0.9489,28744
2008-02-29,0.9489,0.94898,0.93097,0.93142,33333
2008-03-03,0.93142,0.94213,0.9273,0.9395,31298
2008-03-04,0.9395,0.94075,0.92175,0.9275,29077
2008-03-05,0.9275,0.93485,0.9229,0.93485,28225
2008-03-06,0.93485,0.9384,0.92461,0.9265,29081
2008-03-07,0.9265,0.93735,0.9246,0.92763,31153
2008-03-10,0.92763,0.9312,0.91602,0.91635,26925
2008-03-11,0.91635,0.92925,0.9148,0.92866,27847
2008-03-12,0.92866,0.93664,0.92755,0.9332,27742
2008-03-13,0.9332,0.94705,0.9313,0.9469,30937
2008-03-14,0.9469,0.94715,0.93515,0.93697,28881
2008-03-17,0.93697,0.9446,0.91248,0.9215,31754
2008-03-18,0.9215,0.9307,0.91646,0.92661,31829
2008-03-19,0.92661,0.9354,0.9116,0.9139,31217
2008-03-20,0.9139,0.9167,0.89524,0.89945,36010
2008-03-21,0.89945,0.90295,0.89847,0.90145,3804
2008-03-24,0.90145,0.90835,0.89775,0.90594,13626
2008-03-25,0.90594,0.9177,0.905,0.91765,26243
2008-03-26,0.91765,0.92422,0.91212,0.91986,26239
2008-03-27,0.91986,0.9253,0.91665,0.91865,27993
2008-03-28,0.91865,0.92425,0.91516,0.91755,26836
2008-03-31,0.91755,0.9181,0.91035,0.913,26333
2008-04-01,0.913,0.9148,0.9031,0.90717,26579
2008-04-02,0.90717,0.91577,0.9055,0.91415,28759
2008-04-03,0.91415,0.9177,0.90917,0.91614,26182
2008-04-04,0.91614,0.92283,0.91,0.9216,25485
2008-04-07,0.9216,0.92838,0.91775,0.92572,20812
2008-04-08,0.92572,0.9322,0.9242,0.9319,23519
2008-04-09,0.9319,0.9321,0.92615,0.9284,23969
2008-04-10,0.9284,0.93462,0.92835,0.93192,27016
2008-04-11,0.93192,0.934,0.9273,0.929,24724
2008-04-14,0.929,0.929,0.92053,0.92673,27171
2008-04-15,0.92673,0.9308,0.92331,0.92665,26858
2008-04-16,0.92665,0.94007,0.925,0.9396,26676
2008-04-17,0.9396,0.9396,0.93371,0.93734,30487
2008-04-18,0.93734,0.9395,0.92708,0.93425,30099
2008-04-21,0.93425,0.9443,0.93205,0.94275,26932
2008-04-22,0.94275,0.94727,0.9391,0.94462,29900
2008-04-23,0.94462,0.9541,0.9437,0.9491,31965
2008-04-24,0.9491,0.94953,0.93728,0.9396,30731
2008-04-25,0.9396,0.94201,0.9291,0.9319,28923
2008-04-28,0.9319,0.9404,0.9319,0.93868,19613
2008-04-29,0.93868,0.9393,0.92927,0.93374,30339
2008-04-30,0.93374,0.94718,0.931,0.9435,30152
2008-05-01,0.9435,0.9442,0.9307,0.93341,25752
2008-05-02,0.93341,0.93845,0.9275,0.93598,29473
2008-05-05,0.93598,0.9467,0.9341,0.9467,13555
2008-05-06,0.9467,0.95059,0.9433,0.94962,24434
2008-05-07,0.94962,0.95055,0.9407,0.942,25204
2008-05-08,0.942,0.94552,0.9349,0.9435,31732
2008-05-09,0.9435,0.94564,0.93838,0.94315,25211
2008-05-12,0.94315,0.94796,0.9356,0.94767,22174
2008-05-13,0.94767,0.94785,0.93847,0.94035,29681
2008-05-14,0.94035,0.9426,0.93032,0.93422,28593
2008-05-15,0.93422,0.94194,0.9291,0.94035,33179
2008-05-16,0.94035,0.95595,0.93912,0.95449,28356
2008-05-19,0.95449,0.95693,0.95102,0.95335,21412
2008-05-20,0.95335,0.9618,0.9518,0.95857,28379
2008-05-21,0.95857,0.96535,0.9557,0.9624,25663
2008-05-22,0.9624,0.96507,0.95435,0.95563,27659
2008-05-23,0.95563,0.9637,0.95529,0.96,21696
2008-05-26,0.96,0.96172,0.95809,0.9607,10584
2008-05-27,0.9607,0.96354,0.958,0.9585,23402
2008-05-28,0.9585,0.963,0.9562,0.9628,27544
2008-05-29,0.9628,0.9637,0.95365,0.95533,30539
2008-05-30,0.95533,0.9579,0.9512,0.95575,27296
2008-06-02,0.95575,0.9567,0.9502,0.95515,25579
2008-06-03,0.95515,0.96125,0.9508,0.95238,29560
2008-06-04,0.95238,0.9629,0.94864,0.95733,32409
2008-06-05,0.95733,0.95922,0.9511,0.95884,29836
2008-06-06,0.95884,0.96409,0.9565,0.96251,23165
2008-06-09,0.96251,0.9647,0.94822,0.95032,26789
2008-06-10,0.95032,0.95257,0.94406,0.94597,33052
2008-06-11,0.94597,0.94924,0.94347,0.94692,24855
2008-06-12,0.94692,0.94885,0.93275,0.93422,31942
2008-06-13,0.93422,0.9411,0.93341,0.93867,28252
2008-06-16,0.93867,0.9425,0.93697,0.94032,19975
2008-06-17,0.94032,0.94535,0.9389,0.94372,26983
2008-06-18,0.94372,0.94734,0.9403,0.94709,22464
2008-06-19,0.94709,0.95187,0.94471,0.95107,22338
2008-06-20,0.95107,0.9567,0.949,0.95405,23339
2008-06-23,0.95405,0.956,0.9493,0.95247,21828
2008-06-24,0.95247,0.9586,0.94995,0.95524,22906
2008-06-25,0.95524,0.96005,0.95321,0.95985,22587
2008-06-26,0.95985,0.961,0.95507,0.95575,26941
2008-06-27,0.95575,0.9633,0.9542,0.96032,24222
2008-06-30,0.96032,0.96671,0.9553,0.95843,22646
2008-07-01,0.95843,0.9594,0.95121,0.955,26812
2008-07-02,0.955,0.9651,0.95334,0.9618,24571
2008-07-03,0.9618,0.9632,0.9582,0.9601,21315
2008-07-04,0.9601,0.9639,0.9591,0.96318,12200
2008-07-07,0.96318,0.96334,0.95161,0.95643,24811
2008-07-08,0.95643,0.9568,0.9502,0.95342,22813
2008-07-09,0.95342,0.95905,0.9476,0.95684,28418
2008-07-10,0.95684,0.96385,0.95439,0.9619,25463
2008-07-11,0.9619,0.97164,0.9596,0.96559,25315
2008-07-14,0.96559,0.97358,0.96559,0.97165,22324
2008-07-15,0.97165,0.985,0.97073,0.9792,31748
2008-07-16,0.9792,0.98151,0.9728,0.97469,27466
2008-07-17,0.97469,0.97909,0.96772,0.97217,27374
2008-07-18,0.97217,0.97377,0.97014,0.9702,22003
2008-07-21,0.9702,0.97718,0.9702,0.97703,21296
2008-07-22,0.97703,0.97924,0.96852,0.9711,24954
2008-07-23,0.9711,0.97347,0.96002,0.96185,31748
2008-07-24,0.96185,0.96364,0.9539,0.9584,33257
2008-07-25,0.9584,0.9607,0.9545,0.95586,30289
2008-07-28,0.95586,0.95941,0.9527,0.95661,21832
2008-07-29,0.95661,0.95851,0.94985,0.95278,26615
2008-07-30,0.95278,0.9528,0.94115,0.9442,34494
2008-07-31,0.9442,0.94758,0.93972,0.9422,34455
2008-08-01,0.9422,0.9422,0.92865,0.92912,31933
2008-08-04,0.92912,0.93461,0.92843,0.92921,25522
2008-08-05,0.92921,0.9298,0.91323,0.91613,35109
2008-08-06,0.91613,0.9205,0.9064,0.9082,28283
2008-08-07,0.9082,0.91295,0.90501,0.9065,32225
2008-08-08,0.9065,0.9073,0.88664,0.88914,44586
2008-08-11,0.88914,0.89521,0.87887,0.88395,34432
2008-08-12,0.88395,0.88452,0.87032,0.87333,44477
2008-08-13,0.87333,0.87718,0.85909,0.87423,48289
2008-08-14,0.87423,0.8796,0.86665,0.87215,39820
2008-08-15,0.87215,0.87215,0.861,0.86533,38688
2008-08-18,0.86533,0.87573,0.86525,0.86813,30733
2008-08-19,0.86813,0.87336,0.86245,0.8717,36294
2008-08-20,0.8717,0.87435,0.8673,0.87352,31557
2008-08-21,0.87352,0.88075,0.865,0.88072,37460
2008-08-22,0.88072,0.88125,0.86481,0.86633,29434
2008-08-25,0.86633,0.8689,0.8614,0.8627,27079
2008-08-26,0.8627,0.86462,0.84933,0.85573,39970
2008-08-27,0.85573,0.86374,0.85303,0.8587,37937
2008-08-28,0.8587,0.86933,0.85751,0.86242,40390
2008-08-29,0.86242,0.8658,0.8555,0.8586,32160
2008-09-01,0.8586,0.8586,0.84801,0.8502,20791
2008-09-02,0.8502,0.85343,0.82691,0.83793,47595
2008-09-03,0.83793,0.84033,0.82321,0.8359,46134
2008-09-04,0.8359,0.8394,0.82146,0.82262,42778
2008-09-05,0.82262,0.82297,0.8028,0.81272,50589
2008-09-08,0.81272,0.8353,0.8075,0.81625,47028
2008-09-09,0.81625,0.8177,0.80039,0.80222,49526
2008-09-10,0.80222,0.8131,0.79794,0.80106,44529
2008-09-11,0.80106,0.80737,0.78996,0.80711,45836
2008-09-12,0.80711,0.82333,0.80035,0.82271,46965
2008-09-15,0.82271,0.82605,0.801,0.80642,47199
2008-09-16,0.80642,0.80742,0.7851,0.80002,40492
2008-09-17,0.80002,0.80749,0.78,0.7904,38010
2008-09-18,0.7904,0.80963,0.7832,0.80445,33794
2008-09-19,0.80445,0.8359,0.80088,0.8348,37017
2008-09-22,0.8348,0.8519,0.82802,0.84395,40669
2008-09-23,0.84395,0.8468,0.82775,0.83267,41404
2008-09-24,0.83267,0.84273,0.8287,0.8341,35607
2008-09-25,0.8341,0.84252,0.83154,0.8351,36712
2008-09-26,0.8351,0.83785,0.82386,0.83045,35740
2008-09-29,0.83045,0.833,0.8002,0.80433,36112
2008-09-30,0.80433,0.80954,0.78614,0.7922,40329
2008-10-01,0.7922,0.8019,0.78686,0.78715,34503
2008-10-02,0.78715,0.7942,0.7698,0.77225,37739
2008-10-03,0.77225,0.7816,0.7712,0.7733,34937
2008-10-06,0.7733,0.77362,0.69862,0.72206,47455
2008-10-07,0.72206,0.73551,0.70372,0.70554,54646
2008-10-08,0.70554,0.71556,0.64398,0.6639,59558
2008-10-09,0.6639,0.7133,0.66276,0.68332,43994
2008-10-10,0.68332,0.6881,0.63222,0.6465,55346
2008-10-13,0.6465,0.6999,0.6465,0.69832,46053
2008-10-14,0.69832,0.7238,0.6935,0.6966,54601
2008-10-15,0.6966,0.70745,0.65816,0.66132,53220
2008-10-16,0.66132,0.6913,0.64922,0.6905,58804
2008-10-17,0.6905,0.7009,0.67287,0.689,48193
2008-10-20,0.689,0.70469,0.68767,0.70406,44042
2008-10-21,0.70406,0.7063,0.67048,0.6707,51219
2008-10-22,0.6707,0.68238,0.6627,0.67255,53297
2008-10-23,0.67255,0.67595,0.65267,0.66918,59089
2008-10-24,0.66918,0.67499,0.6045,0.61958,59620
2008-10-27,0.61958,0.62443,0.6006,0.60115,45926
2008-10-28,0.60115,0.6443,0.60085,0.64108,50899
2008-10-29,0.64108,0.67956,0.63357,0.66765,55138
2008-10-30,0.66765,0.68917,0.6612,0.68193,53369
2008-10-31,0.68193,0.68202,0.65455,0.66602,49335
2008-11-03,0.66602,0.68614,0.66422,0.67636,44598
2008-11-04,0.67636,0.7015,0.66007,0.6985,46972
2008-11-05,0.6985,0.70114,0.68002,0.68099,53435
2008-11-06,0.68099,0.6902,0.66355,0.66548,51329
2008-11-07,0.66548,0.6787,0.65385,0.6762,41236
2008-11-10,0.6762,0.69833,0.66503,0.66961,45536
2008-11-11,0.66961,0.67556,0.64753,0.65673,43671
2008-11-12,0.65673,0.6663,0.63477,0.64027,50769
2008-11-13,0.64027,0.66829,0.63392,0.66597,55282
2008-11-14,0.66597,0.66929,0.65073,0.65388,47007
2008-11-17,0.65388,0.6596,0.63588,0.6486,46994
2008-11-18,0.6486,0.6577,0.641,0.65226,43680
2008-11-19,0.65226,0.65961,0.63594,0.63636,46325
2008-11-20,0.63636,0.64155,0.6074,0.61002,56744
2008-11-21,0.61002,0.63024,0.60762,0.62989,47693
2008-11-24,0.62989,0.65405,0.62355,0.65392,44494
2008-11-25,0.65392,0.66166,0.63302,0.649,63850
2008-11-26,0.649,0.65517,0.64278,0.65177,42789
2008-11-27,0.65177,0.66045,0.6478,0.6565,23636
2008-11-28,0.6565,0.6596,0.64908,0.6547,32763
2008-12-01,0.6547,0.6547,0.63684,0.64002,37959
2008-12-02,0.64002,0.64948,0.6333,0.64255,40907
2008-12-03,0.64255,0.64873,0.63924,0.64871,36826
2008-12-04,0.64871,0.65354,0.63932,0.64419,40009
2008-12-05,0.64419,0.6486,0.62894,0.64772,36069
2008-12-08,0.64772,0.66908,0.64538,0.66427,34328
2008-12-09,0.66427,0.66592,0.64934,0.6586,34383
2008-12-10,0.6586,0.66415,0.65199,0.65605,34091
2008-12-11,0.65605,0.67999,0.65425,0.67156,39485
2008-12-12,0.67156,0.67335,0.64878,0.66054,39942
2008-12-15,0.66054,0.67455,0.66054,0.66854,31669
2008-12-16,0.66854,0.6985,0.66627,0.69386,33826
2008-12-17,0.69386,0.70517,0.6861,0.70372,44940
2008-12-18,0.70372,0.71369,0.67616,0.68653,44461
2008-12-19,0.68653,0.69266,0.67661,0.68236,36693
2008-12-22,0.68236,0.6893,0.67995,0.6837,25129
2008-12-23,0.6837,0.68512,0.67781,0.68011,17000
2008-12-24,0.68011,0.68378,0.67544,0.68197,9735
2008-12-25,0.6839,0.68521,0.6749,0.68171,0
2008-12-26,0.68197,0.68715,0.67993,0.68575,3664
2008-12-29,0.68575,0.69669,0.6831,0.68472,18432
2008-12-30,0.68472,0.69402,0.68464,0.6912,17570
2008-12-31,0.6912,0.70735,0.685,0.70597,15744
2009-01-01,0.70552,0.71378,0.6919,0.70502,0
2009-01-02,0.70597,0.7105,0.69162,0.70892,13763
2009-01-05,0.70892,0.72043,0.70618,0.71717,33597
2009-01-06,0.71717,0.72683,0.70318,0.72306,37484
2009-01-07,0.72306,0.72685,0.70922,0.71236,34979
2009-01-08,0.71236,0.71395,0.69551,0.71204,38738
2009-01-09,0.71204,0.71214,0.70109,0.70233,33622
2009-01-12,0.70233,0.70233,0.67857,0.68156,34128
2009-01-13,0.68156,0.68187,0.65751,0.6644,44800
2009-01-14,0.6644,0.681,0.65792,0.66097,41480
2009-01-15,0.66097,0.6702,0.65368,0.66261,52699
2009-01-16,0.66261,0.67958,0.66252,0.67269,39756
2009-01-19,0.67269,0.68403,0.66627,0.66647,27635
2009-01-20,0.66647,0.66828,0.64706,0.65064,41096
2009-01-21,0.65064,0.66564,0.64554,0.66155,45238
2009-01-22,0.66155,0.66458,0.64903,0.65515,38859
2009-01-23,0.65515,0.6587,0.64162,0.65635,42471
2009-01-26,0.65635,0.6644,0.64932,0.6593,32452
2009-01-27,0.6593,0.67178,0.65715,0.66099,36152
2009-01-28,0.66099,0.67334,0.65937,0.66586,41344
2009-01-29,0.66586,0.66801,0.65157,0.65208,36432
2009-01-30,0.65208,0.65233,0.63457,0.63524,38118
2009-02-02,0.63524,0.63732,0.62485,0.63139,32507
2009-02-03,0.63139,0.65454,0.62948,0.65089,39059
2009-02-04,0.65089,0.65356,0.63539,0.64338,44295
2009-02-05,0.64338,0.65814,0.64016,0.65236,42522
2009-02-06,0.65236,0.68023,0.64747,0.67658,41590
2009-02-09,0.67658,0.68492,0.66282,0.67835,39377
2009-02-10,0.67835,0.67975,0.64837,0.6546,55605
2009-02-11,0.6546,0.66016,0.64814,0.65621,42943
2009-02-12,0.65621,0.66154,0.64308,0.65226,48421
2009-02-13,0.65226,0.66421,0.65205,0.65778,42619
2009-02-16,0.65778,0.65778,0.64742,0.64998,23138
2009-02-17,0.64998,0.65315,0.63427,0.63476,41861
2009-02-18,0.63476,0.64325,0.63318,0.6369,42299
2009-02-19,0.6369,0.65222,0.63597,0.64347,37841
2009-02-20,0.64347,0.64992,0.63543,0.64605,40519
2009-02-23,0.64605,0.65476,0.64025,0.64154,36353
2009-02-24,0.64154,0.65257,0.63892,0.65103,38440
2009-02-25,0.65103,0.65545,0.64539,0.64679,41179
2009-02-26,0.64679,0.65526,0.64608,0.64719,34150
2009-02-27,0.64719,0.64808,0.63387,0.63935,46988
2009-03-02,0.63935,0.64004,0.62897,0.6298,39992
2009-03-03,0.6298,0.64637,0.62857,0.63759,41795
2009-03-04,0.63759,0.65263,0.62857,0.64942,41220
2009-03-05,0.64942,0.64956,0.63555,0.638,38022
2009-03-06,0.638,0.64733,0.63685,0.64028,40371
2009-03-09,0.64028,0.64497,0.63054,0.6316,36319
2009-03-10,0.6316,0.6488,0.63063,0.64577,43606
2009-03-11,0.64577,0.65242,0.63983,0.65197,40720
2009-03-12,0.65197,0.65761,0.6412,0.65436,45015
2009-03-13,0.65436,0.6604,0.65079,0.65725,39260
2009-03-16,0.65725,0.66373,0.65276,0.65893,32531
2009-03-17,0.65893,0.66232,0.65664,0.66177,33215
2009-03-18,0.66177,0.68017,0.65651,0.67622,36074
2009-03-19,0.67622,0.69434,0.67227,0.68497,53864
2009-03-20,0.68497,0.69316,0.68431,0.68581,40604
2009-03-23,0.68581,0.70577,0.68581,0.705,37672
2009-03-24,0.705,0.70934,0.69324,0.69529,44146
2009-03-25,0.69529,0.70499,0.69039,0.69749,43448
2009-03-26,0.69749,0.70405,0.69577,0.70131,36516
2009-03-27,0.70131,0.70307,0.68657,0.69249,34488
2009-03-30,0.69249,0.6925,0.67697,0.68119,36903
2009-03-31,0.68119,0.69692,0.67855,0.69099,37034
2009-04-01,0.69099,0.69961,0.68548,0.69899,39584
2009-04-02,0.69899,0.71987,0.69744,0.71499,47846
2009-04-03,0.71499,0.72294,0.70566,0.71548,42141
2009-04-06,0.71548,0.72087,0.7078,0.71358,37195
2009-04-07,0.71358,0.71693,0.70405,0.71073,44692
2009-04-08,0.71073,0.71278,0.70329,0.70994,41990
2009-04-09,0.70994,0.72022,0.70488,0.71899,36982
2009-04-10,0.71899,0.72101,0.71726,0.71904,5097
2009-04-13,0.71904,0.73272,0.71859,0.73161,18434
2009-04-14,0.73161,0.73244,0.72286,0.7236,38095
2009-04-15,0.7236,0.72933,0.71465,0.72839,44956
2009-04-16,0.72839,0.73154,0.71372,0.72044,42143
2009-04-17,0.72044,0.72286,0.71664,0.72078,39649
2009-04-20,0.72078,0.72444,0.69526,0.69642,47066
2009-04-21,0.69642,0.71296,0.69642,0.71117,51308
2009-04-22,0.71117,0.71199,0.70023,0.7052,57320
2009-04-23,0.7052,0.71552,0.70287,0.71454,53198
2009-04-24,0.71454,0.72385,0.71069,0.72242,40691
2009-04-27,0.72242,0.72242,0.70881,0.7099,44954
2009-04-28,0.7099,0.71017,0.69895,0.70594,48454
2009-04-29,0.70594,0.72999,0.70484,0.72644,57843
2009-04-30,0.72644,0.73839,0.72314,0.72535,68041
2009-05-01,0.72535,0.73462,0.72404,0.73009,40101
2009-05-04,0.73009,0.74107,0.73009,0.73975,37973
2009-05-05,0.73975,0.74791,0.73721,0.74236,59942
2009-05-06,0.74236,0.75022,0.73354,0.7481,54325
2009-05-07,0.7481,0.76169,0.74571,0.75359,64707
2009-05-08,0.75359,0.77081,0.75075,0.7679,47111
2009-05-11,0.7679,0.77112,0.75802,0.75842,56157
2009-05-12,0.75842,0.76808,0.75618,0.76489,62782
2009-05-13,0.76489,0.77039,0.7508,0.75311,72733
2009-05-14,0.75311,0.76174,0.74661,0.75999,70993
2009-05-15,0.75999,0.76077,0.74765,0.74962,58458
2009-05-18,0.74962,0.76677,0.74504,0.76546,56146
2009-05-19,0.76546,0.77839,0.76289,0.77461,59269
2009-05-20,0.77461,0.78094,0.76862,0.77459,62858
2009-05-21,0.77459,0.77931,0.76686,0.77812,61806
2009-05-22,0.77812,0.78676,0.77697,0.78389,53082
2009-05-25,0.78389,0.78389,0.77724,0.7819,16417
2009-05-26,0.7819,0.78825,0.77029,0.78607,58961
2009-05-27,0.78607,0.78909,0.775,0.77517,57749
2009-05-28,0.77517,0.78687,0.77425,0.78368,67625
2009-05-29,0.78368,0.80127,0.78294,0.80072,56978
2009-06-01,0.80072,0.81534,0.79902,0.80982,53618
2009-06-02,0.80982,0.82308,0.80502,0.82059,64446
2009-06-03,0.82059,0.82635,0.79319,0.80053,59454
2009-06-04,0.80053,0.80904,0.78761,0.8016,54668
2009-06-05,0.8016,0.81234,0.79169,0.7932,42711
2009-06-08,0.7932,0.79855,0.78272,0.78897,48580
2009-06-09,0.78897,0.80434,0.7852,0.79987,48877
2009-06-10,0.79987,0.81349,0.79677,0.80247,47920
2009-06-11,0.80247,0.82379,0.80071,0.81934,47479
2009-06-12,0.81934,0.82124,0.80579,0.81329,46841
2009-06-15,0.81329,0.81329,0.79039,0.79495,42403
2009-06-16,0.79495,0.80684,0.786,0.79305,51654
2009-06-17,0.79305,0.79969,0.78497,0.7942,56415
2009-06-18,0.7942,0.80539,0.79114,0.79795,41921
2009-06-19,0.79795,0.81182,0.79795,0.80543,34691
2009-06-22,0.80543,0.80615,0.78509,0.7855,44353
2009-06-23,0.7855,0.79789,0.77889,0.79388,54495
2009-06-24,0.79388,0.80549,0.7917,0.79647,46326
2009-06-25,0.79647,0.80399,0.79322,0.80235,53896
2009-06-26,0.80235,0.80869,0.8023,0.80679,40971
2009-06-29,0.80679,0.80969,0.79834,0.80815,31428
2009-06-30,0.80815,0.81554,0.80389,0.80625,42248
2009-07-01,0.80625,0.81079,0.80231,0.80807,41993
2009-07-02,0.80807,0.80994,0.79349,0.79358,43258
2009-07-03,0.79358,0.80069,0.78997,0.7975,23868
2009-07-06,0.7975,0.79804,0.78789,0.79734,37354
2009-07-07,0.79734,0.80379,0.78839,0.7889,41512
2009-07-08,0.7889,0.78982,0.77229,0.77842,47565
2009-07-09,0.77842,0.78614,0.77535,0.78259,43251
2009-07-10,0.78259,0.78489,0.77389,0.77843,46659
2009-07-13,0.77843,0.78359,0.77009,0.78296,46731
2009-07-14,0.78296,0.79389,0.78134,0.79275,46721
2009-07-15,0.79275,0.80572,0.79249,0.80247,41320
2009-07-16,0.80247,0.80719,0.79599,0.80605,46561
2009-07-17,0.80605,0.80616,0.79699,0.80164,38044
2009-07-20,0.80164,0.81754,0.79997,0.8164,35791
2009-07-21,0.8164,0.81929,0.80891,0.81798,39125
2009-07-22,0.81798,0.82139,0.80989,0.81548,38575
2009-07-23,0.81548,0.82229,0.81079,0.81174,39427
2009-07-24,0.81174,0.81889,0.81154,0.81674,32508
2009-07-27,0.81674,0.82592,0.81449,0.82236,34990
2009-07-28,0.82236,0.83377,0.81999,0.82656,42590
2009-07-29,0.82656,0.82784,0.81254,0.81694,41650
2009-07-30,0.81694,0.82869,0.81429,0.82547,45287
2009-07-31,0.82547,0.83657,0.82365,0.83632,36786
2009-08-03,0.83632,0.84399,0.83391,0.8418,40152
2009-08-04,0.8418,0.84704,0.83849,0.8441,47897
2009-08-05,0.8441,0.84559,0.83612,0.84024,39967
2009-08-06,0.84024,0.84599,0.83684,0.8375,41218
2009-08-07,0.8375,0.84424,0.83449,0.83554,39310
2009-08-10,0.83554,0.84299,0.83309,0.8371,33037
2009-08-11,0.8371,0.83891,0.82755,0.8289,36362
2009-08-12,0.8289,0.83704,0.81799,0.83347,42223
2009-08-13,0.83347,0.84535,0.83201,0.84237,39873
2009-08-14,0.84237,0.84778,0.82749,0.83015,40609
2009-08-17,0.83015,0.83159,0.81559,0.82015,48854
2009-08-18,0.82015,0.82746,0.81945,0.82652,48788
2009-08-19,0.82652,0.83142,0.8175,0.82859,55546
2009-08-20,0.82859,0.83329,0.82691,0.83125,44458
2009-08-21,0.83125,0.83964,0.82154,0.83327,47031
2009-08-24,0.83327,0.84292,0.83327,0.83885,35715
2009-08-25,0.83885,0.84284,0.83371,0.83515,40351
2009-08-26,0.83515,0.83887,0.82522,0.82818,42049
2009-08-27,0.82818,0.84176,0.82389,0.83909,42185
2009-08-28,0.83909,0.84706,0.83749,0.84145,36898
2009-08-31,0.84145,0.84584,0.83389,0.84429,35461
2009-09-01,0.84429,0.84494,0.82434,0.82572,47682
2009-09-02,0.82572,0.83736,0.82394,0.83408,46126
2009-09-03,0.83408,0.84279,0.83149,0.84014,39729
2009-09-04,0.84014,0.85354,0.83782,0.85074,36676
2009-09-07,0.85074,0.85769,0.85074,0.8556,17578
2009-09-08,0.8556,0.86584,0.8528,0.86187,40410
2009-09-09,0.86187,0.86689,0.85652,0.86192,45920
2009-09-10,0.86192,0.86447,0.85454,0.8637,43270
2009-09-11,0.8637,0.86759,0.86064,0.86284,41378
2009-09-14,0.86284,0.86314,0.85439,0.86209,32726
2009-09-15,0.86209,0.86459,0.85636,0.86324,40929
2009-09-16,0.86324,0.87497,0.86247,0.87334,38620
2009-09-17,0.87334,0.87755,0.8687,0.8687,35904
2009-09-18,0.8687,0.87329,0.86536,0.8669,34979
2009-09-21,0.86645,0.86829,0.85898,0.8628,34504
2009-09-22,0.8628,0.87589,0.86239,0.87325,30237
2009-09-23,0.87325,0.87894,0.86869,0.86947,37886
2009-09-24,0.86947,0.87694,0.86199,0.86495,45896
2009-09-25,0.86495,0.87137,0.86077,0.86515,49091
2009-09-28,0.86807,0.87559,0.85858,0.87217,35214
2009-09-29,0.87217,0.87619,0.86752,0.87005,44420
2009-09-30,0.87005,0.8847,0.87005,0.88247,44188
2009-10-01,0.88247,0.88588,0.86761,0.86945,45717
2009-10-02,0.86945,0.87129,0.85684,0.86349,47572
2009-10-05,0.86349,0.87969,0.86349,0.8777,32777
2009-10-06,0.8777,0.89192,0.87534,0.88996,39320
2009-10-07,0.88996,0.89511,0.88672,0.89096,40841
2009-10-08,0.89096,0.90904,0.89009,0.90587,39512
2009-10-09,0.90587,0.90839,0.90126,0.90353,41152
2009-10-12,0.90353,0.90827,0.89834,0.90705,29204
2009-10-13,0.90705,0.91262,0.90321,0.90837,40122
2009-10-14,0.90837,0.91575,0.90529,0.9148,41176
2009-10-15,0.9148,0.92279,0.91458,0.92027,40674
2009-10-16,0.92027,0.92701,0.91229,0.91688,42063
2009-10-19,0.91688,0.92934,0.91128,0.92887,35794
2009-10-20,0.92887,0.93104,0.91813,0.92365,37173
2009-10-21,0.92365,0.93284,0.91923,0.92837,43821
2009-10-22,0.92837,0.92983,0.91849,0.92665,43722
2009-10-23,0.92665,0.92954,0.91989,0.92199,40430
2009-10-26,0.92199,0.92765,0.91249,0.91595,35436
2009-10-27,0.91595,0.92179,0.91214,0.91645,45326
2009-10-28,0.91645,0.9206,0.89615,0.89695,55486
2009-10-29,0.89695,0.91814,0.89428,0.9148,49278
2009-10-30,0.9148,0.91754,0.89789,0.90024,50917
2009-11-02,0.90024,0.91219,0.89052,0.90377,52197
2009-11-03,0.90377,0.90911,0.89158,0.90177,61420
2009-11-04,0.90177,0.91437,0.89494,0.90967,48691
2009-11-05,0.90967,0.91241,0.90246,0.91,47559
2009-11-06,0.91,0.91979,0.90907,0.91769,49851
2009-11-09,0.91769,0.93079,0.91769,0.92947,38676
2009-11-10,0.92947,0.93229,0.92548,0.93025,41443
2009-11-11,0.93025,0.93434,0.92709,0.92957,43281
2009-11-12,0.92957,0.93699,0.92109,0.92332,45054
2009-11-13,0.92332,0.93429,0.92236,0.93419,33350
2009-11-16,0.93419,0.9406,0.93159,0.93667,36786
2009-11-17,0.93667,0.93759,0.92367,0.93042,46086
2009-11-18,0.93042,0.93368,0.92654,0.92907,37286
2009-11-19,0.92907,0.93014,0.91314,0.91817,45150
2009-11-20,0.91817,0.9215,0.90602,0.91549,47645
2009-11-23,0.91549,0.92769,0.91115,0.92365,36587
2009-11-24,0.92365,0.92554,0.91309,0.91857,41532
2009-11-25,0.91857,0.93219,0.91857,0.93209,40488
2009-11-26,0.93209,0.93216,0.90945,0.91364,32069
2009-11-27,0.91364,0.91364,0.89455,0.90735,48156
2009-11-30,0.90735,0.91936,0.90735,0.91594,47431
2009-12-01,0.91594,0.92709,0.91051,0.92457,43791
2009-12-02,0.92457,0.92949,0.92309,0.92479,37840
2009-12-03,0.92479,0.93219,0.92311,0.92379,39297
2009-12-04,0.92379,0.9293,0.91079,0.91484,46017
2009-12-07,0.91484,0.91882,0.90524,0.91242,47601
2009-12-08,0.91242,0.91641,0.90199,0.90347,51897
2009-12-09,0.90347,0.91135,0.90149,0.90842,46577
2009-12-10,0.90842,0.91901,0.908,0.91597,39853
2009-12-11,0.91597,0.91927,0.90904,0.91184,34484
2009-12-14,0.91184,0.91747,0.90539,0.91655,36786
2009-12-15,0.91655,0.91732,0.90335,0.90605,32589
2009-12-16,0.90605,0.90701,0.89549,0.90037,41740
2009-12-17,0.90037,0.90116,0.8846,0.88655,43117
2009-12-18,0.88655,0.89119,0.88092,0.89029,37405
2009-12-21,0.89029,0.89098,0.88057,0.88159,30097
2009-12-22,0.88159,0.88344,0.87504,0.87649,34354
2009-12-23,0.87649,0.88185,0.87339,0.87992,22088
2009-12-24,0.87992,0.88597,0.87809,0.88256,11063
2009-12-25,0.88456,0.88637,0.88277,0.88503,0
2009-12-28,0.88256,0.88909,0.88256,0.88692,11097
2009-12-29,0.88692,0.89929,0.88564,0.89465,21609
2009-12-30,0.89465,0.89589,0.89013,0.89457,21477
2009-12-31,0.89457,0.90103,0.8929,0.89747,15307
2010-01-01,0.89831,0.89847,0.89783,0.89847,0
2010-01-04,0.89747,0.91369,0.89382,0.91261,31654
2010-01-05,0.91261,0.9174,0.90919,0.91222,37094
2010-01-06,0.91222,0.92169,0.90977,0.92002,35519
2010-01-07,0.92002,0.92664,0.9159,0.91757,36410
2010-01-08,0.91757,0.92539,0.91229,0.92374,38453
2010-01-11,0.92374,0.9325,0.92374,0.92947,24324
2010-01-12,0.92947,0.93059,0.91704,0.9191,41591
2010-01-13,0.9191,0.92674,0.91889,0.92387,39059
2010-01-14,0.92387,0.93299,0.92085,0.93169,31929
2010-01-15,0.93169,0.93179,0.92149,0.92359,35670
2010-01-18,0.92359,0.92792,0.91744,0.92676,19318
2010-01-19,0.92676,0.92739,0.91752,0.92417,36425
2010-01-20,0.92417,0.92419,0.90721,0.90997,45361
2010-01-21,0.90997,0.91459,0.89961,0.89998,46585
2010-01-22,0.89998,0.90929,0.89822,0.90517,40574
2010-01-25,0.90517,0.90929,0.90122,0.90257,34879
2010-01-26,0.90257,0.90839,0.89375,0.89807,49167
2010-01-27,0.89807,0.90454,0.89097,0.89459,57704
2010-01-28,0.89459,0.90479,0.89285,0.89367,55929
2010-01-29,0.89367,0.89622,0.8841,0.88417,60236
2010-02-01,0.88417,0.89189,0.8788,0.89127,46112
2010-02-02,0.89127,0.89266,0.87803,0.88629,53147
2010-02-03,0.88629,0.89159,0.88136,0.88294,46128
2010-02-04,0.88294,0.88294,0.86069,0.86457,56876
2010-02-05,0.86457,0.87179,0.85779,0.86695,67347
2010-02-08,0.86695,0.87089,0.86401,0.86452,45867
2010-02-09,0.86452,0.87971,0.86124,0.8788,54421
2010-02-10,0.8788,0.8796,0.87089,0.87765,54159
2010-02-11,0.87765,0.89207,0.87489,0.89022,58212
2010-02-12,0.89022,0.89154,0.87854,0.88729,53217
2010-02-15,0.88729,0.89097,0.88487,0.88908,20404
2010-02-16,0.88908,0.90269,0.88764,0.90188,44750
2010-02-17,0.90188,0.90359,0.89677,0.89677,43983
2010-02-18,0.89677,0.90259,0.89224,0.8946,46967
2010-02-19,0.8946,0.89889,0.88779,0.89834,51345
2010-02-22,0.89834,0.90239,0.89729,0.90009,34106
2010-02-23,0.90009,0.90708,0.8878,0.89129,46762
2010-02-24,0.89129,0.89518,0.88579,0.894,32289
2010-02-25,0.894,0.89516,0.88006,0.88497,59165
2010-02-26,0.88497,0.8979,0.88497,0.89609,54187
2010-03-01,0.89609,0.9015,0.8935,0.90087,48807
2010-03-02,0.90087,0.90589,0.89528,0.90417,55388
2010-03-03,0.90417,0.90854,0.90074,0.90687,47199
2010-03-04,0.90687,0.90687,0.89785,0.90029,45461
2010-03-05,0.90029,0.90927,0.89844,0.90802,33122
2010-03-08,0.90802,0.91329,0.90756,0.9085,32866
2010-03-09,0.9085,0.91469,0.90551,0.91384,41426
2010-03-10,0.91384,0.91929,0.9126,0.91509,40221
2010-03-11,0.91509,0.91699,0.911,0.91503,41979
2010-03-12,0.91503,0.91941,0.914,0.91549,36564
2010-03-15,0.91549,0.91779,0.90949,0.91379,33782
2010-03-16,0.91379,0.92068,0.91189,0.91998,29159
2010-03-17,0.91998,0.92519,0.91734,0.92354,39048
2010-03-18,0.92354,0.92424,0.91799,0.92004,34971
2010-03-19,0.92004,0.92239,0.91284,0.91634,47034
2010-03-22,0.91634,0.91839,0.90841,0.91801,42643
2010-03-23,0.91801,0.9198,0.9136,0.91864,35324
2010-03-24,0.91864,0.91969,0.90708,0.90725,45781
2010-03-25,0.90725,0.91406,0.90654,0.90723,45651
2010-03-26,0.90723,0.91171,0.9001,0.90374,41968
2010-03-29,0.90374,0.91784,0.90329,0.91756,36877
2010-03-30,0.91756,0.9215,0.91587,0.9189,31316
2010-03-31,0.9189,0.92059,0.91306,0.91711,41170
2010-04-01,0.91711,0.92166,0.91495,0.92054,35067
2010-04-02,0.92054,0.92139,0.91803,0.91893,10003
2010-04-05,0.91893,0.92212,0.91834,0.92125,13950
2010-04-06,0.92125,0.92884,0.9165,0.92829,41033
2010-04-07,0.92829,0.92974,0.92486,0.92662,34825
2010-04-08,0.92662,0.92899,0.9223,0.9285,34131
2010-04-09,0.9285,0.93424,0.92659,0.9335,33801
2010-04-12,0.9335,0.93859,0.92519,0.92729,33699
2010-04-13,0.92729,0.92936,0.92232,0.92909,35820
2010-04-14,0.92909,0.93604,0.92723,0.93495,37079
2010-04-15,0.93495,0.93639,0.93101,0.93433,32817
2010-04-16,0.93433,0.93539,0.92309,0.92515,43724
2010-04-19,0.92515,0.92515,0.91573,0.92365,39846
2010-04-20,0.92365,0.93239,0.92365,0.93159,33347
2010-04-21,0.93159,0.93384,0.92587,0.92669,39895
2010-04-22,0.92669,0.93039,0.92269,0.92725,42134
2010-04-23,0.92725,0.92769,0.91705,0.92679,44776
2010-04-26,0.92679,0.93118,0.92443,0.92674,32725
2010-04-27,0.92674,0.92864,0.91354,0.9153,48879
2010-04-28,0.9153,0.92667,0.91364,0.92518,68522
2010-04-29,0.92518,0.92939,0.92225,0.92756,43921
2010-04-30,0.92756,0.93242,0.92458,0.92503,46911
2010-05-03,0.92503,0.92749,0.92175,0.92605,31417
2010-05-04,0.92605,0.92724,0.90829,0.90888,60322
2010-05-05,0.90888,0.91182,0.90202,0.90589,72308
2010-05-06,0.90589,0.90929,0.87061,0.88448,91801
2010-05-07,0.88448,0.89378,0.88028,0.88619,111559
2010-05-10,0.88619,0.90782,0.88619,0.90261,72748
2010-05-11,0.90261,0.90349,0.89326,0.89497,71312
2010-05-12,0.89497,0.89801,0.88882,0.89334,66473
2010-05-13,0.89334,0.90259,0.89301,0.89584,65021
2010-05-14,0.89584,0.89734,0.88499,0.88564,73623
2010-05-17,0.88564,0.88617,0.86854,0.8773,91353
2010-05-18,0.8773,0.87889,0.86249,0.86432,88805
2010-05-19,0.86432,0.86432,0.83567,0.8468,103401
2010-05-20,0.8468,0.84984,0.81508,0.81678,112441
2010-05-21,0.81678,0.83655,0.80711,0.83149,94517
2010-05-24,0.83149,0.8358,0.81854,0.82645,83855
2010-05-25,0.82645,0.8277,0.80656,0.82763,103483
2010-05-26,0.82763,0.83903,0.8188,0.82135,80491
2010-05-27,0.82135,0.85289,0.82015,0.85134,73404
2010-05-28,0.85134,0.85514,0.84285,0.84611,62605
2010-05-31,0.84611,0.8515,0.83819,0.84576,28691
2010-06-01,0.84576,0.84759,0.82818,0.83107,85568
2010-06-02,0.83107,0.84239,0.82755,0.84195,77577
2010-06-03,0.84195,0.85229,0.83642,0.84474,71288
2010-06-04,0.84474,0.8477,0.82129,0.82213,72968
2010-06-07,0.82213,0.8228,0.80959,0.81044,77319
2010-06-08,0.81044,0.82856,0.80819,0.82747,92814
2010-06-09,0.82747,0.83581,0.81942,0.82793,69508
2010-06-10,0.82793,0.8509,0.82618,0.85016,76348
2010-06-11,0.85016,0.85064,0.84255,0.85019,62647
2010-06-14,0.85019,0.86672,0.85019,0.85842,51015
2010-06-15,0.85842,0.86609,0.85055,0.86546,60716
2010-06-16,0.86546,0.8674,0.85813,0.8641,57321
2010-06-17,0.8641,0.86859,0.85822,0.8685,60227
2010-06-18,0.8685,0.8713,0.86517,0.87025,81469
2010-06-21,0.87025,0.88591,0.87025,0.8763,57741
2010-06-22,0.8763,0.88316,0.87127,0.87127,64582
2010-06-23,0.87127,0.87804,0.86609,0.87382,73510
2010-06-24,0.87382,0.8771,0.86409,0.86651,64805
2010-06-25,0.86651,0.87584,0.85954,0.87527,63747
2010-06-28,0.87527,0.87771,0.87072,0.87216,50552
2010-06-29,0.87216,0.87216,0.84715,0.84878,67620
2010-06-30,0.84878,0.85669,0.84019,0.84063,64948
2010-07-01,0.84063,0.84483,0.83157,0.84302,82049
2010-07-02,0.84302,0.85106,0.84023,0.84251,66636
2010-07-05,0.84251,0.84673,0.83707,0.83961,27207
2010-07-06,0.83961,0.85595,0.83168,0.85249,61170
2010-07-07,0.85249,0.86633,0.84493,0.86418,56944
2010-07-08,0.86418,0.8791,0.86217,0.87729,56798
2010-07-09,0.87729,0.87804,0.87272,0.87774,45908
2010-07-12,0.87774,0.87795,0.87016,0.87585,45858
2010-07-13,0.87585,0.88411,0.86823,0.88312,59888
2010-07-14,0.88312,0.8871,0.87853,0.88489,59047
2010-07-15,0.88489,0.88539,0.87269,0.88431,75399
2010-07-16,0.88431,0.88452,0.86814,0.87011,63951
2010-07-19,0.87011,0.87193,0.86328,0.86834,56917
2010-07-20,0.86834,0.88461,0.86674,0.88381,67274
2010-07-21,0.88381,0.8859,0.87624,0.87802,62768
2010-07-22,0.87802,0.89523,0.87372,0.89324,71415
2010-07-23,0.89324,0.89717,0.8896,0.89661,72838
2010-07-26,0.89661,0.90358,0.8928,0.90246,71261
2010-07-27,0.90246,0.90692,0.89995,0.90217,65198
2010-07-28,0.90217,0.90251,0.89074,0.89242,76659
2010-07-29,0.89242,0.9043,0.8905,0.90036,71510
2010-07-30,0.90036,0.90665,0.89654,0.90445,72911
2010-08-02,0.90445,0.91456,0.90445,0.91364,60439
2010-08-03,0.91364,0.91498,0.90703,0.91264,56239
2010-08-04,0.91264,0.91831,0.90949,0.91649,55426
2010-08-05,0.91649,0.91752,0.91164,0.91555,46763
2010-08-06,0.91555,0.92221,0.91351,0.91887,51431
2010-08-09,0.91887,0.92057,0.91534,0.91644,43833
2010-08-10,0.91644,0.91657,0.90583,0.91346,59511
2010-08-11,0.91346,0.91405,0.89672,0.89697,70664
2010-08-12,0.89697,0.90083,0.89141,0.89616,72523
2010-08-13,0.89616,0.90351,0.89219,0.89225,58481
2010-08-16,0.89225,0.89942,0.88589,0.89803,68595
2010-08-17,0.89803,0.90795,0.89452,0.90514,53350
2010-08-18,0.90514,0.90589,0.89722,0.89816,55280
2010-08-19,0.89816,0.90183,0.89051,0.89256,60834
2010-08-20,0.89256,0.89326,0.88409,0.89218,61200
2010-08-23,0.89218,0.89829,0.88573,0.89124,48195
2010-08-24,0.89124,0.8914,0.87964,0.88164,66303
2010-08-25,0.88164,0.8895,0.87711,0.88395,65524
2010-08-26,0.88395,0.89184,0.88316,0.88621,60137
2010-08-27,0.88621,0.8999,0.8845,0.89891,57366
2010-08-30,0.89891,0.90307,0.89172,0.89172,40364
2010-08-31,0.89172,0.89565,0.88605,0.89054,65154
2010-09-01,0.89054,0.91164,0.89004,0.91164,59383
2010-09-02,0.91164,0.91211,0.90543,0.91094,49251
2010-09-03,0.91094,0.91758,0.90662,0.91665,47316
2010-09-06,0.91665,0.91811,0.91406,0.91746,26992
2010-09-07,0.91746,0.91781,0.90921,0.91057,59138
2010-09-08,0.91057,0.91938,0.90976,0.91803,56558
2010-09-09,0.91803,0.92772,0.91687,0.92294,51731
2010-09-10,0.92294,0.92688,0.92051,0.92668,44822
2010-09-13,0.92668,0.93623,0.92668,0.93589,40713
2010-09-14,0.93589,0.94573,0.93133,0.93959,54070
2010-09-15,0.93959,0.94303,0.93424,0.9381,59542
2010-09-16,0.9381,0.93954,0.93303,0.93676,52136
2010-09-17,0.93676,0.94684,0.93505,0.93601,53380
2010-09-20,0.93601,0.94943,0.93601,0.94727,40804
2010-09-21,0.94727,0.95642,0.94416,0.95514,49561
2010-09-22,0.95514,0.9601,0.95093,0.95674,60328
2010-09-23,0.95674,0.95751,0.9467,0.94894,65061
2010-09-24,0.94894,0.9615,0.94624,0.95959,58469
2010-09-27,0.95959,0.96441,0.95736,0.9608,53931
2010-09-28,0.9608,0.96862,0.9559,0.96756,57554
2010-09-29,0.96756,0.97295,0.96584,0.96962,62649
2010-09-30,0.96962,0.9734,0.96243,0.96703,75361
2010-10-01,0.96703,0.975,0.9636,0.97283,60449
2010-10-04,0.97283,0.973,0.96527,0.96821,68631
2010-10-05,0.96821,0.97261,0.95415,0.97171,89166
2010-10-06,0.97171,0.97915,0.96936,0.97739,81640
2010-10-07,0.97739,0.99176,0.97566,0.98243,87638
2010-10-08,0.98243,0.98722,0.97088,0.98583,87963
2010-10-11,0.98583,0.99065,0.98218,0.98383,60959
2010-10-12,0.98383,0.98774,0.97667,0.98619,98667
2010-10-13,0.98619,0.99371,0.98337,0.99051,76056
2010-10-14,0.99051,0.99941,0.98913,0.99409,91939
2010-10-15,0.99409,1,0.98627,0.98919,98966
2010-10-18,0.98919,0.99445,0.98008,0.9888,79740
2010-10-19,0.9888,0.99593,0.96618,0.96857,125304
2010-10-20,0.96857,0.989,0.96635,0.98704,112922
2010-10-21,0.98704,0.98916,0.97425,0.97719,107117
2010-10-22,0.97719,0.9854,0.9758,0.9813,74434
2010-10-25,0.9813,0.9974,0.9813,0.99049,73537
2010-10-26,0.99049,0.99272,0.98145,0.98528,93463
2010-10-27,0.98528,0.98681,0.96515,0.97185,100129
2010-10-28,0.97185,0.98198,0.97155,0.97881,84427
2010-10-29,0.97881,0.98223,0.96784,0.97993,90254
2010-11-01,0.97993,0.99146,0.97993,0.98705,62964
2010-11-02,0.98705,1,0.98654,0.99941,82035
2010-11-03,0.99941,1.01,0.98934,1.01,86600
2010-11-04,1.01,1.02,1,1.01,86934
2010-11-05,1.01,1.02,1.01,1.02,83738
2010-11-08,1.02,1.02,1.01,1.01,68447
2010-11-09,1.01,1.02,0.9998,1,99786
2010-11-10,1,1.01,0.9975,1.01,110280
2010-11-11,1.01,1.01,0.99561,0.99779,86693
2010-11-12,0.99779,1,0.98253,0.98667,115470
2010-11-15,0.98667,0.99197,0.98123,0.9852,85831
2010-11-16,0.9852,0.9893,0.97244,0.97652,106922
2010-11-17,0.97652,0.98345,0.97258,0.97963,86580
2010-11-18,0.97963,0.99055,0.97863,0.98996,79744
2010-11-19,0.98996,0.99116,0.98125,0.98562,71461
2010-11-22,0.98562,0.99541,0.98234,0.98862,70624
2010-11-23,0.98862,0.98888,0.97082,0.97223,101041
2010-11-24,0.97223,0.9853,0.97172,0.98162,97683
2010-11-25,0.98162,0.98505,0.97614,0.98065,60652
2010-11-26,0.98065,0.98175,0.96123,0.96414,85981
2010-11-29,0.96414,0.96995,0.95665,0.96302,94947
2010-11-30,0.96302,0.96604,0.95437,0.95867,98729
2010-12-01,0.95867,0.9698,0.95369,0.96838,97688
2010-12-02,0.96838,0.97783,0.96201,0.97694,92734
2010-12-03,0.97694,0.99384,0.9739,0.99221,77876
2010-12-06,0.99221,0.99265,0.9849,0.99002,65814
2010-12-07,0.99002,0.99653,0.98224,0.98282,80624
2010-12-08,0.98282,0.98559,0.97522,0.97948,86823
2010-12-09,0.97948,0.98841,0.97759,0.98369,81359
2010-12-10,0.98369,0.98971,0.98279,0.98517,62274
2010-12-13,0.98517,0.99848,0.9832,0.99606,54207
2010-12-14,0.99606,1,0.99426,0.99881,75450
2010-12-15,0.99881,0.99948,0.98408,0.98688,78394
2010-12-16,0.98688,0.99071,0.98308,0.98999,70391
2010-12-17,0.98999,0.99265,0.98404,0.98822,61077
2010-12-20,0.98822,0.99491,0.98601,0.99336,61273
2010-12-21,0.99336,0.99931,0.99176,0.99767,56217
2010-12-22,0.99767,1,0.99503,0.99872,52500
2010-12-23,0.99872,1.01,0.99859,1,42826
2010-12-24,1,1,1,1,8925
2010-12-27,1,1.01,0.99877,1,24018
2010-12-28,1,1.02,1,1.01,50310
2010-12-29,1.01,1.02,1.01,1.02,43609
2010-12-30,1.02,1.02,1.01,1.02,41309
2010-12-31,1.02,1.03,1.02,1.02,23636
2011-01-03,1.02,1.02,1.02,1.02,7257
2011-01-04,1.02,1.02,1,1.01,60745
2011-01-05,1.01,1.01,0.99601,0.99951,72899
2011-01-06,0.99951,1,0.99326,0.99418,63436
2011-01-07,0.99418,0.99923,0.9901,0.99648,68528
2011-01-10,0.99648,0.99823,0.98826,0.99555,63623
2011-01-11,0.99555,0.99555,0.98202,0.98709,76917
2011-01-12,0.98709,0.99659,0.98038,0.99646,77105
2011-01-13,0.99646,1,0.99127,0.99751,72212
2011-01-14,0.99751,0.99928,0.98562,0.98947,67882
2011-01-17,0.98947,0.99467,0.98947,0.99373,1689
2011-01-18,0.99373,1,0.98975,0.99931,69493
2011-01-19,0.99931,1.01,0.9962,1,74714
2011-01-20,1,1,0.98322,0.98691,77808
2011-01-21,0.98691,0.99181,0.98392,0.98983,57513
2011-01-24,0.98983,1,0.98627,0.99729,52749
2011-01-25,0.99729,0.99931,0.98893,0.99653,78922
2011-01-26,0.99653,0.99981,0.99293,0.99899,66512
2011-01-27,0.99899,1,0.98758,0.99189,72917
2011-01-28,0.99189,0.99857,0.98837,0.99269,68548
2011-01-31,0.99269,0.99894,0.98663,0.99725,69048
2011-02-01,0.99725,1.01,0.99632,1.01,75641
2011-02-02,1.01,1.01,1.01,1.01,60913
2011-02-03,1.01,1.02,1.01,1.02,64878
2011-02-04,1.02,1.02,1.01,1.01,62084
2011-02-07,1.01,1.02,1.01,1.01,57111
2011-02-08,1.01,1.02,1.01,1.01,64706
2011-02-09,1.01,1.02,1.01,1.01,63663
2011-02-10,1.01,1.01,1,1,67213
2011-02-11,1,1,0.99603,1,61122
2011-02-14,1,1.01,0.9979,1,53810
2011-02-15,1,1.01,0.99439,0.99618,59925
2011-02-16,0.99618,1.01,0.99592,1,74506
2011-02-17,1,1.01,1,1.01,55799
2011-02-18,1.01,1.02,1.01,1.01,50807
2011-02-21,1.01,1.02,1.01,1.01,30453
2011-02-22,1.01,1.01,0.99667,0.99856,72282
2011-02-23,0.99856,1.01,0.99823,1,62751
2011-02-24,1,1.01,1,1.01,70574
2011-02-25,1.01,1.02,1.01,1.02,52321
2011-02-28,1.02,1.02,1.01,1.02,50016
2011-03-01,1.02,1.02,1.01,1.01,55585
2011-03-02,1.01,1.02,1.01,1.02,56497
2011-03-03,1.02,1.02,1.01,1.01,48906
2011-03-04,1.01,1.01,1.01,1.01,49277
2011-03-07,1.01,1.02,1.01,1.01,43882
2011-03-08,1.01,1.01,1.01,1.01,52463
2011-03-09,1.01,1.01,1.01,1.01,43168
2011-03-10,1.01,1.01,0.99906,1,65440
2011-03-11,1,1.02,0.99685,1.02,68030
2011-03-14,1.02,1.02,1,1.01,69285
2011-03-15,1.01,1.01,0.98154,0.99087,106152
2011-03-16,0.99087,0.99636,0.97617,0.9837,99876
2011-03-17,0.9837,0.9874,0.97026,0.98006,85695
2011-03-18,0.98006,0.99786,0.97809,0.99691,66273
2011-03-21,0.99691,1.01,0.9939,1.01,46994
2011-03-22,1.01,1.01,1,1.01,47775
2011-03-23,1.01,1.02,1.01,1.01,56071
2011-03-24,1.01,1.02,1.01,1.02,55615
2011-03-25,1.02,1.03,1.02,1.03,52546
2011-03-28,1.03,1.03,1.02,1.02,46827
2011-03-29,1.02,1.03,1.02,1.03,43309
2011-03-30,1.03,1.03,1.03,1.03,48337
2011-03-31,1.03,1.04,1.03,1.03,49433
2011-04-01,1.03,1.04,1.03,1.04,53041
2011-04-04,1.04,1.04,1.03,1.04,38463
2011-04-05,1.04,1.04,1.03,1.03,55347
2011-04-06,1.03,1.05,1.03,1.04,50434
2011-04-07,1.04,1.05,1.04,1.05,57548
2011-04-08,1.05,1.06,1.05,1.06,50145
2011-04-11,1.06,1.06,1.05,1.05,46169
2011-04-12,1.05,1.05,1.04,1.04,71600
2011-04-13,1.04,1.05,1.04,1.05,59801
2011-04-14,1.05,1.05,1.05,1.05,62436
2011-04-15,1.05,1.06,1.05,1.06,50154
2011-04-18,1.06,1.06,1.05,1.05,68206
2011-04-19,1.05,1.05,1.04,1.05,60750
2011-04-20,1.05,1.07,1.05,1.07,63178
2011-04-21,1.07,1.08,1.07,1.07,56955
2011-04-22,1.07,1.08,1.07,1.07,9699
2011-04-25,1.07,1.08,1.07,1.07,22578
2011-04-26,1.07,1.08,1.07,1.08,46586
2011-04-27,1.08,1.09,1.08,1.09,57045
2011-04-28,1.09,1.09,1.09,1.09,60617
2011-04-29,1.09,1.1,1.09,1.1,36882
2011-05-02,1.1,1.1,1.09,1.09,52040
2011-05-03,1.09,1.1,1.08,1.08,63207
2011-05-04,1.08,1.09,1.07,1.07,75324
2011-05-05,1.07,1.08,1.05,1.06,93827
2011-05-06,1.06,1.08,1.06,1.07,112665
2011-05-09,1.07,1.08,1.07,1.08,79624
2011-05-10,1.08,1.09,1.07,1.08,80454
2011-05-11,1.08,1.09,1.07,1.07,87338
2011-05-12,1.07,1.07,1.06,1.07,108515
2011-05-13,1.07,1.07,1.05,1.06,88374
2011-05-16,1.06,1.06,1.05,1.06,86683
2011-05-17,1.06,1.06,1.05,1.06,99281
2011-05-18,1.06,1.07,1.06,1.06,86274
2011-05-19,1.06,1.07,1.06,1.07,84275
2011-05-20,1.07,1.07,1.06,1.07,80795
2011-05-23,1.07,1.07,1.05,1.05,95613
2011-05-24,1.05,1.06,1.05,1.06,88701
2011-05-25,1.06,1.06,1.04,1.05,95645
2011-05-26,1.05,1.06,1.05,1.06,87875
2011-05-27,1.06,1.07,1.06,1.07,98408
2011-05-30,1.07,1.07,1.07,1.07,20440
2011-05-31,1.07,1.08,1.06,1.07,81639
2011-06-01,1.07,1.08,1.06,1.06,107541
2011-06-02,1.06,1.07,1.06,1.07,112227
2011-06-03,1.07,1.08,1.06,1.07,88361
2011-06-06,1.07,1.08,1.07,1.07,73794
2011-06-07,1.07,1.08,1.07,1.07,76014
2011-06-08,1.07,1.07,1.06,1.06,78676
2011-06-09,1.06,1.07,1.06,1.06,78337
2011-06-10,1.06,1.07,1.05,1.05,81634
2011-06-13,1.05,1.06,1.05,1.06,73569
2011-06-14,1.06,1.07,1.06,1.07,79582
2011-06-15,1.07,1.07,1.05,1.06,88225
2011-06-16,1.06,1.06,1.05,1.06,106295
2011-06-17,1.06,1.06,1.05,1.06,92434
2011-06-20,1.06,1.06,1.05,1.06,67594
2011-06-21,1.06,1.06,1.05,1.06,75875
2011-06-22,1.06,1.07,1.06,1.06,80354
2011-06-23,1.06,1.06,1.05,1.05,100577
2011-06-24,1.05,1.06,1.05,1.05,90981
2011-06-27,1.05,1.05,1.04,1.04,92345
2011-06-28,1.04,1.05,1.04,1.05,92593
2011-06-29,1.05,1.07,1.05,1.07,93210
2011-06-30,1.07,1.08,1.07,1.07,81846
2011-07-01,1.07,1.08,1.07,1.08,81270
2011-07-04,1.08,1.08,1.07,1.07,48520
2011-07-05,1.07,1.07,1.07,1.07,77272
2011-07-06,1.07,1.07,1.07,1.07,81235
2011-07-07,1.07,1.08,1.07,1.08,76089
2011-07-08,1.08,1.08,1.07,1.08,79715
2011-07-11,1.08,1.08,1.06,1.07,90370
2011-07-12,1.07,1.07,1.05,1.06,125544
2011-07-13,1.06,1.08,1.06,1.08,102401
2011-07-14,1.08,1.08,1.07,1.07,112609
2011-07-15,1.07,1.07,1.06,1.07,91394
2011-07-18,1.07,1.07,1.06,1.06,86283
2011-07-19,1.06,1.07,1.06,1.07,88052
2011-07-20,1.07,1.08,1.07,1.07,72840
2011-07-21,1.07,1.09,1.07,1.08,90127
2011-07-22,1.08,1.09,1.08,1.09,61614
2011-07-25,1.09,1.09,1.08,1.08,65860
2011-07-26,1.08,1.1,1.08,1.1,74708
2011-07-27,1.1,1.11,1.09,1.1,82425
2011-07-28,1.1,1.11,1.1,1.1,75853
2011-07-29,1.1,1.1,1.09,1.1,88543
2011-08-01,1.1,1.11,1.09,1.1,81033
2011-08-02,1.1,1.1,1.08,1.08,95813
2011-08-03,1.08,1.08,1.07,1.08,107391
2011-08-04,1.08,1.08,1.05,1.05,130496
2011-08-05,1.05,1.05,1.04,1.05,153536
2011-08-08,1.05,1.05,1.02,1.02,159278
2011-08-09,1.02,1.04,0.99267,1.03,203722
2011-08-10,1.03,1.04,1.02,1.02,130288
2011-08-11,1.02,1.04,1.01,1.04,126519
2011-08-12,1.04,1.04,1.02,1.04,91955
2011-08-15,1.04,1.05,1.03,1.05,58147
2011-08-16,1.05,1.05,1.04,1.05,76799
2011-08-17,1.05,1.06,1.04,1.05,66908
2011-08-18,1.05,1.06,1.04,1.04,82862
2011-08-19,1.04,1.05,1.03,1.04,86364
2011-08-22,1.04,1.05,1.04,1.04,63349
2011-08-23,1.04,1.05,1.04,1.05,66743
2011-08-24,1.05,1.05,1.04,1.05,63303
2011-08-25,1.05,1.05,1.04,1.04,71576
2011-08-26,1.04,1.06,1.04,1.06,66167
2011-08-29,1.06,1.07,1.06,1.06,42440
2011-08-30,1.06,1.07,1.06,1.07,55121
2011-08-31,1.07,1.07,1.06,1.07,51888
2011-09-01,1.07,1.08,1.07,1.07,60098
2011-09-02,1.07,1.07,1.06,1.07,62246
2011-09-05,1.07,1.07,1.05,1.05,45435
2011-09-06,1.05,1.06,1.05,1.05,85019
2011-09-07,1.05,1.07,1.05,1.07,61153
2011-09-08,1.07,1.07,1.06,1.06,62663
2011-09-09,1.06,1.06,1.04,1.05,76440
2011-09-12,1.05,1.05,1.03,1.03,86022
2011-09-13,1.03,1.04,1.03,1.03,89088
2011-09-14,1.03,1.04,1.02,1.03,98480
2011-09-15,1.03,1.03,1.02,1.03,85621
2011-09-16,1.03,1.04,1.03,1.04,76047
2011-09-19,1.04,1.04,1.02,1.02,79338
2011-09-20,1.02,1.03,1.01,1.03,89674
2011-09-21,1.03,1.03,1,1,93269
2011-09-22,1,1.01,0.96908,0.97405,136389
2011-09-23,0.97405,0.98669,0.96684,0.97661,136479
2011-09-26,0.97661,0.9837,0.9622,0.98321,149700
2011-09-27,0.98321,0.99859,0.97764,0.99128,109281
2011-09-28,0.99128,0.9955,0.97747,0.97809,118854
2011-09-29,0.97809,0.98789,0.97015,0.97806,132507
2011-09-30,0.97806,0.9809,0.9671,0.96793,115237
2011-10-03,0.96793,0.97002,0.95258,0.95258,120303
2011-10-04,0.95258,0.95967,0.93874,0.95698,159003
2011-10-05,0.95698,0.96647,0.94874,0.96578,125882
2011-10-06,0.96578,0.97675,0.96218,0.97446,124968
2011-10-07,0.97446,0.98793,0.97279,0.9786,111674
2011-10-10,0.9786,1,0.97498,0.99856,92390
2011-10-11,0.99856,1,0.99057,0.99513,104872
2011-10-12,0.99513,1.02,0.98655,1.02,106271
2011-10-13,1.02,1.02,1.01,1.02,109004
2011-10-14,1.02,1.03,1.01,1.03,94368
2011-10-17,1.03,1.04,1.01,1.02,99145
2011-10-18,1.02,1.03,1.01,1.03,127142
2011-10-19,1.03,1.04,1.02,1.02,112900
2011-10-20,1.02,1.03,1.01,1.02,141215
2011-10-21,1.02,1.04,1.02,1.04,109025
2011-10-24,1.04,1.05,1.03,1.05,103694
2011-10-25,1.05,1.05,1.04,1.04,116466
2011-10-26,1.04,1.04,1.03,1.04,122188
2011-10-27,1.04,1.08,1.04,1.07,126848
2011-10-28,1.07,1.07,1.07,1.07,102254
2011-10-31,1.07,1.07,1.05,1.05,100884
2011-11-01,1.05,1.06,1.03,1.03,141369
2011-11-02,1.03,1.04,1.03,1.03,118672
2011-11-03,1.03,1.04,1.02,1.04,135996
2011-11-04,1.04,1.04,1.03,1.04,101119
2011-11-07,1.04,1.04,1.03,1.04,91618
2011-11-08,1.04,1.04,1.03,1.04,100340
2011-11-09,1.04,1.04,1.01,1.01,124955
2011-11-10,1.01,1.02,1.01,1.02,123941
2011-11-11,1.02,1.03,1.01,1.03,92892
2011-11-14,1.03,1.03,1.02,1.02,102805
2011-11-15,1.02,1.02,1.01,1.02,116715
2011-11-16,1.02,1.02,1.01,1.01,134200
2011-11-17,1.01,1.01,0.99736,0.99989,147552
2011-11-18,0.99989,1.01,0.99643,1,127447
2011-11-21,1,1,0.9809,0.98396,133007
2011-11-22,0.98396,0.98989,0.98132,0.98322,129653
2011-11-23,0.98322,0.98567,0.96637,0.96869,135518
2011-11-24,0.96869,0.97855,0.96823,0.97329,89783
2011-11-25,0.97329,0.97736,0.96671,0.96989,110423
2011-11-28,0.96989,0.99764,0.96989,0.99037,119433
2011-11-29,0.99037,1.01,0.98632,0.99973,127973
2011-11-30,0.99973,1.03,0.99429,1.03,134347
2011-12-01,1.03,1.03,1.02,1.02,108509
2011-12-02,1.02,1.03,1.02,1.02,93370
2011-12-05,1.02,1.03,1.02,1.03,97531
2011-12-06,1.03,1.03,1.02,1.02,96693
2011-12-07,1.02,1.03,1.02,1.03,87770
2011-12-08,1.03,1.04,1.01,1.02,113357
2011-12-09,1.02,1.02,1,1.02,133811
2011-12-12,1.02,1.02,1.01,1.01,117439
2011-12-13,1.01,1.02,0.99802,1,128128
2011-12-14,1,1,0.98843,0.99081,134003
2011-12-15,0.99081,0.99891,0.98613,0.99205,128103
2011-12-16,0.99205,1,0.9919,0.99669,118995
2011-12-19,0.99669,0.99874,0.98832,0.98952,109265
2011-12-20,0.98952,1.01,0.9893,1.01,101861
2011-12-21,1.01,1.02,1.01,1.01,123854
2011-12-22,1.01,1.01,1.01,1.01,95044
2011-12-23,1.01,1.02,1.01,1.01,52786
2011-12-26,1.01,1.02,1.01,1.02,3939
2011-12-27,1.02,1.02,1.01,1.02,36312
2011-12-28,1.02,1.02,1.01,1.01,61405
2011-12-29,1.01,1.01,1,1.01,71982
2011-12-30,1.01,1.03,1.01,1.02,61447
2012-01-02,1.02,1.02,1.02,1.02,4774
2012-01-03,1.02,1.04,1.02,1.04,54266
2012-01-04,1.04,1.04,1.03,1.04,86137
2012-01-05,1.04,1.04,1.02,1.03,103257
2012-01-06,1.03,1.03,1.02,1.02,90554
2012-01-09,1.02,1.03,1.01,1.02,86415
2012-01-10,1.02,1.04,1.02,1.03,78430
2012-01-11,1.03,1.03,1.03,1.03,79825
2012-01-12,1.03,1.04,1.03,1.03,85625
2012-01-13,1.03,1.04,1.02,1.03,102452
2012-01-16,1.03,1.03,1.03,1.03,59960
2012-01-17,1.03,1.04,1.03,1.04,93318
2012-01-18,1.04,1.04,1.04,1.04,98403
2012-01-19,1.04,1.04,1.04,1.04,87745
2012-01-20,1.04,1.05,1.04,1.05,81848
2012-01-23,1.05,1.06,1.05,1.05,70417
2012-01-24,1.05,1.05,1.04,1.05,82928
2012-01-25,1.05,1.06,1.04,1.06,102144
2012-01-26,1.06,1.07,1.06,1.06,86443
2012-01-27,1.06,1.07,1.06,1.07,96345
2012-01-30,1.07,1.07,1.05,1.06,92397
2012-01-31,1.06,1.07,1.06,1.06,104489
2012-02-01,1.06,1.07,1.06,1.07,102191
2012-02-02,1.07,1.08,1.07,1.07,94221
2012-02-03,1.07,1.08,1.07,1.08,99050
2012-02-06,1.08,1.08,1.07,1.07,82237
2012-02-07,1.07,1.08,1.07,1.08,101986
2012-02-08,1.08,1.08,1.08,1.08,91998
2012-02-09,1.08,1.08,1.07,1.08,115303
2012-02-10,1.08,1.08,1.06,1.07,100300
2012-02-13,1.07,1.08,1.07,1.07,88166
2012-02-14,1.07,1.07,1.06,1.07,101747
2012-02-15,1.07,1.08,1.07,1.07,107513
2012-02-16,1.07,1.08,1.06,1.08,117507
2012-02-17,1.08,1.08,1.07,1.07,82744
2012-02-20,1.07,1.08,1.07,1.08,56544
2012-02-21,1.08,1.08,1.07,1.07,100311
2012-02-22,1.07,1.07,1.06,1.06,97776
2012-02-23,1.06,1.07,1.06,1.07,93291
2012-02-24,1.07,1.08,1.07,1.07,94764
2012-02-27,1.07,1.08,1.07,1.08,85991
2012-02-28,1.08,1.08,1.07,1.08,83780
2012-02-29,1.08,1.09,1.07,1.07,107915
2012-03-01,1.07,1.08,1.07,1.08,97554
2012-03-02,1.08,1.08,1.07,1.07,80940
2012-03-05,1.07,1.07,1.07,1.07,77939
2012-03-06,1.07,1.07,1.05,1.06,102576
2012-03-07,1.06,1.06,1.05,1.06,89975
2012-03-08,1.06,1.07,1.05,1.06,97115
2012-03-09,1.06,1.07,1.06,1.06,96242
2012-03-12,1.06,1.06,1.05,1.05,77969
2012-03-13,1.05,1.06,1.05,1.06,81425
2012-03-14,1.06,1.06,1.04,1.04,91159
2012-03-15,1.04,1.06,1.04,1.05,95138
2012-03-16,1.05,1.06,1.05,1.06,76701
2012-03-19,1.06,1.06,1.06,1.06,68610
2012-03-20,1.06,1.06,1.05,1.05,86424
2012-03-21,1.05,1.05,1.04,1.05,87607
2012-03-22,1.05,1.05,1.03,1.04,108535
2012-03-23,1.04,1.05,1.04,1.05,88487
2012-03-26,1.05,1.05,1.04,1.05,73532
2012-03-27,1.05,1.06,1.05,1.05,75755
2012-03-28,1.05,1.05,1.04,1.04,90823
2012-03-29,1.04,1.04,1.03,1.04,99289
2012-03-30,1.04,1.04,1.03,1.03,85235
2012-04-02,1.03,1.05,1.03,1.04,83461
2012-04-03,1.04,1.05,1.03,1.03,102919
2012-04-04,1.03,1.03,1.02,1.03,98316
2012-04-05,1.03,1.03,1.03,1.03,79691
2012-04-06,1.03,1.03,1.03,1.03,29159
2012-04-09,1.03,1.03,1.03,1.03,39145
2012-04-10,1.03,1.04,1.02,1.02,91550
2012-04-11,1.02,1.03,1.02,1.03,94434
2012-04-12,1.03,1.05,1.03,1.04,96045
2012-04-13,1.04,1.05,1.04,1.04,90304
2012-04-16,1.04,1.04,1.03,1.04,89557
2012-04-17,1.04,1.04,1.03,1.04,81797
2012-04-18,1.04,1.04,1.03,1.04,79732
2012-04-19,1.04,1.04,1.03,1.03,102471
2012-04-20,1.03,1.04,1.03,1.04,76879
2012-04-23,1.04,1.04,1.03,1.03,66381
2012-04-24,1.03,1.03,1.02,1.03,79345
2012-04-25,1.03,1.04,1.03,1.04,77197
2012-04-26,1.04,1.04,1.03,1.04,71795
2012-04-27,1.04,1.05,1.04,1.05,81582
2012-04-30,1.05,1.05,1.04,1.04,62712
2012-05-01,1.04,1.04,1.03,1.03,58155
2012-05-02,1.03,1.04,1.03,1.03,76546
2012-05-03,1.03,1.03,1.02,1.03,73211
2012-05-04,1.03,1.03,1.02,1.02,78552
2012-05-07,1.02,1.02,1.01,1.02,83937
2012-05-08,1.02,1.02,1.01,1.01,93297
2012-05-09,1.01,1.01,1,1.01,109986
2012-05-10,1.01,1.01,1,1.01,106057
2012-05-11,1.01,1.01,1,1,103415
2012-05-14,1,1,0.99569,0.99588,87073
2012-05-15,0.99588,1,0.99215,0.99345,96167
2012-05-16,0.99345,0.99678,0.98703,0.99125,112769
2012-05-17,0.99125,0.9964,0.98838,0.98849,111218
2012-05-18,0.98849,0.98983,0.9795,0.98382,118949
2012-05-21,0.98382,0.99185,0.98031,0.99141,94066
2012-05-22,0.99141,0.9935,0.97881,0.9807,96547
2012-05-23,0.9807,0.98096,0.96899,0.97448,116421
2012-05-24,0.97448,0.98136,0.97121,0.97607,112803
2012-05-25,0.97607,0.97994,0.97262,0.9754,91988
2012-05-28,0.9754,0.98886,0.9754,0.98481,61356
2012-05-29,0.98481,0.98975,0.98006,0.98467,104347
2012-05-30,0.98467,0.98534,0.97016,0.97025,111386
2012-05-31,0.97025,0.97703,0.96733,0.97306,111877
2012-06-01,0.97306,0.97317,0.9581,0.96956,91434
2012-06-04,0.96956,0.97468,0.96275,0.97262,100268
2012-06-05,0.97262,0.98034,0.97107,0.97405,108541
2012-06-06,0.97405,0.99323,0.97372,0.99241,116603
2012-06-07,0.99241,1,0.98723,0.98915,117828
2012-06-08,0.98915,0.994,0.98208,0.99116,123411
2012-06-11,0.99116,1,0.98607,0.98621,97987
2012-06-12,0.98621,0.99673,0.98505,0.9956,111340
2012-06-13,0.9956,1,0.99241,0.99241,101013
2012-06-14,0.99241,1,0.99218,1,113536
2012-06-15,1,1.01,0.99941,1.01,92477
2012-06-18,1.01,1.01,1.01,1.01,113406
2012-06-19,1.01,1.02,1.01,1.02,106262
2012-06-20,1.02,1.02,1.01,1.02,120916
2012-06-21,1.02,1.02,1,1,125248
2012-06-22,1,1.01,1,1.01,100857
2012-06-25,1.01,1.01,0.99689,1,86309
2012-06-26,1,1.01,0.99975,1.01,100743
2012-06-27,1.01,1.01,1,1.01,81396
2012-06-28,1.01,1.01,0.99961,1,104777
2012-06-29,1,1.03,1,1.02,125617
2012-07-02,1.02,1.03,1.02,1.02,82176
2012-07-03,1.02,1.03,1.02,1.03,66415
2012-07-04,1.03,1.03,1.03,1.03,54172
2012-07-05,1.03,1.03,1.02,1.03,90612
2012-07-06,1.03,1.03,1.02,1.02,75879
2012-07-09,1.02,1.02,1.02,1.02,70004
2012-07-10,1.02,1.02,1.02,1.02,74424
2012-07-11,1.02,1.03,1.02,1.02,77185
2012-07-12,1.02,1.03,1.01,1.01,83184
2012-07-13,1.01,1.02,1.01,1.02,73378
2012-07-16,1.02,1.03,1.02,1.02,28259
2012-07-17,1.02,1.03,1.02,1.03,74841
2012-07-18,1.03,1.04,1.03,1.04,78994
2012-07-19,1.04,1.04,1.04,1.04,80656
2012-07-20,1.04,1.04,1.04,1.04,74286
2012-07-23,1.04,1.04,1.02,1.03,94788
2012-07-24,1.03,1.03,1.02,1.02,102999
2012-07-25,1.02,1.03,1.02,1.03,107357
2012-07-26,1.03,1.04,1.03,1.04,119340
2012-07-27,1.04,1.05,1.04,1.05,125082
2012-07-30,1.05,1.05,1.04,1.05,87282
2012-07-31,1.05,1.05,1.05,1.05,101705
2012-08-01,1.05,1.05,1.04,1.05,104134
2012-08-02,1.05,1.06,1.04,1.05,129763
2012-08-03,1.05,1.06,1.04,1.06,108724
2012-08-06,1.06,1.06,1.05,1.06,80878
2012-08-07,1.06,1.06,1.05,1.06,79030
2012-08-08,1.06,1.06,1.05,1.06,84480
2012-08-09,1.06,1.06,1.06,1.06,90338
2012-08-10,1.06,1.06,1.05,1.06,85444
2012-08-13,1.06,1.06,1.05,1.05,75366
2012-08-14,1.05,1.05,1.05,1.05,82781
2012-08-15,1.05,1.05,1.05,1.05,62759
2012-08-16,1.05,1.05,1.05,1.05,67390
2012-08-17,1.05,1.05,1.04,1.04,68133
2012-08-20,1.04,1.05,1.04,1.04,57995
2012-08-21,1.04,1.05,1.04,1.05,68425
2012-08-22,1.05,1.05,1.04,1.05,82615
2012-08-23,1.05,1.05,1.04,1.04,78277
2012-08-24,1.04,1.04,1.04,1.04,73259
2012-08-27,1.04,1.04,1.04,1.04,49368
2012-08-28,1.04,1.04,1.03,1.04,64509
2012-08-29,1.04,1.04,1.03,1.03,56101
2012-08-30,1.03,1.04,1.03,1.03,62900
2012-08-31,1.03,1.04,1.03,1.03,80605
2012-09-03,1.03,1.03,1.02,1.02,46151
2012-09-04,1.02,1.03,1.02,1.02,73410
2012-09-05,1.02,1.02,1.02,1.02,83664
2012-09-06,1.02,1.03,1.02,1.03,90428
2012-09-07,1.03,1.04,1.03,1.04,85928
2012-09-10,1.04,1.04,1.03,1.03,53885
2012-09-11,1.03,1.04,1.03,1.04,69912
2012-09-12,1.04,1.05,1.04,1.05,83013
2012-09-13,1.05,1.06,1.04,1.05,92886
2012-09-14,1.05,1.06,1.05,1.05,91922
2012-09-17,1.05,1.06,1.05,1.05,73624
2012-09-18,1.05,1.05,1.04,1.05,85061
2012-09-19,1.05,1.05,1.04,1.05,78192
2012-09-20,1.05,1.05,1.04,1.04,91489
2012-09-21,1.04,1.05,1.04,1.05,86471
2012-09-24,1.05,1.05,1.04,1.04,65100
2012-09-25,1.04,1.05,1.04,1.04,78596
2012-09-26,1.04,1.04,1.03,1.04,86143
2012-09-27,1.04,1.05,1.04,1.04,87044
2012-09-28,1.04,1.05,1.04,1.04,92524
2012-10-01,1.04,1.04,1.03,1.04,82204
2012-10-02,1.04,1.04,1.03,1.03,92983
2012-10-03,1.03,1.03,1.02,1.02,80624
2012-10-04,1.02,1.03,1.02,1.02,83738
2012-10-05,1.02,1.03,1.02,1.02,70741
2012-10-08,1.02,1.02,1.01,1.02,65071
2012-10-09,1.02,1.02,1.02,1.02,79974
2012-10-10,1.02,1.03,1.02,1.02,78762
2012-10-11,1.02,1.03,1.02,1.03,78880
2012-10-12,1.03,1.03,1.02,1.02,72527
2012-10-15,1.02,1.03,1.02,1.03,77593
2012-10-16,1.03,1.03,1.02,1.03,67592
2012-10-17,1.03,1.04,1.03,1.04,76535
2012-10-18,1.04,1.04,1.04,1.04,75761
2012-10-19,1.04,1.04,1.03,1.03,60401
2012-10-22,1.03,1.03,1.03,1.03,60484
2012-10-23,1.03,1.03,1.02,1.03,69371
2012-10-24,1.03,1.04,1.03,1.04,75123
2012-10-25,1.04,1.04,1.03,1.03,66085
2012-10-26,1.03,1.04,1.03,1.04,68801
2012-10-29,1.04,1.04,1.03,1.03,38818
2012-10-30,1.03,1.04,1.03,1.04,33049
2012-10-31,1.04,1.04,1.04,1.04,54126
2012-11-01,1.04,1.04,1.04,1.04,56637
2012-11-02,1.04,1.04,1.03,1.03,66144
2012-11-05,1.03,1.04,1.03,1.04,48149
2012-11-06,1.04,1.04,1.04,1.04,58695
2012-11-07,1.04,1.05,1.04,1.04,88008
2012-11-08,1.04,1.04,1.04,1.04,73260
2012-11-09,1.04,1.04,1.04,1.04,67651
2012-11-12,1.04,1.04,1.04,1.04,43075
2012-11-13,1.04,1.04,1.04,1.04,59242
2012-11-14,1.04,1.05,1.04,1.04,59220
2012-11-15,1.04,1.04,1.03,1.03,69580
2012-11-16,1.03,1.04,1.03,1.03,65954
2012-11-19,1.03,1.04,1.03,1.04,51885
2012-11-20,1.04,1.04,1.04,1.04,54388
2012-11-21,1.04,1.04,1.03,1.04,59944
2012-11-22,1.04,1.04,1.04,1.04,35413
2012-11-23,1.04,1.05,1.04,1.05,48077
2012-11-26,1.05,1.05,1.04,1.05,46339
2012-11-27,1.05,1.05,1.04,1.04,57983
2012-11-28,1.04,1.05,1.04,1.05,61441
2012-11-29,1.05,1.05,1.04,1.04,57442
2012-11-30,1.04,1.04,1.04,1.04,56225
2012-12-03,1.04,1.04,1.04,1.04,49512
2012-12-04,1.04,1.05,1.04,1.05,56071
2012-12-05,1.05,1.05,1.04,1.05,50838
2012-12-06,1.05,1.05,1.04,1.05,55580
2012-12-07,1.05,1.05,1.05,1.05,47502
2012-12-10,1.05,1.05,1.05,1.05,38209
2012-12-11,1.05,1.05,1.05,1.05,39527
2012-12-12,1.05,1.06,1.05,1.06,48145
2012-12-13,1.06,1.06,1.05,1.05,41452
2012-12-14,1.05,1.06,1.05,1.06,41447
2012-12-17,1.06,1.06,1.05,1.06,37549
2012-12-18,1.06,1.06,1.05,1.05,38467
2012-12-19,1.05,1.05,1.05,1.05,42769
2012-12-20,1.05,1.05,1.05,1.05,47842
2012-12-21,1.05,1.05,1.04,1.04,51933
2012-12-24,1.04,1.04,1.04,1.04,22849
2012-12-25,1.0369,1.0464,1.0361,1.0368,0
2012-12-26,1.04,1.04,1.03,1.04,25377
2012-12-27,1.04,1.04,1.03,1.04,34835
2012-12-28,1.04,1.04,1.04,1.04,34763
2012-12-31,1.04,1.04,1.04,1.04,26609
2013-01-01,1.0388,1.0445,1.0387,1.0399,0
2013-01-02,1.04,1.05,1.04,1.05,49831
2013-01-03,1.05,1.05,1.05,1.05,46683
2013-01-04,1.05,1.05,1.04,1.05,51704
2013-01-07,1.05,1.05,1.05,1.05,44484
2013-01-08,1.05,1.05,1.05,1.05,44932
2013-01-09,1.05,1.05,1.05,1.05,47634
2013-01-10,1.05,1.06,1.05,1.06,53760
2013-01-11,1.06,1.06,1.05,1.05,47682
2013-01-14,1.05,1.06,1.05,1.06,40975
2013-01-15,1.06,1.06,1.05,1.06,47507
2013-01-16,1.06,1.06,1.05,1.06,47686
2013-01-17,1.06,1.06,1.05,1.05,55022
2013-01-18,1.05,1.06,1.05,1.05,54419
2013-01-21,1.05,1.05,1.05,1.05,29408
2013-01-22,1.05,1.06,1.05,1.06,53436
2013-01-23,1.06,1.06,1.05,1.06,43739
2013-01-24,1.06,1.06,1.04,1.05,54475
2013-01-25,1.05,1.05,1.04,1.04,48726
2013-01-28,1.04,1.04,1.04,1.04,38884
2013-01-29,1.04,1.05,1.04,1.05,44451
2013-01-30,1.05,1.05,1.04,1.04,43567
2013-01-31,1.04,1.05,1.04,1.04,49497
2013-02-01,1.04,1.04,1.04,1.04,51951
2013-02-04,1.04,1.04,1.04,1.04,37792
2013-02-05,1.04,1.05,1.04,1.04,53920
2013-02-06,1.04,1.04,1.03,1.03,52677
2013-02-07,1.03,1.03,1.03,1.03,59277
2013-02-08,1.03,1.03,1.03,1.03,50866
2013-02-11,1.03,1.03,1.03,1.03,36949
2013-02-12,1.03,1.03,1.02,1.03,48617
2013-02-13,1.03,1.04,1.03,1.04,44501
2013-02-14,1.04,1.04,1.03,1.04,45468
2013-02-15,1.04,1.04,1.03,1.03,46074
2013-02-18,1.03,1.03,1.03,1.03,31050
2013-02-19,1.03,1.04,1.03,1.04,45461
2013-02-20,1.04,1.04,1.02,1.03,51604
2013-02-21,1.03,1.03,1.02,1.02,53455
2013-02-22,1.02,1.03,1.02,1.03,52200
2013-02-25,1.03,1.03,1.03,1.03,70567
2013-02-26,1.03,1.03,1.02,1.02,78850
2013-02-27,1.02,1.02,1.02,1.02,67283
2013-02-28,1.02,1.03,1.02,1.02,63471
2013-03-01,1.02,1.02,1.02,1.02,59300
2013-03-04,1.02,1.02,1.01,1.02,52107
2013-03-05,1.02,1.03,1.02,1.03,57197
2013-03-06,1.03,1.03,1.02,1.02,49171
2013-03-07,1.02,1.03,1.02,1.03,55341
2013-03-08,1.03,1.03,1.02,1.02,47743
2013-03-11,1.02,1.03,1.02,1.03,34204
2013-03-12,1.03,1.03,1.03,1.03,48881
2013-03-13,1.03,1.03,1.03,1.03,50483
2013-03-14,1.03,1.04,1.03,1.04,58167
2013-03-15,1.04,1.04,1.04,1.04,44478
2013-03-18,1.03,1.04,1.03,1.04,52703
2013-03-19,1.04,1.04,1.04,1.04,51311
2013-03-20,1.04,1.04,1.04,1.04,48475
2013-03-21,1.04,1.05,1.04,1.04,48720
2013-03-22,1.04,1.05,1.04,1.04,38208
2013-03-25,1.04,1.05,1.04,1.05,49109
2013-03-26,1.05,1.05,1.04,1.05,42121
2013-03-27,1.05,1.05,1.04,1.04,39628
2013-03-28,1.04,1.05,1.04,1.04,41617
2013-03-29,1.04,1.04,1.04,1.04,21166
2013-04-01,1.04,1.04,1.04,1.04,21864
2013-04-02,1.04,1.05,1.04,1.04,36768
2013-04-03,1.04,1.05,1.04,1.05,37528
2013-04-04,1.05,1.05,1.04,1.04,60404
2013-04-05,1.04,1.04,1.04,1.04,56791
2013-04-08,1.04,1.04,1.03,1.04,43959
2013-04-09,1.04,1.05,1.04,1.05,52182
2013-04-10,1.05,1.06,1.05,1.05,47255
2013-04-11,1.05,1.06,1.05,1.05,49227
2013-04-12,1.05,1.06,1.05,1.05,50743
2013-04-15,1.05,1.05,1.03,1.03,91133
2013-04-16,1.03,1.04,1.03,1.04,84042
2013-04-17,1.04,1.04,1.03,1.03,78249
2013-04-18,1.03,1.03,1.03,1.03,74273
2013-04-19,1.03,1.04,1.03,1.03,61487
2013-04-22,1.03,1.03,1.02,1.03,55424
2013-04-23,1.03,1.03,1.02,1.03,63920
2013-04-24,1.03,1.03,1.02,1.03,58652
2013-04-25,1.03,1.03,1.03,1.03,46128
2013-04-26,1.03,1.03,1.03,1.03,53702
2013-04-29,1.03,1.04,1.03,1.04,40007
2013-04-30,1.04,1.04,1.03,1.04,49267
2013-05-01,1.04,1.04,1.03,1.03,52236
2013-05-02,1.03,1.03,1.02,1.02,63186
2013-05-03,1.02,1.03,1.02,1.03,51253
2013-05-06,1.03,1.03,1.02,1.03,39057
2013-05-07,1.03,1.03,1.02,1.02,57499
2013-05-08,1.02,1.02,1.02,1.02,50446
2013-05-09,1.02,1.03,1,1.01,72017
2013-05-10,1.01,1.01,0.9961,1,91473
2013-05-13,0.99985,1,0.99403,0.99513,125289
2013-05-14,0.99513,1,0.9877,0.98885,134232
2013-05-15,0.98885,0.99195,0.98527,0.98982,133045
2013-05-16,0.98982,0.99133,0.97973,0.98078,166451
2013-05-17,0.98078,0.98305,0.97113,0.97343,138599
2013-05-20,0.97503,0.98274,0.97374,0.98051,79863
2013-05-21,0.98051,0.98425,0.97514,0.98043,94100
2013-05-22,0.98043,0.98281,0.96617,0.96986,113323
2013-05-23,0.96986,0.97787,0.95937,0.97463,131531
2013-05-24,0.97463,0.97504,0.96343,0.96426,96939
2013-05-27,0.96338,0.96657,0.9615,0.9631,48299
2013-05-28,0.9631,0.9696,0.95965,0.96152,88250
2013-05-29,0.96152,0.96704,0.95282,0.96293,103343
2013-05-30,0.96293,0.96975,0.9582,0.96614,112564
2013-05-31,0.96614,0.9685,0.95487,0.95708,103760
2013-06-03,0.96214,0.97918,0.95903,0.97674,104409
2013-06-04,0.97674,0.97721,0.96105,0.96471,103249
2013-06-05,0.96471,0.96577,0.95112,0.95406,111817
2013-06-06,0.95406,0.96735,0.94345,0.95986,140055
2013-06-07,0.95986,0.95986,0.94278,0.94949,135065
2013-06-10,0.94008,0.94809,0.93913,0.94623,101730
2013-06-11,0.94623,0.94709,0.93256,0.94323,136992
2013-06-12,0.94323,0.95636,0.94156,0.94837,114966
2013-06-13,0.94837,0.96578,0.94287,0.96393,117313
2013-06-14,0.96393,0.96661,0.95674,0.95683,111558
2013-06-17,0.95683,0.96413,0.95089,0.95382,77413
2013-06-18,0.95382,0.9574,0.94402,0.9485,85513
2013-06-19,0.9485,0.95565,0.92837,0.92911,108482
2013-06-20,0.92911,0.93127,0.91632,0.91955,146712
2013-06-21,0.91955,0.9259,0.91823,0.92143,118969
2013-06-24,0.92068,0.92989,0.91479,0.92476,133465
2013-06-25,0.92476,0.9297,0.91968,0.92594,113893
2013-06-26,0.92594,0.93446,0.92356,0.92777,105763
2013-06-27,0.92777,0.93389,0.92624,0.92738,90293
2013-06-28,0.92738,0.92869,0.91132,0.9133,100415
2013-07-01,0.9109,0.92531,0.91077,0.92355,85159
2013-07-02,0.92355,0.92499,0.91303,0.9147,105087
2013-07-03,0.9147,0.919,0.90358,0.90835,114515
2013-07-04,0.90835,0.91807,0.90732,0.91397,91658
2013-07-05,0.91397,0.91801,0.90483,0.90558,85284
2013-07-08,0.90455,0.91449,0.90416,0.91329,58927
2013-07-09,0.91329,0.92009,0.90826,0.91769,83716
2013-07-10,0.91769,0.92345,0.90919,0.91697,105638
2013-07-11,0.91697,0.93053,0.91191,0.91871,139271
2013-07-12,0.91871,0.91889,0.89982,0.90445,92816
2013-07-15,0.90583,0.91218,0.90358,0.90973,83691
2013-07-16,0.90973,0.92606,0.9086,0.92513,92954
2013-07-17,0.92513,0.92921,0.91914,0.9239,98640
2013-07-18,0.9239,0.92494,0.91377,0.91692,78672
2013-07-19,0.91692,0.92351,0.91554,0.91725,74853
2013-07-22,0.9172,0.92701,0.9171,0.92487,65888
2013-07-23,0.92487,0.92994,0.92226,0.92955,94147
2013-07-24,0.92955,0.93182,0.91313,0.91662,126241
2013-07-25,0.91662,0.92814,0.91285,0.92456,113847
2013-07-26,0.92456,0.92955,0.92276,0.92636,95528
2013-07-29,0.9246,0.92869,0.92118,0.92132,67806
2013-07-30,0.92048,0.92092,0.90438,0.90631,96076
2013-07-31,0.90631,0.90761,0.89356,0.89844,121318
2013-08-01,0.89844,0.89927,0.89072,0.89261,98999
2013-08-02,0.89261,0.897,0.88703,0.8902,104761
2013-08-05,0.8912,0.89343,0.88478,0.89286,78356
2013-08-06,0.89286,0.90053,0.89067,0.89875,94635
2013-08-07,0.89875,0.90253,0.89196,0.89984,89238
2013-08-08,0.89984,0.91347,0.89714,0.91025,108808
2013-08-09,0.91025,0.92146,0.90853,0.91888,79929
2013-08-12,0.9182,0.92211,0.91344,0.91474,71082
2013-08-13,0.91474,0.91489,0.90735,0.91111,90480
2013-08-14,0.91111,0.91601,0.90816,0.91207,74752
2013-08-15,0.91207,0.91898,0.90589,0.91406,112429
2013-08-16,0.91406,0.92149,0.91247,0.91783,83838
2013-08-19,0.91819,0.92334,0.91025,0.91129,93132
2013-08-20,0.91129,0.91327,0.9027,0.9071,102611
2013-08-21,0.9071,0.90728,0.89652,0.89667,113932
2013-08-22,0.89667,0.90434,0.89319,0.90061,108107
2013-08-23,0.90061,0.90502,0.89712,0.90206,93100
2013-08-26,0.9029,0.90697,0.90031,0.90284,64493
2013-08-27,0.90284,0.9037,0.89331,0.89816,90707
2013-08-28,0.89816,0.8987,0.88927,0.89404,97601
2013-08-29,0.89404,0.89786,0.89156,0.89296,82253
2013-08-30,0.89296,0.89578,0.88922,0.89001,78801
2013-09-02,0.89399,0.90139,0.89241,0.89766,69213
2013-09-03,0.89766,0.90724,0.89719,0.90607,93820
2013-09-04,0.90607,0.91877,0.90372,0.91725,86829
2013-09-05,0.91725,0.91879,0.91158,0.91223,82010
2013-09-06,0.91223,0.92169,0.91159,0.91785,73350
2013-09-09,0.91975,0.92419,0.91674,0.92269,65340
2013-09-10,0.92269,0.93191,0.92169,0.93127,80333
2013-09-11,0.93127,0.93383,0.92764,0.93287,75568
2013-09-12,0.93287,0.93541,0.92267,0.92706,85285
2013-09-13,0.92706,0.92727,0.92235,0.92436,70457
2013-09-16,0.93243,0.93895,0.93052,0.9318,71317
2013-09-17,0.9318,0.93662,0.92849,0.93547,66152
2013-09-18,0.93547,0.95285,0.93359,0.95229,85586
2013-09-19,0.95229,0.95242,0.94273,0.94413,92436
2013-09-20,0.94413,0.94583,0.93777,0.93968,70541
2013-09-23,0.9361,0.94571,0.93554,0.94303,66699
2013-09-24,0.94303,0.9431,0.93636,0.93897,63318
2013-09-25,0.93897,0.93936,0.93384,0.93669,64175
2013-09-26,0.93669,0.94017,0.93402,0.93633,65119
2013-09-27,0.93633,0.93748,0.92973,0.93143,63492
2013-09-30,0.9303,0.93545,0.92806,0.9324,73613
2013-10-01,0.9324,0.94355,0.92875,0.93963,84934
2013-10-02,0.93963,0.94114,0.93336,0.93867,72230
2013-10-03,0.93867,0.94153,0.93668,0.9393,72842
2013-10-04,0.9393,0.94586,0.93886,0.94289,56428
2013-10-07,0.94314,0.94495,0.93881,0.94285,52839
2013-10-08,0.94285,0.94846,0.94114,0.94239,66743
2013-10-09,0.94239,0.94644,0.94132,0.94441,73157
2013-10-10,0.94441,0.94726,0.93892,0.94523,72990
2013-10-11,0.94523,0.94848,0.94348,0.94626,63094
2013-10-14,0.9423,0.95077,0.9423,0.94873,53577
2013-10-15,0.94873,0.95475,0.94778,0.95263,72411
2013-10-16,0.95263,0.9557,0.94986,0.95531,70968
2013-10-17,0.95531,0.9647,0.95273,0.96354,88059
2013-10-18,0.96354,0.96773,0.96043,0.96726,64734
2013-10-21,0.96659,0.9679,0.96423,0.96523,48873
2013-10-22,0.96523,0.97306,0.96436,0.97105,51968
2013-10-23,0.97105,0.97579,0.96072,0.96209,77801
2013-10-24,0.96209,0.96708,0.95718,0.9621,67007
2013-10-25,0.9621,0.9624,0.95723,0.95798,55710
2013-10-28,0.95794,0.96224,0.95558,0.95725,46279
2013-10-29,0.95725,0.95751,0.94717,0.94797,71337
2013-10-30,0.94797,0.95162,0.94413,0.94826,69813
2013-10-31,0.94826,0.95255,0.94514,0.94545,75753
2013-11-01,0.94545,0.94895,0.94217,0.94354,64281
2013-11-04,0.94553,0.95144,0.9444,0.95099,54017
2013-11-05,0.95099,0.95375,0.94635,0.95066,68320
2013-11-06,0.95066,0.95435,0.94862,0.95257,56718
2013-11-07,0.95257,0.95279,0.9439,0.94541,85715
2013-11-08,0.94541,0.94807,0.93526,0.93832,80485
2013-11-11,0.93814,0.93905,0.93442,0.93595,44468
2013-11-12,0.93595,0.93682,0.92683,0.93002,65278
2013-11-13,0.93002,0.9371,0.92785,0.9358,60101
2013-11-14,0.9358,0.93864,0.92812,0.93141,72101
2013-11-15,0.93141,0.93747,0.93055,0.93659,55672
2013-11-18,0.93727,0.94188,0.93586,0.93769,59094
2013-11-19,0.93769,0.94469,0.93522,0.94328,69537
2013-11-20,0.94328,0.94482,0.93161,0.93363,86583
2013-11-21,0.93363,0.93363,0.91983,0.92334,88053
2013-11-22,0.92334,0.92493,0.91433,0.91703,71105
2013-11-25,0.91613,0.91884,0.91201,0.91594,59300
2013-11-26,0.91594,0.92043,0.90878,0.91257,71877
2013-11-27,0.91257,0.91378,0.90651,0.90805,65684
2013-11-28,0.90805,0.91496,0.90751,0.91022,49976
2013-11-29,0.91022,0.91415,0.90557,0.91092,65931
2013-12-02,0.91224,0.91684,0.90896,0.9106,137162
2013-12-03,0.9106,0.91461,0.90573,0.91347,146062
2013-12-04,0.91347,0.91407,0.89986,0.90278,185411
2013-12-05,0.90278,0.90773,0.90034,0.90624,164858
2013-12-06,0.90624,0.91176,0.89892,0.91002,174283
2013-12-09,0.91189,0.91295,0.90701,0.91099,125800
2013-12-10,0.91099,0.91668,0.9075,0.91496,129122
2013-12-11,0.91496,0.91525,0.90465,0.90484,131810
2013-12-12,0.90484,0.90813,0.89163,0.89367,179272
2013-12-13,0.89367,0.89684,0.89094,0.89634,129076
2013-12-16,0.89565,0.89698,0.89201,0.89469,111852
2013-12-17,0.89469,0.89584,0.88824,0.89,121238
2013-12-18,0.89,0.89438,0.88199,0.88594,174752
2013-12-19,0.88594,0.8875,0.88226,0.88651,138938
2013-12-20,0.88651,0.89337,0.88551,0.89174,120473
2013-12-23,0.89169,0.89581,0.89167,0.89348,81110
2013-12-24,0.89348,0.89408,0.89062,0.89163,52736
2013-12-25,0.8927,0.89414,0.89158,0.8927,0
2013-12-26,0.89163,0.89163,0.88755,0.88948,40586
2013-12-27,0.88948,0.89288,0.88619,0.88662,108622
2013-12-30,0.88574,0.89297,0.88333,0.89041,102850
2013-12-31,0.89041,0.89521,0.88977,0.89281,69908
2014-01-01,0.8915,0.89254,0.8915,0.8915,0
2014-01-02,0.89281,0.89433,0.88427,0.89101,123484
2014-01-03,0.89101,0.90046,0.8885,0.89422,152029
2014-01-06,0.89509,0.89825,0.89351,0.89667,140296
2014-01-07,0.89667,0.8971,0.88934,0.89268,134817
2014-01-08,0.89268,0.89528,0.88966,0.8901,139389
2014-01-09,0.8901,0.89128,0.88648,0.88976,127380
2014-01-10,0.88976,0.90051,0.88757,0.89908,146021
2014-01-13,0.8995,0.90863,0.8985,0.90524,131188
2014-01-14,0.90524,0.90579,0.89554,0.89648,117322
2014-01-15,0.89648,0.89705,0.88879,0.89149,111919
2014-01-16,0.89149,0.89157,0.87766,0.88209,132770
2014-01-17,0.88209,0.88276,0.87632,0.87828,93735
2014-01-20,0.87665,0.88207,0.87566,0.88112,73207
2014-01-21,0.88112,0.88374,0.87754,0.8808,103663
2014-01-22,0.8808,0.88885,0.87859,0.88533,110361
2014-01-23,0.88533,0.88533,0.87314,0.87679,150740
2014-01-24,0.87679,0.8775,0.86601,0.86832,157436
2014-01-27,0.86897,0.87597,0.86774,0.87385,133592
2014-01-28,0.87385,0.88206,0.87263,0.87752,122645
2014-01-29,0.87752,0.88257,0.87245,0.87374,171455
2014-01-30,0.87374,0.88004,0.87101,0.87934,135153
2014-01-31,0.87934,0.88233,0.86943,0.87504,143920
2014-02-03,0.87659,0.88334,0.87386,0.8754,133131
2014-02-04,0.8754,0.89417,0.87303,0.89249,165652
2014-02-05,0.89249,0.89385,0.88735,0.89092,127181
2014-02-06,0.89092,0.89804,0.89074,0.89587,118239
2014-02-07,0.89587,0.89982,0.89223,0.89583,115352
2014-02-10,0.89555,0.89588,0.89068,0.89487,70907
2014-02-11,0.89487,0.90476,0.89409,0.90371,112177
2014-02-12,0.90371,0.90671,0.90072,0.90262,97949
2014-02-13,0.90262,0.90313,0.89274,0.89788,112582
2014-02-14,0.89788,0.90436,0.89659,0.90269,101625
2014-02-17,0.90615,0.90692,0.90222,0.90315,77479
2014-02-18,0.90315,0.90806,0.90016,0.90258,113392
2014-02-19,0.90258,0.90443,0.89904,0.89989,115960
2014-02-20,0.89989,0.90219,0.89367,0.9005,135549
2014-02-21,0.9005,0.90149,0.89519,0.89724,108516
2014-02-24,0.89779,0.90492,0.89379,0.90329,106903
2014-02-25,0.90329,0.90443,0.9004,0.90171,89564
2014-02-26,0.90171,0.90257,0.89438,0.89675,106488
2014-02-27,0.89675,0.89715,0.89039,0.8964,127329
2014-02-28,0.8964,0.89896,0.89158,0.89297,117438
2014-03-03,0.88939,0.89464,0.88884,0.89356,107692
2014-03-04,0.89356,0.89688,0.89092,0.89482,104389
2014-03-05,0.89482,0.89969,0.89355,0.8984,102756
2014-03-06,0.8984,0.91131,0.89731,0.9089,122298
2014-03-07,0.9089,0.91333,0.90616,0.90616,100043
2014-03-10,0.90369,0.90634,0.90124,0.90185,87588
2014-03-11,0.90185,0.90504,0.89617,0.89751,91870
2014-03-12,0.89751,0.89931,0.89235,0.89869,108564
2014-03-13,0.89869,0.91033,0.89853,0.9029,135569
2014-03-14,0.9029,0.90495,0.89967,0.90279,110490
2014-03-17,0.90016,0.90983,0.89954,0.90855,90607
2014-03-18,0.90855,0.91359,0.90638,0.91252,100585
2014-03-19,0.91252,0.91385,0.90202,0.9041,116104
2014-03-20,0.9041,0.9052,0.89952,0.9038,102405
2014-03-21,0.9038,0.91006,0.90325,0.90784,76447
2014-03-24,0.91015,0.91496,0.90468,0.91319,97137
2014-03-25,0.91319,0.91742,0.91195,0.91645,91609
2014-03-26,0.91645,0.92452,0.91543,0.92249,107596
2014-03-27,0.92249,0.92715,0.92141,0.9258,96002
2014-03-28,0.9258,0.92951,0.92375,0.92457,88178
2014-03-31,0.92364,0.92779,0.92181,0.9263,98318
2014-04-01,0.9263,0.93039,0.92299,0.92449,94201
2014-04-02,0.92449,0.92634,0.92224,0.9247,79977
2014-04-03,0.9247,0.92536,0.92056,0.92298,100419
2014-04-04,0.92298,0.93075,0.9223,0.92893,101094
2014-04-07,0.928,0.92954,0.9254,0.92687,80649
2014-04-08,0.92687,0.93665,0.92622,0.93579,113008
2014-04-09,0.93579,0.93992,0.93349,0.93898,115395
2014-04-10,0.93898,0.94613,0.93705,0.94124,133137
2014-04-11,0.94124,0.94263,0.93628,0.93924,121950
2014-04-14,0.93887,0.94256,0.93761,0.94229,104341
2014-04-15,0.94229,0.9424,0.93367,0.93602,122216
2014-04-16,0.93602,0.9388,0.93322,0.93674,122044
2014-04-17,0.93674,0.93905,0.93211,0.93255,90991
2014-04-18,0.93255,0.9342,0.93227,0.93254,36189
2014-04-21,0.9329,0.93469,0.93154,0.93264,47887
2014-04-22,0.93264,0.93784,0.93214,0.93659,82491
2014-04-23,0.93659,0.93773,0.92675,0.92876,104504
2014-04-24,0.92876,0.9301,0.92521,0.92634,90914
2014-04-25,0.92634,0.92982,0.9254,0.92754,76336
2014-04-28,0.92693,0.93167,0.92444,0.92565,94058
2014-04-29,0.92565,0.92821,0.92275,0.92667,94843
2014-04-30,0.92667,0.93009,0.92524,0.92863,115998
2014-05-01,0.92863,0.93126,0.92605,0.9273,85036
2014-05-02,0.9273,0.928,0.92022,0.92765,116368
2014-05-05,0.92836,0.92892,0.92523,0.9273,84978
2014-05-06,0.9273,0.93676,0.92699,0.93416,116871
2014-05-07,0.93416,0.93545,0.93184,0.9326,107508
2014-05-08,0.9326,0.93943,0.9319,0.93709,122929
2014-05-09,0.93709,0.93788,0.93469,0.93609,83484
2014-05-12,0.93597,0.93858,0.93485,0.93567,67995
2014-05-13,0.93567,0.93825,0.93332,0.93564,88177
2014-05-14,0.93564,0.94091,0.93537,0.93778,89953
2014-05-15,0.93778,0.9393,0.9327,0.93552,98992
2014-05-16,0.93552,0.93714,0.93349,0.93579,81740
2014-05-19,0.93749,0.93749,0.93258,0.93284,77843
2014-05-20,0.93284,0.93354,0.92415,0.92419,96849
2014-05-21,0.92419,0.92525,0.92087,0.92499,102572
2014-05-22,0.92499,0.92735,0.92145,0.92237,89869
2014-05-23,0.92237,0.92495,0.92136,0.92249,71964
2014-05-26,0.92354,0.92494,0.92309,0.92362,36877
2014-05-27,0.92362,0.92775,0.92324,0.92583,77943
2014-05-28,0.92583,0.92707,0.92142,0.92359,80858
2014-05-29,0.92359,0.93128,0.92105,0.9307,97581
2014-05-30,0.9307,0.93293,0.92886,0.93066,81518
2014-06-02,0.9305,0.93144,0.92347,0.92435,82101
2014-06-03,0.92435,0.92871,0.9229,0.92635,102208
2014-06-04,0.92635,0.92977,0.92519,0.92751,88300
2014-06-05,0.92751,0.93464,0.92576,0.93391,114543
2014-06-06,0.93391,0.93586,0.93189,0.93284,95119
2014-06-09,0.93367,0.93635,0.93345,0.93542,62365
2014-06-10,0.93542,0.93837,0.93409,0.9373,85401
2014-06-11,0.9373,0.94062,0.93645,0.93763,84252
2014-06-12,0.93763,0.94374,0.93484,0.94235,108315
2014-06-13,0.94235,0.94271,0.93753,0.93944,84746
2014-06-16,0.93945,0.94167,0.93737,0.94005,84331
2014-06-17,0.94005,0.94031,0.93299,0.9332,90389
2014-06-18,0.9332,0.94115,0.93217,0.9408,98392
2014-06-19,0.9408,0.94315,0.93905,0.93982,86710
2014-06-20,0.93982,0.94146,0.93778,0.93826,78503
2014-06-23,0.93746,0.9445,0.93692,0.94211,75676
2014-06-24,0.94211,0.9431,0.93662,0.9367,83001
2014-06-25,0.9367,0.9408,0.93543,0.94065,84167
2014-06-26,0.94065,0.94186,0.9396,0.94125,73900
2014-06-27,0.94125,0.94416,0.94056,0.94217,68749
2014-06-30,0.942,0.94392,0.93876,0.94303,78643
2014-07-01,0.94303,0.9505,0.94135,0.9496,97166
2014-07-02,0.9496,0.94989,0.94287,0.94418,91097
2014-07-03,0.94418,0.9443,0.93288,0.93459,111951
2014-07-04,0.93459,0.93692,0.93434,0.93631,76622
2014-07-07,0.93632,0.93766,0.93416,0.93713,64805
2014-07-08,0.93713,0.94146,0.93654,0.93984,77011
2014-07-09,0.93984,0.94245,0.93822,0.94127,87022
2014-07-10,0.94127,0.94568,0.93611,0.93945,97027
2014-07-11,0.93945,0.94086,0.93758,0.93852,82938
2014-07-14,0.93768,0.94034,0.93741,0.93919,68228
2014-07-15,0.93919,0.94014,0.93486,0.93702,111966
2014-07-16,0.93702,0.93744,0.93294,0.93667,99338
2014-07-17,0.93667,0.93913,0.93462,0.9351,112442
2014-07-18,0.9351,0.94108,0.93358,0.93898,104429
2014-07-21,0.93876,0.94002,0.93709,0.9373,70015
2014-07-22,0.9373,0.94223,0.93607,0.9393,104422
2014-07-23,0.9393,0.94617,0.93805,0.94545,91857
2014-07-24,0.94545,0.94739,0.94111,0.94185,93321
2014-07-25,0.94185,0.94245,0.9392,0.9392,83334
2014-07-28,0.93944,0.94135,0.93843,0.94054,73866
2014-07-29,0.94054,0.94163,0.93743,0.93836,87678
2014-07-30,0.93836,0.9388,0.93028,0.93309,140134
2014-07-31,0.93309,0.93324,0.92794,0.92931,114511
2014-08-01,0.92931,0.93358,0.92754,0.93079,135864
2014-08-04,0.93057,0.93362,0.93057,0.93317,74443
2014-08-05,0.93317,0.93431,0.92936,0.93018,98196
2014-08-06,0.93018,0.93742,0.92917,0.93539,101768
2014-08-07,0.93539,0.93577,0.92588,0.92696,117553
2014-08-08,0.92696,0.9287,0.92392,0.92729,111251
2014-08-11,0.92751,0.92862,0.92589,0.92624,63540
2014-08-12,0.92624,0.92769,0.92475,0.9269,82680
2014-08-13,0.9269,0.93195,0.92634,0.93042,90792
2014-08-14,0.93042,0.93274,0.9284,0.93177,74683
2014-08-15,0.93177,0.93343,0.92978,0.93165,81320
2014-08-18,0.93113,0.9334,0.93087,0.9321,63977
2014-08-19,0.9321,0.9346,0.93016,0.93022,83255
2014-08-20,0.93022,0.9318,0.92751,0.92857,120738
2014-08-21,0.92857,0.93111,0.92356,0.93023,100094
2014-08-22,0.93023,0.93292,0.92928,0.93128,107474
2014-08-25,0.93076,0.93235,0.92892,0.92964,91964
2014-08-26,0.92964,0.93306,0.92717,0.93063,102605
2014-08-27,0.93063,0.93513,0.92998,0.93342,113926
2014-08-28,0.93342,0.93742,0.93322,0.93543,111138
2014-08-29,0.93543,0.93628,0.93319,0.93339,83310
2014-09-01,0.93251,0.93519,0.93185,0.93311,69250
2014-09-02,0.93311,0.93369,0.92681,0.92739,115565
2014-09-03,0.92739,0.93513,0.92629,0.93447,127575
2014-09-04,0.93447,0.93927,0.93299,0.93434,131496
2014-09-05,0.93434,0.94017,0.93326,0.9372,122371
2014-09-08,0.93589,0.93742,0.92775,0.92805,119116
2014-09-09,0.92805,0.9289,0.9188,0.92019,190169
2014-09-10,0.92019,0.92178,0.91127,0.91511,168039
2014-09-11,0.91511,0.92178,0.90886,0.90976,171330
2014-09-12,0.90976,0.91084,0.90304,0.90316,143059
2014-09-15,0.90044,0.90494,0.89836,0.90254,127231
2014-09-16,0.90254,0.91123,0.89892,0.90933,176916
2014-09-17,0.90933,0.90951,0.89507,0.89585,200418
2014-09-18,0.89585,0.89969,0.89271,0.89889,165874
2014-09-19,0.89889,0.90016,0.89207,0.89216,189770
2014-09-22,0.89267,0.89496,0.88522,0.88642,147174
2014-09-23,0.88642,0.89271,0.88312,0.884,173976
2014-09-24,0.884,0.88971,0.88387,0.88842,158803
2014-09-25,0.88842,0.88861,0.87737,0.8786,215038
2014-09-26,0.8786,0.88132,0.87477,0.87658,167512
2014-09-29,0.87517,0.87605,0.86836,0.8718,189149
2014-09-30,0.8718,0.87675,0.86938,0.87459,198616
2014-10-01,0.87459,0.8749,0.86632,0.8737,221751
2014-10-02,0.8737,0.88268,0.87182,0.88012,254313
2014-10-03,0.88012,0.88064,0.86424,0.86723,175049
2014-10-06,0.86724,0.87838,0.86523,0.87616,159949
2014-10-07,0.87616,0.88341,0.87261,0.88173,232893
2014-10-08,0.88173,0.88508,0.87338,0.88405,244903
2014-10-09,0.88405,0.88987,0.87646,0.87826,229852
2014-10-10,0.87826,0.87854,0.86802,0.8683,199038
2014-10-13,0.86916,0.8787,0.86519,0.87696,199179
2014-10-14,0.87696,0.88121,0.86936,0.8712,192941
2014-10-15,0.8712,0.88602,0.86752,0.88285,317515
2014-10-16,0.88285,0.88285,0.86858,0.87564,312510
2014-10-17,0.87564,0.88122,0.87334,0.87435,201670
2014-10-20,0.87576,0.88016,0.87472,0.87799,131029
2014-10-21,0.87799,0.88326,0.87578,0.87785,177148
2014-10-22,0.87785,0.88152,0.87413,0.87785,148417
2014-10-23,0.87785,0.88062,0.8749,0.87591,170381
2014-10-24,0.87591,0.88238,0.87188,0.88001,143974
2014-10-27,0.88025,0.88245,0.87888,0.8802,108697
2014-10-28,0.8802,0.88819,0.87954,0.88529,132964
2014-10-29,0.88529,0.89111,0.87761,0.8797,163483
2014-10-30,0.8797,0.884,0.87554,0.88343,180433
2014-10-31,0.88343,0.88541,0.87644,0.87952,221057
2014-11-03,0.87513,0.87614,0.86778,0.86808,190127
2014-11-04,0.86808,0.87494,0.86456,0.87346,204085
2014-11-05,0.87346,0.87618,0.85645,0.85935,249828
2014-11-06,0.85935,0.86268,0.85532,0.85563,259976
2014-11-07,0.85563,0.86573,0.85406,0.86334,246991
2014-11-10,0.86445,0.86826,0.86089,0.86206,158476
2014-11-11,0.86206,0.87191,0.85905,0.8686,217011
2014-11-12,0.8686,0.8745,0.86656,0.87159,234161
2014-11-13,0.87159,0.87644,0.86717,0.87196,178418
2014-11-14,0.87196,0.87734,0.86482,0.87437,200698
2014-11-17,0.87786,0.87958,0.8695,0.87074,183965
2014-11-18,0.87074,0.87466,0.8682,0.87193,160994
2014-11-19,0.87193,0.87211,0.86014,0.86179,204967
2014-11-20,0.86179,0.8641,0.85661,0.86036,214258
2014-11-21,0.86036,0.87227,0.86002,0.8668,222435
2014-11-24,0.86786,0.87005,0.86021,0.86142,134380
2014-11-25,0.86142,0.86192,0.85137,0.85302,217437
2014-11-26,0.85302,0.85656,0.84798,0.85416,200296
2014-11-27,0.85416,0.86154,0.85296,0.8542,143017
2014-11-28,0.8542,0.85476,0.84854,0.85029,168753
2014-12-01,0.84685,0.85319,0.84163,0.84871,224828
2014-12-02,0.84871,0.85424,0.84329,0.84427,178016
2014-12-03,0.84427,0.84669,0.83885,0.84047,183612
2014-12-04,0.84047,0.84292,0.83556,0.83807,211602
2014-12-05,0.83807,0.83932,0.83148,0.83179,161836
2014-12-08,0.83056,0.83236,0.82598,0.82923,159578
2014-12-09,0.82923,0.83713,0.8224,0.8291,223362
2014-12-10,0.8291,0.83482,0.82644,0.83172,200370
2014-12-11,0.83172,0.83759,0.8214,0.8264,262019
2014-12-12,0.8264,0.82989,0.82269,0.82399,186966
2014-12-15,0.82454,0.8268,0.82011,0.82095,189685
2014-12-16,0.82095,0.82744,0.81997,0.82172,228169
2014-12-17,0.82172,0.82364,0.81069,0.81175,245785
2014-12-18,0.81175,0.82032,0.81156,0.81645,208078
2014-12-19,0.81645,0.81922,0.81223,0.81409,202859
2014-12-22,0.81419,0.81731,0.81238,0.81279,137002
2014-12-23,0.81279,0.81441,0.80879,0.81013,137465
2014-12-24,0.81013,0.81237,0.80956,0.81028,112764
2014-12-25,0.81162,0.81288,0.81143,0.81162,0
2014-12-26,0.81028,0.81322,0.81028,0.81159,103240
2014-12-29,0.81225,0.81626,0.81106,0.81312,144444
2014-12-30,0.81312,0.82033,0.81218,0.8182,146432
2014-12-31,0.8182,0.82154,0.81589,0.81614,124741
2015-01-01,0.81713,0.81713,0.81699,0.81713,0
2015-01-02,0.81614,0.81614,0.80772,0.8084,126178
2015-01-05,0.80711,0.81072,0.8035,0.8083,224764
2015-01-06,0.8083,0.81575,0.80809,0.80834,243610
2015-01-07,0.80834,0.809,0.80324,0.80738,228236
2015-01-08,0.80738,0.81305,0.80696,0.81223,195890
2015-01-09,0.81223,0.82084,0.81054,0.81988,237773
2015-01-12,0.82084,0.82548,0.81304,0.81558,203293
2015-01-13,0.81558,0.81981,0.81275,0.81654,222458
2015-01-14,0.81654,0.81892,0.80681,0.81484,265643
2015-01-15,0.81484,0.82952,0.81329,0.82154,364759
2015-01-16,0.82154,0.82563,0.81679,0.82239,227426
2015-01-19,0.82185,0.82436,0.81959,0.82114,249526
2015-01-20,0.82114,0.82182,0.81596,0.81701,240399
2015-01-21,0.81701,0.82338,0.80779,0.80842,271568
2015-01-22,0.80842,0.81366,0.79949,0.80254,309903
2015-01-23,0.80254,0.80524,0.78809,0.78988,319655
2015-01-26,0.78762,0.79337,0.78578,0.79243,243557
2015-01-27,0.79243,0.79746,0.79056,0.79365,244413
2015-01-28,0.79365,0.80251,0.7884,0.78881,259764
2015-01-29,0.78881,0.79072,0.77199,0.77611,251547
2015-01-30,0.77611,0.77975,0.77308,0.7757,233245
2015-02-02,0.7749,0.78301,0.77481,0.78025,206909
2015-02-03,0.78025,0.78528,0.76261,0.77924,312132
2015-02-04,0.77924,0.7849,0.77427,0.775,254063
2015-02-05,0.775,0.78244,0.77334,0.77974,195126
2015-02-06,0.77974,0.7876,0.77784,0.77836,200483
2015-02-09,0.77612,0.78344,0.77478,0.78016,148106
2015-02-10,0.78016,0.78416,0.77472,0.77698,176411
2015-02-11,0.77698,0.77951,0.76938,0.77158,160668
2015-02-12,0.77158,0.77797,0.7644,0.77343,207272
2015-02-13,0.77343,0.77927,0.77232,0.77475,145524
2015-02-16,0.77753,0.77947,0.77512,0.7772,146011
2015-02-17,0.7772,0.78287,0.77421,0.78165,168716
2015-02-18,0.78165,0.78385,0.77736,0.78093,160787
2015-02-19,0.78093,0.78431,0.77568,0.77918,156312
2015-02-20,0.77918,0.78486,0.77884,0.78446,153809
2015-02-23,0.78469,0.78485,0.77805,0.78019,131012
2015-02-24,0.78019,0.7837,0.77395,0.7831,173000
2015-02-25,0.7831,0.79013,0.78233,0.7886,141154
2015-02-26,0.7886,0.79129,0.77859,0.77993,163722
2015-02-27,0.77993,0.78344,0.77773,0.77977,143997
2015-03-02,0.7807,0.78072,0.77558,0.77658,121762
2015-03-03,0.77658,0.78445,0.77508,0.78166,141366
2015-03-04,0.78166,0.78604,0.77906,0.78174,130990
2015-03-05,0.78174,0.78404,0.77541,0.77818,145317
2015-03-06,0.77818,0.78457,0.77063,0.77072,159229
2015-03-09,0.7707,0.77399,0.76835,0.7702,132539
2015-03-10,0.7702,0.77074,0.76032,0.76252,199173
2015-03-11,0.76252,0.76445,0.75604,0.75921,201495
2015-03-12,0.75921,0.77314,0.75733,0.77074,215774
2015-03-13,0.77074,0.77102,0.76098,0.76269,153838
2015-03-16,0.76199,0.76795,0.76135,0.76379,155263
2015-03-17,0.76379,0.76652,0.76056,0.76168,172095
2015-03-18,0.76168,0.78473,0.75909,0.77761,212448
2015-03-19,0.77761,0.78086,0.76116,0.7648,256120
2015-03-20,0.7648,0.78026,0.76424,0.77729,211729
2015-03-23,0.77815,0.7899,0.77633,0.78794,241186
2015-03-24,0.78794,0.79382,0.78349,0.78731,227214
2015-03-25,0.78731,0.79047,0.78288,0.78413,178365
2015-03-26,0.78413,0.78842,0.78007,0.78276,202050
2015-03-27,0.78276,0.78347,0.77451,0.77459,173674
2015-03-30,0.77338,0.77471,0.76335,0.76532,156843
2015-03-31,0.76532,0.76644,0.75909,0.7606,166616
2015-04-01,0.7606,0.76635,0.75826,0.7599,186080
2015-04-02,0.7599,0.7611,0.75331,0.75914,167455
2015-04-03,0.75914,0.76951,0.75705,0.7627,95112
2015-04-06,0.76398,0.76673,0.75792,0.75896,84046
2015-04-07,0.75896,0.77112,0.75767,0.76325,182600
2015-04-08,0.76325,0.77277,0.76314,0.76801,186946
2015-04-09,0.76801,0.77385,0.76597,0.7692,162639
2015-04-10,0.7692,0.77216,0.76379,0.76759,157387
2015-04-13,0.76658,0.76784,0.75528,0.7589,173654
2015-04-14,0.7589,0.76486,0.75552,0.7625,192426
2015-04-15,0.7625,0.77005,0.75714,0.76749,204415
2015-04-16,0.76749,0.7822,0.76731,0.78028,244889
2015-04-17,0.78028,0.78427,0.7759,0.77719,215239
2015-04-20,0.78235,0.78266,0.77067,0.7724,171783
2015-04-21,0.7724,0.77538,0.76828,0.77099,182610
2015-04-22,0.77099,0.78071,0.77049,0.77508,205877
2015-04-23,0.77508,0.77907,0.77109,0.7778,218966
2015-04-24,0.7778,0.78405,0.77642,0.78158,219049
2015-04-27,0.78201,0.78723,0.77914,0.78581,207116
2015-04-28,0.78581,0.80275,0.78332,0.80238,202340
2015-04-29,0.80238,0.80757,0.79765,0.8007,268003
2015-04-30,0.8007,0.80223,0.78632,0.7905,280740
2015-05-01,0.7905,0.79188,0.78034,0.78404,178972
2015-05-04,0.78321,0.78518,0.78021,0.78368,135632
2015-05-05,0.78368,0.79558,0.77855,0.79414,230879
2015-05-06,0.79414,0.80304,0.79185,0.79678,252295
2015-05-07,0.79678,0.80045,0.78902,0.79063,234952
2015-05-08,0.79063,0.79681,0.78632,0.79287,241116
2015-05-11,0.79248,0.79334,0.78763,0.78904,166800
2015-05-12,0.78904,0.80004,0.78864,0.7976,188007
2015-05-13,0.7976,0.8124,0.79451,0.81123,220942
2015-05-14,0.81123,0.81633,0.80632,0.80763,209396
2015-05-15,0.80763,0.80891,0.79963,0.8031,168531
2015-05-18,0.80345,0.80522,0.79769,0.79874,146203
2015-05-19,0.79874,0.80103,0.79065,0.79131,174065
2015-05-20,0.79131,0.79348,0.78611,0.7874,194582
2015-05-21,0.7874,0.79135,0.78656,0.78911,157223
2015-05-22,0.78911,0.79316,0.78105,0.78249,162900
2015-05-25,0.78183,0.78397,0.78033,0.78212,102403
2015-05-26,0.78212,0.78397,0.77271,0.77352,179014
2015-05-27,0.77352,0.77688,0.76905,0.77209,182560
2015-05-28,0.77209,0.77612,0.76178,0.76449,233014
2015-05-29,0.76449,0.76742,0.76295,0.76389,182538
2015-06-01,0.76346,0.76682,0.75983,0.76059,152949
2015-06-02,0.76059,0.77903,0.76032,0.77719,249642
2015-06-03,0.77719,0.78189,0.77513,0.77856,235570
2015-06-04,0.77856,0.7787,0.76642,0.76813,211298
2015-06-05,0.76813,0.77262,0.75987,0.76153,184237
2015-06-08,0.7623,0.77122,0.7603,0.76986,162805
2015-06-09,0.76986,0.77227,0.76464,0.76905,190013
2015-06-10,0.76905,0.77851,0.76356,0.77559,256998
2015-06-11,0.77559,0.77928,0.76931,0.77548,201525
2015-06-12,0.77548,0.77581,0.76778,0.77219,173916
2015-06-15,0.77524,0.77769,0.7704,0.77652,147959
2015-06-16,0.77652,0.77803,0.77219,0.7749,125052
2015-06-17,0.7749,0.77699,0.76424,0.77442,202627
2015-06-18,0.77442,0.78493,0.77102,0.77954,198142
2015-06-19,0.77954,0.78149,0.77365,0.77704,156382
2015-06-22,0.77634,0.77965,0.77211,0.77273,143873
2015-06-23,0.77273,0.77491,0.76792,0.77336,159997
2015-06-24,0.77336,0.77709,0.76831,0.76996,156308
2015-06-25,0.76996,0.77524,0.76962,0.77341,138153
2015-06-26,0.77341,0.774,0.76305,0.76515,145442
2015-06-29,0.76238,0.77122,0.75853,0.76785,241670
2015-06-30,0.76785,0.77246,0.76595,0.7703,205596
2015-07-01,0.7703,0.77385,0.76388,0.76445,183587
2015-07-02,0.76445,0.76574,0.75897,0.76324,181718
2015-07-03,0.76324,0.76487,0.75089,0.75089,154912
2015-07-06,0.74803,0.75327,0.74613,0.7499,177723
2015-07-07,0.7499,0.75016,0.73978,0.74514,206943
2015-07-08,0.74514,0.74591,0.73722,0.74288,208585
2015-07-09,0.74288,0.74916,0.73921,0.74449,202184
2015-07-10,0.74449,0.74965,0.74095,0.74329,175835
2015-07-13,0.74155,0.74684,0.73831,0.74056,208236
2015-07-14,0.74056,0.74787,0.73875,0.74485,186161
2015-07-15,0.74485,0.74888,0.73538,0.73784,211942
2015-07-16,0.73784,0.74372,0.73498,0.74022,178966
2015-07-17,0.74022,0.74188,0.73675,0.73695,158935
2015-07-20,0.73769,0.73977,0.73276,0.73684,184796
2015-07-21,0.73684,0.74494,0.73412,0.7419,209919
2015-07-22,0.7419,0.7439,0.73609,0.73718,213371
2015-07-23,0.73718,0.74174,0.73505,0.73508,210701
2015-07-24,0.73508,0.73619,0.72597,0.72772,200957
2015-07-27,0.72702,0.73248,0.72656,0.72691,189965
2015-07-28,0.72691,0.73445,0.7257,0.73359,196692
2015-07-29,0.73359,0.73511,0.72824,0.72941,218296
2015-07-30,0.72941,0.73226,0.72548,0.72912,201178
2015-07-31,0.72912,0.73667,0.72341,0.72959,254535
2015-08-03,0.73162,0.73169,0.726,0.72842,184944
2015-08-04,0.72842,0.74285,0.72632,0.73784,243169
2015-08-05,0.73784,0.73953,0.73342,0.73554,217097
2015-08-06,0.73554,0.7392,0.7315,0.73436,208578
2015-08-07,0.73436,0.74199,0.73337,0.74178,226778
2015-08-10,0.74111,0.74221,0.73535,0.74125,175064
2015-08-11,0.74125,0.74394,0.72832,0.73007,277804
2015-08-12,0.73007,0.73874,0.72148,0.73759,294590
2015-08-13,0.73759,0.74094,0.73231,0.73556,215872
2015-08-14,0.73556,0.73976,0.73549,0.7373,194787
2015-08-17,0.73727,0.7389,0.73438,0.73711,152462
2015-08-18,0.73711,0.7386,0.73199,0.73405,184424
2015-08-19,0.73405,0.73751,0.73121,0.73454,243481
2015-08-20,0.73454,0.73729,0.72847,0.7336,209561
2015-08-21,0.7336,0.73601,0.72866,0.73089,233376
2015-08-24,0.7298,0.73114,0.70314,0.71563,378188
2015-08-25,0.71563,0.72498,0.71233,0.71284,292163
2015-08-26,0.71284,0.71569,0.70698,0.71215,296831
2015-08-27,0.71215,0.71811,0.7099,0.71653,228226
2015-08-28,0.71653,0.72058,0.71207,0.71644,211686
2015-08-31,0.71523,0.7163,0.70824,0.71126,185089
2015-09-01,0.71126,0.71535,0.70139,0.70139,247296
2015-09-02,0.70139,0.7049,0.6982,0.70384,238127
2015-09-03,0.70384,0.70628,0.69923,0.70167,213281
2015-09-04,0.70167,0.70213,0.69073,0.69083,214906
2015-09-07,0.69271,0.69499,0.69109,0.69239,209423
2015-09-08,0.69239,0.70394,0.6923,0.70164,168901
2015-09-09,0.70164,0.70701,0.70055,0.7013,172498
2015-09-10,0.7013,0.70995,0.6946,0.70708,251498
2015-09-11,0.70708,0.70922,0.70354,0.70907,143624
2015-09-14,0.7081,0.71514,0.70631,0.71369,136181
2015-09-15,0.71369,0.71658,0.70854,0.71409,142692
2015-09-16,0.71409,0.71998,0.71231,0.71964,131209
2015-09-17,0.71964,0.72753,0.71379,0.71649,215758
2015-09-18,0.71649,0.72799,0.71619,0.71819,180215
2015-09-21,0.71799,0.7197,0.71216,0.71305,137169
2015-09-22,0.71305,0.71589,0.70567,0.70886,139864
2015-09-23,0.70886,0.70902,0.69889,0.69992,151043
2015-09-24,0.69992,0.70425,0.69386,0.70196,187091
2015-09-25,0.70196,0.70424,0.69784,0.702,163259
2015-09-28,0.70286,0.70362,0.69792,0.69888,136692
2015-09-29,0.69888,0.70238,0.69367,0.69804,170104
2015-09-30,0.69804,0.70383,0.69795,0.70141,166879
2015-10-01,0.70141,0.70847,0.69981,0.70257,189501
2015-10-02,0.70257,0.7068,0.70025,0.70469,186293
2015-10-05,0.70545,0.7111,0.70424,0.70797,181527
2015-10-06,0.70797,0.71752,0.70657,0.71644,198286
2015-10-07,0.71644,0.72346,0.71497,0.72071,186307
2015-10-08,0.72071,0.72716,0.71649,0.72586,183425
2015-10-09,0.72586,0.73441,0.72474,0.73285,190357
2015-10-12,0.73115,0.73822,0.73053,0.7361,168650
2015-10-13,0.7361,0.73641,0.72431,0.72437,187558
2015-10-14,0.72437,0.73174,0.71984,0.72974,201880
2015-10-15,0.72974,0.73634,0.72656,0.73242,226556
2015-10-16,0.73242,0.73375,0.72492,0.72606,171851
2015-10-19,0.72551,0.73074,0.72388,0.72477,135157
2015-10-20,0.72477,0.7298,0.7242,0.7259,131072
2015-10-21,0.7259,0.72759,0.72022,0.72071,151712
2015-10-22,0.72071,0.72392,0.71819,0.72051,188133
2015-10-23,0.72051,0.72965,0.71978,0.72109,194961
2015-10-26,0.72155,0.72696,0.72073,0.72453,152561
2015-10-27,0.72453,0.72585,0.71787,0.7187,158897
2015-10-28,0.7187,0.72068,0.70806,0.71135,229792
2015-10-29,0.71135,0.71192,0.70677,0.7073,180217
2015-10-30,0.7073,0.71483,0.70668,0.71305,206852
2015-11-02,0.71148,0.71534,0.71123,0.71456,145698
2015-11-03,0.71456,0.72192,0.71099,0.71847,185762
2015-11-04,0.71847,0.72241,0.7136,0.71478,175824
2015-11-05,0.71478,0.71696,0.71256,0.71424,168015
2015-11-06,0.71424,0.71697,0.70226,0.70369,193177
2015-11-09,0.70264,0.70701,0.70243,0.70453,154358
2015-11-10,0.70453,0.70645,0.7016,0.70305,162220
2015-11-11,0.70305,0.70782,0.70241,0.70602,148441
2015-11-12,0.70602,0.71544,0.70594,0.7125,208683
2015-11-13,0.7125,0.71593,0.71062,0.71218,141414
2015-11-16,0.71181,0.71325,0.70805,0.70949,143572
2015-11-17,0.70949,0.71401,0.70725,0.7111,165352
2015-11-18,0.7111,0.71177,0.70688,0.71098,145150
2015-11-19,0.71098,0.72145,0.71019,0.71934,179227
2015-11-20,0.71934,0.72502,0.71836,0.7234,157777
2015-11-23,0.7231,0.72332,0.71591,0.71913,150275
2015-11-24,0.71913,0.7257,0.71851,0.72535,155085
2015-11-25,0.72535,0.72829,0.72272,0.72503,166259
2015-11-26,0.72503,0.72625,0.72104,0.72247,166157
2015-11-27,0.72247,0.72396,0.71851,0.7188,130514
2015-11-30,0.71915,0.72501,0.71702,0.72264,146183
2015-12-01,0.72264,0.73364,0.72219,0.73222,194106
2015-12-02,0.73222,0.73427,0.7293,0.73073,186282
2015-12-03,0.73073,0.73634,0.72839,0.73399,255083
2015-12-04,0.73399,0.73855,0.72796,0.73293,231563
2015-12-07,0.73402,0.73418,0.72566,0.72667,173688
2015-12-08,0.72667,0.72704,0.71866,0.72142,185779
2015-12-09,0.72142,0.72454,0.71721,0.72284,206791
2015-12-10,0.72284,0.73344,0.72216,0.72801,198362
2015-12-11,0.72801,0.72812,0.71829,0.71829,165101
2015-12-14,0.72042,0.72698,0.71598,0.72424,174140
2015-12-15,0.72424,0.72831,0.71605,0.71918,172202
2015-12-16,0.71918,0.72802,0.7176,0.72271,232180
2015-12-17,0.72271,0.72461,0.70968,0.71276,195254
2015-12-18,0.71276,0.72006,0.7112,0.71649,172691
2015-12-21,0.71689,0.71953,0.71551,0.71892,123826
2015-12-22,0.71892,0.72491,0.71815,0.72354,137732
2015-12-23,0.72354,0.7248,0.72089,0.72317,126268
2015-12-24,0.72317,0.72805,0.72259,0.72679,84252
2015-12-25,0.72738,0.72934,0.72669,0.72722,0
2015-12-28,0.72751,0.72828,0.72468,0.72473,88321
2015-12-29,0.72473,0.73031,0.72449,0.7294,99758
2015-12-30,0.7294,0.73034,0.72711,0.72856,118473
2015-12-31,0.72856,0.73274,0.72666,0.72857,100113
2016-01-01,0.72717,0.72717,0.72717,0.72717,0
2016-01-04,0.72821,0.73014,0.71559,0.71893,175639
2016-01-05,0.71893,0.72146,0.71322,0.71594,172590
2016-01-06,0.71594,0.71716,0.70483,0.70711,214476
2016-01-07,0.70711,0.70861,0.69804,0.70113,242250
2016-01-08,0.70113,0.70767,0.69469,0.69475,262722
2016-01-11,0.69704,0.70357,0.69266,0.69943,243853
2016-01-12,0.69943,0.7021,0.69399,0.69842,235532
2016-01-13,0.69842,0.70487,0.695,0.69546,220748
2016-01-14,0.69546,0.69968,0.69101,0.69827,276330
2016-01-15,0.69827,0.70019,0.6827,0.68549,275767
2016-01-18,0.68373,0.69281,0.68347,0.68651,225189
2016-01-19,0.68651,0.69574,0.68385,0.6907,253716
2016-01-20,0.6907,0.69251,0.68279,0.69059,294011
2016-01-21,0.69059,0.70174,0.68754,0.69984,326617
2016-01-22,0.69984,0.70462,0.69862,0.69975,234411
2016-01-25,0.70001,0.70315,0.69494,0.69542,207926
2016-01-26,0.69542,0.70211,0.69186,0.70045,217354
2016-01-27,0.70045,0.70817,0.69907,0.70257,311745
2016-01-28,0.70257,0.71284,0.7008,0.70829,260552
2016-01-29,0.70829,0.7141,0.70585,0.70825,295309
2016-02-01,0.70801,0.71208,0.70425,0.71081,205145
2016-02-02,0.71081,0.71293,0.70342,0.70373,206942
2016-02-03,0.70373,0.71894,0.70027,0.71676,255276
2016-02-04,0.71676,0.72428,0.71535,0.72,235809
2016-02-05,0.72,0.72179,0.7058,0.7058,221725
2016-02-08,0.70671,0.71285,0.70505,0.70854,235856
2016-02-09,0.70854,0.70958,0.69734,0.70697,318559
2016-02-10,0.70697,0.71252,0.70377,0.70945,311439
2016-02-11,0.70945,0.71533,0.69838,0.71075,390945
2016-02-12,0.71075,0.71282,0.70634,0.70989,269498
2016-02-15,0.71014,0.71714,0.71005,0.71345,214604
2016-02-16,0.71345,0.71818,0.70814,0.71096,232385
2016-02-17,0.71096,0.71867,0.70841,0.71824,242454
2016-02-18,0.71824,0.71839,0.71328,0.71557,220768
2016-02-19,0.71557,0.71615,0.7069,0.71449,210566
2016-02-22,0.71547,0.72467,0.71355,0.72269,204603
2016-02-23,0.72269,0.7259,0.72001,0.72018,236810
2016-02-24,0.72018,0.72134,0.71457,0.7194,265556
2016-02-25,0.7194,0.72434,0.71563,0.72351,244043
2016-02-26,0.72351,0.72563,0.7118,0.71219,226812
2016-02-29,0.71228,0.71681,0.71084,0.71402,240051
2016-03-01,0.71402,0.71921,0.71092,0.71745,249553
2016-03-02,0.71745,0.7301,0.71613,0.72936,254891
2016-03-03,0.72936,0.73739,0.72813,0.73515,231711
2016-03-04,0.73515,0.74431,0.73397,0.74285,269398
2016-03-07,0.73986,0.7486,0.73923,0.74676,222642
2016-03-08,0.74676,0.74722,0.741,0.74382,220227
2016-03-09,0.74382,0.75282,0.7412,0.74837,266641
2016-03-10,0.74837,0.75121,0.74268,0.74538,364660
2016-03-11,0.74538,0.75834,0.74464,0.75575,265939
2016-03-14,0.75416,0.75936,0.74919,0.75111,222101
2016-03-15,0.75111,0.75279,0.74449,0.74558,231046
2016-03-16,0.74558,0.75608,0.74145,0.75487,255632
2016-03-17,0.75487,0.76567,0.75331,0.76431,303703
2016-03-18,0.76431,0.76802,0.75951,0.75959,219038
2016-03-21,0.75904,0.76265,0.75685,0.75775,210957
2016-03-22,0.75775,0.76427,0.75511,0.76206,225491
2016-03-23,0.76206,0.76493,0.75195,0.75308,223427
2016-03-24,0.75308,0.75371,0.74771,0.75251,190950
2016-03-25,0.75251,0.75351,0.74979,0.75013,85577
2016-03-28,0.75098,0.75579,0.7493,0.75435,111335
2016-03-29,0.75435,0.76453,0.75101,0.76268,226939
2016-03-30,0.76268,0.77089,0.7615,0.76704,268741
2016-03-31,0.76704,0.77228,0.76341,0.76561,229303
2016-04-01,0.76561,0.77007,0.75988,0.76726,235119
2016-04-04,0.76687,0.76784,0.75983,0.7602,197803
2016-04-05,0.7602,0.76309,0.75101,0.75408,249923
2016-04-06,0.75408,0.76193,0.75326,0.75984,224841
2016-04-07,0.75984,0.76373,0.74916,0.75032,260136
2016-04-08,0.75032,0.75794,0.75,0.75469,216052
2016-04-11,0.75419,0.76298,0.7528,0.75924,226155
2016-04-12,0.75924,0.76898,0.75832,0.76804,239827
2016-04-13,0.76804,0.7716,0.7634,0.76522,228029
2016-04-14,0.76522,0.77369,0.76191,0.76929,222739
2016-04-15,0.76929,0.77345,0.76806,0.77213,204539
2016-04-18,0.76499,0.77593,0.76311,0.77467,246100
2016-04-19,0.77467,0.78262,0.77452,0.7812,214277
2016-04-20,0.7812,0.78293,0.77669,0.77935,199045
2016-04-21,0.77935,0.78351,0.77327,0.77353,238794
2016-04-22,0.77353,0.77742,0.76939,0.77049,215053
2016-04-25,0.7693,0.77293,0.76911,0.77142,150703
2016-04-26,0.77142,0.77652,0.76966,0.77457,188364
2016-04-27,0.77457,0.77652,0.7548,0.75847,279954
2016-04-28,0.75847,0.76574,0.75715,0.76226,256300
2016-04-29,0.76226,0.76684,0.75871,0.75978,212798
2016-05-02,0.75969,0.76714,0.7592,0.76656,186459
2016-05-03,0.76656,0.7719,0.74828,0.7484,272821
2016-05-04,0.7484,0.75174,0.74469,0.74513,260772
2016-05-05,0.74513,0.7514,0.74512,0.74616,211408
2016-05-06,0.74616,0.74782,0.73375,0.73614,225861
2016-05-09,0.7353,0.73853,0.73074,0.73153,191878
2016-05-10,0.73153,0.73741,0.72999,0.73601,200793
2016-05-11,0.73601,0.74022,0.73359,0.7374,196447
2016-05-12,0.7374,0.73798,0.731,0.7325,200484
2016-05-13,0.7325,0.7325,0.72539,0.72659,199520
2016-05-16,0.7245,0.73089,0.72445,0.72876,144059
2016-05-17,0.72876,0.73666,0.7282,0.7324,184898
2016-05-18,0.7324,0.73307,0.72215,0.72274,207674
2016-05-19,0.72274,0.7242,0.71761,0.7227,210280
2016-05-20,0.7227,0.72494,0.72117,0.72175,144802
2016-05-23,0.72173,0.72597,0.71948,0.72224,152614
2016-05-24,0.72224,0.72283,0.7145,0.71835,169363
2016-05-25,0.71835,0.72189,0.71735,0.7198,161771
2016-05-26,0.7198,0.72436,0.71608,0.72252,179079
2016-05-27,0.72252,0.72349,0.7172,0.71792,149168
2016-05-30,0.71758,0.71873,0.71484,0.71818,112495
2016-05-31,0.71818,0.72669,0.71805,0.72326,170189
2016-06-01,0.72326,0.72991,0.72274,0.7255,205226
2016-06-02,0.7255,0.72693,0.7201,0.72288,169147
2016-06-03,0.72288,0.7368,0.72182,0.7361,206901
2016-06-06,0.73631,0.73801,0.73153,0.7365,177571
2016-06-07,0.7365,0.74635,0.73596,0.74554,169141
2016-06-08,0.74554,0.74823,0.74304,0.74692,161560
2016-06-09,0.74692,0.75043,0.74204,0.74301,192424
2016-06-10,0.74301,0.74377,0.73699,0.73719,176193
2016-06-13,0.73736,0.74109,0.7359,0.73862,182964
2016-06-14,0.73862,0.74045,0.73304,0.73569,195467
2016-06-15,0.73569,0.7446,0.73336,0.74067,219282
2016-06-16,0.74067,0.74394,0.72851,0.73619,270527
2016-06-17,0.73619,0.74107,0.736,0.73953,199060
2016-06-20,0.74306,0.7481,0.74063,0.74536,171968
2016-06-21,0.74536,0.75126,0.74459,0.74493,174718
2016-06-22,0.74493,0.75264,0.74413,0.74991,168942
2016-06-23,0.74991,0.76166,0.749,0.76104,270855
2016-06-24,0.76104,0.76474,0.73037,0.74699,395868
2016-06-27,0.74154,0.74514,0.73232,0.7326,255576
2016-06-28,0.7326,0.74152,0.73245,0.73824,193169
2016-06-29,0.73824,0.74562,0.73799,0.74501,215449
2016-06-30,0.74501,0.74725,0.73712,0.74504,270797
2016-07-01,0.74504,0.75028,0.7437,0.74969,182545
2016-07-04,0.74479,0.75448,0.74462,0.75361,138482
2016-07-05,0.75361,0.75446,0.74535,0.74614,200447
2016-07-06,0.74614,0.75291,0.74079,0.75194,262169
2016-07-07,0.75194,0.75387,0.74667,0.74771,251749
2016-07-08,0.74771,0.75714,0.74701,0.75629,216159
2016-07-11,0.75618,0.75756,0.75218,0.75313,145454
2016-07-12,0.75313,0.76579,0.75303,0.76221,205672
2016-07-13,0.76221,0.76384,0.75775,0.76074,220993
2016-07-14,0.76074,0.76532,0.75911,0.76307,221485
2016-07-15,0.76307,0.76765,0.75571,0.75759,216142
2016-07-18,0.75949,0.76065,0.7575,0.75904,169336
2016-07-19,0.75904,0.75922,0.74758,0.75033,192455
2016-07-20,0.75033,0.75169,0.74618,0.74728,157958
2016-07-21,0.74728,0.75142,0.74529,0.74937,216850
2016-07-22,0.74937,0.7508,0.74426,0.74549,156114
2016-07-25,0.74605,0.74922,0.74517,0.74683,139567
2016-07-26,0.74683,0.75402,0.74626,0.75006,184536
2016-07-27,0.75006,0.75658,0.74205,0.74903,261197
2016-07-28,0.74903,0.75493,0.74866,0.74979,175347
2016-07-29,0.74979,0.76104,0.74929,0.75959,236750
2016-08-01,0.75899,0.76153,0.75285,0.7534,147397
2016-08-02,0.7534,0.76377,0.748,0.7607,205806
2016-08-03,0.7607,0.7614,0.7568,0.75871,177655
2016-08-04,0.75871,0.76403,0.75837,0.76268,180901
2016-08-05,0.76268,0.76642,0.75975,0.76159,166520
2016-08-08,0.76127,0.76721,0.75973,0.765,130947
2016-08-09,0.765,0.76866,0.76217,0.76711,151194
2016-08-10,0.76711,0.77558,0.76618,0.76967,191015
2016-08-11,0.76967,0.77597,0.76915,0.76986,161478
2016-08-12,0.76986,0.77245,0.76462,0.76466,172814
2016-08-15,0.7652,0.76914,0.76363,0.76722,127192
2016-08-16,0.76722,0.77493,0.76537,0.7694,219458
2016-08-17,0.7694,0.77081,0.76086,0.76531,228229
2016-08-18,0.76531,0.77227,0.76481,0.7685,225357
2016-08-19,0.7685,0.76912,0.75989,0.76249,191626
2016-08-22,0.7601,0.76399,0.75836,0.76157,184536
2016-08-23,0.76157,0.76551,0.76134,0.76138,184051
2016-08-24,0.76138,0.76341,0.75884,0.76117,194555
2016-08-25,0.76117,0.7639,0.76021,0.76159,150810
2016-08-26,0.76159,0.7692,0.7551,0.75589,268181
2016-08-29,0.75561,0.75814,0.7525,0.75669,190555
2016-08-30,0.75669,0.75799,0.75002,0.75079,168166
2016-08-31,0.75079,0.75333,0.749,0.75162,183874
2016-09-01,0.75162,0.75588,0.75043,0.7551,210860
2016-09-02,0.7551,0.76158,0.75361,0.75666,276637
2016-09-05,0.75684,0.76069,0.75626,0.75816,166072
2016-09-06,0.75816,0.76878,0.75812,0.76869,214222
2016-09-07,0.76869,0.76981,0.76513,0.76721,207079
2016-09-08,0.76721,0.77323,0.76362,0.76415,244849
2016-09-09,0.76415,0.76569,0.75359,0.75359,231707
2016-09-12,0.7538,0.75667,0.7494,0.75655,276225
2016-09-13,0.75655,0.7568,0.7442,0.74607,303738
2016-09-14,0.74607,0.74961,0.74509,0.74659,278082
2016-09-15,0.74659,0.75226,0.74462,0.75137,340461
2016-09-16,0.75137,0.75268,0.74752,0.74847,260859
2016-09-19,0.7478,0.7573,0.74752,0.75337,193231
2016-09-20,0.75337,0.75651,0.75304,0.75543,175071
2016-09-21,0.75543,0.76303,0.75344,0.7621,265103
2016-09-22,0.7621,0.76747,0.76049,0.76408,173613
2016-09-23,0.76408,0.76535,0.7609,0.76208,159230
2016-09-26,0.76124,0.76495,0.76028,0.76359,197016
2016-09-27,0.76359,0.76956,0.76116,0.76659,222051
2016-09-28,0.76659,0.7693,0.76447,0.76919,217145
2016-09-29,0.76919,0.77102,0.76233,0.76355,270127
2016-09-30,0.76355,0.76714,0.75897,0.76558,238864
2016-10-03,0.76523,0.76813,0.76403,0.76712,127872
2016-10-04,0.76712,0.7691,0.76081,0.76179,206959
2016-10-05,0.76179,0.76447,0.75927,0.76201,176562
2016-10-06,0.76201,0.76237,0.7562,0.75848,212202
2016-10-07,0.75848,0.76244,0.75531,0.75849,365924
2016-10-10,0.76057,0.76285,0.75801,0.76066,158294
2016-10-11,0.76066,0.76098,0.75332,0.75376,206349
2016-10-12,0.75376,0.75924,0.75342,0.75612,208282
2016-10-13,0.75612,0.75816,0.75065,0.75688,227739
2016-10-14,0.75688,0.76477,0.75563,0.76135,241585
2016-10-17,0.76201,0.76288,0.75813,0.76281,190350
2016-10-18,0.76281,0.76895,0.76232,0.76644,198352
2016-10-19,0.76644,0.77292,0.76593,0.77204,193012
2016-10-20,0.77204,0.77344,0.76214,0.76242,226754
2016-10-21,0.76242,0.76509,0.75873,0.76046,118167
2016-10-24,0.76049,0.76407,0.75913,0.76099,128410
2016-10-25,0.76099,0.7655,0.7589,0.76448,180679
2016-10-26,0.76448,0.7709,0.76254,0.76493,203216
2016-10-27,0.76493,0.76523,0.75818,0.75863,197599
2016-10-28,0.75863,0.76079,0.75576,0.75949,283638
2016-10-31,0.7584,0.76191,0.7583,0.76079,194519
2016-11-01,0.76079,0.76889,0.75982,0.76512,256432
2016-11-02,0.76512,0.76783,0.76127,0.76597,289950
2016-11-03,0.76597,0.76879,0.7637,0.76823,259479
2016-11-04,0.76823,0.76971,0.76522,0.76709,274149
2016-11-07,0.7677,0.77296,0.76568,0.77281,218638
2016-11-08,0.77281,0.77783,0.76893,0.77614,220045
2016-11-09,0.77614,0.77718,0.75791,0.76299,626752
2016-11-10,0.76299,0.77421,0.75678,0.76115,442856
2016-11-11,0.76115,0.76296,0.75252,0.75391,495055
2016-11-14,0.7544,0.75656,0.75238,0.75513,435700
2016-11-15,0.75513,0.75812,0.75116,0.75584,374622
2016-11-16,0.75584,0.75709,0.74603,0.7477,383799
2016-11-17,0.7477,0.75009,0.73964,0.74047,357412
2016-11-18,0.74047,0.74183,0.73303,0.73315,423392
2016-11-21,0.73305,0.73818,0.7311,0.7365,382861
2016-11-22,0.7365,0.74134,0.73613,0.74025,336724
2016-11-23,0.74025,0.74448,0.73727,0.73835,356099
2016-11-24,0.73835,0.74184,0.73642,0.74053,281797
2016-11-25,0.74053,0.74682,0.74003,0.74381,362128
2016-11-28,0.7442,0.74937,0.7433,0.74808,300499
2016-11-29,0.74808,0.74975,0.74321,0.74834,312153
2016-11-30,0.74834,0.74973,0.7374,0.73838,375000
2016-12-01,0.73838,0.74215,0.73698,0.74144,347682
2016-12-02,0.74144,0.74688,0.74009,0.74529,298094
2016-12-05,0.745,0.74981,0.7412,0.7471,286703
2016-12-06,0.7471,0.7483,0.74312,0.7461,209076
2016-12-07,0.7461,0.74834,0.74166,0.74806,194744
2016-12-08,0.74806,0.75082,0.74286,0.7464,277808
2016-12-09,0.7464,0.74958,0.74349,0.74465,204870
2016-12-12,0.7445,0.75041,0.74306,0.74943,278218
2016-12-13,0.74943,0.75233,0.74756,0.75002,272406
2016-12-14,0.75002,0.75248,0.7394,0.74054,359696
2016-12-15,0.74054,0.74307,0.73372,0.73568,396655
2016-12-16,0.73568,0.73692,0.72661,0.72995,281757
2016-12-19,0.7282,0.73127,0.72422,0.7244,299799
2016-12-20,0.7244,0.72623,0.72229,0.72601,241715
2016-12-21,0.72601,0.72794,0.72344,0.72363,215986
2016-12-22,0.72363,0.72579,0.71973,0.72167,239932
2016-12-23,0.72167,0.72274,0.71599,0.71705,197723
2016-12-26,0.71772,0.72464,0.71679,0.71793,0
2016-12-27,0.71705,0.71969,0.71705,0.71813,179773
2016-12-28,0.71813,0.72196,0.71637,0.71749,218320
2016-12-29,0.71749,0.72232,0.7163,0.72149,235409
2016-12-30,0.72149,0.72464,0.71941,0.71997,341403
2017-01-02,0.72098,0.72218,0.717,0.72098,0
2017-01-03,0.71997,0.72411,0.71799,0.7216,267740
2017-01-04,0.7216,0.72866,0.72138,0.72825,330630
2017-01-05,0.72825,0.73567,0.72727,0.73334,466793
2017-01-06,0.73334,0.73549,0.72883,0.72929,304716
2017-01-09,0.7294,0.73738,0.7288,0.73551,216249
2017-01-10,0.73551,0.73847,0.7331,0.73658,312746
2017-01-11,0.73658,0.74717,0.7352,0.74407,483006
2017-01-12,0.74407,0.75183,0.74297,0.74825,367155
2017-01-13,0.74825,0.75085,0.7449,0.74937,326957
2017-01-16,0.748,0.75057,0.7458,0.74757,263379
2017-01-17,0.74757,0.75693,0.74646,0.75669,427108
2017-01-18,0.75669,0.75669,0.75027,0.75048,309647
2017-01-19,0.75048,0.75746,0.74934,0.75579,403056
2017-01-20,0.75579,0.75885,0.75174,0.75519,404798
2017-01-23,0.7554,0.75891,0.755,0.75825,337273
2017-01-24,0.75825,0.7609,0.75533,0.75779,283022
2017-01-25,0.75779,0.75983,0.75151,0.7571,345659
2017-01-26,0.7571,0.7585,0.75216,0.75331,335761
2017-01-27,0.75331,0.75728,0.75114,0.75438,326608
2017-01-30,0.7558,0.7567,0.75278,0.75538,269029
2017-01-31,0.75538,0.76057,0.7542,0.75833,300568
2017-02-01,0.75833,0.75969,0.75508,0.75827,276221
2017-02-02,0.75827,0.76961,0.75773,0.7655,272157
2017-02-03,0.7655,0.76953,0.76188,0.76795,279818
2017-02-06,0.7673,0.76825,0.76294,0.76585,219201
2017-02-07,0.76585,0.76811,0.76057,0.76265,219640
2017-02-08,0.76265,0.76658,0.76114,0.7644,176251
2017-02-09,0.7644,0.7664,0.76103,0.76243,149482
2017-02-10,0.76243,0.76887,0.76173,0.76722,129122
2017-02-13,0.7679,0.7679,0.7631,0.76403,171475
2017-02-14,0.76403,0.76962,0.76179,0.76572,234529
2017-02-15,0.76572,0.77194,0.76368,0.7708,224202
2017-02-16,0.7708,0.7732,0.76846,0.76941,250290
2017-02-17,0.76941,0.7713,0.76558,0.76674,197084
2017-02-20,0.7668,0.76903,0.76588,0.76858,113293
2017-02-21,0.76858,0.76904,0.76493,0.76729,157542
2017-02-22,0.76729,0.77148,0.76666,0.77019,209553
2017-02-23,0.77019,0.77406,0.76648,0.7714,216285
2017-02-24,0.7714,0.77202,0.7664,0.76669,180557
2017-02-27,0.76793,0.77073,0.76621,0.76735,167313
2017-02-28,0.76735,0.76945,0.76463,0.7656,194658
2017-03-01,0.7656,0.76995,0.76364,0.76731,273740
2017-03-02,0.76731,0.76818,0.75565,0.75685,206582
2017-03-03,0.75685,0.75979,0.75427,0.75938,245151
2017-03-06,0.75867,0.76092,0.75691,0.75796,137976
2017-03-07,0.75796,0.76324,0.75762,0.75843,174353
2017-03-08,0.75843,0.76087,0.75252,0.75259,195463
2017-03-09,0.75259,0.75342,0.7491,0.75029,229831
2017-03-10,0.75029,0.75565,0.74978,0.75346,219451
2017-03-13,0.75434,0.75923,0.75338,0.75706,195094
2017-03-14,0.75706,0.75796,0.75401,0.75572,179414
2017-03-15,0.75572,0.77194,0.75549,0.77088,261030
2017-03-16,0.77088,0.77163,0.76635,0.76764,243024
2017-03-17,0.76764,0.77177,0.76632,0.77021,169460
2017-03-20,0.76838,0.77479,0.76838,0.77272,177373
2017-03-21,0.77272,0.77493,0.76818,0.769,246110
2017-03-22,0.769,0.769,0.7639,0.76751,244981
2017-03-23,0.76751,0.76773,0.76223,0.76257,227773
2017-03-24,0.76257,0.76405,0.76038,0.7622,208843
2017-03-27,0.76317,0.76482,0.7608,0.7616,195467
2017-03-28,0.7616,0.76545,0.75872,0.76332,182884
2017-03-29,0.76332,0.7675,0.76306,0.76671,176605
2017-03-30,0.76671,0.76795,0.76394,0.76408,176803
2017-03-31,0.76408,0.76627,0.76216,0.76274,193084
2017-04-03,0.7632,0.76402,0.75909,0.76023,161811
2017-04-04,0.76023,0.7615,0.7545,0.75611,186740
2017-04-05,0.75611,0.75872,0.75538,0.75662,194285
2017-04-06,0.75662,0.75769,0.75323,0.75437,215611
2017-04-07,0.75437,0.75454,0.74942,0.7501,270993
2017-04-10,0.74912,0.75089,0.74758,0.75014,190157
2017-04-11,0.75014,0.75149,0.74738,0.74978,218917
2017-04-12,0.74978,0.75287,0.74726,0.75214,237573
2017-04-13,0.75214,0.75954,0.75173,0.75678,203832
2017-04-14,0.75678,0.75821,0.75556,0.75744,62042
2017-04-17,0.75716,0.76105,0.7567,0.75891,107305
2017-04-18,0.75891,0.75961,0.75334,0.75575,192685
2017-04-19,0.75575,0.75633,0.74912,0.74957,187318
2017-04-20,0.74957,0.75468,0.74915,0.7526,166761
2017-04-21,0.7526,0.7546,0.75156,0.75438,150405
2017-04-24,0.75861,0.75861,0.75387,0.75679,145459
2017-04-25,0.75679,0.75718,0.75204,0.75341,134254
2017-04-26,0.75341,0.75525,0.74547,0.74721,199800
2017-04-27,0.74721,0.74923,0.744,0.74659,172424
2017-04-28,0.74659,0.74909,0.74478,0.74858,149415
2017-05-01,0.74671,0.75401,0.74671,0.75234,91738
2017-05-02,0.75234,0.7556,0.75104,0.75344,119847
2017-05-03,0.75344,0.75458,0.74196,0.74219,146157
2017-05-04,0.74219,0.74303,0.7383,0.74072,164237
2017-05-05,0.74072,0.74264,0.73676,0.74145,182616
2017-05-08,0.74098,0.74244,0.73775,0.73822,145079
2017-05-09,0.73822,0.73983,0.73285,0.73433,202772
2017-05-10,0.73433,0.73944,0.73382,0.7362,187034
2017-05-11,0.7362,0.73834,0.73368,0.73792,193701
2017-05-12,0.73792,0.74208,0.73685,0.73853,173982
2017-05-15,0.73905,0.74458,0.73839,0.7412,151291
2017-05-16,0.7412,0.7438,0.73946,0.74266,173880
2017-05-17,0.74266,0.74437,0.73887,0.74314,213559
2017-05-18,0.74314,0.74669,0.74084,0.74174,270398
2017-05-19,0.74174,0.74694,0.74061,0.74568,170659
2017-05-22,0.74504,0.74886,0.74287,0.74751,131697
2017-05-23,0.74751,0.75172,0.74661,0.74753,170418
2017-05-24,0.74753,0.75077,0.74426,0.75034,183427
2017-05-25,0.75034,0.75158,0.74507,0.74521,168233
2017-05-26,0.74521,0.74611,0.74218,0.74453,172036
2017-05-29,0.7435,0.74503,0.74269,0.74377,76841
2017-05-30,0.74377,0.74693,0.74161,0.74643,147799
2017-05-31,0.74643,0.74758,0.74248,0.74294,170326
2017-06-01,0.74294,0.74545,0.73728,0.7374,180914
2017-06-02,0.7374,0.74467,0.73712,0.74429,158211
2017-06-05,0.74221,0.74985,0.7422,0.74845,120994
2017-06-06,0.74845,0.75221,0.74571,0.75067,159988
2017-06-07,0.75067,0.75668,0.74995,0.75503,161914
2017-06-08,0.75503,0.75544,0.75244,0.75444,149332
2017-06-09,0.75444,0.75444,0.75194,0.75284,147622
2017-06-12,0.753,0.7547,0.75215,0.75407,103780
2017-06-13,0.75407,0.75648,0.75241,0.75363,122255
2017-06-14,0.75363,0.76357,0.75325,0.75889,221054
2017-06-15,0.75889,0.76315,0.75683,0.75788,197723
2017-06-16,0.75788,0.76299,0.75761,0.76164,149851
2017-06-19,0.76159,0.76291,0.75849,0.7596,122104
2017-06-20,0.7596,0.76235,0.75706,0.75791,121111
2017-06-21,0.75791,0.75859,0.7543,0.755,133810
2017-06-22,0.755,0.75636,0.7535,0.75404,116931
2017-06-23,0.75404,0.75828,0.75363,0.75681,94189
2017-06-26,0.75619,0.7599,0.75619,0.75839,111737
2017-06-27,0.75839,0.76244,0.75769,0.75812,118124
2017-06-28,0.75812,0.76448,0.7577,0.76379,158078
2017-06-29,0.76379,0.76863,0.76349,0.7682,135793
2017-06-30,0.7682,0.77122,0.76671,0.76823,140628
2017-07-03,0.76805,0.76952,0.76445,0.76603,107425
2017-07-04,0.76603,0.76824,0.75911,0.76049,113224
2017-07-05,0.76049,0.76321,0.75711,0.76018,117271
2017-07-06,0.76018,0.76147,0.7577,0.75826,118305
2017-07-07,0.75826,0.76233,0.75723,0.76031,131407
2017-07-10,0.75991,0.76148,0.75864,0.76069,83028
2017-07-11,0.76069,0.76426,0.76028,0.76369,100495
2017-07-12,0.76369,0.76851,0.76339,0.76777,123803
2017-07-13,0.76777,0.77398,0.76744,0.77283,117623
2017-07-14,0.77283,0.7834,0.77259,0.78246,125749
2017-07-17,0.78215,0.78385,0.77921,0.77969,143538
2017-07-18,0.77969,0.79428,0.77862,0.7916,212914
2017-07-19,0.7916,0.7959,0.79091,0.79531,140286
2017-07-20,0.79531,0.79878,0.78974,0.7955,193825
2017-07-21,0.7955,0.7959,0.78747,0.79127,170142
2017-07-24,0.79014,0.79674,0.79014,0.79224,139049
2017-07-25,0.79224,0.79702,0.79025,0.79361,138880
2017-07-26,0.79361,0.8014,0.78778,0.80039,229086
2017-07-27,0.80039,0.80656,0.79562,0.79669,205813
2017-07-28,0.79669,0.80072,0.79367,0.79864,193549
2017-07-31,0.79864,0.80036,0.7956,0.80019,144187
2017-08-01,0.80019,0.80427,0.79607,0.79686,191970
2017-08-02,0.79686,0.79929,0.79413,0.79659,158463
2017-08-03,0.79659,0.79686,0.79143,0.79472,169745
2017-08-04,0.79472,0.79796,0.78914,0.7929,187200
2017-08-07,0.79174,0.79487,0.7899,0.79128,119210
2017-08-08,0.79128,0.7943,0.78868,0.79113,138702
2017-08-09,0.79113,0.79145,0.78551,0.78863,173981
2017-08-10,0.78863,0.79108,0.78666,0.78716,151594
2017-08-11,0.78716,0.79094,0.78389,0.7892,176957
2017-08-14,0.78892,0.7919,0.78451,0.78509,122719
2017-08-15,0.78509,0.78767,0.78077,0.78196,128951
2017-08-16,0.78196,0.7934,0.78171,0.79248,168296
2017-08-17,0.79248,0.79628,0.78802,0.78835,175667
2017-08-18,0.78835,0.79443,0.78695,0.79247,183921
2017-08-21,0.79285,0.79505,0.79107,0.79396,106727
2017-08-22,0.79396,0.79507,0.78976,0.79094,113178
2017-08-23,0.79094,0.79182,0.78821,0.7903,131167
2017-08-24,0.7903,0.79159,0.78665,0.78982,136282
2017-08-25,0.78982,0.7954,0.78852,0.79288,173284
2017-08-28,0.79219,0.79731,0.79213,0.79625,105937
2017-08-29,0.79625,0.79829,0.79055,0.79471,213433
2017-08-30,0.79471,0.79957,0.78903,0.79003,170328
2017-08-31,0.79003,0.79501,0.78713,0.7946,194050
2017-09-01,0.7946,0.79952,0.79216,0.79631,200835
2017-09-04,0.79471,0.79728,0.79406,0.79409,119864
2017-09-05,0.79409,0.80283,0.79409,0.79952,205488
2017-09-06,0.79952,0.80207,0.79634,0.79981,194526
2017-09-07,0.79981,0.80487,0.79745,0.80464,197748
2017-09-08,0.80464,0.8125,0.80428,0.8054,220437
2017-09-11,0.80552,0.80584,0.80184,0.80264,160728
2017-09-12,0.80264,0.80492,0.79981,0.80173,177296
2017-09-13,0.80173,0.80441,0.79705,0.79851,173482
2017-09-14,0.79851,0.80166,0.7956,0.80019,215102
2017-09-15,0.80019,0.80354,0.79864,0.79996,181359
2017-09-18,0.79979,0.80352,0.79399,0.79582,138919
2017-09-19,0.79582,0.80199,0.7955,0.80097,174161
2017-09-20,0.80097,0.8103,0.79856,0.8031,235738
2017-09-21,0.8031,0.80368,0.79168,0.79312,190662
2017-09-22,0.79312,0.79863,0.79081,0.79551,132903
2017-09-25,0.79515,0.79736,0.79262,0.79344,135341
2017-09-26,0.79344,0.79486,0.78592,0.78829,165296
2017-09-27,0.78829,0.78886,0.7836,0.78474,176346
2017-09-28,0.78474,0.78602,0.77995,0.78529,166714
2017-09-29,0.78529,0.78572,0.78165,0.78281,150721
2017-10-02,0.7834,0.78473,0.77953,0.78245,141362
2017-10-03,0.78245,0.78385,0.77853,0.78345,147490
2017-10-04,0.78345,0.78751,0.78298,0.78609,140014
2017-10-05,0.78609,0.78655,0.77868,0.77948,135983
2017-10-06,0.77948,0.77982,0.7733,0.77727,179863
2017-10-09,0.77703,0.77822,0.77475,0.77515,71806
2017-10-10,0.77515,0.77972,0.77497,0.77776,111453
2017-10-11,0.77776,0.78094,0.77708,0.77879,124350
2017-10-12,0.77879,0.78359,0.77832,0.7818,137159
2017-10-13,0.7818,0.78975,0.7818,0.78866,153575
2017-10-16,0.78823,0.78897,0.78428,0.78496,125194
2017-10-17,0.78496,0.78614,0.78182,0.78443,124086
2017-10-18,0.78443,0.7858,0.7819,0.7846,122052
2017-10-19,0.7846,0.7884,0.78409,0.7877,169710
2017-10-20,0.7877,0.78821,0.78082,0.78132,158214
2017-10-23,0.78198,0.78344,0.77961,0.7806,113142
2017-10-24,0.7806,0.78248,0.77705,0.77757,144480
2017-10-25,0.77757,0.7784,0.76901,0.77029,184544
2017-10-26,0.77029,0.7719,0.76554,0.76575,178153
2017-10-27,0.76575,0.76784,0.76248,0.76723,179074
2017-10-30,0.76744,0.76911,0.76554,0.76877,118497
2017-10-31,0.76877,0.76991,0.76397,0.76559,117760
2017-11-01,0.76559,0.76957,0.76481,0.76751,146226
2017-11-02,0.76751,0.77298,0.76727,0.7713,163683
2017-11-03,0.7713,0.7716,0.76391,0.76468,130207
2017-11-06,0.76484,0.76921,0.76383,0.76901,96837
2017-11-07,0.76901,0.77004,0.76273,0.76426,117289
2017-11-08,0.76426,0.76851,0.76388,0.76757,112060
2017-11-09,0.76757,0.76939,0.76495,0.76772,133696
2017-11-10,0.76772,0.76951,0.76539,0.7657,122125
2017-11-13,0.76498,0.76657,0.76168,0.76215,89153
2017-11-14,0.76215,0.76498,0.76088,0.76284,117825
2017-11-15,0.76284,0.76324,0.75734,0.75881,149062
2017-11-16,0.75881,0.76095,0.75675,0.75876,109092
2017-11-17,0.75876,0.76081,0.75359,0.75638,112992
2017-11-20,0.75644,0.75737,0.75441,0.75495,99390
2017-11-21,0.75495,0.75904,0.7532,0.75767,116112
2017-11-22,0.75767,0.76234,0.75552,0.76137,120908
2017-11-23,0.76137,0.76385,0.76036,0.76235,85842
2017-11-24,0.76235,0.76319,0.76066,0.76105,98067
2017-11-27,0.76138,0.76447,0.7593,0.76021,109258
2017-11-28,0.76021,0.762,0.7588,0.75938,115358
2017-11-29,0.75938,0.76079,0.7552,0.7569,131644
2017-11-30,0.7569,0.75944,0.75565,0.75638,143648
2017-12-01,0.75638,0.76388,0.75512,0.76093,209133
2017-12-04,0.75917,0.7614,0.75794,0.75965,120731
2017-12-05,0.75965,0.76537,0.75965,0.76066,119365
2017-12-06,0.76066,0.76323,0.75584,0.75621,107657
2017-12-07,0.75621,0.75696,0.75053,0.75101,101599
2017-12-08,0.75101,0.75336,0.75012,0.75076,103834
2017-12-11,0.75065,0.75454,0.75029,0.75257,92845
2017-12-12,0.75257,0.75802,0.75193,0.75557,90720
2017-12-13,0.75557,0.76396,0.75524,0.76364,130493
2017-12-14,0.76364,0.76796,0.76267,0.7665,141075
2017-12-15,0.7665,0.76946,0.76368,0.76402,113598
2017-12-18,0.76439,0.76776,0.76407,0.76602,96729
2017-12-19,0.76602,0.7684,0.7646,0.76619,96288
2017-12-20,0.76619,0.76797,0.76511,0.76655,92494
2017-12-21,0.76655,0.77074,0.76535,0.76999,87238
2017-12-22,0.76999,0.77208,0.76999,0.77142,82425
2017-12-25,0.77161,0.77586,0.77119,0.77149,0
2017-12-26,0.77142,0.77298,0.77125,0.77272,32199
2017-12-27,0.77272,0.7779,0.77233,0.7767,76947
2017-12-28,0.7767,0.78096,0.7765,0.77902,75567
2017-12-29,0.77902,0.7825,0.77883,0.78013,88432
2018-01-01,0.78013,0.78066,0.77979,0.7804,77
2018-01-02,0.7804,0.78447,0.77944,0.78269,85073
2018-01-03,0.78269,0.78449,0.78052,0.78342,109900
2018-01-04,0.78342,0.78665,0.78144,0.78611,109946
2018-01-05,0.78611,0.78747,0.78349,0.78589,113621
2018-01-08,0.78633,0.78726,0.7827,0.78399,81298
2018-01-09,0.78399,0.78646,0.78074,0.78232,114477
2018-01-10,0.78232,0.78673,0.78083,0.7841,164857
2018-01-11,0.7841,0.78945,0.78378,0.78915,152807
2018-01-12,0.78915,0.79244,0.7848,0.79136,167349
2018-01-15,0.79012,0.79789,0.79011,0.79633,137260
2018-01-16,0.79633,0.79748,0.79367,0.79587,141898
2018-01-17,0.79587,0.80228,0.79404,0.79686,193494
2018-01-18,0.79686,0.8007,0.79417,0.7998,171189
2018-01-19,0.7998,0.80387,0.7982,0.79838,161478
2018-01-22,0.79982,0.80271,0.79789,0.80151,109930
2018-01-23,0.80151,0.80296,0.79564,0.79974,153215
2018-01-24,0.79974,0.80829,0.79932,0.80618,181201
2018-01-25,0.80618,0.81188,0.80114,0.80231,317428
2018-01-26,0.80231,0.81358,0.80043,0.81086,243567
2018-01-29,0.81004,0.81182,0.8074,0.80922,180626
2018-01-30,0.80922,0.81135,0.80425,0.808,183133
2018-01-31,0.808,0.81169,0.80351,0.80541,237178
2018-02-01,0.80541,0.80673,0.79874,0.80384,212503
2018-02-02,0.80384,0.80444,0.79169,0.79202,251905
2018-02-05,0.79128,0.7954,0.78751,0.78761,274525
2018-02-06,0.78761,0.79102,0.78354,0.79049,355045
2018-02-07,0.79049,0.79085,0.78168,0.78212,201464
2018-02-08,0.78212,0.78433,0.77758,0.77798,289632
2018-02-09,0.77798,0.78303,0.77589,0.78126,304521
2018-02-12,0.7815,0.78637,0.78093,0.78587,163029
2018-02-13,0.78587,0.78768,0.7828,0.78588,164228
2018-02-14,0.78588,0.79346,0.7773,0.79252,270977
2018-02-15,0.79252,0.79666,0.7892,0.7942,225887
2018-02-16,0.7942,0.79886,0.78927,0.79073,206904
2018-02-19,0.79048,0.79354,0.78981,0.79118,102471
2018-02-20,0.79118,0.79336,0.7874,0.78814,193604
2018-02-21,0.78814,0.79019,0.7803,0.78035,226543
2018-02-22,0.78035,0.78598,0.77904,0.78452,187689
2018-02-23,0.78452,0.78472,0.78042,0.78365,153331
2018-02-26,0.78432,0.78931,0.78257,0.78525,146501
2018-02-27,0.78525,0.78685,0.77834,0.7788,209286
2018-02-28,0.7788,0.78191,0.77604,0.77609,181951
2018-03-01,0.77609,0.77697,0.77125,0.77538,244034
2018-03-02,0.77538,0.77737,0.77376,0.77605,199889
2018-03-05,0.77577,0.77702,0.77257,0.77639,156686
2018-03-06,0.77639,0.78425,0.77564,0.78279,182726
2018-03-07,0.78279,0.78299,0.77719,0.78227,197003
2018-03-08,0.78227,0.78386,0.77728,0.77863,178919
2018-03-09,0.77863,0.7854,0.77763,0.7846,159328
2018-03-12,0.78449,0.78798,0.78449,0.78723,103145
2018-03-13,0.78723,0.78977,0.7846,0.7859,161958
2018-03-14,0.7859,0.79164,0.78513,0.78764,156487
2018-03-15,0.78764,0.78854,0.77944,0.77968,134994
2018-03-16,0.77968,0.78042,0.77082,0.77082,129417
2018-03-19,0.7719,0.77259,0.76867,0.7717,147131
2018-03-20,0.7717,0.7721,0.76785,0.76826,136043
2018-03-21,0.76826,0.778,0.76723,0.77651,196351
2018-03-22,0.77651,0.77844,0.76871,0.7693,211756
2018-03-23,0.7693,0.77439,0.76868,0.76957,211272
2018-03-26,0.7704,0.77505,0.76954,0.77455,138856
2018-03-27,0.77455,0.77576,0.76753,0.76774,157373
2018-03-28,0.76774,0.77025,0.76534,0.76592,167361
2018-03-29,0.76592,0.76895,0.7643,0.76771,119515
2018-03-30,0.76771,0.77065,0.7672,0.7679,197691
2018-04-02,0.769,0.76953,0.76497,0.76603,85320
2018-04-03,0.76603,0.77068,0.7652,0.7682,122647
2018-04-04,0.7682,0.77214,0.76627,0.77154,137036
2018-04-05,0.77154,0.77264,0.7674,0.76813,116894
2018-04-06,0.76813,0.76995,0.76576,0.76716,158874
2018-04-09,0.7679,0.77111,0.76522,0.76947,116345
2018-04-10,0.76947,0.77679,0.76937,0.77592,145470
2018-04-11,0.77592,0.77731,0.77396,0.775,134207
2018-04-12,0.775,0.77716,0.77381,0.77516,121627
2018-04-13,0.77516,0.78098,0.77509,0.776,111937
2018-04-16,0.77675,0.77835,0.7752,0.77783,90975
2018-04-17,0.77783,0.77913,0.77602,0.77625,101530
2018-04-18,0.77625,0.77976,0.77442,0.77823,107726
2018-04-19,0.77823,0.78128,0.7719,0.77279,137694
2018-04-20,0.77279,0.77312,0.76552,0.76696,124114
2018-04-23,0.76672,0.76828,0.75998,0.76045,119640
2018-04-24,0.76045,0.76208,0.75769,0.76032,159691
2018-04-25,0.76032,0.76062,0.7552,0.75644,142108
2018-04-26,0.75644,0.75889,0.7547,0.75542,183715
2018-04-27,0.75542,0.7584,0.75318,0.75801,153819
2018-04-30,0.75763,0.75821,0.75252,0.75281,138903
2018-05-01,0.75281,0.75465,0.74726,0.74902,146566
2018-05-02,0.74902,0.75372,0.74755,0.74928,220958
2018-05-03,0.74928,0.7543,0.74855,0.75309,215242
2018-05-04,0.75309,0.75606,0.74921,0.75389,173361
2018-05-07,0.75411,0.75431,0.74932,0.75148,128094
2018-05-08,0.75148,0.7528,0.74336,0.74506,193651
2018-05-09,0.74506,0.74727,0.74123,0.74558,165064
2018-05-10,0.74558,0.75397,0.74497,0.75317,216491
2018-05-11,0.75317,0.75669,0.75225,0.75418,161776
2018-05-14,0.75407,0.75652,0.75214,0.75232,130275
2018-05-15,0.75232,0.75376,0.74477,0.74716,192407
2018-05-16,0.74716,0.75228,0.74471,0.75151,187333
2018-05-17,0.75151,0.75476,0.74977,0.75106,166255
2018-05-18,0.75106,0.75281,0.74883,0.7507,143491
2018-05-21,0.75201,0.75865,0.75029,0.75791,135157
2018-05-22,0.75791,0.76055,0.75659,0.75742,150570
2018-05-23,0.75742,0.75827,0.75225,0.75599,225734
2018-05-24,0.75599,0.75827,0.75421,0.75739,208773
2018-05-25,0.75739,0.75901,0.75426,0.75451,169410
2018-05-28,0.75597,0.75811,0.75395,0.7544,143672
2018-05-29,0.7544,0.75527,0.7498,0.7505,215980
2018-05-30,0.7505,0.75838,0.74761,0.75751,211060
2018-05-31,0.75751,0.75931,0.75528,0.75677,210194
2018-06-01,0.75677,0.75734,0.75139,0.7565,178566
2018-06-04,0.75587,0.76663,0.75587,0.76475,158845
2018-06-05,0.76475,0.76561,0.75947,0.76159,170727
2018-06-06,0.76159,0.76767,0.76121,0.76675,163260
2018-06-07,0.76675,0.76729,0.76125,0.76237,160041
2018-06-08,0.76237,0.76273,0.75606,0.75947,155944
2018-06-11,0.7589,0.76217,0.75886,0.76088,94623
2018-06-12,0.76088,0.76237,0.75656,0.75682,139497
2018-06-13,0.75682,0.7609,0.75293,0.7578,164198
2018-06-14,0.7578,0.75825,0.74749,0.7478,183380
2018-06-15,0.7478,0.74806,0.7439,0.74403,164570
2018-06-18,0.7441,0.74545,0.74134,0.74231,103774
2018-06-19,0.74231,0.74271,0.73472,0.7379,195287
2018-06-20,0.7379,0.74089,0.73667,0.73676,161464
2018-06-21,0.73676,0.73939,0.73455,0.73748,231404
2018-06-22,0.73748,0.74438,0.73727,0.744,177942
2018-06-25,0.7439,0.74426,0.73962,0.74137,173252
2018-06-26,0.74137,0.74231,0.738,0.73917,180612
2018-06-27,0.73917,0.74071,0.73229,0.73379,221269
2018-06-28,0.73379,0.73622,0.73299,0.73506,205899
2018-06-29,0.73506,0.74094,0.73357,0.74022,221629
2018-07-02,0.7411,0.7411,0.73105,0.73361,150058
2018-07-03,0.73361,0.74045,0.73143,0.73855,165080
2018-07-04,0.73855,0.74244,0.73744,0.73805,135938
2018-07-05,0.73805,0.74083,0.73614,0.73856,161356
2018-07-06,0.73856,0.74441,0.7376,0.7428,159274
2018-07-09,0.74307,0.74838,0.74285,0.7465,124723
2018-07-10,0.7465,0.74838,0.74302,0.74583,132598
2018-07-11,0.74583,0.74587,0.73638,0.73665,212172
2018-07-12,0.73665,0.74197,0.73602,0.7408,153962
2018-07-13,0.7408,0.74237,0.73682,0.74224,149178
2018-07-16,0.7419,0.74425,0.7409,0.74194,145913
2018-07-17,0.74194,0.74383,0.73758,0.73888,178088
2018-07-18,0.73888,0.74076,0.73432,0.73973,151575
2018-07-19,0.73973,0.74422,0.73224,0.7355,243326
2018-07-20,0.7355,0.74312,0.73179,0.74176,277256
2018-07-23,0.7423,0.74378,0.73715,0.73811,176339
2018-07-24,0.73811,0.74342,0.73596,0.74184,184211
2018-07-25,0.74184,0.74643,0.73921,0.74549,213434
2018-07-26,0.74549,0.74633,0.73721,0.73767,195295
2018-07-27,0.73767,0.74147,0.737,0.74011,165733
2018-07-30,0.73995,0.74133,0.73857,0.74067,127763
2018-07-31,0.74067,0.7441,0.74025,0.74239,191030
2018-08-01,0.74239,0.7429,0.73899,0.7404,179599
2018-08-02,0.7404,0.74119,0.73552,0.73603,158042
2018-08-03,0.73603,0.74116,0.73482,0.73989,191662
2018-08-06,0.7397,0.74054,0.73741,0.73865,121528
2018-08-07,0.73865,0.74396,0.73811,0.74198,132377
2018-08-08,0.74198,0.74395,0.73833,0.7428,130811
2018-08-09,0.7428,0.74531,0.7373,0.7373,155152
2018-08-10,0.7373,0.73804,0.72807,0.72987,281028
2018-08-13,0.72748,0.72999,0.72565,0.72684,242939
2018-08-14,0.72684,0.72834,0.7224,0.72417,203781
2018-08-15,0.72417,0.72476,0.72025,0.72388,235964
2018-08-16,0.72388,0.72868,0.72135,0.72596,246853
2018-08-17,0.72596,0.73193,0.72528,0.73139,197911
2018-08-20,0.7315,0.73439,0.72958,0.73382,154137
2018-08-21,0.73382,0.73818,0.73331,0.73661,194064
2018-08-22,0.73661,0.73706,0.73339,0.73506,194872
2018-08-23,0.73506,0.73554,0.72405,0.72459,184539
2018-08-24,0.72459,0.73446,0.72379,0.73234,196343
2018-08-27,0.73251,0.73566,0.73074,0.73491,146817
2018-08-28,0.73491,0.73624,0.73211,0.73374,170177
2018-08-29,0.73374,0.7349,0.7275,0.731,212141
2018-08-30,0.731,0.73153,0.72493,0.7263,206130
2018-08-31,0.7263,0.72677,0.71758,0.71894,246566
2018-09-03,0.71837,0.72237,0.7166,0.72124,136797
2018-09-04,0.72124,0.72356,0.71575,0.71739,207603
2018-09-05,0.71739,0.72186,0.71445,0.71913,228848
2018-09-06,0.71913,0.72109,0.71661,0.71952,212253
2018-09-07,0.71952,0.72015,0.70985,0.71024,255368
2018-09-10,0.71,0.71318,0.70987,0.71131,143945
2018-09-11,0.71131,0.7129,0.7085,0.71161,177460
2018-09-12,0.71161,0.71824,0.70934,0.71697,184599
2018-09-13,0.71697,0.72295,0.71649,0.7189,187126
2018-09-14,0.7189,0.72162,0.71506,0.71512,168692
2018-09-17,0.7153,0.71966,0.71418,0.71762,123614
2018-09-18,0.71762,0.72235,0.71441,0.72189,224479
2018-09-19,0.72189,0.72751,0.72133,0.72628,189170
2018-09-20,0.72628,0.72929,0.72537,0.72914,169081
2018-09-21,0.72914,0.73039,0.72627,0.72852,167326
2018-09-24,0.726,0.72815,0.72504,0.72523,137329
2018-09-25,0.72523,0.7263,0.72361,0.72494,140370
2018-09-26,0.72494,0.7315,0.72408,0.72561,181660
2018-09-27,0.72561,0.72684,0.72053,0.72064,184798
2018-09-28,0.72064,0.72413,0.72021,0.72227,151124
2018-10-01,0.7225,0.7232,0.7207,0.72199,124201
2018-10-02,0.72199,0.72381,0.71623,0.7188,170224
2018-10-03,0.7188,0.71968,0.71004,0.71004,186840
2018-10-04,0.71004,0.7112,0.70655,0.70737,194571
2018-10-05,0.70737,0.70871,0.70424,0.70488,200887
2018-10-08,0.7054,0.70815,0.70409,0.70777,152317
2018-10-09,0.70777,0.71062,0.70541,0.7102,183875
2018-10-10,0.7102,0.71305,0.70435,0.70518,213774
2018-10-11,0.70518,0.71292,0.70457,0.71229,360128
2018-10-12,0.71229,0.71397,0.7102,0.71101,237137
2018-10-15,0.711,0.71489,0.70988,0.7131,191438
2018-10-16,0.7131,0.71511,0.7112,0.71412,173630
2018-10-17,0.71412,0.71597,0.71065,0.71089,184351
2018-10-18,0.71089,0.7151,0.70972,0.70989,225998
2018-10-19,0.70989,0.71502,0.70889,0.71187,221615
2018-10-22,0.7114,0.71255,0.70761,0.70816,184532
2018-10-23,0.70816,0.70907,0.70553,0.70846,232812
2018-10-24,0.70846,0.71063,0.70578,0.70597,258222
2018-10-25,0.70597,0.70995,0.70552,0.70795,247441
2018-10-26,0.70795,0.71042,0.7021,0.70867,302879
2018-10-29,0.70955,0.71089,0.70506,0.70556,245014
2018-10-30,0.70556,0.71221,0.70528,0.71049,227491
2018-10-31,0.71049,0.71068,0.70678,0.70721,211717
2018-11-01,0.70721,0.72125,0.70715,0.72059,216032
2018-11-02,0.72059,0.72584,0.71823,0.71977,265539
2018-11-05,0.7191,0.72178,0.71826,0.72098,170184
2018-11-06,0.72098,0.72464,0.7205,0.72436,175709
2018-11-07,0.72436,0.72999,0.7213,0.72731,255124
2018-11-08,0.72731,0.73026,0.72471,0.72546,237057
2018-11-09,0.72546,0.72704,0.72191,0.72255,236239
2018-11-12,0.7219,0.72376,0.71724,0.71725,203582
2018-11-13,0.71725,0.72242,0.71642,0.72174,247139
2018-11-14,0.72174,0.72537,0.7188,0.72316,272980
2018-11-15,0.72316,0.72983,0.72289,0.72751,272269
2018-11-16,0.72751,0.7338,0.72501,0.733,212004
2018-11-19,0.7308,0.73255,0.72772,0.72933,180288
2018-11-20,0.72933,0.73006,0.72115,0.7214,256101
2018-11-21,0.7214,0.72772,0.72023,0.72626,223309
2018-11-22,0.72626,0.7268,0.7234,0.72538,140967
2018-11-23,0.72538,0.72558,0.72185,0.723,158064
2018-11-26,0.7227,0.72761,0.72128,0.72197,170088
2018-11-27,0.72197,0.72693,0.71992,0.72234,201402
2018-11-28,0.72234,0.73279,0.72212,0.73044,203497
2018-11-29,0.73044,0.73444,0.7295,0.73186,212205
2018-11-30,0.73186,0.73259,0.72842,0.73082,177554
2018-12-03,0.7378,0.73935,0.73463,0.73571,166677
2018-12-04,0.73571,0.73934,0.73261,0.73374,217942
2018-12-05,0.73374,0.7356,0.726,0.72677,143864
2018-12-06,0.72677,0.72734,0.71914,0.72346,272505
2018-12-07,0.72346,0.72419,0.71966,0.71987,232047
2018-12-10,0.7185,0.72267,0.71781,0.71895,223496
2018-12-11,0.71895,0.7225,0.71846,0.72042,213106
2018-12-12,0.72042,0.72379,0.71972,0.72165,215290
2018-12-13,0.72165,0.72466,0.72122,0.7227,181040
2018-12-14,0.7227,0.72284,0.71511,0.71753,182942
2018-12-17,0.71715,0.71872,0.71685,0.71778,183676
2018-12-18,0.71778,0.72035,0.71651,0.71782,197417
2018-12-19,0.71782,0.72006,0.70873,0.71072,259484
2018-12-20,0.71072,0.71488,0.70859,0.71064,273840
2018-12-21,0.71064,0.71235,0.70292,0.70301,228725
2018-12-24,0.7038,0.7069,0.70332,0.70503,158596
2018-12-25,0.70477,0.70776,0.70363,0.70522,0
2018-12-26,0.70503,0.70714,0.70442,0.7066,94521
2018-12-27,0.7066,0.70777,0.70167,0.70268,276997
2018-12-28,0.70268,0.70691,0.70257,0.70359,200708
2018-12-31,0.70419,0.70712,0.70327,0.70423,141003
2019-01-02,0.70423,0.70445,0.69816,0.69845,199983
2019-01-03,0.69845,0.70193,0.67445,0.70053,317566
2019-01-04,0.70053,0.71246,0.69935,0.71147,267921
2019-01-07,0.7114,0.71497,0.71087,0.71459,201770
2019-01-08,0.71459,0.71495,0.71164,0.71397,211333
2019-01-09,0.71397,0.71939,0.71343,0.71709,224751
2019-01-10,0.71709,0.71976,0.71463,0.7185,191967
2019-01-11,0.7185,0.72351,0.7182,0.72144,194664
2019-01-14,0.72108,0.72178,0.71754,0.71964,150185
2019-01-15,0.71964,0.72257,0.71799,0.7201,187394
2019-01-16,0.7201,0.72122,0.71617,0.71666,140038
2019-01-17,0.71666,0.72213,0.71468,0.71921,164639
2019-01-18,0.71921,0.72145,0.71591,0.71591,141716
2019-01-21,0.71636,0.71819,0.71399,0.7158,112757
2019-01-22,0.7158,0.71603,0.71158,0.71207,125818
2019-01-23,0.71207,0.71441,0.71176,0.71391,139563
2019-01-24,0.71391,0.71666,0.70808,0.70904,194523
2019-01-25,0.70904,0.71852,0.70759,0.71786,186121
2019-01-28,0.71751,0.72039,0.71605,0.7165,133665
2019-01-29,0.7165,0.71762,0.7138,0.71549,156087
2019-01-30,0.71549,0.7273,0.71499,0.72467,239818
2019-01-31,0.72467,0.72953,0.7242,0.727,212139
2019-02-01,0.727,0.72843,0.72365,0.72464,184575
2019-02-04,0.7246,0.72541,0.72112,0.72263,140097
2019-02-05,0.72263,0.72645,0.71935,0.72329,155386
2019-02-06,0.72329,0.72457,0.71036,0.71048,201427
2019-02-07,0.71048,0.71175,0.70893,0.70999,164154
2019-02-08,0.70999,0.71039,0.70605,0.70846,167219
2019-02-11,0.70848,0.71079,0.70569,0.70611,139475
2019-02-12,0.70611,0.71026,0.7054,0.70944,153147
2019-02-13,0.70944,0.71359,0.7086,0.70879,161372
2019-02-14,0.70879,0.71318,0.70716,0.71031,200470
2019-02-15,0.71031,0.71485,0.70793,0.714,170696
2019-02-18,0.7133,0.71607,0.71245,0.71295,130810
2019-02-19,0.71295,0.71739,0.71034,0.71631,171528
2019-02-20,0.71631,0.71829,0.7141,0.71641,205136
2019-02-21,0.71641,0.72069,0.70698,0.70881,270975
2019-02-22,0.70881,0.71504,0.70823,0.71248,222097
2019-02-25,0.7135,0.71843,0.71302,0.71664,178243
2019-02-26,0.71664,0.71946,0.71421,0.71821,176095
2019-02-27,0.71821,0.71988,0.7127,0.71398,197162
2019-02-28,0.71398,0.71663,0.709,0.70942,208723
2019-03-01,0.70942,0.71216,0.70694,0.70766,151738
2019-03-04,0.7109,0.7109,0.70752,0.70916,170337
2019-03-05,0.70916,0.70967,0.70586,0.70838,155616
2019-03-06,0.70838,0.70922,0.70212,0.70317,167277
2019-03-07,0.70317,0.70516,0.7005,0.70134,150860
2019-03-08,0.70134,0.70523,0.70031,0.70433,162405
2019-03-11,0.703,0.70766,0.70266,0.70684,119221
2019-03-12,0.70684,0.70918,0.70571,0.70811,140538
2019-03-13,0.70811,0.70979,0.7049,0.70939,137453
2019-03-14,0.70939,0.70977,0.70411,0.7063,148432
2019-03-15,0.7063,0.70974,0.70618,0.70817,134968
2019-03-18,0.7086,0.71197,0.70783,0.71027,118504
2019-03-19,0.71027,0.71108,0.70848,0.70876,151696
2019-03-20,0.70876,0.71498,0.70567,0.71149,175818
2019-03-21,0.71149,0.71682,0.70896,0.71107,204028
2019-03-22,0.71107,0.71188,0.70755,0.7079,211400
2019-03-25,0.70759,0.71169,0.70654,0.71123,145751
2019-03-26,0.71123,0.71477,0.71072,0.7134,137202
2019-03-27,0.7134,0.71418,0.70686,0.70842,179824
2019-03-28,0.70842,0.71061,0.70638,0.70742,162655
2019-03-29,0.70742,0.71048,0.707,0.70956,150665
2019-04-01,0.71216,0.71318,0.71038,0.71117,136392
2019-04-02,0.71117,0.71297,0.70527,0.70708,149243
2019-04-03,0.70708,0.71298,0.70544,0.71119,137540
2019-04-04,0.71119,0.71273,0.70976,0.71107,109793
2019-04-05,0.71107,0.71318,0.70921,0.71031,104776
2019-04-08,0.71016,0.71308,0.70874,0.71261,91847
2019-04-09,0.71261,0.71522,0.7119,0.71211,99613
2019-04-10,0.71211,0.71748,0.71092,0.71685,139517
2019-04-11,0.71685,0.71713,0.71167,0.71226,119903
2019-04-12,0.71226,0.71923,0.7116,0.71717,137509
2019-04-15,0.71748,0.71821,0.71638,0.71727,112615
2019-04-16,0.71727,0.71791,0.71396,0.71734,131753
2019-04-17,0.71734,0.72058,0.71527,0.71789,139183
2019-04-18,0.71789,0.71982,0.71366,0.71501,128438
2019-04-19,0.71501,0.71586,0.71432,0.71477,43749
2019-04-22,0.71508,0.71519,0.71282,0.71337,58836
2019-04-23,0.71337,0.71396,0.7081,0.71006,103411
2019-04-24,0.71006,0.71023,0.70042,0.70147,157058
2019-04-25,0.70147,0.70228,0.69881,0.7015,125073
2019-04-26,0.7015,0.70613,0.70072,0.70359,139062
2019-04-29,0.70365,0.70608,0.70365,0.70553,78622
2019-04-30,0.70553,0.70692,0.7031,0.70473,122283
2019-05-01,0.70473,0.70611,0.70072,0.70109,119149
2019-05-02,0.70109,0.70293,0.69948,0.69972,115239
2019-05-03,0.69972,0.70245,0.69846,0.70201,114974
2019-05-06,0.69685,0.70028,0.69626,0.69897,154745
2019-05-07,0.69897,0.70482,0.69773,0.7012,167991
2019-05-08,0.7012,0.70269,0.69859,0.6988,181331
2019-05-09,0.6988,0.69979,0.69647,0.69888,176911
2019-05-10,0.69888,0.70187,0.6978,0.69981,235349
2019-05-13,0.6992,0.70007,0.69408,0.69442,168537
2019-05-14,0.69442,0.69595,0.6935,0.69437,138499
2019-05-15,0.69437,0.69465,0.69148,0.69278,153387
2019-05-16,0.69278,0.6933,0.68864,0.68909,141174
2019-05-17,0.68909,0.68972,0.68647,0.6866,143190
2019-05-20,0.6911,0.69342,0.68901,0.69063,124896
2019-05-21,0.69063,0.69291,0.68663,0.68833,155651
2019-05-22,0.68833,0.68967,0.68712,0.68807,114384
2019-05-23,0.68807,0.69005,0.68648,0.68985,141050
2019-05-24,0.68985,0.69346,0.68813,0.69252,120676
2019-05-27,0.693,0.69385,0.69131,0.69168,89365
2019-05-28,0.69168,0.69358,0.69126,0.69234,137910
2019-05-29,0.69234,0.69316,0.69041,0.69168,146900
2019-05-30,0.69168,0.69368,0.68987,0.69114,123632
2019-05-31,0.69114,0.69442,0.69009,0.69359,207048
2019-06-03,0.69262,0.69826,0.6926,0.6977,195102
2019-06-04,0.6977,0.7004,0.69568,0.69909,213435
2019-06-05,0.69909,0.70075,0.69625,0.69687,208834
2019-06-06,0.69687,0.69944,0.69621,0.69762,253817
2019-06-07,0.69762,0.70222,0.69641,0.6998,245424
2019-06-10,0.70045,0.70067,0.69568,0.69568,193876
2019-06-11,0.69568,0.69666,0.6947,0.69615,192283
2019-06-12,0.69615,0.69636,0.69252,0.69279,207820
2019-06-13,0.69279,0.69386,0.69013,0.69147,209119
2019-06-14,0.69147,0.69182,0.68613,0.68691,174786
2019-06-17,0.68721,0.68846,0.68487,0.68526,126975
2019-06-18,0.68526,0.68819,0.68317,0.68759,176914
2019-06-19,0.68759,0.6909,0.6855,0.6879,193412
2019-06-20,0.6879,0.69359,0.6878,0.69224,245342
2019-06-21,0.69224,0.69379,0.69034,0.6924,215324
2019-06-24,0.69301,0.69686,0.69289,0.69622,188178
2019-06-25,0.69622,0.69782,0.69416,0.69603,304484
2019-06-26,0.69603,0.69949,0.69505,0.69845,228643
2019-06-27,0.69845,0.70089,0.69833,0.70082,166175
2019-06-28,0.70082,0.7023,0.69982,0.70219,168430
2019-07-01,0.70315,0.70348,0.69561,0.69639,164764
2019-07-02,0.69639,0.70003,0.69563,0.69937,148374
2019-07-03,0.69937,0.70393,0.69855,0.70288,118398
2019-07-04,0.70288,0.70478,0.70155,0.70208,75208
2019-07-05,0.70208,0.70288,0.69575,0.69776,128323
2019-07-08,0.69749,0.69942,0.6967,0.69719,79500
2019-07-09,0.69719,0.69752,0.69205,0.69274,90692
2019-07-10,0.69274,0.69691,0.69105,0.69589,135523
2019-07-11,0.69589,0.69881,0.69533,0.69733,128466
2019-07-12,0.69733,0.70247,0.69705,0.70178,111662
2019-07-15,0.70131,0.70399,0.7012,0.70392,83479
2019-07-16,0.70392,0.70446,0.70104,0.7012,121499
2019-07-17,0.7012,0.70249,0.69962,0.70096,105134
2019-07-18,0.70096,0.70766,0.70051,0.70752,147194
2019-07-19,0.70752,0.70821,0.70374,0.70385,149780
2019-07-22,0.70389,0.70574,0.7031,0.70351,109680
2019-07-23,0.70351,0.70357,0.69962,0.70051,108971
2019-07-24,0.70051,0.70083,0.69726,0.69763,108668
2019-07-25,0.69763,0.69841,0.69424,0.69509,144610
2019-07-26,0.69509,0.69552,0.69026,0.69089,99318
2019-07-29,0.6905,0.69165,0.68946,0.69009,64899
2019-07-30,0.69009,0.69084,0.68686,0.68722,93590
2019-07-31,0.68722,0.68992,0.68317,0.68449,207305
2019-08-01,0.68449,0.68679,0.67952,0.67989,208460
2019-08-02,0.67989,0.68188,0.67629,0.67981,216567
2019-08-05,0.67921,0.68041,0.67481,0.67557,196808
2019-08-06,0.67557,0.68008,0.67499,0.67592,197372
2019-08-07,0.67592,0.67827,0.66771,0.6756,226298
2019-08-08,0.6756,0.68221,0.67461,0.68025,162646
2019-08-09,0.68025,0.6818,0.67774,0.67845,154603
2019-08-12,0.67804,0.67957,0.67452,0.67494,156421
2019-08-13,0.67494,0.68183,0.67461,0.67959,295836
2019-08-14,0.67959,0.68088,0.67355,0.67473,328198
2019-08-15,0.67473,0.67905,0.6745,0.67746,347903
2019-08-16,0.67746,0.67953,0.67707,0.67745,263497
2019-08-19,0.6777,0.6789,0.6762,0.67643,186666
2019-08-20,0.67643,0.67951,0.67545,0.67773,187109
2019-08-21,0.67773,0.67993,0.67731,0.67805,175083
2019-08-22,0.67805,0.67874,0.6751,0.67567,206814
2019-08-23,0.67567,0.67779,0.67357,0.67485,329096
2019-08-26,0.6736,0.67881,0.66891,0.67749,495462
2019-08-27,0.67749,0.678,0.67466,0.67515,252222
2019-08-28,0.67515,0.67623,0.67324,0.67338,230152
2019-08-29,0.67338,0.67532,0.6717,0.67279,238219
2019-08-30,0.67279,0.67402,0.6706,0.67336,212917
2019-09-02,0.6724,0.67348,0.671,0.67156,155889
2019-09-03,0.67156,0.67636,0.66875,0.67592,211447
2019-09-04,0.67592,0.68008,0.67535,0.67969,177192
2019-09-05,0.67969,0.68299,0.67936,0.68141,215535
2019-09-06,0.68141,0.68617,0.6807,0.68452,173685
2019-09-09,0.68406,0.68759,0.68363,0.68614,151803
2019-09-10,0.68614,0.68701,0.68488,0.68606,153693
2019-09-11,0.68606,0.68848,0.68486,0.68617,135334
2019-09-12,0.68617,0.68947,0.68595,0.68658,184372
2019-09-13,0.68658,0.68906,0.68589,0.68796,139376
2019-09-16,0.68622,0.68839,0.68539,0.68646,159471
2019-09-17,0.68646,0.68699,0.68305,0.68653,179275
2019-09-18,0.68653,0.68693,0.68124,0.68274,158216
2019-09-19,0.68274,0.68311,0.67803,0.67919,150614
2019-09-20,0.67919,0.6809,0.67603,0.67626,144554
2019-09-23,0.6772,0.67814,0.67645,0.6773,121986
2019-09-24,0.6773,0.68062,0.67651,0.6801,126924
2019-09-25,0.6801,0.68038,0.6739,0.67505,147170
2019-09-26,0.67505,0.67809,0.67461,0.67484,147856
2019-09-27,0.67484,0.67793,0.67434,0.67616,134825
2019-09-30,0.67596,0.67706,0.67411,0.67496,129465
2019-10-01,0.67496,0.6776,0.66717,0.67043,163204
2019-10-02,0.67043,0.67186,0.66706,0.67062,146046
2019-10-03,0.67062,0.67531,0.67024,0.67421,177428
2019-10-04,0.67421,0.67739,0.67387,0.67684,166846
2019-10-07,0.6755,0.67654,0.67297,0.67323,138419
2019-10-08,0.67323,0.67572,0.67232,0.67282,158736
2019-10-09,0.67282,0.675,0.67226,0.67244,146279
2019-10-10,0.67244,0.67744,0.67104,0.67605,220679
2019-10-11,0.67605,0.68105,0.67532,0.67904,192796
2019-10-14,0.67883,0.68015,0.67511,0.67753,166342
2019-10-15,0.67753,0.67888,0.67427,0.67523,168917
2019-10-16,0.67523,0.67656,0.67234,0.67582,162333
2019-10-17,0.67582,0.68331,0.67501,0.68239,162262
2019-10-18,0.68239,0.6857,0.68213,0.68568,114156
2019-10-21,0.6844,0.68805,0.68398,0.68676,132633
2019-10-22,0.68676,0.68828,0.68505,0.6856,138435
2019-10-23,0.6856,0.68625,0.68339,0.6853,140840
2019-10-24,0.6853,0.68577,0.68109,0.68186,144824
2019-10-25,0.68186,0.68362,0.68092,0.68203,113694
2019-10-28,0.68211,0.68453,0.68107,0.68383,122425
2019-10-29,0.68383,0.68719,0.68356,0.68643,140476
2019-10-30,0.68643,0.69044,0.68486,0.69027,180541
2019-10-31,0.69027,0.69297,0.68833,0.68934,194137
2019-11-01,0.68934,0.69215,0.68839,0.69126,166225
2019-11-04,0.6913,0.6925,0.6877,0.68835,122624
2019-11-05,0.68835,0.69281,0.68765,0.68931,201752
2019-11-06,0.68931,0.69075,0.68689,0.6884,133863
2019-11-07,0.6884,0.69133,0.68617,0.68974,173721
2019-11-08,0.68974,0.69064,0.68477,0.68561,145065
2019-11-11,0.68552,0.68655,0.68468,0.68504,98199
2019-11-12,0.68504,0.68573,0.68314,0.68408,134570
2019-11-13,0.68408,0.68576,0.68212,0.68378,145271
2019-11-14,0.68378,0.68412,0.67695,0.67865,151750
2019-11-15,0.67865,0.68217,0.67805,0.68175,114963
2019-11-18,0.68125,0.68224,0.67989,0.68074,107677
2019-11-19,0.68074,0.68348,0.67849,0.68274,110289
2019-11-20,0.68274,0.68311,0.679,0.68028,117248
2019-11-21,0.68028,0.68142,0.67833,0.67866,143239
2019-11-22,0.67866,0.68032,0.67805,0.6781,108048
2019-11-25,0.67899,0.67993,0.67681,0.67783,88501
2019-11-26,0.67783,0.67953,0.67679,0.67877,115009
2019-11-27,0.67877,0.67913,0.6772,0.67758,92437
2019-11-28,0.67758,0.67781,0.67591,0.67696,78100
2019-11-29,0.67696,0.67796,0.67543,0.676,84932
2019-12-02,0.6768,0.6826,0.67616,0.68183,102684
2019-12-03,0.68183,0.68621,0.6815,0.68468,117126
2019-12-04,0.68468,0.68552,0.68131,0.68465,133970
2019-12-05,0.68465,0.68549,0.68209,0.6833,104507
2019-12-06,0.6833,0.68573,0.68236,0.68396,124912
2019-12-09,0.68305,0.68385,0.68203,0.68234,82361
2019-12-10,0.68234,0.68374,0.68002,0.6809,106358
2019-12-11,0.6809,0.68895,0.68045,0.68759,123280
2019-12-12,0.68759,0.69132,0.68675,0.6909,296350
2019-12-13,0.6909,0.69388,0.68638,0.68735,220249
2019-12-16,0.6883,0.6898,0.68684,0.68848,115977
2019-12-17,0.68848,0.68851,0.68384,0.68513,111759
2019-12-18,0.68513,0.68644,0.68386,0.68531,93186
2019-12-19,0.68531,0.68883,0.68483,0.68857,109900
2019-12-20,0.68857,0.69066,0.68829,0.68998,87560
2019-12-23,0.6891,0.69287,0.6891,0.69217,96524
2019-12-24,0.69217,0.69304,0.69125,0.6921,91008
2019-12-25,0.69228,0.69271,0.69161,0.69219,0
2019-12-26,0.6921,0.69497,0.6921,0.69453,17002
2019-12-27,0.69453,0.69868,0.6941,0.69786,115830
2019-12-30,0.69804,0.70044,0.69781,0.69939,126638
2019-12-31,0.69939,0.70319,0.69929,0.70162,98924
2020-01-01,0.70151,0.7045,0.70151,0.7017,0
2020-01-02,0.70162,0.70162,0.69785,0.69916,67009
2020-01-03,0.69916,0.69919,0.69303,0.69535,147140
2020-01-06,0.6941,0.69576,0.69254,0.69395,145360
2020-01-07,0.69395,0.69424,0.68591,0.6869,151348
2020-01-08,0.6869,0.68855,0.6849,0.68652,239632
2020-01-09,0.68652,0.68806,0.68503,0.68584,115208
2020-01-10,0.68584,0.6911,0.68509,0.69038,126552
2020-01-13,0.6897,0.69199,0.68931,0.6903,116247
2020-01-14,0.6903,0.69098,0.68852,0.69014,135632
2020-01-15,0.69014,0.69167,0.68772,0.69011,119205
2020-01-16,0.69011,0.69337,0.68879,0.68981,118645
2020-01-17,0.68981,0.69111,0.6872,0.68761,111486
2020-01-20,0.68731,0.68885,0.68552,0.68724,88341
2020-01-21,0.68724,0.68806,0.68427,0.68446,138699
2020-01-22,0.68446,0.68562,0.6827,0.68439,133392
2020-01-23,0.68439,0.68789,0.68293,0.68464,167046
2020-01-24,0.68464,0.68573,0.68176,0.68232,129932
2020-01-27,0.6812,0.68185,0.6752,0.67609,189070
2020-01-28,0.67609,0.67651,0.6737,0.67621,142670
2020-01-29,0.67621,0.67773,0.67353,0.67537,134399
2020-01-30,0.67537,0.67552,0.67,0.67214,171862
2020-01-31,0.67214,0.67299,0.66829,0.66933,164792
2020-02-03,0.66835,0.67072,0.66835,0.66917,180456
2020-02-04,0.66917,0.67419,0.66787,0.67385,164407
2020-02-05,0.67385,0.67743,0.67236,0.67457,168178
2020-02-06,0.67457,0.67651,0.67271,0.67293,135050
2020-02-07,0.67293,0.67367,0.66622,0.66781,139318
2020-02-10,0.66665,0.67074,0.6665,0.66863,152683
2020-02-11,0.66863,0.67367,0.66807,0.67142,130220
2020-02-12,0.67142,0.67501,0.67117,0.67371,131696
2020-02-13,0.67371,0.67457,0.6707,0.67192,142405
2020-02-14,0.67192,0.67316,0.67092,0.6714,96817
2020-02-17,0.67213,0.67334,0.67115,0.6713,69541
2020-02-18,0.6713,0.67152,0.66736,0.66853,110221
2020-02-19,0.66853,0.67076,0.66653,0.66768,96758
2020-02-20,0.66768,0.66943,0.66102,0.66141,164603
2020-02-21,0.66141,0.66389,0.65859,0.66245,146035
2020-02-24,0.65849,0.66198,0.65846,0.66025,184300
2020-02-25,0.66025,0.66225,0.65863,0.66023,175226
2020-02-26,0.66023,0.6607,0.65425,0.6544,199368
2020-02-27,0.6544,0.6592,0.65422,0.65687,229977
2020-02-28,0.65687,0.65854,0.64338,0.65073,385524
2020-03-02,0.64647,0.65681,0.64625,0.65352,308885
2020-03-03,0.65352,0.66457,0.65097,0.65834,321245
2020-03-04,0.65834,0.66278,0.6577,0.66269,210339
2020-03-05,0.66269,0.66367,0.65839,0.6614,147160
2020-03-06,0.6614,0.66574,0.65853,0.66454,207311
2020-03-09,0.6605,0.66849,0.63143,0.65845,491192
2020-03-10,0.65845,0.66127,0.64626,0.65042,410419
2020-03-11,0.65042,0.65395,0.64765,0.64837,333354
2020-03-12,0.64837,0.64921,0.62115,0.62353,623028
2020-03-13,0.62353,0.63258,0.61231,0.61836,554439
2020-03-16,0.61374,0.63027,0.60787,0.61184,570053
2020-03-17,0.61184,0.61488,0.59587,0.59957,489153
2020-03-18,0.59957,0.60285,0.5701,0.57701,608708
2020-03-19,0.57701,0.59642,0.55063,0.57426,809547
2020-03-20,0.57426,0.59856,0.56634,0.58067,768831
2020-03-23,0.58048,0.58454,0.56997,0.58254,1030715
2020-03-24,0.58254,0.59753,0.58122,0.5956,770277
2020-03-25,0.5956,0.60734,0.59303,0.5959,570152
2020-03-26,0.5959,0.60874,0.58703,0.6061,497704
2020-03-27,0.6061,0.62002,0.60226,0.6165,512129
2020-03-30,0.61555,0.61844,0.61116,0.61689,529872
2020-03-31,0.61689,0.62139,0.6072,0.61353,650319
2020-04-01,0.61353,0.61852,0.60387,0.60712,449565
2020-04-02,0.60712,0.61192,0.60069,0.60582,458827
2020-04-03,0.60582,0.60756,0.598,0.59908,370531
2020-04-06,0.60182,0.61067,0.5991,0.60865,324940
2020-04-07,0.60865,0.62084,0.6075,0.6167,371185
2020-04-08,0.6167,0.62461,0.61155,0.62276,384513
2020-04-09,0.62276,0.63631,0.6195,0.63368,324165
2020-04-10,0.63368,0.63678,0.63123,0.63504,52892
2020-04-13,0.63466,0.64091,0.63257,0.63815,180319
2020-04-14,0.63815,0.64447,0.63735,0.6442,252668
2020-04-15,0.6442,0.64437,0.62843,0.63175,279462
2020-04-16,0.63175,0.6334,0.62638,0.63272,351232
2020-04-17,0.63272,0.63851,0.63145,0.63609,320168
2020-04-20,0.63609,0.63973,0.63326,0.63361,250011
2020-04-21,0.63361,0.63468,0.62534,0.62803,329688
2020-04-22,0.62803,0.63525,0.62762,0.63202,237338
2020-04-23,0.63202,0.64065,0.62829,0.637,277650
2020-04-24,0.637,0.63975,0.63371,0.6394,202243
2020-04-27,0.63803,0.64719,0.63803,0.64644,193220
2020-04-28,0.64644,0.6514,0.64343,0.64904,223952
2020-04-29,0.64904,0.65573,0.64854,0.65551,221070
2020-04-30,0.65551,0.65699,0.64901,0.65095,286168
2020-05-01,0.65095,0.65112,0.64099,0.64162,202507
2020-05-04,0.64115,0.64348,0.63726,0.6422,241617
2020-05-05,0.6422,0.64761,0.64167,0.64308,206166
2020-05-06,0.64308,0.64529,0.63935,0.63982,185520
2020-05-07,0.63982,0.6506,0.63786,0.64948,209088
2020-05-08,0.64948,0.65477,0.64919,0.65306,182465
2020-05-11,0.6531,0.65614,0.64563,0.64893,200132
2020-05-12,0.64893,0.65362,0.64322,0.64705,247064
2020-05-13,0.64705,0.65242,0.64384,0.64533,324136
2020-05-14,0.64533,0.64689,0.64034,0.64602,276224
2020-05-15,0.64602,0.64736,0.64022,0.64138,221123
2020-05-18,0.6418,0.65274,0.64101,0.65245,197997
2020-05-19,0.65245,0.65847,0.65097,0.65343,243559
2020-05-20,0.65343,0.66161,0.65252,0.6597,197323
2020-05-21,0.6597,0.65982,0.6549,0.65633,241151
2020-05-22,0.65633,0.65723,0.65058,0.65342,203350
2020-05-25,0.65316,0.65503,0.65198,0.65428,131815
2020-05-26,0.65428,0.66753,0.65378,0.66505,217061
2020-05-27,0.66505,0.66802,0.6567,0.6619,312583
2020-05-28,0.6619,0.66674,0.65883,0.66358,308896
2020-05-29,0.66358,0.66832,0.66091,0.66653,362761
2020-06-01,0.6656,0.68035,0.6648,0.67974,295418
2020-06-02,0.67974,0.68986,0.67747,0.68961,289937
2020-06-03,0.68961,0.69829,0.68566,0.69197,382753
2020-06-04,0.69197,0.69876,0.68822,0.69425,372515
2020-06-05,0.69425,0.70129,0.69307,0.69677,347893
2020-06-08,0.69656,0.70297,0.69617,0.70207,240114
2020-06-09,0.70207,0.70428,0.68987,0.6961,346320
2020-06-10,0.6961,0.70643,0.69326,0.69975,452685
2020-06-11,0.69975,0.7004,0.68393,0.68548,543708
2020-06-12,0.68548,0.69117,0.67996,0.68668,579754
2020-06-15,0.68395,0.69251,0.67765,0.6919,611110
2020-06-16,0.6919,0.69766,0.68335,0.68881,518638
2020-06-17,0.68881,0.69229,0.68521,0.68836,438351
2020-06-18,0.68836,0.69024,0.68359,0.6852,376898
2020-06-19,0.6852,0.69115,0.68287,0.68331,320014
2020-06-22,0.68082,0.69224,0.68075,0.69076,264009
2020-06-23,0.69076,0.69746,0.6858,0.6929,356628
2020-06-24,0.6929,0.69618,0.68627,0.68677,356446
2020-06-25,0.68677,0.68927,0.68473,0.68865,384394
2020-06-26,0.68865,0.68955,0.68406,0.68611,272574
2020-06-29,0.68606,0.68909,0.68417,0.68643,276966
2020-06-30,0.68643,0.69122,0.68328,0.6903,265156
2020-07-01,0.6903,0.69437,0.68771,0.69144,267527
2020-07-02,0.69144,0.69523,0.69015,0.6922,277859
2020-07-03,0.6922,0.69475,0.69138,0.69427,157244
2020-07-06,0.6928,0.69876,0.6928,0.69726,195451
2020-07-07,0.69726,0.69978,0.69219,0.69459,245744
2020-07-08,0.69459,0.69865,0.69273,0.69807,257245
2020-07-09,0.69807,0.70012,0.69499,0.69626,279804
2020-07-10,0.69626,0.69693,0.69236,0.69462,223199
2020-07-13,0.69565,0.69929,0.69385,0.694,232137
2020-07-14,0.694,0.69776,0.69212,0.69747,320807
2020-07-15,0.69747,0.70377,0.69708,0.70074,247896
2020-07-16,0.70074,0.70127,0.69631,0.69699,253345
2020-07-17,0.69699,0.7005,0.69674,0.69936,160709
2020-07-20,0.69841,0.70175,0.69727,0.70158,156480
2020-07-21,0.70158,0.71469,0.70114,0.71272,227076
2020-07-22,0.71272,0.71833,0.7112,0.71398,279538
2020-07-23,0.71398,0.71618,0.70906,0.70973,316332
2020-07-24,0.70973,0.71253,0.70638,0.71049,284521
2020-07-27,0.70829,0.71499,0.70829,0.71489,246835
2020-07-28,0.71489,0.71771,0.7113,0.71546,252253
2020-07-29,0.71546,0.71971,0.71491,0.7187,247756
2020-07-30,0.7187,0.71979,0.71207,0.71939,257373
2020-07-31,0.71939,0.72274,0.71334,0.71392,348556
2020-08-03,0.71289,0.71498,0.70764,0.71232,263880
2020-08-04,0.71232,0.71673,0.71057,0.71587,240175
2020-08-05,0.71587,0.7241,0.71537,0.71909,229499
2020-08-06,0.71909,0.72394,0.71742,0.7235,262834
2020-08-07,0.7235,0.72431,0.71446,0.71572,266123
2020-08-10,0.71578,0.71841,0.71403,0.71489,171195
2020-08-11,0.71489,0.71896,0.71349,0.71424,234649
2020-08-12,0.71424,0.71759,0.71092,0.7161,246869
2020-08-13,0.7161,0.71881,0.71358,0.71478,203402
2020-08-14,0.71478,0.71754,0.7132,0.71703,166678
2020-08-17,0.7166,0.72275,0.71611,0.72138,144334
2020-08-18,0.72138,0.72647,0.72088,0.72429,203759
2020-08-19,0.72429,0.72758,0.71778,0.71778,231952
2020-08-20,0.71778,0.72026,0.71358,0.71914,248348
2020-08-21,0.71914,0.72159,0.71394,0.71589,225978
2020-08-24,0.71648,0.7204,0.71527,0.71612,180050
2020-08-25,0.71612,0.71977,0.71502,0.71937,186174
2020-08-26,0.71937,0.72396,0.71872,0.72323,185734
2020-08-27,0.72323,0.72905,0.72166,0.72579,305031
2020-08-28,0.72579,0.73667,0.72538,0.73649,278319
2020-08-31,0.73566,0.74034,0.73401,0.73755,214484
2020-09-01,0.73755,0.74135,0.73593,0.73715,321384
2020-09-02,0.73715,0.73817,0.73014,0.73371,279282
2020-09-03,0.73371,0.73394,0.72651,0.72721,333139
2020-09-04,0.72721,0.72988,0.72222,0.72812,337309
2020-09-07,0.72861,0.72984,0.72702,0.72748,184512
2020-09-08,0.72748,0.73092,0.72106,0.72131,296707
2020-09-09,0.72131,0.72878,0.71919,0.72819,244209
2020-09-10,0.72819,0.73247,0.72476,0.72576,248581
2020-09-11,0.72576,0.7306,0.72521,0.72825,205166
2020-09-14,0.72764,0.73036,0.72643,0.72878,149423
2020-09-15,0.72878,0.73425,0.72667,0.73005,185577
2020-09-16,0.73005,0.73451,0.72783,0.7305,252367
2020-09-17,0.7305,0.73154,0.72539,0.73111,303020
2020-09-18,0.73111,0.7334,0.72826,0.72899,228418
2020-09-21,0.72827,0.73242,0.71991,0.72226,273060
2020-09-22,0.72226,0.72354,0.71543,0.71679,265600
2020-09-23,0.71679,0.71773,0.70684,0.70711,286363
2020-09-24,0.70711,0.70813,0.7016,0.7043,292587
2020-09-25,0.7043,0.70869,0.70059,0.70237,246011
2020-09-28,0.70287,0.70744,0.70286,0.70685,197436
2020-09-29,0.70685,0.71381,0.70678,0.71264,205018
2020-09-30,0.71264,0.71753,0.71002,0.71607,273963
2020-10-01,0.71607,0.72091,0.71545,0.71825,269561
2020-10-02,0.71825,0.71882,0.71308,0.71607,427444
2020-10-05,0.71652,0.71932,0.71561,0.71785,181503
2020-10-06,0.71785,0.72089,0.71001,0.71008,300455
2020-10-07,0.71008,0.71516,0.70956,0.71347,211651
2020-10-08,0.71347,0.71701,0.7123,0.71659,227024
2020-10-09,0.71659,0.72431,0.71616,0.72396,251471
2020-10-12,0.72177,0.72348,0.72033,0.72069,181327
2020-10-13,0.72069,0.72106,0.71501,0.71584,316766
2020-10-14,0.71584,0.71907,0.71523,0.71613,254128
2020-10-15,0.71613,0.71704,0.70562,0.70922,331475
2020-10-16,0.70922,0.70982,0.70703,0.7076,198939
2020-10-19,0.70748,0.71148,0.70585,0.70666,181851
2020-10-20,0.70666,0.70725,0.70208,0.70472,188014
2020-10-21,0.70472,0.71371,0.70437,0.71146,203121
2020-10-22,0.71146,0.71251,0.7085,0.71169,204472
2020-10-23,0.71169,0.71582,0.71011,0.71332,171315
2020-10-26,0.71332,0.71463,0.71027,0.7123,205545
2020-10-27,0.7123,0.7147,0.7113,0.71282,170351
2020-10-28,0.71282,0.71573,0.70384,0.70407,242287
2020-10-29,0.70407,0.7076,0.70024,0.70277,249564
2020-10-30,0.70277,0.70721,0.70113,0.70266,291283
2020-11-02,0.70215,0.70578,0.69913,0.70529,233932
2020-11-03,0.70529,0.71747,0.7028,0.71622,199636
2020-11-04,0.71622,0.72222,0.70485,0.71741,583213
2020-11-05,0.71741,0.72894,0.71449,0.72816,372451
2020-11-06,0.72816,0.72873,0.7239,0.72577,338868
2020-11-09,0.72727,0.73399,0.72666,0.72774,449668
2020-11-10,0.72774,0.72945,0.72527,0.72812,349999
2020-11-11,0.72812,0.73182,0.726,0.72791,231975
2020-11-12,0.72791,0.72938,0.72234,0.72311,219859
2020-11-13,0.72311,0.72733,0.72215,0.7264,169276
2020-11-16,0.727,0.73265,0.72633,0.73196,220033
2020-11-17,0.73196,0.73397,0.7289,0.72982,184540
2020-11-18,0.72982,0.73308,0.7272,0.73036,198773
2020-11-19,0.73036,0.73056,0.72545,0.72836,198889
2020-11-20,0.72836,0.7324,0.72661,0.73022,198843
2020-11-23,0.72995,0.73375,0.72654,0.72862,166905
2020-11-24,0.72862,0.73675,0.72831,0.73603,180289
2020-11-25,0.73603,0.73736,0.73251,0.73609,182002
2020-11-26,0.73609,0.73746,0.73536,0.73571,107527
2020-11-27,0.73571,0.73991,0.73492,0.73765,143080
2020-11-30,0.7383,0.74076,0.73392,0.73412,207059
2020-12-01,0.73412,0.73735,0.73381,0.73684,190556
2020-12-02,0.73684,0.742,0.73512,0.74151,192377
2020-12-03,0.74151,0.74496,0.7398,0.74362,175515
2020-12-04,0.74362,0.74438,0.74103,0.74256,190715
2020-12-07,0.743,0.74536,0.73725,0.7419,185864
2020-12-08,0.7419,0.74354,0.73994,0.74097,175396
2020-12-09,0.74097,0.74852,0.74046,0.74434,181890
2020-12-10,0.74434,0.75399,0.74248,0.75326,214307
2020-12-11,0.75326,0.75719,0.75202,0.75309,183435
2020-12-14,0.7548,0.75781,0.75246,0.75316,169820
2020-12-15,0.75316,0.75717,0.75072,0.75568,153852
2020-12-16,0.75568,0.75785,0.75384,0.75751,164942
2020-12-17,0.75751,0.76396,0.7567,0.76225,141774
2020-12-18,0.76225,0.7628,0.75825,0.76208,158269
2020-12-21,0.75826,0.76064,0.74618,0.75839,277150
2020-12-22,0.75839,0.7591,0.75169,0.75205,222185
2020-12-23,0.75205,0.75915,0.75164,0.75734,194837
2020-12-24,0.75734,0.76066,0.75673,0.75937,133928
2020-12-25,0.76068,0.76622,0.7579,0.76068,0
2020-12-28,0.75996,0.76225,0.75571,0.75767,155270
2020-12-29,0.75767,0.76248,0.75743,0.7602,152783
2020-12-30,0.7602,0.76862,0.76008,0.76843,153885
2020-12-31,0.76843,0.77423,0.76765,0.77002,149455
2021-01-01,0.77718,0.82076,0.76982,0.7703,0
2021-01-04,0.7701,0.77407,0.76422,0.76607,272635
2021-01-05,0.76607,0.77776,0.766,0.77585,277117
2021-01-06,0.77585,0.78203,0.77333,0.77992,395344
2021-01-07,0.77992,0.78175,0.77256,0.77672,293935
2021-01-08,0.77672,0.77988,0.77283,0.77662,354816
2021-01-11,0.77522,0.77607,0.76663,0.76956,290286
2021-01-12,0.76956,0.77776,0.76867,0.77715,268728
2021-01-13,0.77715,0.77815,0.77215,0.77318,242080
2021-01-14,0.77318,0.78054,0.77287,0.77784,247798
2021-01-15,0.77784,0.77887,0.76816,0.77016,271100
2021-01-18,0.7707,0.77107,0.76589,0.76771,218913
2021-01-19,0.76771,0.77253,0.76702,0.76924,230128
2021-01-20,0.76924,0.77608,0.76898,0.77444,246135
2021-01-21,0.77444,0.77824,0.77414,0.77626,230088
2021-01-22,0.77626,0.77698,0.77019,0.77114,252192
2021-01-25,0.77147,0.77474,0.76826,0.77125,312185
2021-01-26,0.77125,0.77542,0.7669,0.77466,229495
2021-01-27,0.77466,0.77639,0.76435,0.76615,382723
2021-01-28,0.76615,0.76978,0.75919,0.76767,408690
2021-01-29,0.76767,0.77039,0.76314,0.76381,452624
2021-02-01,0.7619,0.76627,0.76058,0.76187,363238
2021-02-02,0.76187,0.76618,0.75636,0.76066,290256
2021-02-03,0.76066,0.76264,0.76015,0.76177,254242
2021-02-04,0.76177,0.76478,0.75881,0.75996,234213
2021-02-05,0.75996,0.76786,0.7583,0.76764,231112
2021-02-08,0.7667,0.7715,0.76512,0.76976,184753
2021-02-09,0.76976,0.77403,0.76968,0.77381,201013
2021-02-10,0.77381,0.77561,0.77173,0.77211,228452
2021-02-11,0.77211,0.77715,0.77128,0.77485,173464
2021-02-12,0.77485,0.77646,0.77182,0.776,156328
2021-02-15,0.77657,0.77888,0.77586,0.7779,117050
2021-02-16,0.7779,0.78053,0.77447,0.77542,210978
2021-02-17,0.77542,0.7772,0.77243,0.77498,223250
2021-02-18,0.77498,0.77896,0.77311,0.77671,226418
2021-02-19,0.77671,0.78772,0.77576,0.78662,222573
2021-02-22,0.78701,0.79292,0.78554,0.79142,257719
2021-02-23,0.79142,0.79347,0.78801,0.79102,258730
2021-02-24,0.79102,0.79732,0.78952,0.7967,319798
2021-02-25,0.7967,0.80072,0.78585,0.78712,806276
2021-02-26,0.78712,0.78835,0.7692,0.77054,506992
2021-03-01,0.771,0.77868,0.77064,0.77704,291251
2021-03-02,0.77704,0.78374,0.77357,0.78182,325210
2021-03-03,0.78182,0.78381,0.77706,0.77741,312684
2021-03-04,0.77741,0.78151,0.77085,0.77212,402469
2021-03-05,0.77212,0.77275,0.76214,0.76757,396050
2021-03-08,0.76915,0.77227,0.76362,0.76476,352109
2021-03-09,0.76476,0.77258,0.76215,0.77128,317947
2021-03-10,0.77128,0.77456,0.76685,0.77349,296010
2021-03-11,0.77349,0.77939,0.77232,0.7788,238974
2021-03-12,0.7788,0.78007,0.77242,0.7754,259906
2021-03-15,0.7754,0.77756,0.77055,0.77541,242332
2021-03-16,0.77541,0.77575,0.77107,0.77435,210513
2021-03-17,0.77435,0.78103,0.76991,0.77948,222216
2021-03-18,0.77948,0.78492,0.77492,0.77572,317011
2021-03-19,0.77572,0.77723,0.77174,0.77374,285762
2021-03-22,0.77056,0.77564,0.77035,0.77443,210511
2021-03-23,0.77443,0.77472,0.76171,0.76178,212492
2021-03-24,0.76178,0.76342,0.7579,0.75797,219181
2021-03-25,0.75797,0.76141,0.75631,0.75792,240284
2021-03-26,0.75792,0.76444,0.75725,0.76416,185167
2021-03-29,0.76317,0.76556,0.7615,0.76277,191518
2021-03-30,0.76277,0.76642,0.75848,0.75956,205475
2021-03-31,0.75956,0.76365,0.7588,0.75933,186376
2021-04-01,0.75933,0.76198,0.75318,0.76164,206276
2021-04-02,0.76164,0.76375,0.75921,0.76073,65124
2021-04-05,0.76019,0.76604,0.75985,0.76469,124015
2021-04-06,0.76469,0.76683,0.76059,0.76615,168528
2021-04-07,0.76615,0.76769,0.76006,0.76114,197576
2021-04-08,0.76114,0.76604,0.76027,0.76513,157546
2021-04-09,0.76513,0.76612,0.7588,0.76174,164282
2021-04-12,0.76174,0.76356,0.75948,0.76224,148301
2021-04-13,0.76224,0.76485,0.75851,0.76387,173166
2021-04-14,0.76387,0.77378,0.76343,0.77243,178933
2021-04-15,0.77243,0.77611,0.77056,0.77501,174622
2021-04-16,0.77501,0.77592,0.77241,0.77326,152012
2021-04-19,0.77271,0.77845,0.77062,0.77538,173524
2021-04-20,0.77538,0.78158,0.77091,0.77227,184543
2021-04-21,0.77227,0.77624,0.76992,0.77519,170609
2021-04-22,0.77519,0.77646,0.76904,0.77034,197568
2021-04-23,0.77034,0.77603,0.76952,0.77455,167889
2021-04-26,0.77395,0.78152,0.7739,0.77981,178817
2021-04-27,0.77981,0.78037,0.77615,0.77623,164716
2021-04-28,0.77623,0.78011,0.77252,0.77892,206978
2021-04-29,0.77892,0.78179,0.77503,0.77643,185016
2021-04-30,0.77643,0.77842,0.76959,0.77096,191107
2021-05-03,0.77206,0.77668,0.77061,0.77581,167763
2021-05-04,0.77581,0.77633,0.76749,0.77073,238204
2021-05-05,0.77073,0.77549,0.77041,0.7747,190041
2021-05-06,0.7747,0.77878,0.7701,0.77834,225040
2021-05-07,0.77834,0.78625,0.77611,0.78395,239021
2021-05-10,0.7858,0.78908,0.7827,0.78287,192849
2021-05-11,0.78287,0.78566,0.782,0.78398,262542
2021-05-12,0.78398,0.78452,0.77193,0.77228,299247
2021-05-13,0.77228,0.77483,0.76883,0.77271,295660
2021-05-14,0.77271,0.77874,0.77139,0.77798,189362
2021-05-17,0.77681,0.77838,0.77305,0.77607,182666
2021-05-18,0.77607,0.78136,0.77573,0.77897,166947
2021-05-19,0.77897,0.77975,0.77106,0.7726,293851
2021-05-20,0.7726,0.77814,0.7716,0.77712,197082
2021-05-21,0.77712,0.77828,0.7719,0.77257,179932
2021-05-24,0.7725,0.77578,0.77061,0.77515,138073
2021-05-25,0.77515,0.77763,0.7733,0.77487,172308
2021-05-26,0.77487,0.7796,0.77312,0.77406,174671
2021-05-27,0.77406,0.77576,0.77232,0.77435,159251
2021-05-28,0.77435,0.77474,0.76773,0.77086,152728
2021-05-31,0.7705,0.77413,0.77006,0.77293,102173
2021-06-01,0.77293,0.77692,0.77288,0.77506,136427
2021-06-02,0.77506,0.77734,0.77151,0.77519,101876
2021-06-03,0.77519,0.77538,0.76453,0.7659,121538
2021-06-04,0.7659,0.77451,0.7649,0.77386,124765
2021-06-07,0.77386,0.77656,0.77266,0.77542,88532
2021-06-08,0.77542,0.77634,0.77316,0.77376,96207
2021-06-09,0.77376,0.77621,0.77241,0.77286,80864
2021-06-10,0.77286,0.77636,0.77171,0.77483,135683
2021-06-11,0.77483,0.77756,0.76882,0.77026,94851
2021-06-14,0.77042,0.77259,0.76938,0.77101,87808
2021-06-15,0.77101,0.77166,0.76743,0.76858,118998
2021-06-16,0.76858,0.77156,0.76067,0.76071,199137
2021-06-17,0.76071,0.76458,0.75397,0.75478,216294
2021-06-18,0.75478,0.7561,0.74768,0.74785,206957
2021-06-21,0.74806,0.75463,0.74777,0.75352,197891
2021-06-22,0.75352,0.75643,0.74939,0.75512,146371
2021-06-23,0.75512,0.75991,0.75379,0.75721,152840
2021-06-24,0.75721,0.75916,0.75655,0.75826,138309
2021-06-25,0.75826,0.76167,0.75796,0.75868,124853
2021-06-28,0.7573,0.76017,0.75546,0.75645,115967
2021-06-29,0.75645,0.75706,0.75075,0.7509,120696
2021-06-30,0.7509,0.75272,0.74919,0.74979,128534
2021-07-01,0.74979,0.75078,0.74602,0.74676,132210
2021-07-02,0.74676,0.7533,0.74441,0.75257,148327
2021-07-05,0.7523,0.75372,0.75089,0.7524,87430
2021-07-06,0.7524,0.75989,0.74806,0.74925,165282
2021-07-07,0.74925,0.75338,0.74625,0.74811,157548
2021-07-08,0.74811,0.74887,0.74165,0.74277,235974
2021-07-09,0.74277,0.74941,0.74096,0.74917,146470
2021-07-12,0.74802,0.74959,0.74483,0.74716,105252
2021-07-13,0.74716,0.7503,0.74263,0.74441,122675
2021-07-14,0.74441,0.74859,0.74309,0.74761,138756
2021-07-15,0.74761,0.74875,0.74105,0.74182,133273
2021-07-16,0.74182,0.74428,0.73922,0.73926,130841
2021-07-19,0.74016,0.74025,0.73218,0.73421,197438
2021-07-20,0.73421,0.73572,0.72996,0.73282,186917
2021-07-21,0.73282,0.73627,0.72894,0.73556,192935
2021-07-22,0.73556,0.73973,0.73421,0.73753,207158
2021-07-23,0.73753,0.73999,0.7357,0.7362,163795
2021-07-26,0.73672,0.73906,0.73306,0.73791,157023
2021-07-27,0.73791,0.73887,0.7337,0.7356,175716
2021-07-28,0.7356,0.73816,0.73169,0.7374,230563
2021-07-29,0.7374,0.74135,0.73594,0.7394,175951
2021-07-30,0.7394,0.74046,0.7331,0.73425,207130
2021-08-02,0.733,0.73822,0.73291,0.73581,163200
2021-08-03,0.73581,0.74084,0.73574,0.73941,186549
2021-08-04,0.73941,0.74266,0.73701,0.73775,145698
2021-08-05,0.73775,0.74159,0.73748,0.73997,111998
2021-08-06,0.73997,0.74064,0.73464,0.73526,126920
2021-08-09,0.73526,0.73638,0.73276,0.73289,117973
2021-08-10,0.73289,0.73559,0.73159,0.73461,99394
2021-08-11,0.73461,0.73894,0.73233,0.73745,113207
2021-08-12,0.73745,0.73767,0.73319,0.73347,81667
2021-08-13,0.73347,0.73814,0.73296,0.73692,62594
2021-08-16,0.7368,0.73728,0.73193,0.73352,73026
2021-08-17,0.73352,0.73411,0.72424,0.72526,112591
2021-08-18,0.72526,0.72694,0.72276,0.72281,113236
2021-08-19,0.72281,0.72428,0.71422,0.71451,151325
2021-08-20,0.71451,0.71563,0.71059,0.71386,115756
2021-08-23,0.71188,0.72177,0.71188,0.72051,93328
2021-08-24,0.72051,0.72709,0.72006,0.7258,84691
2021-08-25,0.7258,0.72803,0.72372,0.72752,83641
2021-08-26,0.72752,0.72796,0.72342,0.72359,101040
2021-08-27,0.72359,0.73168,0.72221,0.73112,119725
2021-08-30,0.7304,0.73184,0.72844,0.72958,64262
2021-08-31,0.72958,0.73413,0.7288,0.73136,114424
2021-09-01,0.73136,0.73838,0.7308,0.73642,95895
2021-09-02,0.73642,0.74096,0.73558,0.73987,81998
2021-09-03,0.73987,0.74782,0.73953,0.745,119462
2021-09-06,0.745,0.74559,0.74263,0.74398,137078
2021-09-07,0.74398,0.74687,0.73746,0.73843,120344
2021-09-08,0.73843,0.7404,0.7345,0.7364,129975
2021-09-09,0.7364,0.73945,0.73469,0.73646,152196
2021-09-10,0.73646,0.74097,0.73482,0.7349,133055
2021-09-13,0.7349,0.73757,0.7336,0.73678,137288
2021-09-14,0.73678,0.73734,0.73133,0.73164,160779
2021-09-15,0.73164,0.73391,0.73012,0.73297,128269
2021-09-16,0.73297,0.73471,0.7274,0.7289,138971
2021-09-17,0.7289,0.73216,0.72622,0.72625,137441
2021-09-20,0.72604,0.72683,0.72201,0.72492,169868
2021-09-21,0.72492,0.7283,0.72216,0.72296,188930
2021-09-22,0.72296,0.72963,0.72212,0.72353,237421
2021-09-23,0.72353,0.73155,0.72229,0.72917,162311
2021-09-24,0.72917,0.73166,0.7236,0.72563,141406
2021-09-27,0.72526,0.72939,0.72495,0.72813,147387
2021-09-28,0.72813,0.73109,0.72255,0.72357,219177
2021-09-29,0.72357,0.72643,0.71703,0.71753,194009
2021-09-30,0.71753,0.72573,0.71698,0.72267,218135
2021-10-01,0.72267,0.72764,0.71919,0.72664,228823
2021-10-04,0.7257,0.7304,0.72512,0.72835,204225
2021-10-05,0.72835,0.7301,0.7249,0.72901,168690
2021-10-06,0.72901,0.72932,0.7226,0.7271,221093
2021-10-07,0.7271,0.73243,0.72673,0.73071,156375
2021-10-08,0.73071,0.73382,0.72882,0.7305,190272
2021-10-11,0.73046,0.73728,0.72921,0.73427,147751
2021-10-12,0.73427,0.73846,0.73321,0.73471,172533
2021-10-13,0.73471,0.73819,0.73235,0.73779,167375
2021-10-14,0.73779,0.74268,0.73709,0.74155,123871
2021-10-15,0.74155,0.74399,0.74033,0.74159,132586
2021-10-18,0.74143,0.74374,0.73787,0.74089,143044
2021-10-19,0.74089,0.74855,0.74076,0.74705,135812
2021-10-20,0.74705,0.75228,0.7465,0.7512,129699
2021-10-21,0.7512,0.75465,0.74584,0.74667,145478
2021-10-22,0.74667,0.75121,0.74537,0.74658,159928
2021-10-25,0.74644,0.75052,0.7461,0.7487,128839
2021-10-26,0.7487,0.75254,0.74843,0.7496,124457
2021-10-27,0.7496,0.75359,0.74873,0.7514,150639
2021-10-28,0.7514,0.75555,0.74796,0.7543,166275
2021-10-29,0.7543,0.75553,0.75004,0.7518,155514
2021-11-01,0.75065,0.75361,0.74861,0.75182,114554
2021-11-02,0.75182,0.75321,0.74203,0.74283,129494
2021-11-03,0.74283,0.74586,0.74122,0.74465,166535
2021-11-04,0.74465,0.74707,0.73828,0.73985,132301
2021-11-05,0.73985,0.74123,0.73599,0.73985,129080
2021-11-08,0.7391,0.74313,0.73842,0.74212,106144
2021-11-09,0.74212,0.74317,0.73608,0.73762,137521
2021-11-10,0.73762,0.73934,0.73241,0.73261,164931
2021-11-11,0.73261,0.73411,0.72871,0.72892,114017
2021-11-12,0.72892,0.73351,0.72766,0.73307,95061
2021-11-15,0.7323,0.73707,0.73211,0.73447,92707
2021-11-16,0.73447,0.73679,0.72922,0.73017,115569
2021-11-17,0.73017,0.7305,0.72586,0.72655,120881
2021-11-18,0.72655,0.72931,0.72494,0.7276,112232
2021-11-19,0.7276,0.72914,0.7227,0.72273,137969
2021-11-22,0.72351,0.72735,0.72209,0.7224,139423
2021-11-23,0.7224,0.72363,0.72067,0.72263,149329
2021-11-24,0.72263,0.72277,0.7184,0.7194,146515
2021-11-25,0.7194,0.72093,0.71799,0.71882,97194
2021-11-26,0.71882,0.719,0.71125,0.71133,208959
2021-11-29,0.71365,0.71596,0.71136,0.71409,155235
2021-11-30,0.71409,0.71706,0.70623,0.71257,256448
2021-12-01,0.71257,0.7173,0.70947,0.7102,197699
2021-12-02,0.7102,0.71196,0.70845,0.70937,200226
2021-12-03,0.70937,0.70948,0.6993,0.69946,191809
2021-12-06,0.69977,0.70545,0.69962,0.70505,135932
2021-12-07,0.70505,0.71228,0.70396,0.71187,115561
2021-12-08,0.71187,0.71839,0.71148,0.71701,143490
2021-12-09,0.71701,0.71867,0.71355,0.71469,104798
2021-12-10,0.71469,0.71824,0.71321,0.71686,106982
2021-12-13,0.71594,0.71761,0.71106,0.713,95397
2021-12-14,0.713,0.71356,0.709,0.71039,107875
2021-12-15,0.71039,0.71776,0.70921,0.7165,167944
2021-12-16,0.7165,0.72238,0.71455,0.71835,156728
2021-12-17,0.71835,0.71849,0.71225,0.7123,138409
2021-12-20,0.7128,0.71331,0.70822,0.71099,143170
2021-12-21,0.71099,0.71562,0.70985,0.71531,98220
2021-12-22,0.71531,0.72203,0.71207,0.72128,91532
2021-12-23,0.72128,0.72516,0.71961,0.72403,80797
2021-12-24,0.72403,0.72442,0.72162,0.72231,105385
2021-12-27,0.72231,0.72448,0.72056,0.72374,53440
2021-12-28,0.72374,0.72641,0.72188,0.72243,60097
2021-12-29,0.72243,0.72725,0.72128,0.72475,78223
2021-12-30,0.72475,0.72759,0.72402,0.7249,69873
2021-12-31,0.7249,0.72775,0.72436,0.72707,70582
2022-01-03,0.72707,0.7277,0.7184,0.71854,80899
2022-01-04,0.71854,0.72492,0.7185,0.72387,91520
2022-01-05,0.72387,0.72724,0.72152,0.72208,116434
2022-01-06,0.72208,0.72228,0.71456,0.71601,126408
2022-01-07,0.71601,0.71875,0.71297,0.71809,109026
2022-01-10,0.71809,0.72025,0.71487,0.7167,117605
2022-01-11,0.7167,0.72134,0.71548,0.72099,124596
2022-01-12,0.72099,0.72926,0.72003,0.72835,120956
2022-01-13,0.72835,0.73143,0.72733,0.72808,120424
2022-01-14,0.72808,0.72935,0.71982,0.72114,151112
2022-01-17,0.7212,0.72293,0.71955,0.72092,94266
2022-01-18,0.72092,0.72279,0.71699,0.71831,161435
2022-01-19,0.71831,0.72381,0.71769,0.72108,142311
2022-01-20,0.72108,0.72764,0.72068,0.72245,141094
2022-01-21,0.72245,0.72288,0.71714,0.71729,182437
2022-01-24,0.7171,0.71876,0.70906,0.71428,209145
2022-01-25,0.71428,0.71768,0.71214,0.71481,200832
2022-01-26,0.71481,0.71812,0.70956,0.71138,222182
2022-01-27,0.71138,0.71214,0.70236,0.70339,215548
2022-01-28,0.70339,0.70457,0.69675,0.69922,204038
2022-01-31,0.699,0.70765,0.6987,0.70661,155054
2022-02-01,0.70661,0.71305,0.70334,0.71282,163443
2022-02-02,0.71282,0.71587,0.71181,0.71351,132836
2022-02-03,0.71351,0.71682,0.71095,0.71378,178537
2022-02-04,0.71378,0.71516,0.70517,0.70735,179594
2022-02-07,0.70746,0.71302,0.70652,0.71259,143929
2022-02-08,0.71259,0.71467,0.71065,0.71458,124710
2022-02-09,0.71458,0.71945,0.71417,0.71784,105318
2022-02-10,0.71784,0.72487,0.71469,0.71662,208118
2022-02-11,0.71662,0.71851,0.71085,0.71303,254069
2022-02-14,0.71288,0.71504,0.70861,0.71251,248338
2022-02-15,0.71251,0.71565,0.71018,0.71516,169764
2022-02-16,0.71516,0.7205,0.71434,0.71945,170189
2022-02-17,0.71945,0.72174,0.71495,0.71855,259963
2022-02-18,0.71855,0.72279,0.71648,0.71719,195439
2022-02-21,0.71675,0.72226,0.71666,0.71897,175598
2022-02-22,0.71897,0.72335,0.71718,0.72171,258093
2022-02-23,0.72171,0.72838,0.72158,0.72329,181584
2022-02-24,0.72329,0.72333,0.70947,0.71615,426103
2022-02-25,0.71615,0.72377,0.71387,0.72301,286930
2022-02-28,0.71587,0.72656,0.71579,0.72611,278732
2022-03-01,0.72611,0.72897,0.7238,0.72497,233463
2022-03-02,0.72497,0.73065,0.72434,0.7296,255921
2022-03-03,0.7296,0.73477,0.7276,0.73277,209202
2022-03-04,0.73277,0.73805,0.73005,0.73739,233636
2022-03-07,0.73718,0.74412,0.73115,0.73145,332053
2022-03-08,0.73145,0.73481,0.72452,0.7265,348478
2022-03-09,0.7265,0.73373,0.7264,0.73182,213106
2022-03-10,0.73182,0.73674,0.72873,0.73544,214887
2022-03-11,0.73544,0.73671,0.72822,0.72896,205526
2022-03-14,0.7288,0.72987,0.71862,0.71873,182670
2022-03-15,0.71873,0.72273,0.71651,0.71948,195689
2022-03-16,0.71948,0.72969,0.71805,0.72877,246463
2022-03-17,0.72877,0.73931,0.72821,0.7376,213365
2022-03-18,0.7376,0.74178,0.73605,0.74135,146266
2022-03-21,0.7404,0.74247,0.73737,0.73993,157335
2022-03-22,0.73993,0.74714,0.73756,0.74665,135137
2022-03-23,0.74665,0.75071,0.745,0.74987,147296
2022-03-24,0.74987,0.75277,0.74663,0.7512,172646
2022-03-25,0.7512,0.75368,0.74946,0.75139,165241
2022-03-28,0.7503,0.75401,0.74664,0.74889,186207
2022-03-29,0.74889,0.75188,0.7456,0.75063,216236
2022-03-30,0.75063,0.75366,0.75022,0.75083,205902
2022-03-31,0.75083,0.75259,0.74704,0.74823,191925
2022-04-01,0.74823,0.75245,0.74725,0.7497,194978
2022-04-04,0.7497,0.75563,0.74829,0.75425,113951
2022-04-05,0.75425,0.76612,0.75356,0.75775,152239
2022-04-06,0.75775,0.75931,0.74856,0.75068,185901
2022-04-07,0.75068,0.75189,0.74664,0.74791,147454
2022-04-08,0.74791,0.74926,0.74262,0.74586,131863
2022-04-11,0.74499,0.74658,0.74137,0.74146,128925
2022-04-12,0.74146,0.74934,0.73994,0.74537,191146
2022-04-13,0.74537,0.74747,0.73916,0.74478,156314
2022-04-14,0.74478,0.74684,0.73969,0.74159,147280
2022-04-15,0.74159,0.74196,0.73903,0.73923,66691
2022-04-18,0.73893,0.74035,0.73427,0.7347,89757
2022-04-19,0.7347,0.73997,0.73433,0.73708,137665
2022-04-20,0.73708,0.74576,0.73708,0.74477,146228
2022-04-21,0.74477,0.74582,0.73648,0.73703,147793
2022-04-22,0.73703,0.73765,0.72346,0.72429,169259
2022-04-25,0.72505,0.72505,0.71346,0.7176,254904
2022-04-26,0.7176,0.72288,0.71187,0.71208,223288
2022-04-27,0.71208,0.71907,0.71012,0.71251,253797
2022-04-28,0.71251,0.71618,0.70548,0.70938,253503
2022-04-29,0.70938,0.71798,0.7057,0.70597,212407
2022-05-02,0.7067,0.7082,0.70298,0.70476,225131
2022-05-03,0.70476,0.71476,0.70458,0.70951,232904
2022-05-04,0.70951,0.72653,0.70885,0.72571,293066
2022-05-05,0.72571,0.72662,0.70771,0.71093,327469
2022-05-06,0.71093,0.71352,0.70583,0.70706,387951
2022-05-09,0.70643,0.70704,0.69448,0.69493,345548
2022-05-10,0.69493,0.69862,0.69106,0.69364,397926
2022-05-11,0.69364,0.70536,0.69275,0.69342,395104
2022-05-12,0.69342,0.69531,0.68287,0.68538,438766
2022-05-13,0.68538,0.69412,0.68532,0.69368,234978
2022-05-16,0.69368,0.69825,0.68721,0.69697,286998
2022-05-17,0.69697,0.70405,0.69664,0.70268,275933
2022-05-18,0.70268,0.70465,0.69494,0.69534,232008
2022-05-19,0.69534,0.70724,0.69518,0.70479,383527
2022-05-20,0.70479,0.70734,0.70022,0.70408,283283
2022-05-23,0.7048,0.71269,0.70401,0.71061,248629
2022-05-24,0.71061,0.7113,0.70568,0.71039,266509
2022-05-25,0.71039,0.7119,0.70356,0.70876,278924
2022-05-26,0.70876,0.71097,0.70572,0.70976,217744
2022-05-27,0.70976,0.71668,0.70893,0.71565,189536
2022-05-30,0.71561,0.71999,0.71525,0.71938,142165
2022-05-31,0.71938,0.72036,0.71495,0.71729,240695
2022-06-01,0.71729,0.72303,0.71556,0.71719,233931
2022-06-02,0.71719,0.72695,0.71408,0.72643,193083
2022-06-03,0.72643,0.72829,0.72017,0.72066,188836
2022-06-06,0.72115,0.72316,0.71867,0.71914,169309
2022-06-07,0.71914,0.72472,0.71569,0.72298,236662
2022-06-08,0.72298,0.72346,0.71757,0.7188,209803
2022-06-09,0.7188,0.71974,0.70935,0.70967,251056
2022-06-10,0.70967,0.71379,0.70372,0.70418,278244
2022-06-13,0.70358,0.70443,0.69112,0.69204,325219
2022-06-14,0.69204,0.69704,0.68504,0.68686,372294
2022-06-15,0.68686,0.70245,0.68664,0.70025,436440
2022-06-16,0.70025,0.70692,0.69433,0.70432,781868
2022-06-17,0.70432,0.70513,0.68974,0.69363,353758
2022-06-20,0.6915,0.69959,0.6915,0.69499,202973
2022-06-21,0.69499,0.69937,0.69344,0.69687,238981
2022-06-22,0.69687,0.69724,0.68814,0.69246,274204
2022-06-23,0.69246,0.69279,0.68691,0.68947,297050
2022-06-24,0.68947,0.69576,0.68884,0.69429,236645
2022-06-27,0.69435,0.69588,0.69071,0.69213,266418
2022-06-28,0.69213,0.69646,0.69038,0.69055,285458
2022-06-29,0.69055,0.692,0.68615,0.68742,302904
2022-06-30,0.68742,0.69192,0.68536,0.69013,303740
2022-07-01,0.69013,0.69033,0.67636,0.68156,327834
2022-07-04,0.68085,0.68886,0.67938,0.68598,184611
2022-07-05,0.68598,0.68948,0.67613,0.68003,334863
2022-07-06,0.68003,0.6826,0.67619,0.67753,375831
2022-07-07,0.67753,0.68484,0.67643,0.68377,260679
2022-07-08,0.68377,0.68743,0.67916,0.68538,296040
2022-07-11,0.68401,0.68545,0.67143,0.67315,272770
2022-07-12,0.67315,0.67789,0.67107,0.67538,306703
2022-07-13,0.67538,0.68034,0.67255,0.6758,408571
2022-07-14,0.6758,0.67876,0.66812,0.67479,399388
2022-07-15,0.67479,0.68063,0.67188,0.67919,291411
2022-07-18,0.67852,0.68544,0.67841,0.68114,238623
2022-07-19,0.68114,0.69124,0.68026,0.68958,237615
2022-07-20,0.68958,0.69304,0.6873,0.68843,255275
2022-07-21,0.68843,0.69364,0.68588,0.69321,295818
2022-07-22,0.69321,0.69774,0.68934,0.69221,271068
2022-07-25,0.69255,0.69651,0.68781,0.6953,240349
2022-07-26,0.6953,0.69831,0.69218,0.69371,214625
2022-07-27,0.69371,0.70124,0.69119,0.69897,262009
2022-07-28,0.69897,0.70137,0.69551,0.69904,283645
2022-07-29,0.69904,0.70316,0.69111,0.69876,268937
2022-08-01,0.69806,0.7047,0.69682,0.70208,220341
2022-08-02,0.70208,0.7032,0.69127,0.69184,293258
2022-08-03,0.69184,0.69558,0.68862,0.69446,252530
2022-08-04,0.69446,0.69898,0.69349,0.69681,214683
2022-08-05,0.69681,0.69748,0.68694,0.69109,224011
2022-08-08,0.69034,0.70093,0.68978,0.69813,171892
2022-08-09,0.69813,0.69945,0.69529,0.69579,169989
2022-08-10,0.69579,0.71091,0.69466,0.70781,232242
2022-08-11,0.70781,0.71367,0.70628,0.71019,244422
2022-08-12,0.71019,0.71282,0.70848,0.71213,202356
2022-08-15,0.71097,0.71251,0.7011,0.70219,184168
2022-08-16,0.70219,0.70401,0.69911,0.70212,196255
2022-08-17,0.70212,0.70263,0.69108,0.69332,259124
2022-08-18,0.69332,0.69699,0.6899,0.69142,247465
2022-08-19,0.69142,0.69195,0.6859,0.68746,211827
2022-08-22,0.68746,0.69291,0.68621,0.68749,217025
2022-08-23,0.68749,0.69633,0.6856,0.6928,263989
2022-08-24,0.6928,0.6931,0.6879,0.69051,240333
2022-08-25,0.69051,0.69911,0.69011,0.69806,245878
2022-08-26,0.69806,0.70088,0.6888,0.689,296333
2022-08-29,0.68781,0.69258,0.68406,0.68972,270399
2022-08-30,0.68972,0.6956,0.68456,0.68523,313627
2022-08-31,0.68523,0.69039,0.68343,0.68403,300631
2022-09-01,0.68403,0.68456,0.67711,0.67861,316427
2022-09-02,0.67861,0.6855,0.67793,0.68059,298521
2022-09-05,0.67757,0.68039,0.67727,0.67927,197517
2022-09-06,0.67927,0.68325,0.67276,0.67346,331922
2022-09-07,0.67346,0.67695,0.66988,0.67681,303071
2022-09-08,0.67681,0.6774,0.67132,0.67504,357976
2022-09-09,0.67504,0.68771,0.67444,0.68419,269027
2022-09-12,0.68286,0.68995,0.68242,0.68853,244791
2022-09-13,0.68853,0.69161,0.67264,0.67279,271943
2022-09-14,0.67279,0.67603,0.67051,0.67475,319247
2022-09-15,0.67475,0.677,0.66959,0.67019,257835
2022-09-16,0.67019,0.67241,0.66699,0.67186,263074
2022-09-19,0.671,0.6734,0.66721,0.67264,198198
2022-09-20,0.67264,0.67474,0.66762,0.66887,247594
2022-09-21,0.66887,0.67051,0.66214,0.66281,343475
2022-09-22,0.66281,0.66707,0.65739,0.6644,398688
2022-09-23,0.6644,0.66558,0.65112,0.65279,330799
2022-09-26,0.65155,0.6538,0.64375,0.64542,485375
2022-09-27,0.64542,0.65128,0.64136,0.64339,381982
2022-09-28,0.64339,0.65308,0.6363,0.65214,507964
2022-09-29,0.65214,0.65248,0.64352,0.64997,445778
2022-09-30,0.64997,0.65237,0.63908,0.63982,434922
2022-10-03,0.6401,0.65221,0.63997,0.65149,334916
2022-10-04,0.65149,0.65473,0.64506,0.64989,351328
2022-10-05,0.64989,0.65262,0.64165,0.64859,336929
2022-10-06,0.64859,0.65408,0.63891,0.6408,384824
2022-10-07,0.6408,0.64325,0.6354,0.6365,331184
2022-10-10,0.63625,0.63802,0.62745,0.62983,310834
2022-10-11,0.62983,0.63459,0.62471,0.62696,408477
2022-10-12,0.62696,0.62987,0.62353,0.62768,411388
2022-10-13,0.62768,0.63165,0.61699,0.62983,446326
2022-10-14,0.62983,0.63469,0.61942,0.6199,418463
2022-10-17,0.6206,0.6312,0.62027,0.62885,321742
2022-10-18,0.62885,0.63398,0.62654,0.63041,354729
2022-10-19,0.63041,0.63252,0.62513,0.62681,336454
2022-10-20,0.62681,0.6356,0.62286,0.62799,365916
2022-10-21,0.62799,0.63929,0.62102,0.63795,462656
2022-10-24,0.63928,0.64113,0.62724,0.63121,470706
2022-10-25,0.63121,0.64122,0.63021,0.63927,311931
2022-10-26,0.63927,0.65111,0.63722,0.6496,363230
2022-10-27,0.6496,0.65221,0.64256,0.6451,392499
2022-10-28,0.6451,0.64798,0.6389,0.64112,337437
2022-10-31,0.63985,0.64279,0.63679,0.63972,279054
2022-11-01,0.63972,0.64638,0.63769,0.63932,370720
2022-11-02,0.63932,0.64924,0.63444,0.63478,418048
2022-11-03,0.63478,0.63721,0.62721,0.62875,349844
2022-11-04,0.62875,0.64828,0.6285,0.64682,412163
2022-11-07,0.64134,0.64907,0.64064,0.64775,344437
2022-11-08,0.64775,0.65512,0.64444,0.65044,315885
2022-11-09,0.65044,0.65221,0.64142,0.64302,413168
2022-11-10,0.64302,0.66317,0.63864,0.66185,466591
2022-11-11,0.66185,0.67168,0.65777,0.6703,405486
2022-11-14,0.67002,0.67239,0.66637,0.66992,393136
2022-11-15,0.66992,0.67977,0.66854,0.67525,542789
2022-11-16,0.67525,0.67926,0.67195,0.674,442202
2022-11-17,0.674,0.67511,0.66339,0.66845,390524
2022-11-18,0.66845,0.67305,0.66613,0.66737,316306
2022-11-21,0.66632,0.66835,0.65848,0.66049,301623
2022-11-22,0.66049,0.66515,0.65988,0.66482,299690
2022-11-23,0.66482,0.67388,0.66342,0.67328,329728
2022-11-24,0.67328,0.67783,0.6726,0.67643,196507
2022-11-25,0.67643,0.67807,0.67206,0.67506,255535
2022-11-28,0.67178,0.67274,0.66421,0.66517,322460
2022-11-29,0.66517,0.67489,0.66402,0.66873,351601
2022-11-30,0.66873,0.6801,0.66702,0.67871,388840
2022-12-01,0.67871,0.68445,0.67809,0.68113,384971
2022-12-02,0.68113,0.68362,0.67423,0.67938,329037
2022-12-05,0.67724,0.68508,0.66871,0.66976,305397
2022-12-06,0.66976,0.67443,0.66809,0.66879,304846
2022-12-07,0.66879,0.67422,0.66688,0.67239,332715
2022-12-08,0.67239,0.67809,0.66982,0.67693,288445
2022-12-09,0.67693,0.68137,0.67424,0.67949,283809
2022-12-12,0.67828,0.67982,0.67287,0.6746,253997
2022-12-13,0.6746,0.68932,0.674,0.68534,417749
2022-12-14,0.68534,0.68818,0.68103,0.68636,388910
2022-12-15,0.68636,0.68696,0.66768,0.67003,359642
2022-12-16,0.67003,0.67359,0.66752,0.66846,304105
2022-12-19,0.67007,0.67326,0.66827,0.66998,231568
2022-12-20,0.66998,0.67442,0.66291,0.66797,397123
2022-12-21,0.66797,0.67281,0.66566,0.67073,304752
2022-12-22,0.67073,0.67673,0.66501,0.6665,275946
2022-12-23,0.6665,0.67248,0.66594,0.67119,261931
2022-12-26,0.67119,0.67277,0.66829,0.67234,6351
2022-12-27,0.67234,0.67757,0.67206,0.67325,209812
2022-12-28,0.67325,0.68011,0.67193,0.67346,244680
2022-12-29,0.67346,0.67873,0.67102,0.67706,178437
2022-12-30,0.67706,0.6821,0.67539,0.68146,231703
2023-01-02,0.68146,0.68187,0.67927,0.67976,48959
2023-01-03,0.67976,0.68346,0.6688,0.67239,323292
2023-01-04,0.67239,0.68863,0.67167,0.68344,346805
2023-01-05,0.68344,0.68452,0.67349,0.67515,306521
2023-01-06,0.67515,0.68867,0.67221,0.68722,337381
2023-01-09,0.68774,0.69498,0.68744,0.69113,317168
2023-01-10,0.69113,0.69279,0.68598,0.6888,337995
2023-01-11,0.6888,0.69256,0.68729,0.69052,266450
2023-01-12,0.69052,0.69848,0.68699,0.6964,414768
2023-01-13,0.6964,0.69943,0.69154,0.69764,310704
2023-01-16,0.69675,0.70191,0.69408,0.69529,233980
2023-01-17,0.69529,0.69971,0.69296,0.69873,334275
2023-01-18,0.69873,0.70633,0.69355,0.69421,412105
2023-01-19,0.69421,0.6948,0.68717,0.69097,335278
2023-01-20,0.69097,0.69735,0.69062,0.6967,285967
2023-01-23,0.69602,0.70399,0.69598,0.70242,272643
2023-01-24,0.70242,0.70579,0.69932,0.70442,256135
2023-01-25,0.70442,0.71226,0.70321,0.71031,277724
2023-01-26,0.71031,0.71424,0.70792,0.71108,279570
2023-01-27,0.71108,0.71297,0.70822,0.71062,251680
2023-01-30,0.70936,0.71204,0.7051,0.70601,288640
2023-01-31,0.70601,0.70649,0.69838,0.70542,327480
2023-02-01,0.70542,0.71448,0.70366,0.71338,368550
2023-02-02,0.71338,0.71577,0.70685,0.70764,400933
2023-02-03,0.70764,0.70804,0.69189,0.69205,394462
2023-02-06,0.68922,0.69486,0.68553,0.68821,300429
2023-02-07,0.68821,0.69885,0.68793,0.69582,404180
2023-02-08,0.69582,0.69963,0.69189,0.6923,290678
2023-02-09,0.6923,0.70113,0.69192,0.6936,275930
2023-02-10,0.6936,0.69601,0.69089,0.69148,320817
2023-02-13,0.69153,0.69735,0.68901,0.69651,238511
2023-02-14,0.69651,0.70294,0.69212,0.69831,436428
2023-02-15,0.69831,0.6989,0.68647,0.69028,315258
2023-02-16,0.69028,0.6936,0.68401,0.68784,345989
2023-02-17,0.68784,0.68842,0.68116,0.68771,288689
2023-02-20,0.68676,0.69206,0.68624,0.69027,195780
2023-02-21,0.69027,0.69197,0.68473,0.68496,325597
2023-02-22,0.68496,0.68649,0.67944,0.68013,319259
2023-02-23,0.68013,0.68417,0.67812,0.68068,264228
2023-02-24,0.68068,0.68241,0.67184,0.6724,292820
2023-02-27,0.673,0.67448,0.66981,0.67381,231786
2023-02-28,0.67381,0.67576,0.67036,0.67286,249716
2023-03-01,0.67286,0.67836,0.66949,0.67584,299235
2023-03-02,0.67584,0.6766,0.67066,0.67291,277914
2023-03-03,0.67291,0.67747,0.672,0.67651,233954
2023-03-06,0.67418,0.67696,0.67162,0.67299,215667
2023-03-07,0.67299,0.67479,0.658,0.6583,300651
2023-03-08,0.6583,0.6629,0.65677,0.65883,262217
2023-03-09,0.65883,0.66362,0.6576,0.65895,228476
2023-03-10,0.65895,0.66401,0.65639,0.65804,419405
2023-03-13,0.66112,0.67168,0.65966,0.66668,597738
2023-03-14,0.66668,0.6696,0.66316,0.66818,426750
2023-03-15,0.66818,0.67115,0.65897,0.6618,446588
2023-03-16,0.6618,0.66682,0.66069,0.66554,397893
2023-03-17,0.66554,0.67241,0.66437,0.66983,285403
2023-03-20,0.67128,0.673,0.66656,0.6715,310313
2023-03-21,0.6715,0.67262,0.66496,0.66664,211007
2023-03-22,0.66664,0.67588,0.66603,0.66838,252750
2023-03-23,0.66838,0.67555,0.66696,0.66818,265261
2023-03-24,0.66818,0.66942,0.66252,0.6643,244066
2023-03-27,0.66509,0.66657,0.66338,0.66499,198538
2023-03-28,0.66499,0.67102,0.6644,0.67081,180413
2023-03-29,0.67081,0.67131,0.66613,0.66841,191310
2023-03-30,0.66841,0.67183,0.66614,0.67121,179965
2023-03-31,0.67121,0.67378,0.66702,0.66836,192832
2023-04-03,0.66791,0.679,0.66509,0.67851,233583
2023-04-04,0.67851,0.67933,0.67206,0.6751,219890
2023-04-05,0.6751,0.67798,0.66769,0.67176,227168
2023-04-06,0.67176,0.67254,0.6653,0.66713,172267
2023-04-07,0.66713,0.66914,0.66409,0.66605,87280
2023-04-10,0.66605,0.66802,0.66192,0.66407,131800
2023-04-11,0.66407,0.66797,0.66338,0.66531,169673
2023-04-12,0.66531,0.67235,0.66477,0.66888,210243
2023-04-13,0.66888,0.67967,0.66852,0.67807,195887
2023-04-14,0.67807,0.68059,0.66951,0.6708,214302
2023-04-17,0.6702,0.67192,0.6681,0.67005,171927
2023-04-18,0.67005,0.67474,0.66934,0.67232,178741
2023-04-19,0.67232,0.67414,0.669,0.67122,171044
2023-04-20,0.67122,0.67717,0.66969,0.67414,173589
2023-04-21,0.67414,0.67455,0.66777,0.66901,166891
2023-04-24,0.66938,0.66979,0.66654,0.66955,149127
2023-04-25,0.66955,0.67055,0.66143,0.66255,166321
2023-04-26,0.66255,0.66391,0.65914,0.66004,209940
2023-04-27,0.66004,0.66353,0.65953,0.66301,206495
2023-04-28,0.66301,0.66423,0.65736,0.66136,222743
2023-05-01,0.66115,0.66682,0.66055,0.66304,158047
2023-05-02,0.66304,0.6717,0.66205,0.66625,229872
2023-05-03,0.66625,0.67033,0.66492,0.66702,241183
2023-05-04,0.66702,0.67063,0.66403,0.66923,280476
2023-05-05,0.66923,0.67571,0.66885,0.67499,205226
2023-05-08,0.67469,0.68036,0.67399,0.67792,160657
2023-05-09,0.67792,0.67868,0.67465,0.67618,159573
2023-05-10,0.67618,0.68181,0.67442,0.6779,222508
2023-05-11,0.6779,0.67962,0.66889,0.67018,233381
2023-05-12,0.67018,0.67062,0.66362,0.66391,178491
2023-05-15,0.66437,0.67087,0.66416,0.66998,160509
2023-05-16,0.66998,0.67097,0.66512,0.66548,189416
2023-05-17,0.66548,0.66731,0.66289,0.6659,179339
2023-05-18,0.6659,0.66678,0.66048,0.66217,190830
2023-05-19,0.66217,0.66752,0.66144,0.66453,227386
2023-05-22,0.66416,0.66675,0.66272,0.66523,194937
2023-05-23,0.66523,0.66619,0.66072,0.6609,192800
2023-05-24,0.6609,0.66153,0.65296,0.65435,221990
2023-05-25,0.65435,0.65471,0.64984,0.65046,215785
2023-05-26,0.65046,0.65442,0.64904,0.65169,191235
2023-05-29,0.6521,0.6554,0.65181,0.65371,94255
2023-05-30,0.65371,0.65593,0.65029,0.65166,194807
2023-05-31,0.65166,0.65387,0.64582,0.65018,216886
2023-06-01,0.65018,0.65816,0.64844,0.65687,200235
2023-06-02,0.65687,0.66385,0.65652,0.66048,191327
2023-06-05,0.66048,0.66375,0.65794,0.66167,170772
2023-06-06,0.66167,0.66855,0.66096,0.66704,182808
2023-06-07,0.66704,0.67173,0.66415,0.66512,184280
2023-06-08,0.66512,0.67181,0.66499,0.67156,163301
2023-06-09,0.67156,0.67506,0.66927,0.6743,156324
2023-06-12,0.6738,0.67735,0.67313,0.67499,133849
2023-06-13,0.67499,0.68069,0.67378,0.67661,204612
2023-06-14,0.67661,0.68356,0.67557,0.67956,208419
2023-06-15,0.67956,0.68927,0.67645,0.68816,198061
2023-06-16,0.68816,0.68996,0.6855,0.68731,186020
2023-06-19,0.68731,0.68827,0.6834,0.68498,137525
2023-06-20,0.68498,0.68552,0.67529,0.67839,211400
2023-06-21,0.67839,0.68045,0.67407,0.67964,238473
2023-06-22,0.67964,0.68062,0.67446,0.67555,219926
2023-06-23,0.67555,0.67677,0.66627,0.66758,226011
2023-06-26,0.6678,0.66939,0.66675,0.66748,186978
2023-06-27,0.66748,0.67206,0.66669,0.66859,216844
2023-06-28,0.66859,0.66892,0.65968,0.65991,216654
2023-06-29,0.65991,0.66405,0.65952,0.66158,209268
2023-06-30,0.66158,0.66715,0.66032,0.6655,207685
2023-07-03,0.66585,0.66918,0.66368,0.66705,174085
2023-07-04,0.66705,0.67054,0.66415,0.66898,135599
2023-07-05,0.66898,0.66985,0.6653,0.66544,176641
2023-07-06,0.66544,0.66879,0.65991,0.66248,228482
2023-07-07,0.66248,0.67007,0.66154,0.66919,229239
2023-07-10,0.66729,0.6696,0.66234,0.66746,194762
2023-07-11,0.66746,0.66949,0.66507,0.66855,203057
2023-07-12,0.66855,0.6796,0.66804,0.67856,263955
2023-07-13,0.67856,0.68948,0.67816,0.68885,229188
2023-07-14,0.68885,0.68949,0.68304,0.6836,220409
2023-07-17,0.68415,0.6843,0.67874,0.68156,183799
2023-07-18,0.68156,0.68372,0.6789,0.68114,249148
2023-07-19,0.68114,0.682,0.675,0.67713,239532
2023-07-20,0.67713,0.68467,0.67651,0.67787,242193
2023-07-21,0.67787,0.67878,0.67222,0.67269,201075
2023-07-24,0.67269,0.67561,0.67149,0.67389,217766
2023-07-25,0.67389,0.67948,0.67253,0.67917,200828
2023-07-26,0.67917,0.67933,0.67286,0.67571,275469
2023-07-27,0.67571,0.68211,0.66982,0.6709,265156
2023-07-28,0.6709,0.67135,0.66225,0.66457,272933
2023-07-31,0.66559,0.67395,0.66466,0.67169,201354
2023-08-01,0.67169,0.67235,0.66021,0.6613,198502
2023-08-02,0.6613,0.66298,0.65267,0.65382,216210
2023-08-03,0.65382,0.65685,0.65141,0.65502,238663
2023-08-04,0.65502,0.66094,0.65376,0.65639,241302
2023-08-07,0.65705,0.65928,0.65552,0.65732,180473
2023-08-08,0.65732,0.6576,0.64965,0.65437,212031
2023-08-09,0.65437,0.65712,0.65198,0.6528,204404
2023-08-10,0.6528,0.66167,0.6514,0.65148,254559
2023-08-11,0.65148,0.65336,0.64858,0.64933,218671
2023-08-14,0.64926,0.6503,0.64538,0.64868,219423
2023-08-15,0.64868,0.65218,0.64513,0.64545,274076
2023-08-16,0.64545,0.64805,0.64158,0.64239,255182
2023-08-17,0.64239,0.64507,0.63643,0.64031,261089
2023-08-18,0.64031,0.64289,0.6379,0.64017,218712
2023-08-21,0.64052,0.64214,0.6387,0.64139,207516
2023-08-22,0.64139,0.64578,0.64035,0.64229,213345
2023-08-23,0.64229,0.64816,0.64109,0.64804,211414
2023-08-24,0.64804,0.64881,0.64125,0.64172,209370
2023-08-25,0.64172,0.64413,0.63798,0.64015,233451
2023-08-28,0.6401,0.64399,0.6401,0.64289,166780
2023-08-29,0.64289,0.64868,0.6401,0.64802,213751
2023-08-30,0.64802,0.65222,0.64494,0.64745,215424
2023-08-31,0.64745,0.65078,0.64611,0.64843,215310
2023-09-01,0.64843,0.65218,0.64383,0.64445,227848
2023-09-04,0.64498,0.64805,0.64403,0.64603,106576
2023-09-05,0.64603,0.64646,0.63574,0.63785,212484
2023-09-06,0.63785,0.64045,0.63574,0.63795,199445
2023-09-07,0.63795,0.6395,0.63622,0.63753,173738
2023-09-08,0.63753,0.64147,0.6367,0.63743,149652
2023-09-11,0.63847,0.64494,0.63762,0.64287,171513
2023-09-12,0.64287,0.64398,0.64084,0.64256,147363
2023-09-13,0.64256,0.64341,0.63801,0.64211,200179
2023-09-14,0.64211,0.64597,0.64139,0.64392,216154
2023-09-15,0.64392,0.64735,0.64246,0.64278,175604
2023-09-18,0.64334,0.64489,0.64165,0.64368,140317
2023-09-19,0.64368,0.64737,0.64277,0.64534,140403
2023-09-20,0.64534,0.65112,0.64397,0.64472,199341
2023-09-21,0.64472,0.64526,0.63852,0.64156,203226
2023-09-22,0.64156,0.64652,0.64037,0.6439,177231
2023-09-25,0.6439,0.64467,0.64041,0.64231,154462
2023-09-26,0.64231,0.64305,0.63874,0.63967,196646
2023-09-27,0.63967,0.6409,0.63313,0.6352,183033
2023-09-28,0.6352,0.64325,0.63447,0.64264,236006
2023-09-29,0.64264,0.6501,0.64194,0.64299,210325
2023-10-02,0.64219,0.64451,0.63621,0.63631,187663
2023-10-03,0.63631,0.63671,0.62854,0.63017,251828
2023-10-04,0.63017,0.63425,0.62865,0.6325,248190
2023-10-05,0.6325,0.63777,0.63174,0.63697,217038
2023-10-06,0.63697,0.64002,0.63123,0.63835,255657
2023-10-09,0.63545,0.64148,0.63427,0.64104,187308
2023-10-10,0.64104,0.6433,0.63901,0.64313,228076
2023-10-11,0.64313,0.64452,0.63879,0.64136,216134
2023-10-12,0.64136,0.6431,0.63071,0.63138,211555
2023-10-13,0.63138,0.63344,0.62863,0.6295,198511
2023-10-16,0.62999,0.6345,0.62996,0.63422,166839
2023-10-17,0.63422,0.63798,0.6332,0.63647,205926
2023-10-18,0.63647,0.63931,0.63279,0.63362,201548
2023-10-19,0.63362,0.63566,0.62959,0.63287,258161
2023-10-20,0.63287,0.63288,0.62972,0.63097,179976
2023-10-23,0.63132,0.63487,0.62889,0.63351,163242
2023-10-24,0.63351,0.6379,0.63296,0.63545,195246
2023-10-25,0.63545,0.63997,0.63053,0.63083,194439
2023-10-26,0.63083,0.63307,0.62701,0.63215,232682
2023-10-27,0.63215,0.63679,0.63184,0.63327,192133
2023-10-30,0.63346,0.63837,0.6332,0.63738,163602
2023-10-31,0.63738,0.63763,0.63143,0.63369,183952
2023-11-01,0.63369,0.63996,0.63181,0.63933,225518
2023-11-02,0.63933,0.64559,0.63867,0.64337,164734
2023-11-03,0.64337,0.65183,0.64197,0.65122,186154
2023-11-06,0.65054,0.65228,0.64849,0.64887,133047
2023-11-07,0.64887,0.65014,0.64039,0.64362,149459
2023-11-08,0.64362,0.64494,0.63972,0.64016,141452
2023-11-09,0.64016,0.64284,0.63633,0.63661,166829
2023-11-10,0.63661,0.63697,0.63385,0.6358,142685
2023-11-13,0.63503,0.63913,0.63499,0.63763,116563
2023-11-14,0.63763,0.65124,0.63473,0.65066,165769
2023-11-15,0.65066,0.65419,0.64833,0.65083,171835
2023-11-16,0.65083,0.65169,0.64606,0.64675,172721
2023-11-17,0.64675,0.65157,0.64524,0.65136,157745
2023-11-20,0.64992,0.65651,0.64992,0.65562,160943
2023-11-21,0.65562,0.65895,0.65444,0.65555,172883
2023-11-22,0.65555,0.65696,0.65213,0.65418,172634
2023-11-23,0.65418,0.65747,0.65346,0.65558,100474
2023-11-24,0.65558,0.6591,0.65499,0.65794,109811
2023-11-27,0.65749,0.66141,0.65668,0.66063,143509
2023-11-28,0.66063,0.66658,0.65963,0.66479,169209
2023-11-29,0.66479,0.66764,0.66056,0.66163,194861
2023-11-30,0.66163,0.66503,0.65708,0.66042,215590
2023-12-01,0.66042,0.66757,0.65994,0.66708,196008
2023-12-04,0.66637,0.66906,0.66048,0.66194,181088
2023-12-05,0.66194,0.66217,0.6544,0.65517,208331
2023-12-06,0.65517,0.65973,0.65462,0.65484,165648
2023-12-07,0.65484,0.66201,0.65253,0.6602,195144
2023-12-08,0.6602,0.66195,0.65579,0.65725,234207
2023-12-11,0.65668,0.65829,0.65499,0.65674,152637
2023-12-12,0.65674,0.66123,0.65396,0.65585,159478
2023-12-13,0.65585,0.66731,0.65414,0.66597,197815
2023-12-14,0.66597,0.67285,0.66544,0.66959,266615
2023-12-15,0.66959,0.67286,0.6663,0.66996,202290
2023-12-18,0.66956,0.67352,0.66903,0.67061,146372
2023-12-19,0.67061,0.67746,0.67003,0.67622,158354
2023-12-20,0.67622,0.67791,0.67241,0.67299,161104
2023-12-21,0.67299,0.68038,0.67232,0.68017,179809
2023-12-22,0.68017,0.68249,0.67732,0.67956,167806
2023-12-25,0.67956,0.67956,0.67857,0.67913,15
2023-12-26,0.67913,0.6827,0.67913,0.68241,66646
2023-12-27,0.68241,0.68515,0.68159,0.68464,110334
2023-12-28,0.68464,0.6871,0.68242,0.68261,137373
2023-12-29,0.68261,0.68463,0.67811,0.68102,135609
2024-01-01,0.68205,0.68205,0.68139,0.68205,0
2024-01-02,0.68102,0.6839,0.67565,0.67591,139270
2024-01-03,0.67591,0.67707,0.67018,0.67309,193017
2024-01-04,0.67309,0.67598,0.66965,0.67062,159785
2024-01-05,0.67062,0.67478,0.66404,0.67124,219368
2024-01-08,0.6715,0.67346,0.66775,0.67193,154817
2024-01-09,0.67193,0.67345,0.6677,0.66867,153748
2024-01-10,0.66867,0.67129,0.66786,0.66996,143590
2024-01-11,0.66996,0.67255,0.66469,0.66871,204778
2024-01-12,0.66871,0.67287,0.6678,0.66814,179032
2024-01-15,0.66844,0.67045,0.66502,0.66605,103778
2024-01-16,0.66605,0.66618,0.6576,0.65838,211028
2024-01-17,0.65838,0.65946,0.65248,0.65515,194891
2024-01-18,0.65515,0.65747,0.65251,0.65726,177872
2024-01-19,0.65726,0.66016,0.65648,0.65952,151080
2024-01-22,0.65952,0.66137,0.65662,0.65696,157647
2024-01-23,0.65696,0.66123,0.65515,0.6579,164480
2024-01-24,0.6579,0.66209,0.65659,0.65771,188293
2024-01-25,0.65771,0.66098,0.6566,0.65846,195815
2024-01-26,0.65846,0.66097,0.65698,0.65737,160590
2024-01-29,0.65712,0.66157,0.65695,0.66104,134253
2024-01-30,0.66104,0.66244,0.6575,0.66022,161662
2024-01-31,0.66022,0.66226,0.65514,0.65668,265931
2024-02-01,0.65668,0.65791,0.65081,0.65717,212185
2024-02-02,0.65717,0.66103,0.65023,0.65112,192736
2024-02-05,0.651,0.65202,0.64686,0.64828,170373
2024-02-06,0.64828,0.6525,0.64781,0.65231,168611
2024-02-07,0.65231,0.65402,0.65155,0.65199,150638
2024-02-08,0.65199,0.65319,0.64803,0.64916,135233
2024-02-09,0.64916,0.65342,0.64864,0.65224,136894
2024-02-12,0.65125,0.6543,0.65118,0.65305,106690
2024-02-13,0.65305,0.65371,0.64426,0.64532,156859
2024-02-14,0.64532,0.64955,0.64463,0.64888,142590
2024-02-15,0.64888,0.65295,0.64775,0.65244,152976
2024-02-16,0.65244,0.65447,0.64964,0.65281,138465
2024-02-19,0.65234,0.65519,0.65234,0.65381,100102
2024-02-20,0.65381,0.65791,0.65214,0.65485,136953
2024-02-21,0.65485,0.65732,0.6533,0.65517,154947
2024-02-22,0.65517,0.6595,0.65404,0.65568,157688
2024-02-23,0.65568,0.65805,0.65496,0.65629,147250
2024-02-26,0.65646,0.65668,0.65308,0.65401,124731
2024-02-27,0.65401,0.65578,0.65249,0.65434,139350
2024-02-28,0.65434,0.65494,0.64884,0.64956,147376
2024-02-29,0.64956,0.65311,0.64868,0.64975,174155
2024-03-01,0.64975,0.65339,0.64895,0.6522,154742
2024-03-04,0.65262,0.65352,0.65074,0.65078,133770
2024-03-05,0.65078,0.65208,0.64772,0.65038,141732
2024-03-06,0.65038,0.65815,0.64925,0.6564,176259
2024-03-07,0.6564,0.66245,0.65601,0.662,166496
2024-03-08,0.662,0.66676,0.66131,0.66262,188448
2024-03-11,0.66235,0.6627,0.65967,0.66136,153918
2024-03-12,0.66136,0.66388,0.65843,0.66062,175025
2024-03-13,0.66062,0.66352,0.65994,0.66212,134742
2024-03-14,0.66212,0.66318,0.65694,0.65808,154339
2024-03-15,0.65808,0.65829,0.65521,0.65595,140326
2024-03-18,0.65575,0.65739,0.65507,0.65591,105067
2024-03-19,0.65591,0.65639,0.65039,0.6532,163025
2024-03-20,0.6532,0.6587,0.65116,0.65863,161271
2024-03-21,0.65863,0.66345,0.6561,0.65698,168228
2024-03-22,0.65698,0.65768,0.65101,0.65133,137088
2024-03-25,0.65128,0.65468,0.65099,0.65398,124451
2024-03-26,0.65398,0.6559,0.65303,0.65329,113678
2024-03-27,0.65329,0.65388,0.65112,0.65341,132148
2024-03-28,0.65341,0.65408,0.64853,0.65157,128594
2024-03-29,0.65157,0.6533,0.65051,0.6515,53692
2024-04-01,0.65173,0.65387,0.64807,0.64891,102027
2024-04-02,0.64891,0.65238,0.64829,0.65178,117995
2024-04-03,0.65178,0.65698,0.65032,0.65643,140502
2024-04-04,0.65643,0.6619,0.65577,0.65874,111130
2024-04-05,0.65874,0.65926,0.65492,0.65765,159196
2024-04-08,0.65653,0.66099,0.65593,0.66043,139982
2024-04-09,0.66043,0.66444,0.65985,0.66283,129486
2024-04-10,0.66283,0.66313,0.64986,0.65123,197265
2024-04-11,0.65123,0.65529,0.65018,0.65376,191323
2024-04-12,0.65376,0.65432,0.6456,0.6459,172828
2024-04-15,0.64643,0.64931,0.64376,0.64418,200215
2024-04-16,0.64418,0.64446,0.6389,0.64016,214143
2024-04-17,0.64016,0.64462,0.63964,0.6435,173484
2024-04-18,0.6435,0.64565,0.64164,0.64213,168324
2024-04-19,0.64213,0.64329,0.63623,0.64143,238423
2024-04-22,0.64119,0.64554,0.64073,0.64489,136722
2024-04-23,0.64489,0.64901,0.6441,0.64871,143403
2024-04-24,0.64871,0.65296,0.6483,0.64971,131071
2024-04-25,0.64971,0.65384,0.64853,0.65184,149562
2024-04-26,0.65184,0.65542,0.65142,0.65303,151768
2024-04-29,0.6529,0.65865,0.65246,0.65664,172559
2024-04-30,0.65664,0.65676,0.64718,0.64731,162076
2024-05-01,0.64731,0.654,0.64652,0.65228,189674
2024-05-02,0.65228,0.65731,0.65125,0.65652,193438
2024-05-03,0.65652,0.66479,0.65611,0.66077,212750
2024-05-06,0.6615,0.66383,0.66019,0.66254,115851
2024-05-07,0.66254,0.66437,0.65867,0.65975,145379
2024-05-08,0.65975,0.65991,0.65579,0.65792,110918
2024-05-09,0.65792,0.66213,0.65654,0.66198,129098
2024-05-10,0.66198,0.66229,0.65959,0.65996,120320
2024-05-13,0.65984,0.66287,0.65857,0.66077,107943
2024-05-14,0.66077,0.66277,0.6579,0.66264,131785
2024-05-15,0.66264,0.6695,0.6619,0.66932,156143
2024-05-16,0.66932,0.67141,0.6654,0.66781,142035
2024-05-17,0.66781,0.67012,0.66486,0.66919,114369
2024-05-20,0.66905,0.67093,0.66618,0.66672,127002
2024-05-21,0.66672,0.6679,0.66465,0.66654,139710
2024-05-22,0.66654,0.66853,0.66078,0.66196,149970
2024-05-23,0.66196,0.6653,0.65975,0.66061,175542
2024-05-24,0.66061,0.66365,0.65921,0.66266,126766
2024-05-27,0.66227,0.66599,0.6622,0.66515,90430
2024-05-28,0.66515,0.66798,0.66426,0.66494,138532
2024-05-29,0.66494,0.66661,0.66092,0.66099,157057
2024-05-30,0.66099,0.66476,0.65907,0.6633,163427
2024-05-31,0.6633,0.66727,0.66263,0.66523,172550
2024-06-03,0.66462,0.6695,0.66324,0.66892,164258
2024-06-04,0.66892,0.66986,0.66309,0.6649,194192
2024-06-05,0.6649,0.66645,0.6626,0.66472,167325
2024-06-06,0.66472,0.66835,0.66334,0.66667,153968
2024-06-07,0.66667,0.66813,0.65783,0.65783,189540
2024-06-10,0.65792,0.66111,0.65746,0.66096,138584
2024-06-11,0.66096,0.66135,0.65885,0.66061,149467
2024-06-12,0.66061,0.67043,0.65971,0.66633,241665
2024-06-13,0.66633,0.66753,0.66259,0.66354,180923
2024-06-14,0.66354,0.66415,0.65911,0.66139,209868
2024-06-17,0.66101,0.6618,0.65851,0.66129,145528
2024-06-18,0.66129,0.66576,0.66,0.6656,171445
2024-06-19,0.6656,0.66775,0.66509,0.667,68771
2024-06-20,0.667,0.66792,0.66475,0.66555,154804
2024-06-21,0.66555,0.66697,0.66316,0.66395,152774
2024-06-24,0.66341,0.66677,0.6626,0.66566,161405
2024-06-25,0.66566,0.66727,0.6635,0.66471,154540
2024-06-26,0.66471,0.66886,0.66359,0.66476,183533
2024-06-27,0.66476,0.66725,0.66398,0.66465,171727
2024-06-28,0.66465,0.66846,0.66197,0.66681,205864
2024-07-01,0.66788,0.66888,0.66438,0.66596,178926
2024-07-02,0.66596,0.66707,0.6634,0.6667,182612
2024-07-03,0.6667,0.67336,0.66627,0.67038,157420
2024-07-04,0.67038,0.67318,0.67012,0.67242,100313
2024-07-05,0.67242,0.67527,0.67091,0.67473,188425
2024-07-08,0.67354,0.6761,0.67317,0.67368,160328
2024-07-09,0.67368,0.67477,0.67238,0.67408,166839
2024-07-10,0.67408,0.67521,0.67319,0.67473,148254
2024-07-11,0.67473,0.67985,0.67415,0.67595,229382
2024-07-12,0.67595,0.67937,0.67539,0.67828,207936
2024-07-15,0.67687,0.67887,0.67524,0.67593,196924
2024-07-16,0.67593,0.67642,0.67145,0.67335,188318
2024-07-17,0.67335,0.67547,0.67209,0.67288,221364
2024-07-18,0.67288,0.67436,0.66975,0.67059,229539
2024-07-19,0.67059,0.67088,0.66797,0.66842,197127
2024-07-22,0.66871,0.67021,0.66313,0.66421,195231
2024-07-23,0.66421,0.66459,0.66112,0.66147,165319
2024-07-24,0.66147,0.66168,0.65775,0.65813,204455
2024-07-25,0.65813,0.65826,0.65132,0.65376,264640
2024-07-26,0.65376,0.65684,0.6534,0.65454,176290
2024-07-29,0.65475,0.65683,0.65241,0.65486,172781
2024-07-30,0.65486,0.65623,0.6529,0.65372,182090
2024-07-31,0.65372,0.65557,0.64794,0.65418,270054
2024-08-01,0.65418,0.65599,0.64887,0.65007,254785
2024-08-02,0.65007,0.65474,0.64866,0.65083,307233
2024-08-05,0.65083,0.65173,0.63478,0.64941,550561
2024-08-06,0.64941,0.65417,0.64722,0.65172,432533
2024-08-07,0.65172,0.65746,0.65094,0.65177,341823
2024-08-08,0.65177,0.65941,0.65071,0.65924,319631
2024-08-09,0.65924,0.66053,0.65665,0.65694,227677
2024-08-12,0.6565,0.66049,0.6565,0.65831,195303
2024-08-13,0.65831,0.66379,0.6579,0.66336,211068
2024-08-14,0.66336,0.66429,0.65953,0.65962,241817
2024-08-15,0.65962,0.66345,0.65604,0.66102,212381
2024-08-16,0.66102,0.66713,0.66075,0.66671,163536
2024-08-19,0.66641,0.67336,0.66613,0.67278,188284
2024-08-20,0.67278,0.67491,0.67131,0.67435,192934
2024-08-21,0.67435,0.6761,0.67306,0.67398,193631
2024-08-22,0.67398,0.67527,0.6697,0.67039,192785
2024-08-23,0.67039,0.67985,0.66986,0.67933,236240
2024-08-26,0.67871,0.67968,0.67665,0.6771,182325
2024-08-27,0.6771,0.67956,0.67615,0.67919,176428
2024-08-28,0.67919,0.68129,0.67642,0.67848,220239
2024-08-29,0.67848,0.68239,0.67791,0.67981,231096
2024-08-30,0.67981,0.68164,0.67514,0.67624,198838
2024-09-02,0.67628,0.67947,0.67568,0.67897,121234
2024-09-03,0.67897,0.67923,0.67077,0.6711,230127
2024-09-04,0.6711,0.67493,0.66857,0.67246,233740
2024-09-05,0.67246,0.67417,0.67134,0.67407,215706
2024-09-06,0.67407,0.67672,0.66597,0.66673,282092
2024-09-09,0.66629,0.6689,0.66477,0.66601,187155
2024-09-10,0.66601,0.66765,0.6641,0.66524,177212
2024-09-11,0.66524,0.6676,0.6622,0.66739,248838
2024-09-12,0.66739,0.67252,0.66564,0.6722,218070
2024-09-13,0.6722,0.67327,0.66921,0.6701,197321
2024-09-16,0.66977,0.67535,0.66977,0.67512,160382
2024-09-17,0.67509,0.67684,0.6741,0.6755,191125
2024-09-18,0.6755,0.682,0.6742,0.67642,297123
2024-09-19,0.67642,0.68387,0.67373,0.68136,301853
2024-09-20,0.68136,0.68284,0.67826,0.68036,233066
2024-09-23,0.68009,0.68533,0.67935,0.68372,203570
2024-09-24,0.68372,0.68928,0.68141,0.68915,235590
2024-09-25,0.68915,0.69078,0.68176,0.68226,227411
2024-09-26,0.68226,0.69044,0.68184,0.68954,247979
2024-09-27,0.68954,0.69368,0.68677,0.68979,250892
2024-09-30,0.68996,0.6942,0.68947,0.69125,245294
2024-10-01,0.69125,0.69342,0.6856,0.68824,297502
2024-10-02,0.68824,0.69153,0.68751,0.68849,238767
2024-10-03,0.68849,0.68881,0.68298,0.68396,264430
2024-10-04,0.68396,0.68518,0.67851,0.67911,219916
2024-10-07,0.67892,0.68099,0.67429,0.67564,223843
2024-10-08,0.67564,0.67691,0.67149,0.67467,277572
2024-10-09,0.67467,0.67616,0.67072,0.67173,247799
2024-10-10,0.67173,0.6742,0.66997,0.674,250203
2024-10-11,0.674,0.67588,0.67244,0.67484,160874
2024-10-14,0.67354,0.67446,0.67018,0.67259,182348
2024-10-15,0.67259,0.67323,0.66978,0.67026,197372
2024-10-16,0.67026,0.67041,0.66579,0.66658,191056
2024-10-17,0.66658,0.67101,0.66586,0.66955,208483
2024-10-18,0.66955,0.67191,0.66929,0.67016,172736
2024-10-21,0.66979,0.6723,0.66523,0.66579,167606
2024-10-22,0.66579,0.66949,0.66504,0.66814,177678
2024-10-23,0.66814,0.66912,0.66136,0.66333,180995
2024-10-24,0.66333,0.6661,0.66206,0.66393,180708
2024-10-25,0.66393,0.66463,0.65991,0.66009,155281
2024-10-28,0.66148,0.66148,0.65791,0.65823,149466
2024-10-29,0.65823,0.65853,0.65446,0.656,181932
2024-10-30,0.656,0.65958,0.65364,0.65714,195720
2024-10-31,0.65714,0.65839,0.65391,0.65809,201571
2024-11-01,0.65809,0.65909,0.65534,0.65577,205782
2024-11-04,0.66074,0.66186,0.65792,0.6584,209872
2024-11-05,0.6584,0.66414,0.65784,0.66377,173237
2024-11-06,0.66377,0.66447,0.65119,0.65697,482271
2024-11-07,0.65697,0.66875,0.65638,0.66789,284184
2024-11-08,0.66789,0.66802,0.65578,0.65795,249734
2024-11-11,0.65804,0.6598,0.65622,0.65734,189176
2024-11-12,0.65734,0.65814,0.65137,0.65323,235728
2024-11-13,0.65323,0.65456,0.64799,0.64848,261319
2024-11-14,0.64848,0.6497,0.64404,0.64536,277778
2024-11-15,0.64536,0.64812,0.64426,0.64591,255199
2024-11-18,0.64605,0.6511,0.64475,0.65073,203019
2024-11-19,0.65073,0.65338,0.64819,0.6531,249229
2024-11-20,0.6531,0.65441,0.64841,0.65055,200023
2024-11-21,0.65055,0.65322,0.64968,0.65107,228542
2024-11-22,0.65107,0.65212,0.64708,0.64967,272312
2024-11-25,0.65369,0.65495,0.64869,0.65032,227984
2024-11-26,0.65032,0.65073,0.64334,0.64739,284106
2024-11-27,0.64739,0.65004,0.64577,0.64959,256664
2024-11-28,0.64959,0.65091,0.64769,0.64969,147876
2024-11-29,0.64969,0.65276,0.64916,0.65088,222514
2024-12-02,0.65076,0.65143,0.64426,0.64745,255094
2024-12-03,0.64745,0.65043,0.64548,0.64852,209093
2024-12-04,0.64852,0.6488,0.6399,0.64296,236709
2024-12-05,0.64296,0.64545,0.6421,0.64517,166914
2024-12-06,0.64517,0.64553,0.63724,0.63876,215196
2024-12-09,0.63875,0.64712,0.63794,0.6439,171890
2024-12-10,0.6439,0.64422,0.6365,0.63766,203607
2024-12-11,0.63766,0.6389,0.63362,0.63685,248194
2024-12-12,0.63685,0.6429,0.63606,0.63679,243442
2024-12-13,0.63679,0.63834,0.63514,0.63599,183506
2024-12-16,0.63481,0.63824,0.63446,0.63705,163497
2024-12-17,0.63705,0.63775,0.63313,0.63365,163629
2024-12-18,0.63365,0.6339,0.62138,0.62162,232763
2024-12-19,0.62162,0.6265,0.61986,0.62374,265078
2024-12-20,0.62374,0.62741,0.62145,0.62466,236630
2024-12-23,0.6253,0.62646,0.62184,0.62472,177775
2024-12-24,0.62472,0.62487,0.62241,0.62326,117975
2024-12-25,0.624,0.66474,0.62301,0.62391,2194
2024-12-26,0.62326,0.62455,0.62154,0.62195,116863
2024-12-27,0.62195,0.62259,0.62002,0.62112,171508
2024-12-30,0.62118,0.62463,0.62014,0.622,161302
2024-12-31,0.622,0.62313,0.61787,0.61894,165947
2025-01-01,0.61904,0.61961,0.61893,0.61943,15
2025-01-02,0.61894,0.62206,0.61894,0.62025,170395
2025-01-03,0.62025,0.62251,0.61929,0.62135,180174
2025-01-06,0.6208,0.63018,0.62042,0.62452,262880
2025-01-07,0.62452,0.62878,0.62276,0.62301,201433
2025-01-08,0.62301,0.62418,0.6187,0.62142,214280
2025-01-09,0.62142,0.62164,0.61716,0.61945,143128
2025-01-10,0.61945,0.62058,0.6139,0.61441,233788
2025-01-13,0.61436,0.6177,0.61308,0.61762,195286
2025-01-14,0.61762,0.62069,0.61656,0.61938,216338
2025-01-15,0.61938,0.62462,0.61807,0.62262,190954
2025-01-16,0.62262,0.62457,0.61915,0.62118,203981
2025-01-17,0.62118,0.6227,0.61639,0.61869,189187
2025-01-20,0.61962,0.62863,0.61896,0.62731,266558
2025-01-21,0.62731,0.62885,0.62078,0.62722,287483
2025-01-22,0.62722,0.62952,0.62526,0.62724,191128
2025-01-23,0.62724,0.62994,0.62546,0.62835,190596
2025-01-24,0.62835,0.63303,0.62782,0.63101,233301
2025-01-27,0.63029,0.63075,0.62745,0.62913,238696
2025-01-28,0.62913,0.62931,0.62363,0.62517,201046
2025-01-29,0.62517,0.62554,0.62098,0.6227,216313
2025-01-30,0.6227,0.62431,0.61985,0.62085,213429
2025-01-31,0.62085,0.62624,0.61994,0.62077,269250
2025-02-03,0.61575,0.62369,0.60872,0.62256,480045
2025-02-04,0.62256,0.62618,0.61701,0.62479,232725
2025-02-05,0.62479,0.62965,0.62398,0.62841,208057
2025-02-06,0.62841,0.62877,0.62549,0.6283,167754
2025-02-07,0.6283,0.63012,0.62526,0.62624,244914
2025-02-10,0.62328,0.62871,0.62328,0.62762,152912
2025-02-11,0.62762,0.63015,0.62601,0.62937,168299
2025-02-12,0.62937,0.63091,0.62347,0.62793,241038
2025-02-13,0.62793,0.63225,0.62543,0.63165,253602
2025-02-14,0.63165,0.63674,0.63099,0.63476,189972
2025-02-17,0.63446,0.63735,0.63441,0.63552,157010
2025-02-18,0.63552,0.63674,0.63337,0.63522,165127
2025-02-19,0.63522,0.63697,0.63363,0.63435,169507
2025-02-20,0.63435,0.64039,0.63273,0.63996,192668
2025-02-21,0.63996,0.64081,0.63515,0.63563,194290
2025-02-24,0.63644,0.63918,0.63438,0.63488,208988
2025-02-25,0.63488,0.63561,0.63218,0.63435,207781
2025-02-26,0.63435,0.63534,0.62955,0.63044,212209
2025-02-27,0.63044,0.63141,0.62316,0.62351,263063
2025-02-28,0.62351,0.6238,0.61923,0.62034,245672
2025-03-03,0.62113,0.62543,0.62034,0.62241,264052
2025-03-04,0.62241,0.62722,0.61867,0.62715,366218
2025-03-05,0.62715,0.6342,0.62336,0.63346,353326
2025-03-06,0.63346,0.63637,0.63221,0.63318,309182
2025-03-07,0.63318,0.63374,0.62818,0.63044,288305
2025-03-10,0.63029,0.63307,0.62642,0.62771,260986
2025-03-11,0.62771,0.63114,0.62584,0.62976,312668
2025-03-12,0.62976,0.63227,0.62761,0.63201,245627
2025-03-13,0.63201,0.63334,0.62687,0.62837,218336
2025-03-14,0.62837,0.6331,0.62771,0.63225,184955
2025-03-17,0.63195,0.63906,0.63171,0.63834,157817
2025-03-18,0.63834,0.63905,0.63436,0.63605,138688
2025-03-19,0.63605,0.63662,0.63192,0.63567,181775
2025-03-20,0.63567,0.63635,0.62708,0.63023,184338
2025-03-21,0.63023,0.63059,0.62575,0.62687,145577
2025-03-24,0.62629,0.63049,0.62629,0.62856,145684
2025-03-25,0.62856,0.63251,0.62767,0.63024,134549
2025-03-26,0.63024,0.63303,0.62778,0.62972,151757
2025-03-27,0.62972,0.6318,0.62787,0.63035,154251
2025-03-28,0.63035,0.63118,0.62804,0.62826,134938
2025-03-30,0.62825,0.63004,0.62192,0.62829,48443
2025-03-31,0.62841,0.63002,0.62185,0.62468,171907
2025-04-01,0.62468,0.62828,0.62316,0.62767,171733
2025-04-02,0.62767,0.63408,0.62567,0.62962,187814
2025-04-03,0.62962,0.63886,0.62256,0.63276,406042
2025-04-04,0.63276,0.63316,0.59862,0.60355,662896
2025-04-06,0.5997,0.61141,0.59591,0.59877,6021723
2025-04-07,0.59951,0.61268,0.59309,0.59833,989147
2025-04-08,0.59833,0.6085,0.59463,0.59567,531345
2025-04-09,0.59567,0.6175,0.59132,0.6151,781190
2025-04-10,0.6151,0.6249,0.61149,0.62231,635630
2025-04-11,0.62231,0.63003,0.61806,0.62908,712345
2025-04-13,0.6306,0.6345,0.62779,0.63013,4698225
2025-04-14,0.63029,0.63423,0.62747,0.63258,362252
2025-04-15,0.63258,0.63828,0.63157,0.6344,262542
2025-04-16,0.6344,0.63912,0.63218,0.63701,283383
2025-04-17,0.63701,0.63937,0.63333,0.63907,231529
2025-04-18,0.63907,0.63932,0.63649,0.63725,893290
2025-04-20,0.63784,0.63784,0.63706,0.63706,5115972
2025-04-21,0.63636,0.64375,0.63636,0.64092,199933
2025-04-22,0.64092,0.6439,0.63608,0.63643,226519
2025-04-23,0.63643,0.64352,0.63488,0.63582,304644
2025-04-24,0.63582,0.64129,0.63434,0.64079,208217
2025-04-25,0.64079,0.64202,0.63741,0.63934,180281
2025-04-27,0.6398,0.64086,0.63725,0.63891,35090
2025-04-28,0.63835,0.64347,0.63675,0.64301,173301
2025-04-29,0.64301,0.64495,0.63756,0.63827,173564
2025-04-30,0.63827,0.64174,0.63555,0.6401,195020
2025-05-01,0.6401,0.64269,0.63652,0.63825,181701
2025-05-02,0.63825,0.64696,0.63772,0.64441,218562
2025-05-04,0.64462,0.64831,0.64367,0.64612,44483
2025-05-05,0.64452,0.64935,0.64339,0.64678,177816
2025-05-06,0.64678,0.65012,0.64375,0.64934,167268
2025-05-07,0.64934,0.65144,0.64208,0.64228,229754
2025-05-08,0.64228,0.64643,0.63947,0.6399,205690
2025-05-09,0.6399,0.64322,0.63705,0.64089,142303
2025-05-11,0.6414,0.64359,0.6414,0.64241,50521
2025-05-12,0.64249,0.64605,0.63563,0.63704,249808
2025-05-13,0.63704,0.64785,0.63604,0.64697,179983
2025-05-14,0.64697,0.65008,0.6422,0.64276,202260
2025-05-15,0.64276,0.64575,0.63901,0.64044,168638
2025-05-16,0.64044,0.64359,0.63874,0.6401,134932
2025-05-18,0.6412,0.64647,0.63989,0.641,35489
2025-05-19,0.63936,0.64648,0.63936,0.64554,150915
2025-05-20,0.64554,0.64587,0.63913,0.64239,151270
2025-05-21,0.64239,0.6469,0.64167,0.64338,175875
2025-05-22,0.64338,0.64585,0.64069,0.64089,168642
2025-05-23,0.64089,0.64991,0.64069,0.64914,173639
2025-05-25,0.64965,0.65397,0.64889,0.65242,45765
2025-05-26,0.64914,0.6537,0.64814,0.64848,107321
2025-05-27,0.64848,0.64951,0.64344,0.64414,151088
2025-05-28,0.64414,0.64531,0.64095,0.6425,155609
2025-05-29,0.6425,0.64597,0.64067,0.64414,210892
2025-05-30,0.64414,0.64522,0.64072,0.64327,193673
2025-06-01,0.64338,0.64757,0.64338,0.6451,38058
2025-06-02,0.64319,0.65,0.64277,0.64947,158183
2025-06-03,0.64947,0.64995,0.64466,0.64614,149866
2025-06-04,0.64614,0.65044,0.64502,0.64916,154153
2025-06-05,0.64916,0.65377,0.64844,0.65048,185849
2025-06-06,0.65048,0.65167,0.64791,0.6489,176109
2025-06-08,0.64948,0.65206,0.64939,0.65126,29455
2025-06-09,0.64872,0.65336,0.64872,0.65155,117382
2025-06-10,0.65155,0.65327,0.64894,0.65215,169524
2025-06-11,0.65215,0.65455,0.64954,0.64995,178682
2025-06-12,0.64995,0.65334,0.64767,0.65325,195043
2025-06-13,0.65325,0.6533,0.64589,0.6485,274367
2025-06-15,0.64901,0.64988,0.64666,0.64699,50318
2025-06-16,0.64727,0.65517,0.64661,0.65224,184934
2025-06-17,0.65224,0.65433,0.64657,0.64747,209777
2025-06-18,0.64747,0.65371,0.6468,0.65079,221295
2025-06-19,0.65079,0.65106,0.64451,0.64805,162655
2025-06-20,0.64805,0.64952,0.64454,0.64454,158757
2025-06-22,0.64524,0.64524,0.63974,0.64018,54208
2025-06-23,0.64223,0.64631,0.63722,0.64581,247179
2025-06-24,0.64581,0.65191,0.64545,0.64886,211142
2025-06-25,0.64886,0.65148,0.64838,0.65123,150396
2025-06-26,0.65123,0.65637,0.65021,0.6545,197097
2025-06-27,0.6545,0.65606,0.65077,0.65294,187863
2025-06-29,0.65304,0.65377,0.65285,0.65315,38983
2025-06-30,0.65308,0.65829,0.65224,0.65791,162934
2025-07-01,0.65794,0.65905,0.65537,0.65816,163592
2025-07-02,0.65816,0.65888,0.65432,0.65834,154772
2025-07-03,0.65834,0.65877,0.65369,0.65708,151892
2025-07-04,0.65708,0.65792,0.65449,0.6546,164369
2025-07-06,0.65493,0.65526,0.64868,0.65518,36778
2025-07-07,0.6546,0.65558,0.64852,0.6491,162998
2025-07-08,0.6491,0.65579,0.64877,0.65302,190764
2025-07-09,0.65302,0.6548,0.65096,0.65348,166239
2025-07-10,0.65348,0.65915,0.65264,0.65871,133624
2025-07-11,0.65871,0.65951,0.65562,0.65714,185316
2025-07-13,0.6582,0.659,0.65581,0.65675,35895
2025-07-14,0.65593,0.65876,0.65427,0.65446,131339
2025-07-15,0.65446,0.65758,0.65074,0.65135,161508
2025-07-16,0.65135,0.65544,0.64951,0.65275,219715
2025-07-17,0.65275,0.65304,0.64543,0.64882,147149
2025-07-18,0.64882,0.65405,0.64797,0.65037,105163
2025-07-20,0.65125,0.65383,0.64986,0.65121,24990
2025-07-21,0.65092,0.65374,0.64979,0.65239,107574
2025-07-22,0.65239,0.6558,0.6504,0.6553,128180
2025-07-23,0.6553,0.6603,0.65453,0.66014,160805
2025-07-24,0.66014,0.6625,0.6586,0.65894,155284
2025-07-25,0.65894,0.65986,0.65507,0.65644,152139
2025-07-27,0.65729,0.65764,0.6567,0.65705,32155
2025-07-28,0.65746,0.65859,0.65128,0.65204,168791
2025-07-29,0.65204,0.65299,0.6496,0.65088,156309
2025-07-30,0.65088,0.65287,0.64258,0.64331,229117
2025-07-31,0.64331,0.64762,0.64238,0.64249,187591
2025-08-01,0.64249,0.64932,0.64182,0.64674,274177
2025-08-03,0.64792,0.64857,0.64647,0.64823,41819
2025-08-04,0.64674,0.64897,0.64593,0.64661,167352
2025-08-05,0.64661,0.64794,0.64493,0.64714,162540
2025-08-06,0.64714,0.65089,0.64621,0.65022,129303
2025-08-07,0.65022,0.65413,0.64894,0.65226,170127
2025-08-08,0.65226,0.65348,0.65113,0.65178,118609
2025-08-10,0.6517,0.65308,0.65018,0.65177,15045
2025-08-11,0.65212,0.65285,0.6501,0.65121,120861
2025-08-12,0.65121,0.65405,0.64817,0.65288,187470
2025-08-13,0.65288,0.65627,0.65161,0.65452,116292
2025-08-14,0.65452,0.65687,0.64827,0.64924,160832
2025-08-15,0.64924,0.65228,0.64867,0.65042,119339
2025-08-17,0.65115,0.65127,0.65023,0.65122,16882
2025-08-18,0.65072,0.65241,0.64815,0.64903,94203
2025-08-19,0.64903,0.64976,0.64496,0.64527,112204
2025-08-20,0.64527,0.6456,0.64235,0.64331,128942
2025-08-21,0.64331,0.64368,0.64145,0.64199,131018
2025-08-22,0.64199,0.6501,0.6415,0.64898,166037
2025-08-24,0.64922,0.64986,0.64746,0.64866,22958
2025-08-25,0.64846,0.6505,0.64716,0.64813,109027
2025-08-26,0.64813,0.65008,0.647,0.6494,141291
2025-08-27,0.6494,0.65129,0.64625,0.65054,124008
2025-08-28,0.65054,0.65375,0.64999,0.65313,115617
2025-08-29,0.65313,0.65486,0.65228,0.6536,121978
2025-08-31,0.65428,0.65505,0.65347,0.6545,23101
2025-09-01,0.65428,0.65599,0.65347,0.65517,89235
2025-09-02,0.65517,0.65585,0.64829,0.65194,168082
2025-09-03,0.65194,0.65543,0.6502,0.65429,146869
2025-09-04,0.65429,0.65497,0.65012,0.65173,129917
2025-09-05,0.65173,0.65888,0.65113,0.65505,161395
2025-09-07,0.65591,0.65681,0.65488,0.65575,32333
2025-09-08,0.65493,0.65986,0.65453,0.65916,122772
2025-09-09,0.65916,0.66198,0.6582,0.65838,134273
2025-09-10,0.65838,0.66356,0.658,0.66129,144298
2025-09-11,0.66129,0.66651,0.65886,0.66592,151381
2025-09-12,0.66592,0.66689,0.66305,0.66472,119852
2025-09-14,0.66339,0.66497,0.65987,0.66488,19220
2025-09-15,0.66472,0.66749,0.66397,0.66692,113852
2025-09-16,0.66692,0.66883,0.66598,0.66851,135387
2025-09-17,0.66851,0.67071,0.66411,0.66529,213385
2025-09-18,0.66529,0.66599,0.6607,0.66118,180261
2025-09-19,0.66118,0.66196,0.65858,0.65891,139789
2025-09-21,0.65878,0.65945,0.65641,0.65884,27624
2025-09-22,0.65891,0.66026,0.65747,0.6598,124831
2025-09-23,0.6598,0.66155,0.65812,0.65978,128638
2025-09-24,0.65978,0.66279,0.65747,0.65818,148297
2025-09-25,0.65818,0.66037,0.65259,0.654,174590
2025-09-26,0.654,0.65515,0.65205,0.65441,155075
2025-09-28,0.6551,0.65811,0.65486,0.6554,22754
2025-09-29,0.65441,0.65811,0.65441,0.6576,133525
2025-09-30,0.6576,0.66284,0.65709,0.66123,181905
2025-10-01,0.66123,0.66291,0.65892,0.66123,191195
2025-10-02,0.66123,0.66244,0.65766,0.65956,137203
2025-10-03,0.65956,0.6614,0.65888,0.6599,133138
2025-10-05,0.65813,0.66259,0.65803,0.66088,37203
2025-10-06,0.65813,0.66206,0.65803,0.66172,179621
2025-10-07,0.66172,0.66242,0.65785,0.658,149441
2025-10-08,0.658,0.65891,0.65565,0.65861,158505
2025-10-09,0.65861,0.66122,0.65399,0.65551,200015
2025-10-10,0.65551,0.65728,0.64714,0.64742,245708
2025-10-12,0.6499,0.65325,0.64984,0.64984,257128
2025-10-13,0.6512,0.65326,0.64912,0.65138,197738
2025-10-14,0.65138,0.65211,0.64402,0.6485,242185
2025-10-15,0.6485,0.65233,0.64785,0.65117,183881
2025-10-16,0.65117,0.65157,0.64709,0.64837,238813
2025-10-17,0.64837,0.65023,0.64433,0.64899,271230
2025-10-19,0.65005,0.65204,0.64859,0.65017,33303
2025-10-20,0.64838,0.65214,0.64838,0.65122,156025
2025-10-21,0.65122,0.6525,0.64727,0.64876,189581
2025-10-22,0.64876,0.6512,0.64781,0.64863,203894
2025-10-23,0.64863,0.65179,0.64787,0.65106,144739
2025-10-24,0.65106,0.65288,0.64928,0.65091,159969
2025-10-26,0.65419,0.65436,0.65083,0.65331,36206
2025-10-27,0.65419,0.65595,0.65267,0.6555,148534
2025-10-28,0.6555,0.65906,0.65443,0.65841,136953
2025-10-29,0.65841,0.66176,0.6557,0.65737,258736
2025-10-30,0.65737,0.65977,0.65325,0.65546,231087
2025-10-31,0.65546,0.65602,0.65331,0.65427,142673
2025-11-02,0.6542,0.65482,0.65364,0.65448,21466
2025-11-03,0.65445,0.65623,0.65175,0.65367,124509
2025-11-04,0.65367,0.65395,0.64808,0.64885,164602
2025-11-05,0.64885,0.65128,0.64585,0.65036,157511
2025-11-06,0.65036,0.65186,0.64631,0.64795,161099
2025-11-07,0.64795,0.64991,0.64674,0.64927,180018
2025-11-09,0.64958,0.65026,0.64863,0.65019,35513
2025-11-10,0.64951,0.65401,0.64891,0.65358,132394
2025-11-11,0.65358,0.6538,0.65147,0.65266,148185
2025-11-12,0.65266,0.65502,0.65159,0.65404,146895
2025-11-13,0.65404,0.65802,0.65238,0.65278,212964
2025-11-14,0.65278,0.65513,0.65035,0.6534,235387
2025-11-16,0.65389,0.65464,0.65118,0.65228,33246
2025-11-17,0.65302,0.65375,0.64819,0.64926,160600
2025-11-18,0.64926,0.65183,0.64648,0.65079,212503
2025-11-19,0.65079,0.65116,0.6451,0.64774,196629
2025-11-20,0.64774,0.65025,0.6436,0.6439,239316
2025-11-21,0.6439,0.64607,0.64212,0.64537,235864
2025-11-23,0.64611,0.64662,0.64489,0.64601,30719
2025-11-24,0.64611,0.64683,0.64422,0.64625,152942
2025-11-25,0.64625,0.64757,0.64359,0.64687,175087
2025-11-26,0.64687,0.65211,0.64636,0.65172,185611
2025-11-27,0.65172,0.65398,0.65138,0.65331,95663
2025-11-28,0.65331,0.65595,0.65203,0.65463,362991
2025-11-30,0.65376,0.65532,0.65334,0.6551,43804
2025-12-01,0.65368,0.65665,0.65351,0.65428,181293
2025-12-02,0.65428,0.65708,0.65361,0.65619,129190
2025-12-03,0.65619,0.6602,0.65523,0.66003,133362
2025-12-04,0.66003,0.6624,0.65936,0.66087,175721
2025-12-05,0.66087,0.66488,0.66053,0.66386,124019
2025-12-07,0.66317,0.66398,0.66232,0.66347,32090
2025-12-08,0.66317,0.66489,0.66143,0.66237,141195
2025-12-09,0.66237,0.66542,0.66078,0.66406,152818
2025-12-10,0.66406,0.66859,0.66288,0.66746,194271
2025-12-11,0.66746,0.66789,0.66265,0.66637,195625
2025-12-12,0.66637,0.6677,0.66325,0.66485,171029
2025-12-14,0.66547,0.66573,0.66368,0.66432,40651
2025-12-15,0.66408,0.66565,0.6632,0.66384,168903
2025-12-16,0.66384,0.66609,0.66181,0.66304,186439
2025-12-17,0.66304,0.6635,0.6599,0.66033,170604
2025-12-18,0.66033,0.66307,0.65925,0.66118,362014
2025-12-19,0.66118,0.6625,0.66,0.66053,134914
2025-12-21,0.66051,0.66282,0.66041,0.66272,25241
2025-12-22,0.66051,0.66603,0.66041,0.66565,120138
2025-12-23,0.66565,0.67026,0.66516,0.67012,138766
2025-12-24,0.67012,0.67175,0.66968,0.67043,100681
2025-12-25,0.67074,0.672,0.67042,0.67088,0
2025-12-26,0.67043,0.67248,0.6697,0.67096,105706
2025-12-28,0.67177,0.67295,0.6702,0.67215,33248
2025-12-29,0.66958,0.67275,0.66829,0.66927,165804
2025-12-30,0.66927,0.67178,0.66878,0.66937,129048
2025-12-31,0.66937,0.67013,0.66597,0.6673,130387
2026-01-01,0.66669,0.66798,0.6661,0.6677,127161
2026-01-02,0.6673,0.6707,0.6673,0.66917,114530
2026-01-04,0.66757,0.6693,0.66651,0.66756,46313
2026-01-05,0.66757,0.67191,0.66628,0.6714,179210
2026-01-06,0.6714,0.67418,0.67031,0.67364,145658
2026-01-07,0.67364,0.67665,0.67169,0.672,159040
2026-01-08,0.672,0.67254,0.66817,0.66986,144329
2026-01-09,0.66986,0.67042,0.66635,0.66846,152869
2026-01-11,0.66783,0.67065,0.6676,0.66936,39093
2026-01-12,0.66783,0.67223,0.66749,0.671,143143
2026-01-13,0.671,0.67271,0.66728,0.66806,153179
2026-01-14,0.66806,0.67023,0.66731,0.66809,168804
2026-01-15,0.66809,0.67097,0.66671,0.66989,149285
2026-01-16,0.66989,0.67095,0.6671,0.66792,126190
2026-01-18,0.66719,0.66996,0.66671,0.66921,42461
2026-01-19,0.66719,0.67173,0.66671,0.67137,115241
2026-01-20,0.67137,0.67472,0.67067,0.67365,187008
2026-01-21,0.67365,0.67779,0.67268,0.6761,196174
2026-01-22,0.6761,0.68445,0.67537,0.68388,155056
2026-01-23,0.68388,0.68989,0.68341,0.6894,175742
2026-01-25,0.69197,0.69322,0.69059,0.69165,59069
2026-01-26,0.69197,0.69408,0.69059,0.69149,207405
2026-01-27,0.69149,0.70159,0.69014,0.70107,227701
2026-01-28,0.70107,0.70431,0.69766,0.70404,270863
2026-01-29,0.70404,0.70939,0.69685,0.70485,321181
2026-01-30,0.70485,0.70553,0.69398,0.69611,342834
2026-02-01,0.69462,0.69829,0.69204,0.69396,105662
2026-02-02,0.69462,0.69706,0.69083,0.69466,310485
2026-02-03,0.69466,0.70504,0.69426,0.70201,248247
2026-02-04,0.70201,0.7043,0.69714,0.69964,222154
2026-02-05,0.69964,0.70072,0.69257,0.69258,260172
2026-02-06,0.69258,0.70248,0.68969,0.70101,185411
2026-02-08,0.70053,0.70376,0.70053,0.70244,37431
2026-02-09,0.70053,0.70988,0.70053,0.70923,161294
2026-02-10,0.70923,0.70933,0.70643,0.70744,138315
2026-02-11,0.70744,0.71431,0.70682,0.71266,225800
2026-02-12,0.71266,0.7147,0.70756,0.70889,429250
2026-02-13,0.70889,0.70974,0.70434,0.70688,233813
2026-02-15,0.70531,0.70723,0.70349,0.70689,25717
2026-02-16,0.70587,0.70966,0.7054,0.70719,81611
2026-02-17,0.70719,0.709,0.70281,0.70853,190137
2026-02-18,0.70853,0.70872,0.70348,0.70422,127099
2026-02-19,0.70422,0.708,0.7024,0.70546,319248
2026-02-20,0.70546,0.70946,0.70152,0.70804,234437
2026-02-22,0.70745,0.71118,0.70601,0.70708,50214
2026-02-23,0.70745,0.71118,0.70483,0.70548,170064
2026-02-24,0.70548,0.70736,0.70265,0.70572,144203
2026-02-25,0.70572,0.71259,0.70559,0.71224,172392
2026-02-26,0.71224,0.71365,0.70668,0.7104,430840
2026-02-27,0.7104,0.71321,0.70864,0.71097,208628
2026-03-01,0.7104,0.71321,0.70363,0.70967,208628
2026-03-02,0.70318,0.71167,0.70315,0.70917,356003
2026-03-03,0.70917,0.71227,0.6944,0.70346,526402
2026-03-04,0.70346,0.70834,0.69844,0.70737,411852
2026-03-05,0.70737,0.70891,0.69735,0.70059,419052
2026-03-06,0.70059,0.70473,0.69766,0.70259,424056
2026-03-08,0.69813,0.69996,0.69562,0.69867,116048
2026-03-09,0.69813,0.70787,0.69562,0.70747,537372
2026-03-10,0.70747,0.71683,0.70532,0.71191,413803
2026-03-11,0.71191,0.71873,0.71127,0.71509,326409
2026-03-12,0.71509,0.71609,0.70721,0.70763,644188
2026-03-13,0.70763,0.70922,0.6978,0.69791,321319
2026-03-15,0.69812,0.70182,0.69812,0.70129,56550
2026-03-16,0.69901,0.70825,0.69856,0.70709,251577
2026-03-17,0.70709,0.71182,0.70492,0.71037,237043
2026-03-18,0.71037,0.71234,0.7018,0.70227,252112
2026-03-19,0.70227,0.71089,0.69994,0.70863,922262
2026-03-20,0.70863,0.70971,0.70051,0.70183,335902
2026-03-22,0.69947,0.70153,0.6976,0.69821,85365
2026-03-23,0.69947,0.70625,0.69105,0.70099,743197
2026-03-24,0.70099,0.70243,0.69382,0.6994,486028
2026-03-25,0.6994,0.70037,0.69426,0.69463,306053
2026-03-26,0.69463,0.69569,0.68754,0.68836,537904
2026-03-27,0.68836,0.6912,0.68641,0.68698,262030
2026-03-29,0.68491,0.68752,0.68342,0.68509,66305
2026-03-30,0.68658,0.68742,0.68332,0.68516,245195
2026-03-31,0.68516,0.69038,0.68339,0.68999,357657
2026-04-01,0.68999,0.69623,0.68914,0.69278,285696
2026-04-02,0.69278,0.69408,0.68596,0.69061,665806
2026-04-03,0.69061,0.69159,0.68799,0.68805,64573
2026-04-05,0.68878,0.6937,0.68855,0.68855,46266
2026-04-06,0.68866,0.69379,0.68758,0.6916,200136
2026-04-07,0.6916,0.69788,0.68983,0.69749,291393
2026-04-08,0.69749,0.70845,0.69642,0.70425,406021
2026-04-09,0.70425,0.70948,0.70219,0.70797,414848
2026-04-10,0.70797,0.70937,0.70521,0.70549,172363
2026-04-12,0.702,0.70683,0.70174,0.70199,41617
2026-04-13,0.70009,0.71005,0.69878,0.70932,192594
2026-04-14,0.70932,0.71478,0.70771,0.71255,166657
2026-04-15,0.71255,0.71777,0.71164,0.71693,162264
2026-04-16,0.71693,0.71974,0.7152,0.71615,360988
2026-04-17,0.71615,0.72218,0.71524,0.71661,208945
2026-04-19,0.7135,0.7179,0.71339,0.7135,40747
2026-04-20,0.71202,0.71801,0.71143,0.71772,187033
2026-04-21,0.71772,0.71859,0.71298,0.71521,214124
2026-04-22,0.71521,0.71762,0.71449,0.71599,170198
2026-04-23,0.71599,0.71667,0.71109,0.71276,531006
2026-04-24,0.71276,0.71553,0.71147,0.7148,195157
2026-04-26,0.71429,0.7202,0.71429,0.71435,33243
2026-04-27,0.71296,0.72,0.71255,0.71856,144416
2026-04-28,0.71856,0.71948,0.71508,0.71812,203618
2026-04-29,0.71812,0.71897,0.71015,0.71157,227141
2026-04-30,0.71157,0.72032,0.71078,0.7201,531068
2026-05-01,0.7201,0.72278,0.71834,0.71992,175968
2026-05-03,0.72098,0.7217,0.71632,0.72129,37675
2026-05-04,0.7221,0.7221,0.71531,0.7166,231464
2026-05-05,0.7166,0.71977,0.71355,0.71822,170749
2026-05-06,0.71822,0.72776,0.71766,0.72366,253209
2026-05-07,0.72366,0.72642,0.72043,0.72074,201850
2026-05-08,0.72074,0.7249,0.72,0.72426,182848
2026-05-10,0.7222,0.72402,0.72158,0.72302,38788
2026-05-11,0.7222,0.72595,0.72158,0.72485,142883
2026-05-12,0.72485,0.72519,0.72087,0.72398,184441
2026-05-13,0.72398,0.72716,0.72306,0.72568,149220
2026-05-14,0.72568,0.72643,0.72158,0.72201,162996
2026-05-15,0.72201,0.72228,0.71397,0.71444,235548
2026-05-17,0.71292,0.71833,0.71201,0.71302,57416
2026-05-18,0.71432,0.71843,0.71185,0.71678,260199
2026-05-19,0.71678,0.71767,0.70792,0.71066,219797
2026-05-20,0.71066,0.71743,0.70868,0.7151,225723
2026-05-21,0.7151,0.71685,0.70997,0.71493,265665
2026-05-22,0.71493,0.71527,0.71163,0.7125,175024
2026-05-24,0.71555,0.71736,0.71492,0.71612,29390
2026-05-25,0.71555,0.7182,0.71492,0.71722,93949
2026-05-26,0.71722,0.71763,0.71552,0.71662,142756
2026-05-27,0.71662,0.71796,0.71237,0.7141,180861
2026-05-28,0.7141,0.71697,0.70976,0.71623,387198
2026-05-29,0.71623,0.72005,0.71491,0.718,180837
2026-05-31,0.71665,0.71896,0.71665,0.71807,29114
2026-06-01,0.71665,0.71901,0.71345,0.71594,164508
2026-06-02,0.71594,0.71879,0.71527,0.718,133264
2026-06-03,0.718,0.71818,0.71267,0.71271,156510
2026-06-04,0.71271,0.71489,0.71223,0.71329,331268
2026-06-05,0.71329,0.71438,0.7037,0.70381,228883
2026-06-07,0.70167,0.70432,0.70074,0.70422,64163
2026-06-08,0.70227,0.70783,0.70207,0.70443,306602
2026-06-09,0.70443,0.70705,0.7005,0.70272,311089
2026-06-10,0.70272,0.70373,0.69945,0.69968,369377
2026-06-11,0.69968,0.7055,0.69787,0.70482,663666
2026-06-12,0.70482,0.70598,0.70211,0.70428,310895
2026-06-14,0.70389,0.70881,0.70376,0.70829,43787
2026-06-15,0.70389,0.70883,0.70376,0.70708,155181
2026-06-16,0.70708,0.70797,0.70419,0.70662,142540
2026-06-17,0.70662,0.70754,0.6995,0.70137,217915
2026-06-18,0.70137,0.70415,0.70009,0.70118,394552
2026-06-19,0.70118,0.70241,0.69893,0.70103,179945
2026-06-21,0.70064,0.70125,0.69821,0.70021,34880
2026-06-22,0.70135,0.70192,0.69937,0.70009,169885
2026-06-23,0.70009,0.70034,0.69069,0.69162,179378
2026-06-24,0.69162,0.69234,0.68824,0.68993,198305
2026-06-25,0.68993,0.69274,0.68868,0.69089,410212
2026-06-26,0.69089,0.69171,0.68752,0.68907,197748
2026-06-28,0.68843,0.68975,0.68807,0.68884,44328
2026-06-29,0.68843,0.69043,0.68771,0.68853,162722
2026-06-30,0.68853,0.69298,0.68651,0.69186,153757
2026-07-01,0.69186,0.69199,0.68827,0.6893,153542
2026-07-02,0.6893,0.69433,0.6884,0.69154,456258
2026-07-03,0.69154,0.69495,0.69106,0.69335,134580
2026-07-05,0.6943,0.69488,0.69219,0.6925,3
2026-07-06,0.69317,0.69589,0.69216,0.69516,125602
2026-07-07,0.69516,0.69603,0.6921,0.69277,150043
2026-07-08,0.69277,0.69466,0.69063,0.69292,214151
2026-07-09,0.69292,0.69469,0.69229,0.69403,281176
2026-07-10,0.69403,0.69697,0.69335,0.69493,154553
2026-07-12,0.69551,0.69585,0.6924,0.69297,41001
2026-07-13,0.6943,0.69496,0.69131,0.69174,191200
2026-07-14,0.69174,0.6993,0.69125,0.69737,224057
2026-07-15,0.69737,0.7021,0.69673,0.7005,162185
2026-07-16,0.7005,0.70125,0.6986,0.69966,316240
2026-07-17,0.69966,0.70011,0.6966,0.69787,171238
2026-07-19,0.69847,0.69969,0.69652,0.69933,38221
2026-07-20,0.69644,0.70148,0.69615,0.6998,167581
2026-07-21,0.6998,0.70267,0.69907,0.69987,135890
2026-07-22,0.69987,0.70125,0.69799,0.69957,139240
2026-07-23,0.69957,0.70211,0.69621,0.69674,362140
2026-07-24,0.69674,0.70008,0.6961,0.69786,151824
2026-07-26,0.69947,0.70065,0.6988,0.69938,40457
2026-07-27,0.69985,0.70112,0.69852,0.69883,161375
2026-07-28,0.69883,0.69965,0.69625,0.69732,161643
2026-07-29,0.69732,0.69888,0.69222,0.69539,250304
2026-07-30,0.69539,0.70332,0.69461,0.70247,463066
2026-07-31,0.70247,0.70446,0.69913,0.70253,205034
2026-08-02,0.7044,0.70501,0.70275,0.70291,45504
2026-08-03,0.7044,0.70502,0.69838,0.69992,152768
2026-08-04,0.69992,0.70484,0.69954,0.70458,144747
2026-08-05,0.70458,0.70644,0.70367,0.70565,153363
2026-08-06,0.70565,0.70603,0.70224,0.70314,281470
2026-08-07,0.70314,0.70778,0.70223,0.70635,145286
2026-08-09,0.70706,0.70721,0.70575,0.70587,27674
2026-08-10,0.70622,0.70741,0.7053,0.70535,113284
2026-08-11,0.70535,0.70693,0.70395,0.70602,126835
2026-08-12,0.70602,0.70911,0.70535,0.70615,136084
2026-08-13,0.70615,0.70671,0.70436,0.70591,251932
2026-08-14,0.70591,0.70958,0.70518,0.70822,109297
2026-08-16,0.70879,0.71295,0.70852,0.70852,22441
2026-08-17,0.70795,0.71294,0.70769,0.7104,117671
2026-08-18,0.7104,0.71197,0.70823,0.70859,166926
2026-08-19,0.70859,0.71288,0.70667,0.71246,191595
2026-08-20,0.71246,0.71326,0.71023,0.71123,353406
2026-08-21,0.71123,0.71801,0.7106,0.71694,159828
2026-08-23,0.71566,0.71714,0.71555,0.71713,32235
2026-08-24,0.71566,0.71768,0.71404,0.71492,150662
2026-08-25,0.71492,0.71682,0.71376,0.71605,133863
2026-08-26,0.71605,0.71889,0.71557,0.7171,141649
2026-08-27,0.7171,0.71978,0.71617,0.71925,282326
2026-08-28,0.71925,0.72079,0.71554,0.71591,164520
2026-08-30,0.71644,0.71726,0.71572,0.71667,37762
2026-08-31,0.71518,0.71708,0.71518,0.71661,147640
2026-09-01,0.71661,0.71807,0.71387,0.71439,163627
2026-09-02,0.71439,0.71756,0.71213,0.71675,204339
2026-09-03,0.71675,0.7208,0.71584,0.71997,398188
2026-09-04,0.71997,0.72146,0.71723,0.72011,173834
2026-09-06,0.72051,0.72134,0.71989,0.72044,27334
2026-09-07,0.71975,0.72247,0.71934,0.72175,127170
2026-09-08,0.72175,0.72308,0.72046,0.72157,188374
2026-09-09,0.72157,0.72378,0.72097,0.72167,135363
2026-09-10,0.72167,0.72228,0.71552,0.71567,328140
2026-09-11,0.71567,0.71876,0.71488,0.7167,206969
2026-09-13,0.71726,0.71726,0.71439,0.71477,36947
2026-09-14,0.71592,0.71668,0.71081,0.7139,160058
2026-09-15,0.7139,0.71411,0.71168,0.71308,144530
2026-09-16,0.71327,0.71383,0.7123,0.71316,60390
