date,open,high,low,close,volume
2014-01-01,737.67,757,735,752.98,0
2014-01-02,750,800,742.52,786.6,0
2014-01-03,786.6,818.99,768,802.49,0
2014-01-04,802.4698,842,791.04,839.99,0
2014-01-05,839.99,939.8,825,910,0
2014-01-06,909.71,995,875.181,925.9999,0
2014-01-07,925,943.15,765,799,0
2014-01-08,799,849,779.59,826.01,0
2014-01-09,827.8,846.35,779.99,824.85,0
2014-01-10,822.16,860.64,799.98,854.33,0
2014-01-11,853.1,915,853,899,0
2014-01-12,898.68,902,821.1,827.24,0
2014-01-13,827.24,844.2,784,817.9,0
2014-01-14,817.74,836.99,802.3,818.9999,0
2014-01-15,819,850.25,812,844,0
2014-01-16,845,847.68,807.11,818.49,0
2014-01-17,818.39,820.22,765.03,807,0
2014-01-18,804.98,820,794.93,809.14,0
2014-01-19,807.22,844.88,794.41,835.9,0
2014-01-20,836,844.99,815.01,828,0
2014-01-21,828,834.17,813.6,822.8,0
2014-01-22,822.8,824.13,803.1,818,0
2014-01-23,818.51,823,802.52,810.14,0
2014-01-24,806.97,809.14,767.23,775.0123,0
2014-01-25,775.0123,817,775,804.73,0
2014-01-26,805.5,836.7318,794.64,812.5,0
2014-01-27,812.7,824.9999,726.5,749.03,0
2014-01-28,748.1,814.5,741.214,784.69,0
2014-01-29,784.42,805,781.8,794.731,0
2014-01-30,794.74,812.65489,770,803.0101,0
2014-01-31,802.5,809.6746,793,805.22,0
2014-02-01,804.8,829,801,812.6,0
2014-02-02,812.6,827.2,811,814,0
2014-02-03,812.05,815.2,798.5,805.31499,0
2014-02-04,805.31499,814.4,795.2,800.01,0
2014-02-05,800.03,807.48,777.85,780,0
2014-02-06,784,829,678.03,761,0
2014-02-07,760.61,763.07,620,700.5,0
2014-02-08,707.8,723.97,667,678,0
2014-02-09,678,728.89935,666.53,694,0
2014-02-10,693.5,703,450.13,687.05035,0
2014-02-11,689.13,721.35,631.2,678,0
2014-02-12,675.31,682.5,642,656.01,0
2014-02-13,656.01,658.9899,601.2,606.01,0
2014-02-14,607,710,535,661.13,0
2014-02-15,661.13,668.4,633.3,654.99,0
2014-02-16,652.5,670.9999,585,625,0
2014-02-17,625,664,611,633.99,0
2014-02-18,633.51,651.3,611.305,628.1999,0
2014-02-19,625.81,636.85,617.89,627.45,0
2014-02-20,627.45,629,541.2,542.42,0
2014-02-21,542.42,588.4897,530,579.98,0
2014-02-22,579.9,619,562,614.389,0
2014-02-23,614.389,644.93,600.2,607,0
2014-02-24,606.9999,608.4,505.7511,517.87,0
2014-02-25,519,549,400,544.24,0
2014-02-26,542.01,609,541,597.6001,0
2014-02-27,597.7001,599,568.75,584.3339,0
2014-02-28,585.2928,591.18,540.2044,549.995,0
2014-03-01,549.01,577.25,541.1,570,0
2014-03-02,569.31874,572.24,555.161,565.37191,0
2014-03-03,566,719.25,563,680.98,0
2014-03-04,680.98,703.85,658.5,672,0
2014-03-05,673.26,678.9999,651.21,669.61,0
2014-03-06,669.61,676.43,648.7,668,0
2014-03-07,667,669,616.23,631.01,0
2014-03-08,633,639.999,600.6,616.8001,0
2014-03-09,616.9,654.999,610.25,638.5,0
2014-03-10,638.52,648.3,606,626.9801,0
2014-03-11,626.9801,641.9999,615.31,634.01,0
2014-03-12,634.0001,654,631,636.2296,0
2014-03-13,636.10235,648,634.5001,644.18,0
2014-03-14,643.1,645,623.5,627.98,0
2014-03-15,628.89,639.8899,626.3,635.45,0
2014-03-16,635.45,638,628.5801,633,0
2014-03-17,632,632.5,619.2,623.8,0
2014-03-18,623.8,623.8,600,615.5999,0
2014-03-19,615.5999,622.2,605.9841,609,0
2014-03-20,608.9841,609,584,586.5551,0
2014-03-21,588.8294,605.96,555.5,570.9999,0
2014-03-22,570.9898,574.24,550.09,563,0
2014-03-23,563,571,555,558,0
2014-03-24,557.8884,590,550.5,585.6587,0
2014-03-25,584.9899,586,568.55,583.9899,0
2014-03-26,583.89,593.25,566.51,576.6,0
2014-03-27,577.9999,579.4799,465,474,0
2014-03-28,475,533.36,470,502.25,0
2014-03-29,502.4996,507.99,485.45,492.4398,0
2014-03-30,490.01,491.9999,436.2,460.9999,0
2014-03-31,460.6,488,436.1,456.9899,0
2014-04-01,456.3,513.9,453.4,479.9181,0
2014-04-02,477.53,496.2,431.2,437.2203,0
2014-04-03,436.5301,463,415.46,447.9999,0
2014-04-04,447.1161,458.5899,430.2,447.0211,0
2014-04-05,448.001,464.5,444.395,463.99,0
2014-04-06,463.97,465.9998,450,458.78,0
2014-04-07,458.5,461,445.05,446.58,0
2014-04-08,445.222,458.8,445.01,452.3849,0
2014-04-09,452.3849,455.13591,440.0536,442.45,0
2014-04-10,442.4499,442.8689,357,364.2,0
2014-04-11,364.04989,433.6,340,421,0
2014-04-12,421.999,441,413.0741,423.3,0
2014-04-13,422.2001,428.2,400,418,0
2014-04-14,417.6,478,406.4,460,0
2014-04-15,460,526.995,452,519,0
2014-04-16,519.11,547,495,531.25,0
2014-04-17,531.25,535.7499,486.1,498.1,0
2014-04-18,499,503.9999,474.25,480.044,0
2014-04-19,480.044,513.9899,473.83,505,0
2014-04-20,504.99999,517.995,492.2,500.9501,0
2014-04-21,501.3551,515.646,485,495.39,0
2014-04-22,499.25,506,488,489.2503,0
2014-04-23,491.7,496,482.88,491.78,0
2014-04-24,492.08,504.96,480.16,503.7,0
2014-04-25,503.7,504.96,441.3,464.33566,0
2014-04-26,464.33566,469.19,449.8001,460,0
2014-04-27,459.01,465.6,427.55,429.99,0
2014-04-28,429.99,450,423.11,441.39,0
2014-04-29,441.39,454,434,446.53,0
2014-04-30,446.53,453.9899,432,449.0201,0
2014-05-01,449.0201,463.53,448.82,459.4102,0
2014-05-02,461.11993,461.11993,443,452,0
2014-05-03,451.99,451.9999,430,439.7398,0
2014-05-04,439.7297,441.4999,429,435.0413,0
2014-05-05,438.588,444.4,425.5999,432.389,0
2014-05-06,431.6,435.39,419.4,429.7,0
2014-05-07,430,453.6,424.2487,440.43,0
2014-05-08,440,450.59,437.69,438.5,0
2014-05-09,438.2,456.6,438.2,454,0
2014-05-10,453.99,459.65,448.2,456.09,0
2014-05-11,456.11,458.4,430,437.97,0
2014-05-12,437.45,442,431.8,440,0
2014-05-13,440,440.9,434.01,438.81,0
2014-05-14,438.81,448,438.47,445,0
2014-05-15,444.03,451.4,444,447.58,0
2014-05-16,447.58,453,443.4,448.6,0
2014-05-17,448.6,450,446.83,449.03,0
2014-05-18,449.04,449.11,445.5,447.4,0
2014-05-19,447.6,448.5,444.1,447,0
2014-05-20,446.89,498.68,446,491.35,0
2014-05-21,490.62,501,489.5,494.99,0
2014-05-22,495,530,492.25,528.85,0
2014-05-23,528.85,544.78,521.11,523.57,0
2014-05-24,523.61,529.75,514.25,528,0
2014-05-25,528.92,586,528.92,573.99,0
2014-05-26,574.55,593.3,566.21,586,0
2014-05-27,586.69,597.3,551,576.08,0
2014-05-28,573.6,583.5,565,578.77,0
2014-05-29,580,583,563,569.5,0
2014-05-30,569.85,630,569.85,621,0
2014-05-31,620.9,629,610.02,626.21,0
2014-06-01,627.01,680,618.01,626.42,0
2014-06-02,631.97,679.8,615,667.11,0
2014-06-03,667.78,685,652.16,674,0
2014-06-04,670.84,672.97,620,642,0
2014-06-05,642,672,641,660.9,0
2014-06-06,660.99,664.94,646.8,649.39,0
2014-06-07,649.35,659.4,637.01,657.21,0
2014-06-08,657.21,664.5,652.5,658.7,0
2014-06-09,658.7,661.99,639.06,650.3,0
2014-06-10,650.3,672,646,657,0
2014-06-11,657,666.5,635.11,637.6,0
2014-06-12,637.6,647,575.2,597.99,0
2014-06-13,596.43,620.97,592.11,605,0
2014-06-14,605.2,606.98,522.15,570.27,0
2014-06-15,570.26,595.1,540,593.89,0
2014-06-16,593.61,612,582.1,591.1,0
2014-06-17,592.35,619,591.1,613.4,0
2014-06-18,613.4,619.6,601.5,608.1,0
2014-06-19,608.6,611.99,592.9,597.3,0
2014-06-20,596.06,598.28,582.37,592,0
2014-06-21,592,599.91,583.5,595.5,0
2014-06-22,596.9,615,595.5,603.4,0
2014-06-23,603.39,604.19,580.11,591.57,0
2014-06-24,591.02,597.79,580,580.56,0
2014-06-25,580.65,584.99,560.53,566.75,0
2014-06-26,566.75,584,562.9,581.98,0
2014-06-27,581.99,604.9,575.03,604,0
2014-06-28,604,607.21,593.89,596.1,0
2014-06-29,596.1,607,593.37,601.95,0
2014-06-30,601.5,647.74,598.4,640.79,0
2014-07-01,642.26,665,636.1,641.34,0
2014-07-02,641.35,661.98,640.14,654.61,0
2014-07-03,653.5,654,636.24,644,0
2014-07-04,644,648.66,629.3,632.11,0
2014-07-05,632.58,636.59,628.45,631.88,0
2014-07-06,631.59,644.69,630.38,637.38,0
2014-07-07,637.76,639.76,616.73,621.45,0
2014-07-08,620.31,629.85,617.51,625.36,0
2014-07-09,625.11,632.99,620.13,624.47,0
2014-07-10,623.24,626.55,608.43,615.84,0
2014-07-11,615.84,636.4,615.84,636,0
2014-07-12,636.2,642.79,630,636.31,0
2014-07-13,636.7,638.21,626.36,629.49,0
2014-07-14,629.6,630.25,616.8,619.17,0
2014-07-15,619.15,627.99,618.57,620.8,0
2014-07-16,620.11,622.5,611.21,616.48,0
2014-07-17,616.48,627.5,613,622.51,0
2014-07-18,622.52,633.6,616.96,630.8,0
2014-07-19,630.8,632.1,625.6,629.3,0
2014-07-20,626.77,628.23,620.36,624,0
2014-07-21,624,624.95,616.8,620.01,0
2014-07-22,620,623.17,617.5,618.54,0
2014-07-23,618.56,620.9,616.21,619,0
2014-07-24,619,619.99,591.4,603.98,0
2014-07-25,602.43,608,592.5,600.47,0
2014-07-26,600.6,600.6,589,593.82,0
2014-07-27,593.9,599.78,590.1,591.55,0
2014-07-28,591.5,592,572,583.5,0
2014-07-29,584.86,590,577.11,583,0
2014-07-30,583.04,583.98,561.55,565.99,0
2014-07-31,566,590,561.47,580,0
2014-08-01,579.49,605.72,579.1,594.6,0
2014-08-02,594.6,596.6,585,587.6,0
2014-08-03,587.61,589,578.13,585.71,0
2014-08-04,587,595,581.22,586.6,0
2014-08-05,587.21,588.77,579,582.94,0
2014-08-06,582.94,586.3,574.01,581.36,0
2014-08-07,582.87,592.7,576.5,586.8,0
2014-08-08,586.82,598.88,586.81,590.6,0
2014-08-09,590.61,591,584.19,589.98,0
2014-08-10,588.61,594.49,583.31,588.61,0
2014-08-11,587.97,588.7,567.02,572.51,0
2014-08-12,573.32,578.8,562.51,569.54,0
2014-08-13,569.52,571.4,525,547.3,0
2014-08-14,546.25,546.5,451,510.98,0
2014-08-15,509.99,519.5,478,496.39,0
2014-08-16,496.39,523.11,484.5,519.01,0
2014-08-17,519.54,522.43,484.82,497.4,0
2014-08-18,497.57,512.3,443,467.04,0
2014-08-19,467.95,492.61,462.9,487,0
2014-08-20,487.24,521.89,464,511,0
2014-08-21,510.61,534.89,510.6,517.47,0
2014-08-22,518.24,525,503.7,514.13,0
2014-08-23,514.42,515.58,491.52,499.5,0
2014-08-24,498.85,517.7,495.71,510.82,0
2014-08-25,511.41,511.41,497.55,501.76,0
2014-08-26,501.49,517.47,497.75,513.34,0
2014-08-27,512.3,522.8,508.1,508.35,0
2014-08-28,508.3,514.77,503.86,505.87,0
2014-08-29,505.87,513.99,498.8,508.52,0
2014-08-30,508.34,508.37,495.5,499.15,0
2014-08-31,499.08,500.27,471.65,477.81,0
2014-09-01,477.84,484.9,471.01,472.6,0
2014-09-02,472.97,484,468.82,475.45,0
2014-09-03,475.46,479.9,472.99,474.14,0
2014-09-04,474.14,497.24,473.1,489.68,0
2014-09-05,489.69,491.42,478.1,481.9,0
2014-09-06,480.62,486.9,480.1,482.61,0
2014-09-07,483.08,487.1,479.88,479.88,0
2014-09-08,479.88,480.9,464.22,471.1,0
2014-09-09,471.16,479.7,463,473.06,0
2014-09-10,473.09,489.99,472,478.12,0
2014-09-11,478.1,480.6,472.2,477.38,0
2014-09-12,477.04,477.98,467,474.37,0
2014-09-13,474.34,483.93,472.86,478.69,0
2014-09-14,478.69,481.56,475.33,476.5,0
2014-09-15,477.12,480.3,474.77,474.77,0
2014-09-16,474.77,475.5,462.11,466.5,0
2014-09-17,466.65,467.75,451.6,458.3,0
2014-09-18,457.8,458.3,408.8,424.99,0
2014-09-19,425,431.92,381.5,393.3,0
2014-09-20,392.99,426.3,385.5,408.4,0
2014-09-21,408.4,414.14,392.23,399.21,0
2014-09-22,400.03,411.2,397.67,404.99,0
2014-09-23,404.23,447.11,392.15,438.65,0
2014-09-24,438.01,440.28,422,424.51,0
2014-09-25,424.51,426.97,402.33,409.86,0
2014-09-26,409.67,415,396.2,404.01,0
2014-09-27,404.03,409.04,393.2,399.8,0
2014-09-28,399.8,402.9,365,376.7,0
2014-09-29,375.93,386.56,368,373.64,0
2014-09-30,373.64,398.7,370,387,0
2014-10-01,386.93,391.18,377,383.63,0
2014-10-02,382.72,385.52,367.8,371.39,0
2014-10-03,371.39,376.86,355,359.74,0
2014-10-04,358.93,367.05,321.5,328.25,0
2014-10-05,327.36,346.69,275,319.9,0
2014-10-06,319.9,346.89,301,327.56,0
2014-10-07,327.59,340,317,335.97,0
2014-10-08,335.97,354.87,323.85,352.9,0
2014-10-09,353,387.13,347.14,364,0
2014-10-10,363.98,379.74,351.15,359.1,0
2014-10-11,359.1,368.5,351,360.66,0
2014-10-12,361.01,382.46,351.86,378.05,0
2014-10-13,378.05,399.89,368.24,391.2,0
2014-10-14,391.5,414.42,391.5,399,0
2014-10-15,399,402.68,384.7,394.2,0
2014-10-16,394.2,400,370.21,381.6,0
2014-10-17,381.55,386.8,372,382.48,0
2014-10-18,381.24,396,376.4,390.9,0
2014-10-19,390.92,394.5,383.5,388.02,0
2014-10-20,388.08,388.25,370.2,380.55,0
2014-10-21,380.86,394,376.66,384,0
2014-10-22,384.01,386.7,377.25,378.8,0
2014-10-23,378.79,383.6,355,357.87,0
2014-10-24,357.87,363.1,351.5,356.58,0
2014-10-25,356.58,358.88,337.65,344.62,0
2014-10-26,344.65,359.9,340.2,353.01,0
2014-10-27,353.07,359.47,346.44,349.01,0
2014-10-28,349.51,355.44,347.44,352.7,0
2014-10-29,352.71,353.78,332,333.58,0
2014-10-30,333.5,351,331,345.08,0
2014-10-31,345.08,347.99,332.14,336.82,0
2014-11-01,336.72,339,315.54,325.9,0
2014-11-02,325.9,329.55,317.7,323.82,0
2014-11-03,323.8,334.14,323.8,325,0
2014-11-04,324.83,331.28,321,329.66,0
2014-11-05,329.75,342.54,329.75,338.62,0
2014-11-06,338.62,354.32,336.32,350.48,0
2014-11-07,350.49,354,338.1,341.84,0
2014-11-08,342.04,348.3,341,345,0
2014-11-09,345.01,364.12,343.41,362.61,0
2014-11-10,362.6,374.26,356.33,366.07,0
2014-11-11,366.17,371.45,360.74,367.65,0
2014-11-12,367.66,436,367.59,433.56,0
2014-11-13,432,475,381.56,417.65,0
2014-11-14,417.65,425.67,382.22,399.99,0
2014-11-15,400,410.1,368,375.34,0
2014-11-16,375.37,399.9,372.5,391.65,0
2014-11-17,391.8,413.48,373,387.5,0
2014-11-18,387.5,393,366.46,372.85,0
2014-11-19,372.89,386,368.55,375.26,0
2014-11-20,376.73,379.5,352.01,356.77,0
2014-11-21,356.59,357.39,340,350.46,0
2014-11-22,350.11,365.3,349.1,352.81,0
2014-11-23,352.44,372.28,351.5,368.25,0
2014-11-24,368,391.92,363.62,376.05,0
2014-11-25,376.06,396.87,375.08,377.02,0
2014-11-26,377,379.26,365.22,369.99,0
2014-11-27,370,375,368.15,370,0
2014-11-28,369.99,387.5,355.51,377.43,0
2014-11-29,377.79,390,371,376.28,0
2014-11-30,376.07,385.59,373.7,379.89,0
2014-12-01,379.67,386.5,377.3,382,0
2014-12-02,382,387.99,379.08,384.5,0
2014-12-03,384.67,386.3,372.64,376,0
2014-12-04,376.24,380.33,367.8,370.99,0
2014-12-05,370.74,382.51,366.1,378.18,0
2014-12-06,378.3,381.19,370.11,376.69,0
2014-12-07,376.59,379.8,373.01,376.02,0
2014-12-08,376.29,378.34,362.11,362.11,0
2014-12-09,362.1,363.91,343,351.99,0
2014-12-10,352,352.5,345,345.08,0
2014-12-11,345.12,362.99,335.7,348.53,0
2014-12-12,348.06,354.9,346.11,352.29,0
2014-12-13,352.49,352.49,344.11,346.56,0
2014-12-14,346.56,358,345.04,353.65,0
2014-12-15,353.7,354.6,345.45,346.01,0
2014-12-16,346.34,346.93,325.1,325.1,0
2014-12-17,325.13,335,314.21,318.86,0
2014-12-18,319.5,325,302.32,311.77,0
2014-12-19,311.76,319.97,305.6,318.47,0
2014-12-20,318.47,330,315.3,329.66,0
2014-12-21,329.69,329.73,316.85,320.79,0
2014-12-22,321.19,336.85,319.64,332.63,0
2014-12-23,332.41,337.79,330,335.7,0
2014-12-24,335.69,335.93,320,322.61,0
2014-12-25,322.62,323.4,315.5,318.5,0
2014-12-26,318.49,332.4,316.17,327.2,0
2014-12-27,327.79,330.6,310,315.89,0
2014-12-28,315.9,319.79,310.08,316.94,0
2014-12-29,316.96,320.5,312.51,312.64,0
2014-12-30,312.86,315.93,307.1,310.8,0
2014-12-31,310.81,322.79,309.39,322.3,0
2015-01-01,322.31,322.9,313.81,314.96,0
2015-01-02,314.54,316.74,313.28,315.81,0
2015-01-03,315.8,315.99,277.5,278.22,0
2015-01-04,278.04,288.74,255.03,264.19,0
2015-01-05,264.04,280.44,263.75,274.84,0
2015-01-06,274.85,291.94,272.1,288.43,0
2015-01-07,288.36,303.33,284,297.99,0
2015-01-08,297.89,298.47,282.01,283.21,0
2015-01-09,283.99,297.32,280.4,290.51,0
2015-01-10,290.58,292.1,275,276.03,0
2015-01-11,276.01,282.86,265.83,267.27,0
2015-01-12,267.54,274.44,266.24,268.75,0
2015-01-13,268.6,269.66,219,228.07,0
2015-01-14,228.49,228.49,166.45,182,0
2015-01-15,181,230.74,179.05,209.81,0
2015-01-16,209.81,223.1,197.72,208.5,0
2015-01-17,208.52,214,192.2,201.09,0
2015-01-18,201.08,222,194,211.03,0
2015-01-19,210.98,219.95,207,216.2,0
2015-01-20,216.14,219.25,203.7,212.11,0
2015-01-21,212.1,230,211,228.08,0
2015-01-22,228.05,242,225.29,234.7,0
2015-01-23,234.7,236.98,225.13,233.12,0
2015-01-24,233.37,249.77,229.03,248.66,0
2015-01-25,248.94,259.39,245,254.73,0
2015-01-26,254.72,315,254.65,276.01,0
2015-01-27,276.01,280.37,250,265.09,0
2015-01-28,265.55,269.97,226.35,234.5,0
2015-01-29,234.49,239.33,220,233.01,0
2015-01-30,233.7,243.89,224.22,226.44,0
2015-01-31,226.45,234.03,213.1,215.8,0
2015-02-01,215.91,233.32,211.02,226.92,0
2015-02-02,226.86,247.5,222.5,238.99,0
2015-02-03,238.86,248.42,222.66,227.96,0
2015-02-04,227.81,233,220.23,227.78,0
2015-02-05,227.78,228.8,210.12,216.47,0
2015-02-06,216.43,225.88,215,222.65,0
2015-02-07,222.66,239.78,222.66,228.8,0
2015-02-08,228.8,232.9,221.1,223.85,0
2015-02-09,224.13,225.98,215.33,220.48,0
2015-02-10,220.48,223.88,214,220.87,0
2015-02-11,220.75,224.4,218.1,219.8,0
2015-02-12,219.8,223.2,217.8,222.55,0
2015-02-13,222.39,242.5,221.46,236.13,0
2015-02-14,235.8,261.3,235.51,257,0
2015-02-15,257.01,268.54,228.2,235.88,0
2015-02-16,235.34,243.65,228.62,233.5,0
2015-02-17,233.5,246.28,231.5,244,0
2015-02-18,243.82,244.99,231.01,236.27,0
2015-02-19,236.26,243.42,234.97,240,0
2015-02-20,240.2,248.98,238.95,244.5,0
2015-02-21,244.51,247.73,243.28,245.54,0
2015-02-22,245.53,247.78,232.1,236.5,0
2015-02-23,236.5,241,232.61,239.4,0
2015-02-24,239.33,240.99,236.7,239.73,0
2015-02-25,239.95,240.83,235.53,237.99,0
2015-02-26,237.98,238.33,233.62,236.93,0
2015-02-27,236.93,262.8,236.64,255.05,0
2015-02-28,255.06,257.4,251.25,255.7,0
2015-03-01,255.7,266.91,245.65,262.4,0
2015-03-02,262.47,279.61,258.98,277.41,0
2015-03-03,277.3,294,267.04,283.75,0
2015-03-04,283.8,285.99,267,273.33,0
2015-03-05,272.92,284.99,262,277.69,0
2015-03-06,277.69,279.75,268.8,273.36,0
2015-03-07,273.27,280.76,270.55,276.97,0
2015-03-08,276.98,278.68,271.61,275.59,0
2015-03-09,275.58,295,275.01,291,0
2015-03-10,291,303.96,289.03,292.62,0
2015-03-11,292.64,298.75,291,296.7,0
2015-03-12,296.6,298.8,291.04,295.5,0
2015-03-13,295.52,295.91,282.13,283.19,0
2015-03-14,283.18,287.6,281.36,282.6,0
2015-03-15,282.54,287.8,281.59,286.9,0
2015-03-16,286.71,295.2,286.45,291.19,0
2015-03-17,292.23,292.9,281.56,285.25,0
2015-03-18,285.11,285.25,248,257.21,0
2015-03-19,257.2,269.5,246.98,261.98,0
2015-03-20,261.7,267,259.36,262.19,0
2015-03-21,262.18,263.01,255.1,260.47,0
2015-03-22,260.6,270.8,259.74,268.82,0
2015-03-23,268.6,271.5,262,267.23,0
2015-03-24,267.31,268.4,241.39,246,0
2015-03-25,246,250.95,235.7,246.29,0
2015-03-26,246.29,255,244.5,249.33,0
2015-03-27,249.21,250.45,245.23,246.5,0
2015-03-28,246.5,255.96,246.49,252.95,0
2015-03-29,252.9,253.01,238.89,242.74,0
2015-03-30,242.9,250.98,236.24,247.93,0
2015-03-31,247.93,248.8,242,244.51,0
2015-04-01,244.56,248.71,239.21,246.93,0
2015-04-02,247.07,254.94,243,253.23,0
2015-04-03,253.33,256.49,250.31,254.24,0
2015-04-04,254.24,255.7,250.32,253.6,0
2015-04-05,253.7,261.25,251.55,260.5,0
2015-04-06,260.75,262.45,253.4,255.73,0
2015-04-07,255.62,257.9,253.01,253.7,0
2015-04-08,253.7,254.99,242.72,244.92,0
2015-04-09,244.94,246.79,236.5,243.58,0
2015-04-10,243.56,243.74,230.75,236.12,0
2015-04-11,236.12,240.58,233.72,236.86,0
2015-04-12,236.83,238.7,232.38,236.38,0
2015-04-13,236.21,237.7,220.14,224.9,0
2015-04-14,224.9,225.75,216.37,220.16,0
2015-04-15,220.1,224.75,219.01,223.98,0
2015-04-16,223.8,230,223.01,228.14,0
2015-04-17,228.23,228.98,219.58,222.4,0
2015-04-18,222.39,224.16,219.94,223.08,0
2015-04-19,223.23,227,222.1,222.16,0
2015-04-20,222.28,227,221.24,224.21,0
2015-04-21,224.21,236.99,224.16,236.96,0
2015-04-22,236.18,238.99,232,234.14,0
2015-04-23,233.65,237.22,233,236.01,0
2015-04-24,235.82,236.51,228.7,231.38,0
2015-04-25,231.21,232.7,225.35,226.01,0
2015-04-26,226.1,226.84,213.92,219.7,0
2015-04-27,219.73,232.49,218.24,227.13,0
2015-04-28,226.91,228.05,222.16,225.3,0
2015-04-29,225.3,227.8,222.66,225.23,0
2015-04-30,225.56,240.89,224.63,236.11,0
2015-05-01,236.18,239.25,231.26,231.78,0
2015-05-02,231.75,235.79,231.75,234.81,0
2015-05-03,234.76,243.73,233.75,240.57,0
2015-05-04,240.69,243.6,236.98,238.54,0
2015-05-05,238.68,239.49,231.05,235.87,0
2015-05-06,235.85,236.75,226.42,229.27,0
2015-05-07,229.04,239.79,227.81,237.3,0
2015-05-08,237.3,249.22,236.2,244.5,0
2015-05-09,244.52,249.21,240.1,242.54,0
2015-05-10,242.53,245.95,238.79,240.73,0
2015-05-11,240.8,245.49,238.5,242.46,0
2015-05-12,242.44,244.67,240.86,241.92,0
2015-05-13,242.01,245,234.22,235.7,0
2015-05-14,235.72,238.39,232.1,236.68,0
2015-05-15,236.7,239,233.88,237.3,0
2015-05-16,237.24,237.58,234,235.7,0
2015-05-17,235.85,238.24,235.6,236.15,0
2015-05-18,236.25,237.25,229,232.82,0
2015-05-19,232.83,236.76,231.19,231.7,0
2015-05-20,231.56,235.24,231.56,234.24,0
2015-05-21,234.26,236.5,233.9,235.27,0
2015-05-22,235.25,241.83,234.59,240.97,0
2015-05-23,240.97,241.2,237.54,238.81,0
2015-05-24,238.86,242.98,238.52,240.96,0
2015-05-25,240.92,241.12,236.1,237.1,0
2015-05-26,237.1,238.5,235.26,237.36,0
2015-05-27,237.37,239.3,235,236.85,0
2015-05-28,236.48,237.5,235.85,236.86,0
2015-05-29,236.83,237.16,235.02,236.52,0
2015-05-30,236.72,236.73,228.2,232.54,0
2015-05-31,232.35,232.69,227,228.7,0
2015-06-01,228.38,230.89,219.71,222,0
2015-06-02,222.01,226,220.97,224.68,0
2015-06-03,224.7,227,222.26,225.11,0
2015-06-04,225.14,225.77,222.64,223.24,0
2015-06-05,223.24,229.23,222.65,224.51,0
2015-06-06,224.7,228,223.9,225.66,0
2015-06-07,225.69,227,222.29,223.26,0
2015-06-08,223.29,230.63,223.25,228.76,0
2015-06-09,228.79,232.07,227.79,229.06,0
2015-06-10,229.06,229.97,227.48,228.6,0
2015-06-11,228.61,230.7,228.6,230,0
2015-06-12,229.99,231.34,229.11,229.55,0
2015-06-13,229.51,234.3,228.4,232.87,0
2015-06-14,232.86,235.44,232.51,233.54,0
2015-06-15,233.5,238.16,233.35,236.98,0
2015-06-16,236.97,254,236,252.17,0
2015-06-17,252.19,259.1,246,248.95,0
2015-06-18,248.96,253.7,243,249.51,0
2015-06-19,249.38,252.13,243.5,244.58,0
2015-06-20,244.56,245.9,240,245.38,0
2015-06-21,245.38,245.69,241.09,244.25,0
2015-06-22,244.25,247.99,243.5,246.67,0
2015-06-23,246.69,247.35,242,244.25,0
2015-06-24,244.19,244.19,239,239.8,0
2015-06-25,239.75,243,239.5,242.05,0
2015-06-26,242.15,243.9,240.61,243.29,0
2015-06-27,243.29,251.77,242.6,251.61,0
2015-06-28,251.6,252.06,247.25,248.71,0
2015-06-29,248.71,257.74,248.57,256.69,0
2015-06-30,256.7,269,253.05,262.89,0
2015-07-01,262.9,264.81,252.77,258.1,0
2015-07-02,258.08,262.61,253,254.52,0
2015-07-03,254.52,256.9,252.11,256.09,0
2015-07-04,256.12,262.64,253.57,260.58,0
2015-07-05,260.57,275.88,258,271.96,0
2015-07-06,271.82,278.69,267.33,269.23,0
2015-07-07,269.24,271.5,262.61,265.72,0
2015-07-08,265.78,274.11,263,270.52,0
2015-07-09,270.49,274,266.22,269.23,0
2015-07-10,269.22,296.1,268.58,285.36,0
2015-07-11,285.35,299.56,283.46,293.18,0
2015-07-12,293.19,316.23,291.81,311.14,0
2015-07-13,311.14,312,281.5,292.65,0
2015-07-14,292.6,297.25,286,286.83,0
2015-07-15,286.87,294.44,283.51,285.42,0
2015-07-16,285.42,295,275.21,278.94,0
2015-07-17,278.93,281.55,272,279.82,0
2015-07-18,279.52,283.33,276.12,277.25,0
2015-07-19,277.25,279.18,274.69,275.04,0
2015-07-20,275.04,280.5,273.5,280.2,0
2015-07-21,280.2,282.1,275.09,275.55,0
2015-07-22,275.55,278.39,274.5,277.99,0
2015-07-23,277.88,278.44,275.56,276.51,0
2015-07-24,276.48,289.93,276.02,288.6,0
2015-07-25,288.58,292.35,286.39,289.37,0
2015-07-26,289.36,294.57,288.12,293.01,0
2015-07-27,293,298.74,286,294.84,0
2015-07-28,294.73,298.93,293.61,295.23,0
2015-07-29,295.24,295.68,286.02,289.92,0
2015-07-30,289.92,291,284.01,288.21,0
2015-07-31,288.02,289.85,281,284.45,0
2015-08-01,284.45,284.99,276.53,280.31,0
2015-08-02,280.31,283.44,276.26,282.44,0
2015-08-03,282.44,287.05,279.7,281.28,0
2015-08-04,281.28,285.94,281.28,285.47,0
2015-08-05,285.47,285.94,281.49,282.61,0
2015-08-06,282.58,282.58,278,279.08,0
2015-08-07,279.08,281,276.07,280.19,0
2015-08-08,280.04,280.32,260.62,261.34,0
2015-08-09,261.34,267.6,260.73,265.58,0
2015-08-10,265.69,267.72,262.17,265.1,0
2015-08-11,265.09,272.99,264.81,271.96,0
2015-08-12,271.97,273.75,265.8,267.1,0
2015-08-13,267.09,268,263.33,264.47,0
2015-08-14,264.47,268.97,262.13,266.09,0
2015-08-15,266.32,267.76,260.96,262.2,0
2015-08-16,262.04,262.9,256.5,259.9,0
2015-08-17,259.9,262.37,257.4,258.49,0
2015-08-18,258.5,258.5,162,194.52381,0
2015-08-19,194.52381,255.08,178.12,226.32,0
2015-08-20,226.31,237.94,226.27,235.54,0
2015-08-21,235.55,236.43,230.52,232.17,0
2015-08-22,232.46,234.71,221.77,230.27,0
2015-08-23,230.33,232.88,225.58,228.53,0
2015-08-24,228.1,228.69,207.62,210.5,0
2015-08-25,210.49,228.77,196.6,222.03,0
2015-08-26,222.7,232.38,220.1,226.12,0
2015-08-27,226.13,229.5,224,225.8,0
2015-08-28,225.66,238.9,220.11,231.83,0
2015-08-29,232.08,234.03,227.16,230.75,0
2015-08-30,230.9,233.96,225.2,229.99,0
2015-08-31,229.99,233.69,225.31,231.35,0
2015-09-01,231.06,232.39,226.55,228.24,0
2015-09-02,228.24,231.89,226.51,229.71,0
2015-09-03,229.71,229.96,226.1,227.25,0
2015-09-04,227.29,231.66,227.01,230.89,0
2015-09-05,230.88,239.76,230.01,235.84,0
2015-09-06,235.84,248.48,235.5,240.97,0
2015-09-07,241,243,239.03,240.85,0
2015-09-08,240.91,247.68,240.27,244.2,0
2015-09-09,244.2,245.57,238.38,239.07,0
2015-09-10,238.97,241.9,237.01,239.49,0
2015-09-11,239.4,242.78,239.39,240.6,0
2015-09-12,240.9,241,235.33,235.77,0
2015-09-13,235.86,236.85,228.95,230.96,0
2015-09-14,231.11,233.9,228.4,230.89,0
2015-09-15,231.07,232.93,229.5,230.93,0
2015-09-16,230.91,232.12,227.33,228.99,0
2015-09-17,228.99,235.71,228.99,233.61,0
2015-09-18,233.65,236.26,232.52,233.78,0
2015-09-19,233.79,234.19,231.4,232.09,0
2015-09-20,232.01,233.38,231.4,232.12,0
2015-09-21,232.11,232.97,226.38,227.22,0
2015-09-22,227.25,233.95,224.25,231.11,0
2015-09-23,231.43,233,230.03,230.54,0
2015-09-24,230.57,236.25,230.54,234.65,0
2015-09-25,234.65,237.7,233.05,235.26,0
2015-09-26,235.39,235.95,233.75,234.63,0
2015-09-27,234.63,234.78,233,233.37,0
2015-09-28,233.37,241.44,233.37,240.43,0
2015-09-29,240.43,241.5,236.61,236.8,0
2015-09-30,236.9,238.78,235.11,236.49,0
2015-10-01,236.72,240.09,236.19,238.48,0
2015-10-02,238.25,240,237.33,237.86,0
2015-10-03,237.84,241.11,237.68,239.79,0
2015-10-04,239.73,240.93,239.29,239.5,0
2015-10-05,239.47,242.89,236.24,242,0
2015-10-06,242.01,249.01,241.51,247.36,0
2015-10-07,247.35,247.93,243.5,244,0
2015-10-08,244,245.65,242.62,243,0
2015-10-09,242.99,245.45,242.63,244.82,0
2015-10-10,244.93,246.41,243.5,246.01,0
2015-10-11,245.93,248.73,243.75,247.99,0
2015-10-12,247.92,248.45,245.21,246.17,0
2015-10-13,246.15,253.43,244,251.25,0
2015-10-14,251.08,255.95,250.1,253.5,0
2015-10-15,253.5,257.5,253.44,255.19,0
2015-10-16,255.19,267.83,254.91,263.45,0
2015-10-17,263.47,275.19,258.32,272.9,0
2015-10-18,272.9,274.66,263.3,265.01,0
2015-10-19,265.29,268.28,262.35,265.1,0
2015-10-20,265.02,273.97,264.39,270.97,0
2015-10-21,270.99,272.28,264.1,267.8,0
2015-10-22,267.99,279.97,267.3,275.83,0
2015-10-23,275.83,280.9,275.15,279.21,0
2015-10-24,279.04,284.47,279,284.19,0
2015-10-25,284.19,295.99,281.2,284.79,0
2015-10-26,284.7,287.92,282.25,287.22,0
2015-10-27,287.22,298.86,286.71,295.29,0
2015-10-28,295.29,307.99,295.29,304.5,0
2015-10-29,304.5,321.53,301.5,314.88,0
2015-10-30,314.23,336,313.82,328.19,0
2015-10-31,328.2,335.87,307.2,316,0
2015-11-01,316,333.49,313.6,330.23,0
2015-11-02,330.23,373.12,326.8,365.33,0
2015-11-03,365.08,423.88,361.11,405,0
2015-11-04,404.98,504,366.66,409.24,0
2015-11-05,409.23,449.95,370,387.14,0
2015-11-06,387.93,396.78,351.2,375.56,0
2015-11-07,375.56,392.23,371.32,384.99,0
2015-11-08,384.28,390.33,365.56,374.1,0
2015-11-09,374.52,388.99,360,381.1,0
2015-11-10,381.1,383.4,327.02,340.18,0
2015-11-11,340.18,343.79,300.28,314.45,0
2015-11-12,314.45,346.44,314.14,336.84,0
2015-11-13,336.86,343.75,326.22,338.53,0
2015-11-14,338.54,340.72,328.5,333.37,0
2015-11-15,333.39,336.6,315,320.52,0
2015-11-16,320.8,335,315.2,332.1,0
2015-11-17,332.16,342.5,331.05,336.29,0
2015-11-18,336.29,338.99,327.91,335.94,0
2015-11-19,335.83,336.57,324.02,326.5,0
2015-11-20,326.49,326.77,309.46,322.2,0
2015-11-21,322.29,329.35,318.95,327.84,0
2015-11-22,327.84,327.85,320.36,324.66,0
2015-11-23,324.66,327.5,320.9,323.63,0
2015-11-24,323.65,323.77,315.55,320.1,0
2015-11-25,320.49,332.43,316.02,329.85,0
2015-11-26,329.85,369.9,329.35,354,0
2015-11-27,354,367,348.18,358.9,0
2015-11-28,359,362.44,351,358.6,0
2015-11-29,358.54,376,355.17,373.89,0
2015-11-30,373.84,384.99,368.11,376.88,0
2015-12-01,376.89,379.99,353.1,362.59,0
2015-12-02,362.59,363.22,346.13,359.12,0
2015-12-03,359.12,371.5,352.25,360.53,0
2015-12-04,360.62,364.4,354.31,363.17,0
2015-12-05,363.04,395,362.08,389.79,0
2015-12-06,390.01,407.57,386.01,390.6,0
2015-12-07,390.88,404.24,384.53,396.7,0
2015-12-08,397,422.39,388.37,422,0
2015-12-09,422,426.59,405,418.73,0
2015-12-10,418.86,421.82,411.09,414.94,0
2015-12-11,414.88,458.99,414.8,457,0
2015-12-12,456.32,475.04,402.5,435.61,0
2015-12-13,435.61,443.92,415.24,433.36,0
2015-12-14,432.91,450,427.3,442.59,0
2015-12-15,442.55,467.29,442.51,466.01,0
2015-12-16,466.43,469.99,440,454.94,0
2015-12-17,454.94,458.56,446.21,455.57,0
2015-12-18,455.71,466.6,450.1,463.52,0
2015-12-19,463.51,467,452,462.44,0
2015-12-20,462.45,462.78,431.5,442.62,0
2015-12-21,442.62,447.45,424.37,437.52,0
2015-12-22,437.81,443.64,433,435.65,0
2015-12-23,435.05,445.76,433.62,442.62,0
2015-12-24,442.62,459.1,442.45,456.13,0
2015-12-25,456.02,460,445,455.47,0
2015-12-26,455.3,460.05,405.5,416.51,0
2015-12-27,416.35,424.89,407,422.32,0
2015-12-28,421.82,429,417.01,420.24,0
2015-12-29,420.11,433.55,418.01,431.79,0
2015-12-30,431.77,434,420,423.55,0
2015-12-31,423.51,432.59,412.5,429.02,0
2016-01-01,429.17,436.49,426.26,433.98,0
2016-01-02,435.67,437.56,432.41,435.4,30096600
2016-01-03,435.4,435.75,425.02,431.91,39633800
2016-01-04,431.9,435.79,431.37,433.85,38477500
2016-01-05,433.84,435.64,430,433.34,34522600
2016-01-06,433.32,433.46,428.15,430.87,34042500
2016-01-07,430.66,460.15,430.64,459.08,87562200
2016-01-08,459.07,464.4,447.53,454.44,56993000
2016-01-09,454.41,456,447.66,450.38,32278000
2016-01-10,450.39,451.39,442.96,449.99,35995900
2016-01-11,449.99,452.65,445.88,449.19,40450000
2016-01-12,449.26,449.44,431.83,434.01,115607000
2016-01-13,434.01,437.5,425,432.76,173888000
2016-01-14,432.7,435.27,428,430.03,43945500
2016-01-15,430.04,430.29,357.3,357.53,153351008
2016-01-16,357.59,391,350.92,388.7,120352000
2016-01-17,388.7,391,372,378.46,45319600
2016-01-18,378.47,386.1,370.1,384.89,54403900
2016-01-19,384.79,385.5,370,375.27,46819800
2016-01-20,375.28,425.1,369,418.54,121720000
2016-01-21,418.89,424.78,403.21,409.38,68338000
2016-01-22,409.02,413.99,373.86,382.9,91546600
2016-01-23,382.93,398.72,382.55,387.5,56247400
2016-01-24,387.5,406.93,387.49,403.05,54824800
2016-01-25,403.04,403.04,386.41,391.4,59062400
2016-01-26,391.4,397,387.78,391.54,58147000
2016-01-27,391.7,397.18,390.7,394.79,47424400
2016-01-28,394.6,395,377.12,379.61,59247900
2016-01-29,379.63,385.05,363.25,378.68,86125296
2016-01-30,378.68,382.04,375,378.46,30284400
2016-01-31,378.46,382.5,365,367.95,37894300
2016-02-01,367.89,379,366.26,371.33,51656700
2016-02-02,371.33,374.41,371.17,372.93,40378700
2016-02-03,372.93,373.01,365.63,368.87,45933400
2016-02-04,368.87,390.63,368.74,387.99,69285504
2016-02-05,387.99,389.36,382.99,384.5,43825000
2016-02-06,384.44,384.54,370.05,375.44,49249300
2016-02-07,375.44,379.81,373.24,377.49,37076300
2016-02-08,377.47,379.35,370.5,371.14,47671100
2016-02-09,371.02,374.93,370.13,372.68,55318500
2016-02-10,372.76,383.34,371.87,378.44,85130896
2016-02-11,378.49,379.5,361.1,378.23,74375600
2016-02-12,378.23,382.05,377.46,382.05,67042800
2016-02-13,382.05,395.59,381.99,390.99,61911700
2016-02-14,391,406.92,391,406.59,74469800
2016-02-15,406.62,409.09,394.03,398.95,74070496
2016-02-16,398.94,407.5,390.2,407.42,73093104
2016-02-17,407.41,420.13,405.69,415.2,83193600
2016-02-18,415.18,423.2,415.01,421.19,76752600
2016-02-19,421.18,422,416,420.72,55711300
2016-02-20,420.72,444.03,420.09,437.46,93992096
2016-02-21,438.04,448.7,426.01,438.56,89820704
2016-02-22,438.56,439,430.95,437.55,85385200
2016-02-23,437.45,440.9,414.16,419.97,85244896
2016-02-24,420.32,425.6,410,423.94,67743696
2016-02-25,423.87,426.44,418.6,423.54,70798000
2016-02-26,423.51,430.85,419.53,430.85,61486000
2016-02-27,430.84,434.97,430.14,433.12,41893600
2016-02-28,433.09,436.07,423,433.73,53033400
2016-02-29,433.73,442,431.13,436.44,60694700
2016-03-01,436.41,437.78,427.5,433.08,74895800
2016-03-02,433.03,435.36,418.36,420.39,74955296
2016-03-03,420.44,422.8,408.63,418.8,100484000
2016-03-04,418.76,422.21,405.5,407.35,90856096
2016-03-05,407.38,408.83,381.09,396.08,135384992
2016-03-06,396.13,409.27,385.01,403.24,91212496
2016-03-07,403.24,418.74,395,412.21,85762400
2016-03-08,412.21,416.33,407.4,411.18,70311696
2016-03-09,411.18,414,408.75,412.8,70012304
2016-03-10,412.64,416.52,410.71,415.98,81022896
2016-03-11,415.98,421,414.97,419.39,73969696
2016-03-12,419.48,421.3,406.52,410.58,92712896
2016-03-13,410.56,416.38,410.01,412.52,74322800
2016-03-14,412.51,415.84,411.61,415.02,95259400
2016-03-15,415.02,416.94,412.48,415.41,66781700
2016-03-16,415.41,416.39,413,416.07,65185800
2016-03-17,416.06,419.75,415.7,418.41,83528600
2016-03-18,418.42,418.66,399.21,409.65,104940000
2016-03-19,409.66,411,404.72,410.2,58423000
2016-03-20,410.09,415.34,409.36,411.27,45947900
2016-03-21,411.25,412.13,406.89,412,61655400
2016-03-22,411.98,417.79,411,416.66,66813300
2016-03-23,416.66,418.99,413.95,417.53,61444200
2016-03-24,417.53,417.72,410,412.95,68346704
2016-03-25,412.86,416.87,411,416.41,52560000
2016-03-26,416.42,417.77,414.37,416.97,44650400
2016-03-27,416.96,426.5,416.35,425.3,71229400
2016-03-28,425.29,425.36,419.63,423,68522800
2016-03-29,422.92,424.62,407.75,416.39,75411504
2016-03-30,416.4,416.41,407.56,412.79,66034100
2016-03-31,412.97,417.6,412.74,416.03,60215200
2016-04-01,416.03,417.68,414.12,417.68,51235700
2016-04-02,417.68,420.5,417.04,419.95,45681200
2016-04-03,419.95,420.8,418.33,420.16,38053700
2016-04-04,420.08,421,417.58,419.47,50634300
2016-04-05,419.48,423.43,418.01,422.36,60718000
2016-04-06,422.4,423,420.61,421.46,59091000
2016-04-07,421.36,422.74,419.41,421.99,57858600
2016-04-08,421.99,424.65,415.71,419.48,63454700
2016-04-09,419.48,419.79,415.51,419.46,49792700
2016-04-10,419.46,423.99,419.46,423.4,73478600
2016-04-11,423.29,424,420.15,423.94,50747500
2016-04-12,423.95,429.77,423.14,427.8,70728800
2016-04-13,427.8,429.44,423.59,425.58,69060400
2016-04-14,425.58,428,424.52,426.32,45281000
2016-04-15,426.35,431.1,425.72,430.93,54801500
2016-04-16,430.82,434.89,429.89,433.39,39392800
2016-04-17,433.69,434.93,429.15,431,52125900
2016-04-18,431.08,434.46,428.44,430.97,55670900
2016-04-19,430.9,438.2,429.22,437.06,52810500
2016-04-20,437.06,444.07,436.17,442.96,72890096
2016-04-21,442.87,453.8,441.99,452.25,68204704
2016-04-22,452.25,452.95,445.07,448.41,58804400
2016-04-23,448.57,455.84,447.03,455.69,50485400
2016-04-24,455.68,465,454.55,464.46,68198400
2016-04-25,464.47,472.38,454.65,466.17,87091800
2016-04-26,466.17,472.11,464.01,470.59,78971904
2016-04-27,470.3,470.79,440.94,445.31,93564896
2016-04-28,445.3,451.88,434.79,451.68,74064704
2016-04-29,451.67,459.44,448.5,458.82,49258500
2016-04-30,458.8,459.33,450.13,454.02,69322600
2016-05-01,454.02,457.07,451.55,456.98,40660100
2016-05-02,456.98,457.63,440.02,446.42,92127000
2016-05-03,446.53,453.29,443.61,452.23,59366400
2016-05-04,452.21,453.23,446.76,448.68,50407300
2016-05-05,448.59,451.56,447,449.98,50440800
2016-05-06,449.99,463.73,448.84,462.31,72796800
2016-05-07,462.31,464,459.55,461.91,38364500
2016-05-08,461.91,465,457.5,462.79,40315000
2016-05-09,462.6,465.9,459.41,464.16,55493100
2016-05-10,464.15,465,448.2,452.78,58956100
2016-05-11,452.77,458.65,452.5,454.37,50605200
2016-05-12,454.56,456.57,449.27,456.48,59849300
2016-05-13,456.48,458.03,453.84,457.98,60845000
2016-05-14,457.97,459.83,456,458.9,37209000
2016-05-15,458.9,463.62,458.49,461.47,28514000
2016-05-16,461.48,461.59,451.48,455.66,59171500
2016-05-17,455.64,457.49,452.2,454.19,64100300
2016-05-18,454.19,457.88,453.6,455.56,86850096
2016-05-19,455.56,456.41,435,438.38,96027400
2016-05-20,437.91,445.85,435.5,445.65,81987904
2016-05-21,445.52,446.99,441.88,446.28,42762300
2016-05-22,446.27,446.45,440.89,442.48,39657600
2016-05-23,442.45,446.3,440.79,445.67,50582500
2016-05-24,445.56,448.5,440.5,446.99,65783100
2016-05-25,446.98,452.42,446.86,451.49,65231000
2016-05-26,451.45,454.99,449,454.97,65203800
2016-05-27,454.97,476.75,454.35,471.27,164780992
2016-05-28,471.21,539.49,470.13,523.25,181199008
2016-05-29,523.35,549.99,492.91,525.22,148736992
2016-05-30,525.22,541,519,532.55,87958704
2016-05-31,532.56,544.9,520.01,531.34,138450000
2016-06-01,531.25,541.5,524.39,534.84,86061800
2016-06-02,534.85,541.2,531.86,537.87,60378200
2016-06-03,538.06,578,535.96,571.25,122020000
2016-06-04,571.09,594.64,564.29,576.31,94925296
2016-06-05,576.31,585,570.22,575.17,68874096
2016-06-06,575.17,588.15,575,586.77,72138896
2016-06-07,586.75,590.95,497.01,579.71,107770000
2016-06-08,579.72,583.99,572.96,583.21,80265800
2016-06-09,583.19,583.48,574,577.46,71301000
2016-06-10,577.47,581,573.5,580.31,66991900
2016-06-11,580.31,610,580.31,609.5,82357000
2016-06-12,609.5,687.71,605,677.86,277084992
2016-06-13,677.45,720,663.55,706.01,243295008
2016-06-14,706.02,706.45,650.02,684.95,186694000
2016-06-15,684.99,699.3,673,698.78,99223800
2016-06-16,698.76,777.68,698.76,769.76,271633984
2016-06-17,769.71,778.5,709.01,752.26,363320992
2016-06-18,752,785.15,734.8,758.99,252718000
2016-06-19,759,771.92,744.77,768.76,136184992
2016-06-20,768.94,768.94,702.42,703.12,174511008
2016-06-21,706.47,718.26,628.6,667.66,309944000
2016-06-22,667.88,679.99,568.11,604.5,266392992
2016-06-23,606.13,637.89,544.13,631.1,253462000
2016-06-24,631.1,700,631.01,669.98,224316992
2016-06-25,669.98,699,650,673.71,126656000
2016-06-26,673.71,675.19,625.01,638.56,109225000
2016-06-27,638.56,659.98,630,657.87,122134000
2016-06-28,657.86,663.53,638,648.43,138384992
2016-06-29,648.43,648.43,630.02,639.42,142456000
2016-06-30,639.41,675,635.14,673.49,138980000
2016-07-01,673.5,688.99,667,678.19,134431008
2016-07-02,678.09,705.21,676.92,704.95,112354000
2016-07-03,705.25,705.25,651,663.55,129512000
2016-07-04,664.09,683.69,653.16,681.98,92008400
2016-07-05,681.98,682.37,662.51,669.87,130476000
2016-07-06,669.75,680.79,665,678.79,134960992
2016-07-07,678.79,683.44,611.94,641.97,258091008
2016-07-08,641.97,667.33,638.04,667.33,141970000
2016-07-09,667.07,667.3,608,657.61,180536000
2016-07-10,657.6,657.61,641,652.44,102532000
2016-07-11,652.43,664.27,648.11,650.97,107910000
2016-07-12,651.25,675.5,648.6,666.56,138172992
2016-07-13,666.25,671.45,654.86,655.34,131449000
2016-07-14,655.3,663.99,640,661.65,98511400
2016-07-15,661.4,669.98,660.68,667.48,81673104
2016-07-16,667.48,669.99,662.01,666.32,50330200
2016-07-17,666.3,680.99,665.95,680,74407904
2016-07-18,680,684.94,670,675.5,69465000
2016-07-19,675.51,676.87,666.17,673.98,61203300
2016-07-20,673.98,674.99,664.6,666.92,94636400
2016-07-21,667.15,668.4,661.19,667.28,60491800
2016-07-22,667.27,669.94,647.59,654.67,134169000
2016-07-23,654.7,662.35,653.92,657.5,69532200
2016-07-24,657.68,666.37,655.01,661,118184000
2016-07-25,660.92,664.13,653.77,657.79,78176496
2016-07-26,657.99,658.99,645,654.06,225135008
2016-07-27,654.06,658.99,646.56,657.35,147460992
2016-07-28,657,659.97,654.1,657.4,86428400
2016-07-29,657.4,659,651,657,60703500
2016-07-30,657.18,658.98,652.95,655.87,38456100
2016-07-31,655.95,657,621.37,626.97,110818000
2016-08-01,626.97,629.34,599,605.2,121887000
2016-08-02,604.87,613.38,483,537.47,330932992
2016-08-03,538.8,576,519.3,573.36,207982000
2016-08-04,573.35,599.95,562.11,587.5,125292000
2016-08-05,587.5,592.87,570.39,583,66127900
2016-08-06,583,591.72,574.5,591.71,80797296
2016-08-07,591.7,598.65,587.2,595.14,82398400
2016-08-08,595.14,595.99,590,591.48,61194100
2016-08-09,591.58,594.04,585.38,586.45,92228096
2016-08-10,586.75,601.09,583.29,594.94,102905000
2016-08-11,594.94,599.99,585.6,587.91,74514400
2016-08-12,587.9,590.09,583.62,587.74,69218000
2016-08-13,587.68,589.5,586,586.45,43563000
2016-08-14,586.45,586.49,565.19,574.99,60851100
2016-08-15,574.97,574.97,561.56,567.79,57262300
2016-08-16,567.85,581.99,566.09,579.02,58405200
2016-08-17,579.02,581.99,569.67,574.45,54443000
2016-08-18,574.45,576.99,573,574.09,59896600
2016-08-19,574.05,576.99,572.68,573.67,50631600
2016-08-20,573.68,583.92,572.38,581.87,45301400
2016-08-21,581.72,583.99,579.34,581.29,38299400
2016-08-22,581.34,586.99,579.22,585.2,72844000
2016-08-23,585.19,586.77,577.47,582.39,85349200
2016-08-24,582.39,582.68,575.29,578.47,56328200
2016-08-25,578.68,579,573.12,575.58,136130000
2016-08-26,575.57,579.86,574.85,579.29,48856800
2016-08-27,579.29,579.45,568.95,570.84,59698300
2016-08-28,570.83,575.41,569.65,575.41,86301600
2016-08-29,575.41,577.73,571.24,573.21,110398000
2016-08-30,573.21,576.83,572.53,574.95,70342400
2016-08-31,574.95,575.15,569.21,572.89,75840896
2016-09-01,572.89,573.31,568.12,573.02,76923400
2016-09-02,572.94,577.97,570,576.21,79910800
2016-09-03,576.41,600.99,574.67,600.91,159014000
2016-09-04,600.93,617.13,597.52,611.92,97942896
2016-09-05,611.94,611.99,601.63,605.69,82446800
2016-09-06,605.93,612.99,605.47,612.99,78529104
2016-09-07,612.99,618.53,609.21,615.21,75032400
2016-09-08,615.22,631.3,613.43,627.97,86713000
2016-09-09,627.97,628.69,618.25,622.07,64550200
2016-09-10,622.07,626.54,620.59,623.74,45016800
2016-09-11,623.58,630.11,591.8,607.94,73610800
2016-09-12,607.94,609.45,603,606.74,72812304
2016-09-13,606.86,609.99,605.16,608.63,86920600
2016-09-14,608.39,611.99,608,608.43,47877700
2016-09-15,608.47,609.49,603.33,605.44,59464600
2016-09-16,605.43,608.1,603.15,607.93,64963400
2016-09-17,607.95,608.99,604,607.92,37140300
2016-09-18,607.92,611.93,607.22,611.4,48679400
2016-09-19,611.4,612.46,607.4,608.6,54796400
2016-09-20,608.6,609.92,605.6,605.6,72710896
2016-09-21,605.6,605.6,592.63,597,82776200
2016-09-22,597,598.54,594.78,596.21,67085300
2016-09-23,595.99,603.3,595.14,602.96,51067000
2016-09-24,602.96,605.94,601.08,603.68,35359500
2016-09-25,603.69,605.99,599.42,601.67,33977800
2016-09-26,601.67,607.99,600.02,607.08,59153800
2016-09-27,607.04,607.54,601.38,605.71,49422400
2016-09-28,605.71,606,603.18,605.04,48722600
2016-09-29,604.96,606.89,603.56,605.99,55658600
2016-09-30,605.99,608.99,605,608.99,56122400
2016-10-01,608.99,617.19,608.98,615.65,56357000
2016-10-02,615.65,615.9,608.66,612.4,39249800
2016-10-03,612.42,615.24,610.7,612.99,46798300
2016-10-04,612.99,613.23,606.93,610.34,49801600
2016-10-05,610.33,614.24,609.22,613.16,68077504
2016-10-06,613.16,613.39,610.3,611.88,56812100
2016-10-07,611.78,618.7,609.89,617.98,64071400
2016-10-08,618.11,620,617.55,619.5,42345900
2016-10-09,619.46,619.59,617,617.42,39243400
2016-10-10,617.43,619.2,615.46,618.72,67481104
2016-10-11,618.72,647.03,618.13,642.12,103590000
2016-10-12,642.3,643.58,631.91,635.79,92370200
2016-10-13,635.9,639.85,632,635.66,61620700
2016-10-14,635.8,639.99,624.08,638.03,58144600
2016-10-15,638.03,639.99,636,638.16,39035400
2016-10-16,638.16,643.91,637.87,641.92,40298100
2016-10-17,642.1,643.47,636.27,639.56,58063600
2016-10-18,639.56,640,632.15,635.11,65546700
2016-10-19,635.12,636.99,625.6,629.79,69381696
2016-10-20,629.79,629.99,626.01,628.05,56957300
2016-10-21,628.19,633.41,627.5,630.83,55951000
2016-10-22,630.67,658,629.32,652.75,78556496
2016-10-23,653.03,655.8,645.33,651.04,54474600
2016-10-24,651.05,652.93,645.81,649.98,62218200
2016-10-25,649.98,657.5,648.99,654.3,90378800
2016-10-26,654.3,678,652.51,674,88877104
2016-10-27,674,692.41,673.54,691.21,96105296
2016-10-28,691.01,691.19,683.2,689.95,81145504
2016-10-29,689.95,725.64,689.39,714.28,134760992
2016-10-30,714.28,714.98,692.04,697.41,100665000
2016-10-31,697.39,709.68,681.01,696.9,97064400
2016-11-01,697.07,737.5,695.74,730.7,130527000
2016-11-02,730.7,744.6,720,744.6,84865200
2016-11-03,744.61,746.16,672.06,690,172808000
2016-11-04,690,708.33,683.8,706.32,99907696
2016-11-05,706.05,707.99,697.72,706.99,53752300
2016-11-06,706.98,719.83,705.86,717.02,59902200
2016-11-07,717.04,717.32,701.35,706.42,65047100
2016-11-08,706.41,716.45,704.16,711.15,79660800
2016-11-09,711.3,747.26,710.05,720.97,132429000
2016-11-10,721,723.61,705.84,712.91,68807800
2016-11-11,713,718.99,712.5,716.9,63119700
2016-11-12,716.56,716.99,702.42,704.53,64622500
2016-11-13,704.63,705.94,685.7,704.01,80318096
2016-11-14,704.01,708.57,695.07,708.32,62993000
2016-11-15,708.4,716.3,673.85,712.29,72038496
2016-11-16,711.92,743.8,710,739.85,141294000
2016-11-17,738.07,750.01,729.01,730.71,108579000
2016-11-18,729.61,751,728.89,748.54,87363104
2016-11-19,748.55,752.3,738,750.77,110608000
2016-11-20,750.77,753.81,715,731.99,154116000
2016-11-21,731.72,738.47,730,736.4,60802400
2016-11-22,736.39,748.77,726.38,746.66,129906000
2016-11-23,746.66,747.12,734,741.52,76543800
2016-11-24,741.51,743.99,727,737.99,85919296
2016-11-25,737.99,739.99,729,739.74,67807600
2016-11-26,739.51,739.98,726,735.7,54962700
2016-11-27,735.69,737.95,728.01,729.24,52601800
2016-11-28,729.24,736.44,729,729.77,61888600
2016-11-29,730.18,734.36,728.2,732.37,68511104
2016-11-30,732.44,745,729.17,742.69,84070800
2016-12-01,742.51,754.9,741.59,754,80461904
2016-12-02,754,780,753.53,769.25,127605000
2016-12-03,769.78,771.92,759,766.98,69547296
2016-12-04,766.86,769.76,762.83,767.99,60557900
2016-12-05,767.94,767.99,748.6,752,106363000
2016-12-06,752.01,761.58,752,759.8,116218000
2016-12-07,759.93,768.9,750.26,764.34,96426096
2016-12-08,764.34,772.82,761.71,767.89,80111904
2016-12-09,767.9,773.22,765.97,773.22,68705296
2016-12-10,773.15,776.99,770,775.87,53843100
2016-12-11,776.05,776.08,765,771.05,57313400
2016-12-12,771.05,782,770.88,778.94,76571000
2016-12-13,779.26,790.34,772.76,776.18,81645600
2016-12-14,776.65,781.8,773.2,777.66,75979000
2016-12-15,777.66,780,775,776.16,81580096
2016-12-16,776.16,785,774.8,780.98,83608200
2016-12-17,780.85,791.97,779.5,788.57,78989800
2016-12-18,788.98,791.96,787.19,790.72,60524400
2016-12-19,790.71,794.99,789,790.81,74886400
2016-12-20,791,799.21,788.58,798.99,99629296
2016-12-21,798.98,834.5,798.88,834.5,155576000
2016-12-22,834.15,875.75,832.38,856.02,200027008
2016-12-23,856.45,918.5,855.45,917.26,275564000
2016-12-24,917.28,918.19,880.1,891.5,137727008
2016-12-25,891.59,897.4,851.11,896.12,143664992
2016-12-26,895.94,908.24,890,902.09,123771000
2016-12-27,902.08,943.36,895,925.2,167308000
2016-12-28,925.28,983.46,923.95,982.17,236630000
2016-12-29,982.25,988.88,950.5,970.72,199320000
2016-12-30,970.51,970.51,930.3,960.81,187474000
2016-12-31,961.52,973.37,949,973.37,99135104
2017-01-01,973.37,1000,964.37,992.95,147775008
2017-01-02,992.96,1034.39,990.52,1011.45,222184992
2017-01-03,1011.52,1036.99,1006.71,1020.67,185168000
2017-01-04,1020.69,1147,1018,1130.3,344945984
2017-01-05,1131.1,1175,880,1007,510199008
2017-01-06,1007,1032.5,875.01,895.71,351876000
2017-01-07,895.78,910,802.07,909,279550016
2017-01-08,908.99,953.8,899.16,923.33,158715008
2017-01-09,922.04,923.58,886.42,902.66,141876992
2017-01-10,902.66,915.1,899.01,907,115808000
2017-01-11,906.81,923.98,765,795.77,310928992
2017-01-12,795.8,840,734.64,812.25,222326000
2017-01-13,812.25,835.01,782.85,831.42,168968000
2017-01-14,831.42,847.52,822.34,828,93063296
2017-01-15,828,835,819,833.31,71013600
2017-01-16,833.43,840,826.03,834.41,82755200
2017-01-17,834.4,909,830.1,906,155095008
2017-01-18,906.09,916.7,850,887.99,225676992
2017-01-19,887.98,907,883.08,902.92,105625000
2017-01-20,902.92,904.58,890,894.31,86728400
2017-01-21,894.31,930,891.28,925.06,111158000
2017-01-22,925.06,946.24,902,931.22,116573000
2017-01-23,929.45,930,910.63,910.7,73588600
2017-01-24,911.78,923,880,887,111349000
2017-01-25,887,903.98,886.99,896.01,120831000
2017-01-26,896.75,921.95,896,917.02,131958000
2017-01-27,917.02,924.47,911,922.63,125594000
2017-01-28,922.98,925.5,921.81,924.98,68979600
2017-01-29,924.69,927.47,915,916.54,60851700
2017-01-30,916.56,923.95,914.69,923.23,78227296
2017-01-31,923.26,972.3,922.94,970.01,164582000
2017-02-01,970.01,992.39,964.22,992.39,150110000
2017-02-02,992.75,1010,978.74,1008.38,145820992
2017-02-03,1008.44,1024.5,994.34,1018.01,201278000
2017-02-04,1018.48,1044.12,1001.8,1035.54,155064000
2017-02-05,1035.54,1036.3,1003.02,1016.32,114208000
2017-02-06,1016.32,1027.7,1014.64,1022.58,111762000
2017-02-07,1022.64,1058.26,1021.75,1053.95,146007008
2017-02-08,1053.95,1069.95,1016.49,1056.7,201855008
2017-02-09,1057.22,1079,925,994.24,407220000
2017-02-10,993.58,1008,961,1001.98,190452000
2017-02-11,1001.88,1023.89,995.49,1018.65,102261000
2017-02-12,1018.63,1018.88,1008,1010,67530000
2017-02-13,1009.99,1021.5,985.68,1002.82,100607000
2017-02-14,1002.88,1018.97,992.27,1013.92,137946000
2017-02-15,1013.92,1016,1007.66,1014.53,89759400
2017-02-16,1014.58,1041.88,1013.54,1038.94,122277000
2017-02-17,1038.95,1064.6,1036.29,1057.3,136474000
2017-02-18,1057.29,1073.8,1055.6,1062.15,99073504
2017-02-19,1062.15,1067.78,1051.26,1059.88,77423296
2017-02-20,1059.89,1095,1051.36,1089.82,109478000
2017-02-21,1089.98,1132.95,1081.95,1128.31,186868992
2017-02-22,1129.68,1140,1104.9,1128.72,136100000
2017-02-23,1129.88,1197,1128.22,1186.9,189454000
2017-02-24,1185.81,1221.93,1103.32,1186.91,330759008
2017-02-25,1186.91,1189.49,1110,1158,139960992
2017-02-26,1157.98,1187.33,1130.88,1184.91,116486000
2017-02-27,1184.91,1198.99,1176,1195.81,131570000
2017-02-28,1195.85,1214.94,1179.64,1195.08,184956000
2017-03-01,1192.72,1230,1085.71,1230,229056992
2017-03-02,1230,1298.61,1220,1269.17,368275008
2017-03-03,1269.17,1294.99,1255.61,1292.86,315739008
2017-03-04,1293.06,1294.48,1226.41,1273.97,183270000
2017-03-05,1273.94,1278.99,1247.11,1278.97,134127000
2017-03-06,1278.63,1288,1268.78,1284.99,153656992
2017-03-07,1284.99,1288,1050,1237.36,291256000
2017-03-08,1237.32,1246,1128,1150.22,332603008
2017-03-09,1150.22,1214.95,1131.11,1197.3,212283008
2017-03-10,1197.3,1360,956.85,1109.02,563795968
2017-03-11,1111.92,1219,1107,1188.08,283320000
2017-03-12,1188.11,1244,1150,1235.57,227176000
2017-03-13,1235.27,1249,1207.98,1245.49,380276992
2017-03-14,1245.5,1262,1213.55,1247.82,245306000
2017-03-15,1247.43,1264.55,1240,1263.01,297804992
2017-03-16,1263.55,1277.27,1117.77,1175.11,638568000
2017-03-17,1175.11,1175.11,1065.74,1069.57,706598976
2017-03-18,1068.78,1096,919.44,970,621302016
2017-03-19,970,1062.92,961.59,1019.49,406648000
2017-03-20,1019.1,1051.97,1011,1044.97,286529984
2017-03-21,1046.76,1120,1042.68,1114.42,337391008
2017-03-22,1114.42,1114.96,985.17,1034.57,380840992
2017-03-23,1038.01,1057.41,1013,1025.14,248540000
2017-03-24,1025.13,1030.3,920.1,934.87,491038016
2017-03-25,933.94,973.99,890.05,963.89,435803008
2017-03-26,963.72,1005,943.9,973.08,303668000
2017-03-27,974.24,1045.9,961.1,1042.08,372535008
2017-03-28,1042.28,1069.39,1016.25,1045.39,326332000
2017-03-29,1045.54,1058.16,1005.77,1043.27,298457984
2017-03-30,1043.09,1052.94,1022,1042.34,352968992
2017-03-31,1042.33,1094.49,1038.11,1088.99,447287008
2017-04-01,1088.99,1110.95,1071.45,1092,289633984
2017-04-02,1092,1119,1080,1113.99,514187008
2017-04-03,1113.23,1168.72,1112.24,1152.44,580444032
2017-04-04,1152.09,1164.14,1124.98,1143.99,436310016
2017-04-05,1143.98,1144.99,1114.9,1132.99,414784000
2017-04-06,1132.99,1206.97,1132.98,1192.3,511222016
2017-04-07,1192.29,1203,1175.26,1193.99,317022016
2017-04-08,1194,1198,1170,1184.5,209312000
2017-04-09,1184.5,1221,1175.8,1210.97,242343008
2017-04-10,1210.99,1219.78,1201,1210,215883008
2017-04-11,1210,1234,1200,1223.99,216182000
2017-04-12,1224,1227.86,1209.61,1214.17,288702016
2017-04-13,1214.68,1219.49,1148.98,1177.05,351968992
2017-04-14,1177.05,1196.92,1170.14,1173.74,254827008
2017-04-15,1173.13,1190.99,900,1178.85,203559008
2017-04-16,1178.84,1189.93,1171.7,1177.99,183231008
2017-04-17,1177.63,1197.6,1170.85,1189.91,253206000
2017-04-18,1190.95,1206.65,1189.76,1201.94,270524000
2017-04-19,1201.88,1215.32,1191.09,1214.21,288060992
2017-04-20,1214.22,1240.6,1212.01,1236.15,315108000
2017-04-21,1236.15,1258.77,1236.15,1249.99,272167008
2017-04-22,1249.98,1253,1221.51,1247,249320000
2017-04-23,1246.79,1254,1236.2,1251.98,258951008
2017-04-24,1251.91,1261.16,1246.31,1257.29,235806000
2017-04-25,1256.65,1287,1256.16,1281.16,242556000
2017-04-26,1281.18,1320,1279.5,1298.44,329631008
2017-04-27,1297.56,1360,1295.39,1349.26,449196992
2017-04-28,1349.77,1381.01,1300.2,1353.34,527488992
2017-04-29,1352.96,1369.5,1335.64,1365.43,422705984
2017-04-30,1364.98,1394.51,1334.02,1384.55,413115008
2017-05-01,1384.55,1466.69,1370.98,1436.5,713624000
2017-05-02,1436.5,1492.93,1426.51,1471.99,477337984
2017-05-03,1471.79,1533,1453.68,1533,583795968
2017-05-04,1533,1665,1482.06,1563.39,933548992
2017-05-05,1561.47,1630,1535.11,1551.3,946035968
2017-05-06,1551.3,1598.89,1551.3,1585.39,582529984
2017-05-07,1585.49,1618.31,1563.87,1609.57,1080029952
2017-05-08,1611.1,1713,1608,1713,1340320000
2017-05-09,1712.99,1794.7,1630,1720.43,1167920000
2017-05-10,1720.24,1799.99,1691.3,1794.99,915723008
2017-05-11,1794.95,1889,1770.95,1837.93,799489984
2017-05-12,1837.98,1838,1651.01,1695.61,740984000
2017-05-13,1695.56,1792.96,1610,1792.73,579635008
2017-05-14,1791.7,1829,1763.33,1799.99,437196000
2017-05-15,1799.98,1802.99,1702.42,1747.81,731529024
2017-05-16,1747.81,1777.76,1690.14,1777.48,959044992
2017-05-17,1777.49,1840,1745.05,1813.23,1064729984
2017-05-18,1813.23,1900,1800,1899.16,894321024
2017-05-19,1899.47,1980,1890.73,1976.23,1157289984
2017-05-20,1976.22,2059,1970.04,2058.91,961336000
2017-05-21,2058.89,2102.68,1988.6,2057,1147859968
2017-05-22,2056.99,2298,1975,2123.29,1942220032
2017-05-23,2123.29,2283,2100.86,2272.75,1378749952
2017-05-24,2272.74,2474.69,2266.51,2432.97,1725379968
2017-05-25,2432.96,2806,2253.15,2355,2406700032
2017-05-26,2362.17,2683.18,2052.01,2272.7,1763480064
2017-05-27,2276.46,2353.35,1913.19,2099.99,1700480000
2017-05-28,2099.99,2342.99,2099.86,2232.78,1147139968
2017-05-29,2237,2357.86,2141.12,2279.48,994625024
2017-05-30,2279.18,2336.88,2112.31,2191.58,1443970048
2017-05-31,2191.6,2338.91,2173.8,2303.29,1544829952
2017-06-01,2303.61,2488,2302,2419.99,1653180032
2017-06-02,2419.98,2478.99,2379.44,2478.99,1317030016
2017-06-03,2478.99,2599,2448,2548.05,1514950016
2017-06-04,2548.3,2556.1,2469.98,2521.36,1355120000
2017-06-05,2521.43,2698,2517.02,2698,1369309952
2017-06-06,2698,2938.55,2674.69,2871.29,2089609984
2017-06-07,2871.29,2885,2598.7,2685.64,1517709952
2017-06-08,2690.02,2808.78,2611.41,2799.73,1281170048
2017-06-09,2799.76,2861.58,2786.2,2811.39,1348950016
2017-06-10,2811.37,2942.04,2801.25,2931.15,2018889984
2017-06-11,2931.16,2998.99,2881,2998.98,1752400000
2017-06-12,2998.98,2999.99,2463.89,2655.71,2569530112
2017-06-13,2654.36,2798.99,2649.47,2709.01,1781200000
2017-06-14,2709.02,2827,2330,2432.21,1696560000
2017-06-15,2432.21,2525,2050,2409.98,2026259968
2017-06-16,2409.98,2524.65,2287.84,2480.43,1195190016
2017-06-17,2480.44,2679.24,2413.96,2634.94,1534509952
2017-06-18,2634.94,2670,2455.01,2515.25,1178659968
2017-06-19,2515.25,2597,2481.92,2596.98,1446840064
2017-06-20,2596.99,2776.95,2585.42,2725.08,1854189952
2017-06-21,2725.11,2781.59,2559.51,2643.35,1626579968
2017-06-22,2643.33,2724.69,2598,2679.99,1097939968
2017-06-23,2679.93,2743,2665,2690.76,961318976
2017-06-24,2690.76,2718.37,2503.05,2574.84,982750016
2017-06-25,2574.86,2625,2430.05,2505.61,1161100032
2017-06-26,2505.61,2563.9,2258.34,2407.91,1663280000
2017-06-27,2407.91,2575.75,2264,2575.75,1489789952
2017-06-28,2573.22,2605,2457,2553.12,1183869952
2017-06-29,2553.13,2591.98,2506.1,2530,949979008
2017-06-30,2531.16,2554.01,2446.2,2455.19,860273024
2017-07-01,2455.19,2515,2400,2423.63,779913984
2017-07-02,2424.08,2545,2385,2516.66,803747008
2017-07-03,2515.37,2584.78,2479.75,2542.41,964112000
2017-07-04,2542.41,2636.1,2542.18,2602,985516032
2017-07-05,2602,2630.24,2551.06,2616.96,941566016
2017-07-06,2616.96,2623.54,2580.69,2604.84,761956992
2017-07-07,2604.89,2607.61,2472,2501.15,917411968
2017-07-08,2501.15,2563.5,2471.22,2561.11,733329984
2017-07-09,2560.84,2579.84,2500,2508.99,527856000
2017-07-10,2508,2523,2250,2331.05,1111200000
2017-07-11,2330.93,2410,2265,2310.01,1329760000
2017-07-12,2309.62,2415,2250,2383.42,1117410048
2017-07-13,2384.35,2416.79,2308.14,2340,835769984
2017-07-14,2340,2349.28,2150,2217.24,882502976
2017-07-15,2217.02,2224.82,1964.31,1964.31,993608000
2017-07-16,1964.33,2043.94,1758.2,1911.78,1182870016
2017-07-17,1911.79,2238.07,1909.58,2235.19,1201760000
2017-07-18,2235.14,2393.43,2134.37,2308.15,1512450048
2017-07-19,2307.48,2396,2216,2258.99,1245100032
2017-07-20,2258.99,2957,2258.99,2873.48,2249260032
2017-07-21,2873.45,2880,2608.27,2657.45,1489449984
2017-07-22,2661.05,2869.88,2646.95,2825.27,1177129984
2017-07-23,2825.27,2848,2691,2754.28,1072840000
2017-07-24,2755.19,2799.2,2726.8,2762.26,866473984
2017-07-25,2761.68,2782.44,2449.69,2564,1460089984
2017-07-26,2564,2614,2403,2525.99,937404032
2017-07-27,2525.98,2686.2,2514.1,2664.99,789104000
2017-07-28,2664.99,2825.11,2655.55,2786.07,1380099968
2017-07-29,2786.07,2790.99,2656,2700.21,803745984
2017-07-30,2700.2,2739.98,2500,2723.99,705942976
2017-07-31,2723.99,2900,2700,2856.88,860574976
2017-08-01,2856.89,2925,2676.01,2732.59,1324669952
2017-08-02,2731.6,2758.06,2650,2699.9,1094950016
2017-08-03,2699.9,2799,2699.89,2787.02,804796992
2017-08-04,2787.05,2877.79,2760,2857.34,1002120000
2017-08-05,2857.34,3335,2857.34,3243.49,1945699968
2017-08-06,3243.5,3278.42,3150,3222.22,1105030016
2017-08-07,3222.22,3416,3190,3398.23,1482279936
2017-08-08,3398.23,3489,3349.91,3422.43,1752760064
2017-08-09,3423.28,3428.29,3232.62,3342.8,1468960000
2017-08-10,3342.8,3448,3317,3444.98,1515110016
2017-08-11,3444.98,3725,3416.86,3656.15,2021190016
2017-08-12,3656.14,3974,3622.87,3874,2219589888
2017-08-13,3874,4200,3850,4060.47,3159089920
2017-08-14,4060.47,4328,3985.01,4320.6,2463089920
2017-08-15,4320.53,4434.42,3807.14,4159.93,3258050048
2017-08-16,4159.93,4385.5,3928.82,4370.01,2272039936
2017-08-17,4370.01,4469,4180,4280.01,2553359872
2017-08-18,4280.01,4350,3960.47,4101.72,2941710080
2017-08-19,4101.72,4186.1,4000,4157.41,2975820032
2017-08-20,4157.41,4190.21,4044.52,4050.99,2109769984
2017-08-21,4050.99,4089.99,3950.88,4002,2800890112
2017-08-22,4002,4145,3583.46,4092,3764239872
2017-08-23,4092,4247.88,4058.26,4143.49,2369819904
2017-08-24,4142.5,4349.99,4112.76,4312.03,2037750016
2017-08-25,4312.03,4453.9,4284.01,4360,1727970048
2017-08-26,4360,4374.39,4260.01,4344.32,1511609984
2017-08-27,4344.32,4392,4309.87,4340.11,1537459968
2017-08-28,4343.5,4396,4200,4384.99,1959330048
2017-08-29,4384.99,4656.83,4350,4599,2486080000
2017-08-30,4599.01,4635.21,4500.55,4581.98,1937849984
2017-08-31,4581.98,4769.03,4580.84,4743.94,1944930048
2017-09-01,4743.94,4948,4706,4947.99,2599079936
2017-09-02,4948,4980,4500,4649.99,2722139904
2017-09-03,4642.39,4749.99,4524,4626.05,1933190016
2017-09-04,4626.05,4628.05,4234.16,4498.25,2987330048
2017-09-05,4498.46,4514.95,4242.38,4432.51,2697969920
2017-09-06,4432.51,4692,4431,4616.18,2172100096
2017-09-07,4616.18,4665.44,4475.01,4624.18,1844620032
2017-09-08,4624.18,4679.99,4140,4350,2700890112
2017-09-09,4350,4449.95,4180,4334.36,1386230016
2017-09-10,4334.36,4349.99,4139,4251.36,1679090048
2017-09-11,4251.36,4365,4111.14,4210.72,1557330048
2017-09-12,4210.72,4375.37,4080,4164.52,1864530048
2017-09-13,4164.52,4174.53,3726,3855.32,2219409920
2017-09-14,3855.61,3923,3230.05,3250.4,2716310016
2017-09-15,3249.99,3894.48,2975.01,3740.02,4148069888
2017-09-16,3740.02,4042.98,3600,3726.51,1818400000
2017-09-17,3726.51,3841,3475.64,3719.97,1239149952
2017-09-18,3719.98,4130,3717.56,4100,1943209984
2017-09-19,4100,4125.22,3850.44,3910.11,1563980032
2017-09-20,3910.11,4044,3850.01,3872.06,1213830016
2017-09-21,3872.07,3903.57,3571,3617.47,1411480064
2017-09-22,3617.47,3767.77,3509.79,3619.01,1194829952
2017-09-23,3619.01,3818.89,3580,3787.33,928113984
2017-09-24,3787.33,3789.36,3630.01,3669.01,768014976
2017-09-25,3669.01,3969.37,3669.01,3919.78,1374210048
2017-09-26,3919.98,3960,3854.29,3885.09,1043740032
2017-09-27,3885.09,4228.39,3880.36,4200,1686880000
2017-09-28,4200,4269.95,4122,4189.42,1712320000
2017-09-29,4189.42,4212.99,4015.17,4156.99,1367049984
2017-09-30,4156.99,4356.28,4143.52,4339,1207449984
2017-10-01,4339.01,4396.99,4256.92,4394.81,1208210048
2017-10-02,4394.81,4470,4354.23,4392.71,1431730048
2017-10-03,4392.71,4419.95,4240,4307.99,1288019968
2017-10-04,4307.99,4344,4175.3,4214.84,1116770048
2017-10-05,4214.84,4365.21,4150.01,4320.04,1161769984
2017-10-06,4320.02,4407,4299.99,4362.99,1069939968
2017-10-07,4363,4449.42,4320,4425,906928000
2017-10-08,4425,4612,4420.01,4603.49,1313869952
2017-10-09,4603.5,4875.39,4561,4769.55,1968739968
2017-10-10,4769.55,4925.65,4701.53,4750,1597139968
2017-10-11,4750,4869.97,4720.21,4814.99,1222279936
2017-10-12,4814.99,5440.92,4809.59,5440,2791610112
2017-10-13,5440,5867,5390,5624.8,3615480064
2017-10-14,5624.87,5839.8,5567.86,5819.13,1669030016
2017-10-15,5819.13,5849.83,5455.5,5693.7,1976039936
2017-10-16,5693.7,5785.3,5575.55,5754.9,2008070016
2017-10-17,5754.9,5769.99,5525,5594,1821570048
2017-10-18,5593.97,5600,5102,5574.44,2399269888
2017-10-19,5574.02,5750,5529.44,5704.01,1780540032
2017-10-20,5704,6063.99,5630,5989.1,2354429952
2017-10-21,5989.1,6189.1,5868.26,6024.86,2207099904
2017-10-22,6024.85,6082.3,5755.95,6005.05,2034630016
2017-10-23,6000.01,6057.02,5650.98,5905.99,2401840128
2017-10-24,5906,5906,5462.19,5525.43,2735699968
2017-10-25,5525.43,5765,5376.71,5739.97,1966989952
2017-10-26,5739.97,6000,5701,5891.61,1905040000
2017-10-27,5891.61,5998,5708.8,5780,1710130048
2017-10-28,5780,5894,5715,5752.01,1403920000
2017-10-29,5752.01,6298.99,5728,6140.01,2859040000
2017-10-30,6140.01,6200,6028,6124.16,1772150016
2017-10-31,6124.16,6472.13,6095.96,6445.01,2311379968
2017-11-01,6445.01,6784,6363.59,6783.69,2870320128
2017-11-02,6783.69,7445,6759,7039.98,4653770240
2017-11-03,7039.99,7449.99,6955.89,7170.01,3369860096
2017-11-04,7170.01,7498,7011.1,7412.55,2483800064
2017-11-05,7412.35,7630,7310,7392,2380410112
2017-11-06,7391.95,7432.49,6900.73,6969.76,3111899904
2017-11-07,6969.76,7232.84,6968.49,7126.63,2326340096
2017-11-08,7128.99,7898,7031.66,7467.96,4602200064
2017-11-09,7467.97,7470.01,7079,7156,3226249984
2017-11-10,7156,7350,6426,6577.62,5208249856
2017-11-11,6577.63,6894.99,6201.01,6346.7,4908680192
2017-11-12,6346.64,6486,5511.11,5886.35,8957349888
2017-11-13,5886.35,6841.45,5850,6535.87,6263249920
2017-11-14,6535.87,6748,6450,6605,3197110016
2017-11-15,6605,7349,6605,7294,4200880128
2017-11-16,7294,7985.37,7130,7838.53,5123809792
2017-11-17,7838.54,7988.5,7536,7714.71,4651670016
2017-11-18,7714.7,7847.98,7502,7777.01,3667190016
2017-11-19,7777.01,8098.62,7700,8031.82,3149319936
2017-11-20,8031.83,8293.25,7969,8256.01,3488450048
2017-11-21,8256.01,8375,7802.99,8109,4277609984
2017-11-22,8109,8298.98,8103.13,8250,3633530112
2017-11-23,8250,8274.98,8031.16,8031.16,4225179904
2017-11-24,8031.16,8324,7900,8215.01,5058610176
2017-11-25,8215.01,8795.5,8203.98,8795.5,4342060032
2017-11-26,8795.5,9596,8795.5,9401.11,5475579904
2017-11-27,9401.11,9795,9401,9768.71,5653320192
2017-11-28,9768.71,9989.95,9705.99,9949,6348819968
2017-11-29,9949,11485,8595.55,9935.98,11568799744
2017-11-30,9920.81,10850,9135.6,9903,8310689792
2017-12-01,9903.01,10937,9517,10869.84,6783119872
2017-12-02,10869.85,11100,10701,10930.24,5138500096
2017-12-03,10930.24,11891,10601,11290,6608309760
2017-12-04,11290,11650,10950,11643.98,6132409856
2017-12-05,11643.99,11875,11532,11718.35,6895260160
2017-12-06,11718.34,14425,11717.5,14090,12656300032
2017-12-07,14090,19697,13500,17390.01,17950699520
2017-12-08,17390.01,17777.69,13788.99,16367.03,21135998976
2017-12-09,16367.03,16499,13550,15309.98,13911300096
2017-12-10,15309.99,16300,13501,15290.01,13433299968
2017-12-11,15290.01,17493,15200,16885.76,12153900032
2017-12-12,16885.76,18149.99,16375,17730.12,14603799552
2017-12-13,17730.12,17900,15700,16689.61,12976900096
2017-12-14,16689.62,17199.6,16256,16749.78,13777399808
2017-12-15,16749.79,17899,16745,17738.67,14309999616
2017-12-16,17738.68,19797,17630,19650.01,12740599808
2017-12-17,19650.02,19891.99,19010,19378.99,13314599936
2017-12-18,19378.99,19385,18200,19039.01,14839499776
2017-12-19,19039.01,19099,16800,17838.73,16894499840
2017-12-20,17838.73,17890,14001,16496.89,22149699584
2017-12-21,16496.9,17364.57,15151,15758.8,16516599808
2017-12-22,15758.8,15974.95,10400,14210.57,22197999616
2017-12-23,14229.47,16261,13750,15075.89,13086000128
2017-12-24,15075.89,15109.27,13210,14221.94,11572299776
2017-12-25,14221.93,14774,13450,14171.98,10664699904
2017-12-26,14171.99,16148,14171.98,15790.88,13454300160
2017-12-27,15790.88,16490,14524.37,15367.08,12487600128
2017-12-28,15360.01,15489,13500,14450.01,12336499712
2017-12-29,14450.01,15105.34,14041.81,14565.05,13025500160
2017-12-30,14565.04,14639.79,12500,12839.99,14452599808
2017-12-31,12839.98,14280.26,12633.8,13863.13,12136299520
2018-01-01,13863.14,13889,12952.5,13480.01,10291200000
2018-01-02,13480,15275,13005,14781.51,16846600192
2018-01-03,14781.52,15400,14628,15098.14,16871900160
2018-01-04,15098.23,15400,14230,15144.99,21783199744
2018-01-05,15145,17178,14819.78,16960.01,23840899072
2018-01-06,16960.01,17174,16251.01,17098.99,18314600448
2018-01-07,17099,17115.01,15755.01,16174.22,15866000384
2018-01-08,16174.22,16275,14000,14993.74,18413899776
2018-01-09,14993.73,15384,14230,14480.99,16659999744
2018-01-10,14481,14875.18,13550.01,14875.18,18500800512
2018-01-11,14875.17,14970,12800.01,13308.06,16534099968
2018-01-12,13308.06,14080.83,12900,13820,12065699840
2018-01-13,13820,14500,13792.25,14187.95,12763599872
2018-01-14,14187.94,14332.85,13110,13656.23,11084099584
2018-01-15,13656.23,14253,13416,13590,12750799872
2018-01-16,13590,13643.66,9928.62,11570.01,18853799936
2018-01-17,11570.01,12358.89,9005,11200.01,18830600192
2018-01-18,11204.64,12123.1,10687.21,11305.53,15020399616
2018-01-19,11305.53,11973.99,11050,11498.99,10740400128
2018-01-20,11499,12985.55,11498.99,12762.8,11801700352
2018-01-21,12762.8,12762.8,11118,11518.17,9935179776
2018-01-22,11518.17,11849,10025,10766.7,10537400320
2018-01-23,10766.7,11370,9945,10824.94,9660609536
2018-01-24,10824.95,11450,10450,11356.79,9940989952
2018-01-25,11356.8,11690,10851,11118,8873169920
2018-01-26,11118,11570,10305,11086.89,9746199552
2018-01-27,11086.88,11494.08,10850,11319,7583269888
2018-01-28,11319,11697.24,11234.38,11536,8350360064
2018-01-29,11536,11570,10840,11123.01,7107359744
2018-01-30,11123.01,11150,9711.11,9995,8637859840
2018-01-31,9995,10299.95,9601.02,10099.99,8041160192
2018-02-01,10099.99,10166.25,8400,9014.23,9959400448
2018-02-02,9014.22,9090.08,7540,8787.52,12726899712
2018-02-03,8787.52,9499,8115.48,9240,7263790080
2018-02-04,9227.8,9350,7859,8167.91,7073549824
2018-02-05,8167.9,8349.16,6425.75,6905.19,9285289984
2018-02-06,6905.2,7948.89,5873,7688.46,13999800320
2018-02-07,7688.47,8650,7212.82,7575.75,9169280000
2018-02-08,7575.76,8625,7550,8218.1,9346750464
2018-02-09,8218.07,8700,7750,8671.01,6784820224
2018-02-10,8671,9090,8155,8547.49,7780960256
2018-02-11,8547.48,8547.49,7851,8072.99,6122189824
2018-02-12,8073,8950,8072.99,8872.28,6256439808
2018-02-13,8872.27,8925,8393.1,8520.01,5696719872
2018-02-14,8520.01,9482.5,8520,9472.98,7909819904
2018-02-15,9472.98,10249.81,9342.46,10031.23,9062540288
2018-02-16,10031.23,10307.68,9729.58,10167.49,7296159744
2018-02-17,10167.49,11149,10057,11121.5,8660880384
2018-02-18,11121.5,11299.1,10159,10380.04,8744009728
2018-02-19,10380.03,11274.11,10297.39,11140,7652089856
2018-02-20,11140,11775,11000,11235.57,9926540288
2018-02-21,11235.57,11279.99,10250,10454.27,9405339648
2018-02-22,10453.83,10900,9715.27,9830,8040079872
2018-02-23,9830,10390.77,9576.43,10144.99,7739500032
2018-02-24,10144.99,10494.14,9372.72,9688.62,6917929984
2018-02-25,9688.61,9850,9324.75,9597.99,5706939904
2018-02-26,9600,10447.74,9404,10300,7287690240
2018-02-27,10300,10845.07,10133.33,10566.57,6966179840
2018-02-28,10556.3,11044,10263,10307.27,6936189952
2018-03-01,10307.26,11075,10213.99,10895.92,7317279744
2018-03-02,10895.93,11149,10765,11000,7620590080
2018-03-03,11000.01,11494.57,11000,11432.5,6690570240
2018-03-04,11432.51,11487,11041,11469.9,6084149760
2018-03-05,11469.9,11645.74,11339,11377.54,6468539904
2018-03-06,11371.5,11395.63,10565.85,10700,6832169984
2018-03-07,10700,10894,9400,9920,8797910016
2018-03-08,9925,10098,9050,9304.9,7186089984
2018-03-09,9304.9,9410,8370,9255,8704190464
2018-03-10,9255,9518.77,8720.08,8795.44,5386319872
2018-03-11,8795.45,9760,8516,9533.88,6296370176
2018-03-12,9533.88,9890,8782.69,9120,6457399808
2018-03-13,9120,9472.88,8855,9145.41,5991139840
2018-03-14,9145.42,9340,7931,8207.03,6438230016
2018-03-15,8207.02,8400,7666,8259.99,6834429952
2018-03-16,8260,8600,7911,8275,5289379840
2018-03-17,8274.09,8349.82,7751,7865.02,4426149888
2018-03-18,7857.59,8302.73,7310,8192,6639190016
2018-03-19,8192,8757.5,8108.31,8589,6729110016
2018-03-20,8589,9046.26,8316.15,8900,6361789952
2018-03-21,8900,9174,8745,8891.81,6043129856
2018-03-22,8891.81,9073.93,8467.27,8715.09,5530390016
2018-03-23,8715.09,8927.81,8280.04,8927.1,5954120192
2018-03-24,8927.8,8999,8508,8531.34,5664600064
2018-03-25,8531.96,8670,8359.45,8452.96,4569880064
2018-03-26,8453,8498,7854,8145,5921039872
2018-03-27,8144.99,8219.99,7757,7793.61,5378250240
2018-03-28,7793.61,8088,7727.76,7942.72,4935289856
2018-03-29,7942.73,7957,6905,7079.99,6361229824
2018-03-30,7080,7275.35,6600,6848.01,6289509888
2018-03-31,6848.01,7200,6780,6928.5,4553269760
2018-04-01,6928.5,7044.46,6450,6816.01,4532100096
2018-04-02,6816.01,7100,6777.28,7045.01,4333440000
2018-04-03,7045.01,7520,7016.8,7424.9,5499700224
2018-04-04,7424.91,7424.91,6708.46,6791.68,4936000000
2018-04-05,6791.68,6933.11,6568.64,6785.85,5639320064
2018-04-06,6785.86,6847,6518.88,6619.01,3766810112
2018-04-07,6619.01,7064.64,6605.08,6894.01,3976610048
2018-04-08,6894.01,7099.99,6880,7020.01,3652499968
2018-04-09,7020.01,7169.53,6617,6771.13,4894060032
2018-04-10,6771.14,6893.29,6661.19,6824.99,4272750080
2018-04-11,6825,6974,6806.01,6942.99,4641889792
2018-04-12,6943,8050,6767.77,7916,8906250240
2018-04-13,7915.99,8220,7760,7893.19,7764460032
2018-04-14,7893.19,8150,7830,8003.11,5191430144
2018-04-15,8003.12,8392.56,8003.11,8355.25,5244480000
2018-04-16,8355.24,8398.98,7905.99,8048.93,5631309824
2018-04-17,8048.92,8162.5,7822,7892.1,6900879872
2018-04-18,7892.11,8243.99,7879.8,8152.05,6529909760
2018-04-19,8152.05,8300,8101.47,8274,7063209984
2018-04-20,8274,8932.57,8216.21,8866.27,8438110208
2018-04-21,8866.27,9038.87,8610.7,8915.42,7548550144
2018-04-22,8915.42,9015,8754.01,8795.01,6629899776
2018-04-23,8795,8991,8775.1,8931.3,6925190144
2018-04-24,8931.31,9728.56,8930,9645.1,10678800384
2018-04-25,9645,9763.49,8602.43,8865.98,11083100160
2018-04-26,8865.98,9318,8660,9272.12,8970559488
2018-04-27,9272.12,9369,8910,8922.55,7566289920
2018-04-28,8922.56,9447,8863.42,9329.99,7805479936
2018-04-29,9329.99,9512.5,9179.99,9389.01,8853000192
2018-04-30,9389.01,9447,9110.88,9243.83,8673920000
2018-05-01,9243.83,9245.37,8831.21,9072.29,7713019904
2018-05-02,9072.29,9251.05,8990,9190.48,7558159872
2018-05-03,9190.47,9800,9131,9725.74,10207299584
2018-05-04,9725.74,9745,9451.5,9685,8217829888
2018-05-05,9685,9948.12,9660.28,9800,7651939840
2018-05-06,9799.99,9880,9390,9600,7222280192
2018-05-07,9600,9619.55,9162.85,9356.25,7394019840
2018-05-08,9356.25,9463.13,9050,9177.81,7415869952
2018-05-09,9177.81,9370,8960,9300.08,7226890240
2018-05-10,9300.08,9386.32,9001.01,9010.51,6906699776
2018-05-11,9010.51,9010.51,8351,8403.33,8488520192
2018-05-12,8403.33,8658.57,8223.43,8475,6821380096
2018-05-13,8474.31,8774.32,8345,8686.1,5866379776
2018-05-14,8686.1,8880.01,8289.79,8670,7364149760
2018-05-15,8670,8847,8420.45,8477.46,6705710080
2018-05-16,8477.47,8500,8103.33,8344.01,6760220160
2018-05-17,8344.01,8483.48,8001,8059,5862530048
2018-05-18,8059,8280,7927.21,8238.51,5764190208
2018-05-19,8238.51,8390,8152.54,8235.6,4712399872
2018-05-20,8235.6,8600,8172,8516.86,5191059968
2018-05-21,8516.86,8584.39,8309.23,8393.44,5154990080
2018-05-22,8393.43,8400,7950,7987.7,5137010176
2018-05-23,7987.7,8030.06,7433.19,7505,6491120128
2018-05-24,7505.01,7734.99,7269,7584.15,6049220096
2018-05-25,7584.15,7661.85,7326.94,7459.11,4867829760
2018-05-26,7459.11,7640.46,7287.23,7337.95,4051539968
2018-05-27,7337.94,7392.7,7229.01,7346.64,4056519936
2018-05-28,7346.64,7444.8,7087,7107.94,5040600064
2018-05-29,7107.94,7524.99,7058,7460,5662660096
2018-05-30,7460,7557.78,7272.71,7380.01,4922540032
2018-05-31,7380,7609.99,7340,7485,5127130112
2018-06-01,7485,7599.99,7351.01,7514.32,4921460224
2018-06-02,7514.32,7697.09,7440,7636.42,4939299840
2018-06-03,7636.41,7777,7583.24,7706.37,4851760128
2018-06-04,7706.37,7747.57,7447.61,7487.37,4993169920
2018-06-05,7487.37,7677.5,7355,7612.51,4961739776
2018-06-06,7612.51,7691,7484,7655,4692259840
2018-06-07,7655,7747,7635,7684.93,4485799936
2018-06-08,7684.93,7690,7536.58,7618.8,4227579904
2018-06-09,7616,7680,7468,7496.4,3845220096
2018-06-10,7496.41,7496.41,6652,6770.31,5804839936
2018-06-11,6770.31,6913.83,6666.66,6881,4745269760
2018-06-12,6881,6885.84,6450,6544.99,4654380032
2018-06-13,6549.47,6618.95,6135,6302.32,5052349952
2018-06-14,6302.32,6750,6269,6638.49,5138710016
2018-06-15,6638.49,6660,6370,6391.22,3955389952
2018-06-16,6385.7,6549.99,6330,6484.29,3194170112
2018-06-17,6484.3,6570.01,6428.14,6447.16,3104019968
2018-06-18,6447.15,6807.64,6385,6709.02,4039200000
2018-06-19,6709.19,6829.06,6670.01,6736.41,4057029888
2018-06-20,6736.41,6817,6557.66,6756.1,3888640000
2018-06-21,6759.54,6787,6682.3,6719.01,3529129984
2018-06-22,6719.01,6725,5921.21,6059.82,5079810048
2018-06-23,6059.82,6250,6040.01,6178.29,3431360000
2018-06-24,6178.29,6255.8,5777,6149.99,4566909952
2018-06-25,6150,6340.01,6070.13,6246,5500810240
2018-06-26,6246.01,6271,6006.39,6074.95,3279759872
2018-06-27,6074.01,6175.43,5983.56,6132.17,3296219904
2018-06-28,6132.16,6161.47,5816.6,5851.66,3467800064
2018-06-29,5850.25,6299.99,5790.01,6202.36,3966230016
2018-06-30,6202.36,6520.15,6185,6383.19,4543860224
2018-07-01,6383.19,6424.14,6256.76,6349.5,4788259840
2018-07-02,6349.5,6669.99,6270.01,6611.79,4396930048
2018-07-03,6611.79,6673.99,6465,6502.62,4672309760
2018-07-04,6502.62,6796.62,6411.51,6587.47,4176689920
2018-07-05,6587.46,6700,6449.5,6532.95,4999240192
2018-07-06,6532.96,6639,6452.2,6600,4313959936
2018-07-07,6599.99,6843.26,6512,6753.28,3961080064
2018-07-08,6753.29,6778.31,6671,6701.97,3386210048
2018-07-09,6701.97,6815.82,6625,6664.01,3718129920
2018-07-10,6664.01,6679.47,6279,6303.7,4052430080
2018-07-11,6303.69,6400,6281.01,6390.04,3644859904
2018-07-12,6390.04,6390.04,6075.01,6249.75,3770170112
2018-07-13,6246.68,6335.09,6121.53,6216.29,3805400064
2018-07-14,6216.29,6323.68,6187,6248.65,2923670016
2018-07-15,6248.65,6385.35,6233.26,6348.73,3285459968
2018-07-16,6348.73,6750,6330.3,6728.81,4725799936
2018-07-17,6728.8,7472.5,6663.51,7315.01,5961950208
2018-07-18,7315,7584.85,7229.89,7378.99,6103410176
2018-07-19,7378.99,7581,7281.42,7470.01,5111629824
2018-07-20,7470.01,7687,7259.76,7334.46,4936869888
2018-07-21,7334.46,7444.77,7204.32,7408,3726609920
2018-07-22,7408,7569.69,7327.75,7397.8,3695460096
2018-07-23,7400,7809,7378.26,7720.09,5132480000
2018-07-24,7720.08,8488,7695.99,8385.5,7277689856
2018-07-25,8390.04,8482.84,8042,8157.15,5845400064
2018-07-26,8157.15,8290,7840,7931.99,4899089920
2018-07-27,7932,8276.55,7787.29,8184.21,5195879936
2018-07-28,8182.64,8230,8065,8228.9,3988750080
2018-07-29,8227.38,8289.96,8127.87,8216.34,4107190016
2018-07-30,8216.33,8274.92,7850,8170.01,5551400000
2018-07-31,8170,8173.57,7629.48,7727.27,5287530000
2018-08-01,7727.28,7750,7437,7603.99,4797620000
2018-08-02,7603.99,7707.54,7462,7533.92,4214110000
2018-08-03,7533.92,7538.53,7285,7414.08,4627150000
2018-08-04,7414.08,7495,6940,7005,4268390000
2018-08-05,7005,7086.52,6880,7030.01,3679110000
2018-08-06,7030,7163,6840,6938,3925900000
2018-08-07,6938,7152,6647.07,6718.22,4682800000
2018-08-08,6718.22,6718.22,6121.04,6282.5,5064430000
2018-08-09,6282.5,6633.21,6177.51,6546.45,4267040000
2018-08-10,6546.46,6584.8,6015,6146.01,4528680000
2018-08-11,6146.01,6485.76,6003,6235.56,4047850000
2018-08-12,6236,6482,6169.46,6316.01,5665250000
2018-08-13,6316,6544.99,6139.57,6253.67,4083980000
2018-08-14,6253.67,6258.32,5900,6195.01,5301700000
2018-08-15,6195,6636,6189,6269.01,4895450000
2018-08-16,6269.01,6475.01,6200,6315.9,4328420000
2018-08-17,6315.9,6585.5,6290.39,6585.49,4992990000
2018-08-18,6585.5,6613.23,6312,6396.64,3984520000
2018-08-19,6396.63,6547.34,6328.45,6489.53,3311170000
2018-08-20,6489.53,6525,6227.71,6258.74,3665100000
2018-08-21,6258.74,6490,6249.12,6475.89,3377180000
2018-08-22,6475.89,6890.65,6250,6359.99,4668110000
2018-08-23,6359.99,6568.37,6348.69,6526.36,3426180000
2018-08-24,6526.36,6725,6451.55,6690.88,4097820000
2018-08-25,6690.88,6790,6668,6737.52,3312600000
2018-08-26,6737.52,6773,6572,6709.98,3295500000
2018-08-27,6709.98,6947.6,6654.13,6911.9,4019000000
2018-08-28,6911.9,7128,6864.96,7071.01,4659940000
2018-08-29,7071.01,7119,6907.42,7030.9,4145880000
2018-08-30,7030.92,7048.66,6790,6983,4463250000
2018-08-31,6983,7090.46,6884.49,7015.01,4495650000
2018-09-01,7015.01,7275,7010.98,7191.08,4116050000
2018-09-02,7191.07,7328.99,7130,7295,4329540000
2018-09-03,7294.99,7339.52,7192.99,7256.98,4087760000
2018-09-04,7256.48,7402.5,7229.94,7360,4273640000
2018-09-05,7359.99,7384,6664.07,6687.96,5800460000
2018-09-06,6687.96,6703.73,6272.73,6495,5523470000
2018-09-07,6495,6530,6325,6395.01,4264680000
2018-09-08,6395.01,6460,6116,6188,3835060000
2018-09-09,6188,6450,6147,6235.01,3671890000
2018-09-10,6235.02,6375.13,6221.49,6300,3714100000
2018-09-11,6300,6390,6176.76,6282.53,3849910000
2018-09-12,6282.53,6340.94,6191.1,6326,4064230000
2018-09-13,6326,6530,6323.64,6485.99,4210910000
2018-09-14,6485.99,6580,6378.05,6478.04,4076220000
2018-09-15,6478.05,6565,6470,6518.68,3216300000
2018-09-16,6518.68,6521.75,6323.68,6498,3273730000
2018-09-17,6498,6529.75,6207.55,6250.7,3910780000
2018-09-18,6250.71,6384.04,6228,6335.7,4180090000
2018-09-19,6335.69,6511,6106.37,6386.94,4431340000
2018-09-20,6386.95,6530,6337,6493.11,4348110000
2018-09-21,6493.11,6777.1,6492.5,6750,6531940000
2018-09-22,6750,6823,6628.01,6707.33,4509660000
2018-09-23,6707.34,6777,6660.05,6696.99,4197500000
2018-09-24,6696.99,6716.16,6555.99,6582.09,4177310000
2018-09-25,6582.09,6582.1,6320.5,6436.89,4726180000
2018-09-26,6435,6537.26,6380.62,6455.66,4437300000
2018-09-27,6455.65,6734.79,6430,6680.01,4606810000
2018-09-28,6680.01,6786.73,6528.13,6620.01,5014430000
2018-09-29,6620.01,6620.01,6452.02,6581,4363690000
2018-09-30,6581,6642.28,6523,6605,4002280000
2018-10-01,6605,6639.33,6474.9,6572.83,4000970000
2018-10-02,6572.83,6591.37,6452,6498.46,3979260000
2018-10-03,6498.47,6507.95,6398.96,6466.03,3887310000
2018-10-04,6466.03,6603.01,6454.38,6547.45,3838410000
2018-10-05,6547.45,6641,6510.58,6593.94,3671500000
2018-10-06,6593.94,6594.39,6536,6552.43,3259740000
2018-10-07,6552.42,6585.01,6491.81,6570,3306630000
2018-10-08,6569.99,6681.19,6545.63,6608.07,3979460000
2018-10-09,6607.53,6612.86,6552.5,6589.48,3580810000
2018-10-10,6589.48,6591.32,6445.48,6524.56,3787650000
2018-10-11,6524.56,6524.56,6033.34,6154.69,5181640000
2018-10-12,6154.68,6235.2,6111.97,6188.01,3783500000
2018-10-13,6188.01,6212,6178,6196,3064030000
2018-10-14,6196.01,6288.45,6151,6183.49,3085320000
2018-10-15,6183.52,6810,6151.58,6440.42,7370770000
2018-10-16,6440.43,6493.11,6375,6457.11,4074800000
2018-10-17,6457.1,6459.99,6411.19,6443.7,4088420000
2018-10-18,6443.69,6489.83,6355,6394.96,3924080000
2018-10-19,6394.96,6409.61,6353.86,6382.99,3578870000
2018-10-20,6382.99,6420,6369,6414,3379130000
2018-10-21,6413.99,6452.87,6405.57,6415.88,3253610000
2018-10-22,6415.87,6427.63,6377.77,6407.65,3672860000
2018-10-23,6407.64,6411.5,6360,6395.14,3716150000
2018-10-24,6395.13,6471,6395.13,6415.98,3424670000
2018-10-25,6415.97,6422,6377.5,6395.58,3230550000
2018-10-26,6395.58,6450,6383.54,6404.87,3306050000
2018-10-27,6404.87,6421.76,6390,6409.12,3393250000
2018-10-28,6409.11,6415,6380.01,6403.62,3445190000
2018-10-29,6403.63,6414.99,6211,6266,4199910000
2018-10-30,6266,6289,6240.54,6267.63,3781100000
2018-10-31,6267.63,6353.24,6201.67,6304.18,4191240000
2018-11-01,6304.18,6360,6293.44,6344,3789400000
2018-11-02,6344,6378.77,6333.94,6349.8,4234870000
2018-11-03,6349.8,6351.7,6315.91,6331.96,3658640000
2018-11-04,6331.96,6464.15,6313.17,6423.28,4390020000
2018-11-05,6423.29,6439.99,6372,6404,4174800000
2018-11-06,6404,6449.65,6387.82,6448.5,4700040000
2018-11-07,6448.5,6540,6448.5,6503.12,4941260000
2018-11-08,6503.12,6511.88,6388,6406.24,4665260000
2018-11-09,6406.24,6415,6305,6334.89,4346820000
2018-11-10,6334.89,6374,6327.46,6347.42,3705320000
2018-11-11,6347.42,6360,6271.15,6357.6,3939060000
2018-11-12,6357.6,6383.59,6305.95,6327.87,4295770000
2018-11-13,6327.87,6328.22,6252.5,6259.34,4503800000
2018-11-14,6259.35,6293.38,5280.93,5605.46,7398940000
2018-11-15,5605.01,5645,5188,5579.52,7032140000
2018-11-16,5579.5,5609.91,5410,5512.24,5279320000
2018-11-17,5512.26,5544,5450.83,5504.17,4303150000
2018-11-18,5503.34,5665,5503.34,5560,4159680000
2018-11-19,5560,5560,4670.05,4733.5,7039560000
2018-11-20,4736.67,4889,4035,4349.23,8428290000
2018-11-21,4349.24,4627.55,4239.01,4545.11,6120120000
2018-11-22,4545.12,4589,4238.69,4265.36,4569370000
2018-11-23,4268.18,4366.05,4085.73,4283.8,4871490000
2018-11-24,4283.8,4370.78,3650.84,3774.99,4679500000
2018-11-25,3775,4120,3456.78,3936.69,6825640000
2018-11-26,3936.7,4076.25,3508,3731.32,6476900000
2018-11-27,3731.01,3830,3562.9,3775,5998720000
2018-11-28,3775.01,4365,3775,4225.03,7280280000
2018-11-29,4224.86,4414.89,4077.88,4248,6503347767
2018-11-30,4247.99,4297.71,3869,3976,6048016717
2018-12-01,3976.01,4277,3910.08,4142.01,5375314093
2018-12-02,4142.01,4266,4036,4103.19,5262697895
2018-12-03,4102.8,4119.98,3741.95,3833.47,5089570994
2018-12-04,3833.47,4035.1,3732.43,3901.84,5028069239
2018-12-05,3901.84,3912.53,3660,3694.39,5302481574
2018-12-06,3694.39,3849,3400,3433.26,5878333109
2018-12-07,3433.3,3550,3212,3380.01,6835615448
2018-12-08,3380,3495,3253.66,3401,5305024497
2018-12-09,3401,3642.51,3367.79,3531.18,4947372847
2018-12-10,3531.18,3590.71,3354.97,3410.15,5020968740
2018-12-11,3410.15,3424.92,3293.49,3349.36,4696765188
2018-12-12,3350.27,3486.16,3325.58,3430.24,4139364829
2018-12-13,3430.24,3439.63,3227.96,3265,4343372456
2018-12-14,3265,3294.9,3135,3195.71,4372763663
2018-12-15,3195.71,3228.69,3128.89,3183,3551763561
2018-12-16,3183.01,3258,3181.24,3195,3744248994
2018-12-17,3194.99,3585.95,3184.28,3496.82,5409247918
2018-12-18,3497.1,3688,3436.5,3667.77,5911325473
2018-12-19,3667.76,3928.15,3637.17,3682.51,6810689119
2018-12-20,3682.51,4175,3661.5,4075.34,8927129279
2018-12-21,4075.33,4162.27,3775,3839.06,7206015706
2018-12-22,3839.26,4005,3790.16,3980.46,5605823233
2018-12-23,3981.24,4050,3903.6,3944.93,6151275490
2018-12-24,3944.92,4239.37,3944.92,4034,7240968501
2018-12-25,4034,4045.41,3675.86,3780,6158207293
2018-12-26,3780,3849.2,3685.02,3809.88,5326547918
2018-12-27,3809.88,3841.21,3567,3589.89,5130222366
2018-12-28,3589.89,3971.58,3576.12,3888.06,5631554348
2018-12-29,3887.58,3944.33,3706,3729.31,4991655917
2018-12-30,3729.31,3863.06,3691.01,3829,4770578575
2018-12-31,3829,3835.4,3625,3691.86,4661840806
2019-01-01,3691.87,3841.17,3651.02,3826.1,4324200990
2019-01-02,3826.1,3916.57,3770.07,3890.79,5244856836
2019-01-03,3890.8,3893.8,3758.07,3787.57,4530215219
2019-01-04,3787.57,3849,3730,3820.25,4847965467
2019-01-05,3820.82,3874.12,3775,3798.62,5137609824
2019-01-06,3799.99,4088,3756.01,4040.99,5597027440
2019-01-07,4040.98,4070,3968.79,4006.01,5228625637
2019-01-08,4005.97,4114.8,3943.36,3993.86,5306593305
2019-01-09,3993.85,4042.2,3962.12,4004.12,5115905225
2019-01-10,4004.13,4035.21,3560,3626.12,6874143796
2019-01-11,3626.12,3699.99,3576,3635.69,5538712865
2019-01-12,3634.73,3649.18,3557.29,3619.41,4778170883
2019-01-13,3619.38,3641.86,3481.54,3514.24,4681302466
2019-01-14,3514.24,3711.11,3509.24,3664.19,5651384490
2019-01-15,3664.18,3684.38,3538.63,3580.76,5537192302
2019-01-16,3580.19,3666.73,3572.52,3609.71,5394457145
2019-01-17,3609.71,3657,3541,3640.65,5464420383
2019-01-18,3640.64,3643.69,3580.16,3607.85,5002961727
2019-01-19,3607.85,3765.9,3604.9,3682.65,5955691380
2019-01-20,3683.5,3703.39,3481.01,3536.19,5582489560
2019-01-21,3537.56,3568.95,3487.37,3531.76,5004347059
2019-01-22,3531.75,3611.5,3425,3577.03,5313623556
2019-01-23,3577.04,3614.47,3523.64,3553.01,5433755649
2019-01-24,3553.01,3595.83,3530.1,3568.97,5262869046
2019-01-25,3568.97,3578.79,3510.01,3562.17,5265847539
2019-01-26,3562.17,3657.76,3540,3556.07,5098183235
2019-01-27,3556.07,3562.9,3470.14,3531.02,5570752966
2019-01-28,3531.02,3535.92,3374.01,3429.95,6908930483
2019-01-29,3429.95,3438.4,3337.87,3397.42,5897159493
2019-01-30,3395.74,3459.41,3372.97,3437.55,5955112627
2019-01-31,3437.55,3473.4,3396.74,3411.5,5831198271
2019-02-01,3411.5,3458.26,3369.62,3437.5,5422926707
2019-02-02,3437.5,3483.25,3414.49,3468.43,5071623601
2019-02-03,3468.43,3471.76,3386.45,3414.78,5043937584
2019-02-04,3415.69,3435,3395.1,3409.57,5332718886
2019-02-05,3409.57,3429.46,3400,3428.4,5227549545
2019-02-06,3428.41,3441,3340.8,3367.36,5482196038
2019-02-07,3366,3383.14,3352.01,3359,5004962683
2019-02-08,3358.99,3711,3344,3621.99,7735623101
2019-02-09,3622,3644.08,3597,3623.73,6158833645
2019-02-10,3623.73,3654.28,3578.59,3648.84,6282256903
2019-02-11,3648.85,3652,3579.38,3590.36,6277056434
2019-02-12,3590.36,3618.77,3550,3588.06,6480384532
2019-02-13,3588.06,3627.99,3562.98,3576.68,6438903823
2019-02-14,3576.69,3589,3535.1,3561.5,6271044418
2019-02-15,3561.49,3620.22,3545.89,3566.59,6091952231
2019-02-16,3566.59,3607.36,3565.5,3582.37,5934744052
2019-02-17,3582.37,3675,3557.43,3625.08,7039512503
2019-02-18,3625.08,3917,3616.18,3867,9908216640
2019-02-19,3867,3969.54,3841.54,3888.01,9933626655
2019-02-20,3888.37,3967.19,3867.13,3938.99,8693373948
2019-02-21,3939,3988,3869.45,3897.71,7775128102
2019-02-22,3897.71,3956.43,3886.15,3942.02,7826525254
2019-02-23,3942.02,4156.1,3911.3,4110,8922258316
2019-02-24,4110,4188.79,3712.84,3734.22,10794227451
2019-02-25,3734.23,3860,3731.09,3818.79,9318796067
2019-02-26,3818.78,3826.37,3763.71,3799.48,7931218996
2019-02-27,3799.49,3823.13,3655,3799.91,8301309684
2019-02-28,3800.35,3910,3754.37,3792.14,8399767798
2019-03-01,3792.14,3843,3791.31,3806.17,7661247975
2019-03-02,3806.17,3818.08,3763,3809.7,7578786076
2019-03-03,3809.7,3815.48,3763.62,3786.93,7253558152
2019-03-04,3786.93,3804.99,3672.39,3700.72,9029175788
2019-03-05,3700.02,3876.65,3692.36,3844.59,10174126415
2019-03-06,3844.59,3894.7,3812,3851.89,9175291529
2019-03-07,3851.89,3891,3830.79,3857.05,9584165519
2019-03-08,3857.04,3910.88,3771,3843.12,10638638944
2019-03-09,3842.62,3947.33,3834.59,3917,10796103518
2019-03-10,3917,3917,3867.84,3900.93,9713267607
2019-03-11,3900.93,3911.83,3817.01,3849.68,10125901903
2019-03-12,3849.67,3875.33,3796.71,3860,9809887079
2019-03-13,3860,3871.02,3827.5,3851.02,9469184841
2019-03-14,3851.02,3900,3779.28,3853.95,10480789570
2019-03-15,3853.95,3910,3846.79,3902.8,9394210605
2019-03-16,3902.8,4037.47,3900.89,3990,9856166973
2019-03-17,3990,3991,3936.3,3967.01,8221625400
2019-03-18,3967.01,4015.7,3937.69,3970.5,9646954186
2019-03-19,3969.68,4009.61,3952.08,4000.85,9344919956
2019-03-20,4000.85,4044.82,3965.43,4031.85,10175916388
2019-03-21,4032.68,4056.33,3915.14,3972.76,10831212662
2019-03-22,3972.76,3998.01,3961.7,3983.78,9252935969
2019-03-23,3983.77,3997.01,3960.25,3983.43,9578850549
2019-03-24,3982.45,3982.45,3946,3969.52,9144851065
2019-03-25,3969.52,3976.47,3858,3907.53,10359818883
2019-03-26,3907.54,3923.9,3880.64,3921.45,10707678815
2019-03-27,3922.41,4035.8,3914.9,4026.53,10897131934
2019-03-28,4026.54,4026.54,3994,4011.17,9353915899
2019-03-29,4011.98,4101.5,4007.78,4091.01,10918665557
2019-03-30,4091.01,4131.87,4042.51,4094.14,9732688060
2019-03-31,4094.14,4103,4077.01,4094.99,9045122443
2019-04-01,4095,4149.5,4051.53,4137,10157794171
2019-04-02,4137.01,5121,4132.02,4901.93,21315047816
2019-04-03,4901.92,5345,4787.11,4975.97,22899891582
2019-04-04,4975.13,5071.34,4778,4906.49,18251810240
2019-04-05,4907.92,5066.59,4887.34,5040.66,16837325387
2019-04-06,5040.95,5244.04,4925,5049.22,16929795194
2019-04-07,5049.18,5270.33,5029.7,5194.79,16655416140
2019-04-08,5194.76,5352.5,5132.28,5285.54,17154113634
2019-04-09,5286.82,5287,5145,5187.21,14722104361
2019-04-10,5187.21,5488,5164.49,5318.58,15504590933
2019-04-11,5322.02,5342.74,4967.24,5041.3,16555616019
2019-04-12,5040.11,5118.56,4901.99,5078.19,13675206312
2019-04-13,5078.19,5123.28,5036.74,5066.22,10823289598
2019-04-14,5065.02,5191.19,5013.81,5164.27,10391952498
2019-04-15,5163.81,5193.01,4945.54,5029.99,12290155061
2019-04-16,5029.99,5229.97,5016.45,5202.9,11618660197
2019-04-17,5201.21,5272.32,5173.11,5227,12438480677
2019-04-18,5227,5318.18,5222.26,5280.49,13256489918
2019-04-19,5280.5,5359.47,5196.7,5290.36,13780238655
2019-04-20,5290.37,5359.98,5260.24,5319.89,13169647522
2019-04-21,5319.9,5349.16,5213.34,5297.64,13731844223
2019-04-22,5297.64,5440.84,5250.45,5387.6,14601631648
2019-04-23,5387.6,5650.01,5361.01,5532.75,15867308108
2019-04-24,5532.75,5624.47,5374,5441.9,17048033399
2019-04-25,5440.59,5512.12,4963,5134.81,15330283408
2019-04-26,5134.82,5295.03,5041.14,5159.51,16812108040
2019-04-27,5159.5,5221.24,5117.46,5170.6,13111274675
2019-04-28,5171.9,5214.5,5101,5155,12819992056
2019-04-29,5155,5189.54,5072.01,5148.25,13735490672
2019-04-30,5148.25,5285,5126.25,5270.69,13878964574
2019-05-01,5270.68,5358.39,5265.61,5321.15,13679528236
2019-05-02,5321.15,5422.99,5306.09,5390.01,14644460907
2019-05-03,5390,5796.93,5363,5657.4,18720780006
2019-05-04,5657.41,5846.88,5512,5770.01,17567780766
2019-05-05,5770.01,5782.22,5627.35,5715.86,14808830723
2019-05-06,5715.86,5753.66,5564.93,5687.9,15737171804
2019-05-07,5687.9,5974.51,5687.9,5748.45,18026409033
2019-05-08,5748.47,5990,5656.26,5948.41,15320605300
2019-05-09,5947,6171.1,5934.49,6153.09,16784645411
2019-05-10,6153.09,6430,6108.81,6343.14,19419875368
2019-05-11,6342.99,7464.13,6342.98,7219.95,28867562329
2019-05-12,7215.02,7581.82,6755,6979.76,27773333680
2019-05-13,6979.24,8195,6864.93,7824.93,28677672181
2019-05-14,7822.88,8350,7621.27,7990.92,32031452227
2019-05-15,7990.92,8308.16,7831.77,8203.32,28344112920
2019-05-16,8203.33,8388,7660.74,7878.96,33167197581
2019-05-17,7878.95,7940.75,6600,7363.69,30066644905
2019-05-18,7363.85,7491.22,7204.42,7262.4,21354286562
2019-05-19,7262.39,8315,7252.58,8200,25902422040
2019-05-20,8194.34,8199.53,7570.31,7999.54,23843404340
2019-05-21,7998.94,8112.99,7805.34,7951.7,25127245056
2019-05-22,7951.69,8044.32,7506.12,7626.48,24719473175
2019-05-23,7622.25,7984.9,7467.1,7881.98,24457107820
2019-05-24,7878.16,8175,7794.73,8001.7,25919126991
2019-05-25,8001.69,8149,7941.25,8063.81,22256813107
2019-05-26,8063.68,8793.97,7881.7,8731.72,26677970091
2019-05-27,8732.34,8947.88,8611.44,8772.29,27949839564
2019-05-28,8772.29,8822.46,8545,8715.36,24226919267
2019-05-29,8715.36,8760.43,8426.09,8662.44,23473479966
2019-05-30,8662.44,9090,7972,8279.69,29246528551
2019-05-31,8279.69,8580,8110,8554.06,25365190957
2019-06-01,8554.06,8618,8452.21,8558.95,22488303544
2019-06-02,8558.8,8834,8550,8736.55,20266216022
2019-06-03,8736.55,8742.48,8030.46,8107.96,22004511436
2019-06-04,8104.95,8104.95,7427,7670.96,24609731549
2019-06-05,7671.07,7932.87,7570,7789.48,21760923463
2019-06-06,7787.36,7874.68,7450,7805,19474611077
2019-06-07,7805,8134.29,7756.79,7998.13,19141423231
2019-06-08,7998.13,8059.99,7786.01,7930.14,16522722810
2019-06-09,7930.14,7960,7508.77,7634.58,16610726547
2019-06-10,7635.05,8097.35,7516.9,8015.69,18689275117
2019-06-11,8015.7,8057.19,7702.83,7918.17,17107279932
2019-06-12,7913.64,8292.43,7817,8176.02,19034432883
2019-06-13,8176.03,8329.99,8048.75,8239.04,18669407147
2019-06-14,8239.04,8738.92,8180.08,8697.46,19831162906
2019-06-15,8697.45,8916.63,8588.7,8860.23,18371033226
2019-06-16,8856.13,9388,8799.7,8975,23348550311
2019-06-17,8975.78,9475,8975.78,9333.14,15562951919
2019-06-18,9333.08,9359.48,8919.72,9078.48,15848210536
2019-06-19,9078.48,9319.5,9035.75,9277.54,15546809946
2019-06-20,9277.55,9599,9210.3,9531.21,17846823784
2019-06-21,9531.21,10245,9531.21,10236.2,20624008643
2019-06-22,10235.59,11215.89,10080,10666.86,29995204861
2019-06-23,10666.87,11284.44,10490,10833.02,20998326502
2019-06-24,10833,11091.97,10550.21,11032.32,19271652365
2019-06-25,11030.8,11788.88,10997,11755.53,24879684533
2019-06-26,11754.25,13868.44,11350,12927.44,45105733173
2019-06-27,12927.44,13358.68,10300,11159.29,39977475223
2019-06-28,11159.29,12444.77,10737.87,12360.45,35087757766
2019-06-29,12360.42,12379.99,11318.94,11865.29,29923961128
2019-06-30,11869.84,12200,10650.06,10761.26,27256473494
2019-07-01,10761.26,11210.52,9953,10577.63,29378589324
2019-07-02,10578.23,10925,9651,10829.18,31015895223
2019-07-03,10829.19,12014.6,10829.19,11976.42,30796494294
2019-07-04,11976.01,12064.26,11035.01,11136,25920294033
2019-07-05,11137.87,11449.51,10761.8,11004.51,23838480210
2019-07-06,10994.99,11723.6,10980.09,11237.77,21092024306
2019-07-07,11237.77,11620,11084.31,11474.42,19369044277
2019-07-08,11474.44,12395,11328.01,12293.53,23482551458
2019-07-09,12293.39,12829.96,12105.32,12571.11,28167921523
2019-07-10,12572.12,13202.63,11553.21,12097.96,33627574244
2019-07-11,12097.48,12097.93,10933,11349,28595327690
2019-07-12,11348.56,11950,11079.59,11802,23534692797
2019-07-13,11797.53,11845,10814.4,11370.08,21042616384
2019-07-14,11370.06,11467.27,10084.4,10185.03,22486000001
2019-07-15,10190.91,11080.01,9857.27,10854.47,25384047207
2019-07-16,10856.41,11040,9350,9422.72,24151199070
2019-07-17,9429.8,9998,9071,9696.31,24569921549
2019-07-18,9696.39,10799,9291,10649.07,25187024648
2019-07-19,10652.76,10777.21,10111,10538.06,20727426310
2019-07-20,10536.92,11112.31,10360.65,10761.03,20206615155
2019-07-21,10761.03,10835,10320,10590.7,17130580467
2019-07-22,10590.71,10688.14,10060,10323.39,16334414913
2019-07-23,10324.13,10324.28,9800.23,9840.12,17851916995
2019-07-24,9848.9,9919.08,9507.38,9772.6,17398734322
2019-07-25,9772.59,10184.99,9734.58,9883.33,15821952090
2019-07-26,9880.86,9898.03,9657.21,9843,14495714483
2019-07-27,9843,10248.41,9292,9479.98,16817809536
2019-07-28,9469.37,9669.11,9108.88,9533,13738687093
2019-07-29,9533,9729.87,9356.75,9495.01,13791445323
2019-07-30,9499.21,9839.83,9371.96,9589.01,13829811132
2019-07-31,9589.01,10135.12,9570.01,10087.3,16631520648
2019-08-01,10089.97,10497,9881,10405.94,17165337858
2019-08-02,10404.41,10670,10321.42,10533.01,17489094082
2019-08-03,10533.62,10922.08,10500,10820.76,15352685061
2019-08-04,10822.09,11089.74,10572,10977.51,16530894787
2019-08-05,10977.98,11950,10977.98,11819.49,23875988832
2019-08-06,11811.75,12320.4,11187,11465.49,23635107660
2019-08-07,11465.49,12147,11366.26,11975.03,22194988641
2019-08-08,11983.41,12050,11451,11981,19481591730
2019-08-09,11982.39,12040,11651.89,11856.1,18339989960
2019-08-10,11860.62,11969.99,11170,11280.95,18125355447
2019-08-11,11280.95,11585,11088.88,11540.76,15774371518
2019-08-12,11540.76,11555.55,11222.4,11389.28,13647198229
2019-08-13,11389.25,11438.39,10746,10854.92,16681503537
2019-08-14,10854.92,10859.97,9888.88,10025.86,19990838300
2019-08-15,10021.13,10445,9470,10300.01,22899115082
2019-08-16,10300.01,10539.9,9739.99,10352.78,20228207096
2019-08-17,10352.78,10475.82,9978,10217.79,13778035685
2019-08-18,10217.99,10513.45,10066.66,10315.48,12999813869
2019-08-19,10315.48,10938.76,10265,10920,16038264603
2019-08-20,10917.94,10953,10555.7,10769.09,15053082175
2019-08-21,10768.49,10800,9841.59,10130,19473084768
2019-08-22,10133.34,10237.53,9759,10107.15,17097508856
2019-08-23,10105.61,10478,10035.84,10410.85,15627023886
2019-08-24,10413.45,10429,9886.26,10147.96,15451030650
2019-08-25,10148,10374.85,9899.95,10138.72,14153856610
2019-08-26,10142,10680,10140.9,10361.65,18438654080
2019-08-27,10361.65,10379.87,10019.56,10171.85,14762609503
2019-08-28,10171.95,10277,9522.93,9714.31,17603790323
2019-08-29,9714.01,9717.03,9321.73,9495,17045878501
2019-08-30,9494.8,9699,9337.97,9582.42,13595263986
2019-08-31,9582.42,9707.48,9436.2,9600.86,11454806419
2019-09-01,9600.86,9840,9539.58,9766.52,11445355859
2019-09-02,9766.62,10486.77,9756.54,10381.26,17248102294
2019-09-03,10381.26,10790,10280,10628.48,19384917989
2019-09-04,10628.48,10833.14,10380,10581.84,16742664769
2019-09-05,10581.84,10666.43,10452.15,10574.73,14551239508
2019-09-06,10574.28,10939.34,10182,10308.92,19536574783
2019-09-07,10308.9,10580,10304.52,10484.37,15307366476
2019-09-08,10484.37,10595,10231.13,10398.97,13670567493
2019-09-09,10401.13,10541.75,10059.99,10310,17595943368
2019-09-10,10310.01,10389.26,9916,10093.01,14906809639
2019-09-11,10093,10297.12,9851.97,10160.2,15428063426
2019-09-12,10158.81,10460,10040,10423.72,15323563925
2019-09-13,10423.85,10452.5,10157,10365.93,14109864675
2019-09-14,10365.94,10439,10223.36,10360.25,13468713124
2019-09-15,10360.01,10380,10263.39,10304.46,12043433567
2019-09-16,10303.66,10379.98,10068.42,10262.54,15160167779
2019-09-17,10262.54,10276.18,10135.44,10185.39,15304603363
2019-09-18,10185.42,10258,10074.08,10155.26,16169268880
2019-09-19,10156.22,10379.15,9585.86,10275.01,19937691247
2019-09-20,10275.01,10309.84,10056.3,10168.85,14734189639
2019-09-21,10168.85,10170.15,9917.34,9973.99,13425266806
2019-09-22,9973.99,10097,9848.37,10026.8,13199651698
2019-09-23,10026.79,10051.15,9609.37,9693.74,15144925408
2019-09-24,9693.74,9777.16,8159.35,8530.01,25002886689
2019-09-25,8530.01,8743.86,8222.01,8438.35,21744728353
2019-09-26,8438.35,8464.08,7712.45,8060,19258205289
2019-09-27,8060,8290,7861.02,8193.99,16408941156
2019-09-28,8193.99,8343,8015.25,8217.47,14141152736
2019-09-29,8217.47,8246.87,7902.96,8052.4,13034629109
2019-09-30,8054.09,8393.23,7701,8304.96,17115474183
2019-10-01,8304.95,8535,8200,8321.52,15305343413
2019-10-02,8321.87,8391,8168.85,8381.72,13125712443
2019-10-03,8381.72,8419.95,8059.22,8240.41,13668823409
2019-10-04,8241.27,8241.35,8002.21,8156.67,13139456229
2019-10-05,8156.68,8200,8020.2,8147.63,12200497197
2019-10-06,8147.63,8176.18,7780.85,7859.79,13160830305
2019-10-07,7859.79,8310.57,7762.35,8209,18009742607
2019-10-08,8208.99,8342.97,8107.26,8180,15592264032
2019-10-09,8180,8712.45,8121,8590,19384942333
2019-10-10,8590.01,8660,8452.5,8587.5,17618660671
2019-10-11,8587.49,8826,8226,8267.33,19604381101
2019-10-12,8263.02,8425,8261.46,8309.03,14532641605
2019-10-13,8309.03,8469.02,8146.47,8282.97,13808286059
2019-10-14,8282.96,8409,8215.66,8355,15151387859
2019-10-15,8355,8420,8085.65,8162.44,15220412632
2019-10-16,8162.44,8171.59,7908.86,7993.54,16071646996
2019-10-17,7995.81,8124.42,7937.01,8076.2,14313052244
2019-10-18,8076.94,8117.77,7814.08,7954.16,15651592610
2019-10-19,7954.15,8099.98,7873.46,7965.28,13797825640
2019-10-20,7965.27,8309,7875.01,8236.12,15504249442
2019-10-21,8235.94,8349.84,8156,8209.92,15868748866
2019-10-22,8209.92,8317.14,7998.9,8024.72,16803377857
2019-10-23,8024,8049,7296.44,7474.85,21942878958
2019-10-24,7475.54,7509.99,7359.48,7430.87,16268708849
2019-10-25,7430.87,8800.1,7389.91,8668,28705065488
2019-10-26,8668,10540.49,8645.01,9259.78,44496255609
2019-10-27,9259.98,9826.72,9102.33,9548.84,32593129501
2019-10-28,9555.89,9939.69,9180.59,9226.5,30948255332
2019-10-29,9225.06,9575,9068.19,9430.8,28426779937
2019-10-30,9431.36,9431.36,8991.33,9164.44,27706531577
2019-10-31,9164.45,9433,8950,9159.48,26583653947
2019-11-01,9159.96,9299.99,9057.27,9253.12,24324691031
2019-11-02,9253.09,9393,9210,9308.52,21242676385
2019-11-03,9308.52,9380,9068.3,9206.52,21132220847
2019-11-04,9206.52,9600,9127,9412.53,26170255634
2019-11-05,9412.63,9474.89,9169.84,9322.09,26198609048
2019-11-06,9322.09,9450,9253.66,9341.27,23133895765
2019-11-07,9341.27,9375.16,9075,9198.84,22700383839
2019-11-08,9198.85,9246,8660,8763.01,24333037836
2019-11-09,8763.01,8873.48,8712.52,8807.89,17578630606
2019-11-10,8807.89,9150,8731.43,9032.23,20587919881
2019-11-11,9032.23,9067.34,8590,8721.54,20265510765
2019-11-12,8721.53,8870,8556.56,8810,20309769107
2019-11-13,8811,8838.8,8705,8758.34,17545755405
2019-11-14,8758.34,8784.61,8558.01,8630,19084739975
2019-11-15,8630.01,8773.22,8361,8457.48,21796856471
2019-11-16,8457.48,8531.03,8423,8481,16495389808
2019-11-17,8481,8637.01,8371.02,8500.01,18668638897
2019-11-18,8501,8501.01,8015,8168.84,21579470673
2019-11-19,8168.84,8197.82,7980.07,8123.36,21083613816
2019-11-20,8123.36,8222.41,8030.05,8082.96,20764300437
2019-11-21,8082.97,8114.97,7374.5,7616.46,22514243371
2019-11-22,7616.48,7720,6775.47,7283.03,34242315785
2019-11-23,7283.19,7361.41,7102.21,7329.29,21008924418
2019-11-24,7329.29,7344,6865,6908.64,30433517289
2019-11-25,6908.64,7379.99,6526,7127.01,42685231262
2019-11-26,7127.01,7340.59,7021.84,7162.67,21129505542
2019-11-27,7162.67,7678.76,6850,7523.72,23991412764
2019-11-28,7524.73,7660.82,7370.62,7432.41,19050116751
2019-11-29,7432.41,7870.1,7411,7760,19709695456
2019-11-30,7759.99,7820,7453,7555.92,17158194786
2019-12-01,7555.92,7555.92,7237.16,7404.27,18720708479
2019-12-02,7405.33,7430,7157.33,7305.01,17082040706
2019-12-03,7305.01,7412.85,7237.26,7302.94,14797485769
2019-12-04,7302.94,7775,7080,7198.99,21664240918
2019-12-05,7199,7489.87,7152.78,7393.54,18816085231
2019-12-06,7393.55,7609.5,7305.75,7540.08,18104466307
2019-12-07,7541.76,7643,7487,7502.19,15453520564
2019-12-08,7502.2,7580.84,7387.5,7520,15409908086
2019-12-09,7520,7659.38,7262.87,7337.51,17872021272
2019-12-10,7337.51,7398,7156.03,7219.37,18249031195
2019-12-11,7219.37,7263.31,7124.45,7201.23,16350490689
2019-12-12,7201.24,7298.5,7075.01,7185.91,18927080224
2019-12-13,7185.91,7299.21,7183.29,7249.9,17125736940
2019-12-14,7249.9,7264.33,7008.03,7062.91,17137029730
2019-12-15,7062.92,7220.01,7006.01,7111,16881129804
2019-12-16,7111,7137,6803.24,6877.03,20213265950
2019-12-17,6877.04,6933.21,6556,6616.62,22363804217
2019-12-18,6616.62,7448.24,6430,7285.53,31836522778
2019-12-19,7288.05,7371.7,7044.45,7149.12,25904604416
2019-12-20,7149.13,7220,7073.66,7190,22633815180
2019-12-21,7190,7190,7099.57,7143.01,19312552168
2019-12-22,7143.01,7521.55,7125,7513.06,23134537956
2019-12-23,7514.74,7688.99,7259.19,7310.79,27831788041
2019-12-24,7310.79,7426.15,7151.08,7255.01,22991622105
2019-12-25,7255.01,7265.12,7115.5,7192.12,21559505149
2019-12-26,7192.12,7432.1,7140,7194.13,22787010034
2019-12-27,7194.13,7254,7053.32,7245.83,22777360996
2019-12-28,7245.83,7346,7232.55,7302.67,21365673026
2019-12-29,7302.67,7531,7278.07,7384.89,22445257702
2019-12-30,7384.57,7386.28,7200,7218,22874131672
2019-12-31,7218.01,7298.67,7111,7165.72,21167946112
2020-01-01,7165.72,7238.14,7136.05,7174.33,18565664997
2020-01-02,7174.33,7186.18,6903,6945.02,20802083465
2020-01-03,6945.02,7401.2,6854.67,7334.45,28111481032
2020-01-04,7334.45,7398,7263.32,7348.63,18444271275
2020-01-05,7348.63,7488.87,7312.22,7355.4,19725074095
2020-01-06,7355.4,7805,7343.17,7764.63,23276261598
2020-01-07,7764.63,8216,7723,8158.52,28767291327
2020-01-08,8160.01,8469.39,7845,8045.51,31672559265
2020-01-09,8047.75,8048.67,7744.48,7813.78,24045990466
2020-01-10,7813.78,8199.77,7671,8198.09,28714583844
2020-01-11,8198.09,8290,8000.01,8020,25521165085
2020-01-12,8017.47,8185,7963.25,8180.81,22903438381
2020-01-13,8180.81,8195.81,8041.95,8104.5,22482910688
2020-01-14,8105.6,8893.69,8105.23,8815.69,44841784107
2020-01-15,8812.58,8900,8550,8808.81,40102834650
2020-01-16,8808.81,8850,8580,8714.76,31313981931
2020-01-17,8714.77,9013,8665.67,8899.42,36372139320
2020-01-18,8899.42,8980,8800.1,8909.32,32337772627
2020-01-19,8908.95,9194.99,8465,8697.53,34217320471
2020-01-20,8697.53,8734.84,8504.06,8628.89,26422375678
2020-01-21,8628.89,8774.31,8465,8722.03,24097418512
2020-01-22,8722.03,8791.76,8565,8660.38,22600204051
2020-01-23,8660.38,8665,8278,8385.22,25770680779
2020-01-24,8385.21,8509.99,8216.71,8427.26,24397913026
2020-01-25,8427.58,8437.76,8252.73,8326.81,19647331549
2020-01-26,8326.8,8595,8278.68,8595,22177678796
2020-01-27,8595,8985,8556.6,8895.96,28647338393
2020-01-28,8895.95,9418.91,8880.87,9394.5,34398744403
2020-01-29,9391.14,9439.83,9224.75,9288.44,30682598115
2020-01-30,9287.9,9574.68,9171.11,9503.08,32378792851
2020-01-31,9502.71,9522.5,9195.49,9334.98,29432489719
2020-02-01,9334.98,9458.08,9285.01,9380.18,25922656496
2020-02-02,9380.18,9480,9140,9323.5,30835736946
2020-02-03,9325.01,9619.95,9220,9280.49,30934096509
2020-02-04,9280.49,9350,9078.05,9164.33,29893183716
2020-02-05,9164.33,9769.7,9150,9613.82,35222060874
2020-02-06,9613.91,9857,9521.47,9763.01,37628823716
2020-02-07,9763.01,9885,9713.99,9808.05,34522718159
2020-02-08,9807.92,9955,9653.47,9905.64,35172043762
2020-02-09,9905.64,10178.91,9888.76,10168.35,35807884663
2020-02-10,10168.36,10199,9736,9851.78,39386548075
2020-02-11,9851.78,10400,9706,10270.01,37648059389
2020-02-12,10270.01,10483.86,10250,10351.13,43444303830
2020-02-13,10351.13,10522.51,10083.1,10236.49,49356071373
2020-02-14,10236.49,10395.66,10102.5,10371.33,43338264162
2020-02-15,10371.33,10400,9750,9911.22,43865054831
2020-02-16,9911.22,10048.34,9612.12,9921,43374780305
2020-02-17,9920.52,9969.38,9467,9700,45998298413
2020-02-18,9700,10298.25,9610.27,10188.04,47271023953
2020-02-19,10188.04,10315,9280.98,9600.08,46992019710
2020-02-20,9593.48,9698.1,9393.39,9610.05,44925260237
2020-02-21,9610.05,9769.66,9566.98,9695.66,40930547513
2020-02-22,9695.66,9722.97,9575.01,9668.23,35838025154
2020-02-23,9668.23,10025.66,9667.13,9965.01,41185185761
2020-02-24,9965,10030,9474.74,9660,45080496648
2020-02-25,9660,9681.56,9230,9305,42515259129
2020-02-26,9304.99,9375.36,8602,8778.3,50420050762
2020-02-27,8778.3,8972.92,8520,8812.49,45470195695
2020-02-28,8814.9,8899.94,8428.8,8708.89,44605450443
2020-02-29,8708.61,8799,8520.67,8525.07,35792392544
2020-03-01,8523.33,8752.34,8400,8522.31,35349164300
2020-03-02,8522.3,8973.45,8487.33,8915,42857674409
2020-03-03,8919.21,8927.45,8635.31,8757.84,42386715821
2020-03-04,8757.83,8847,8670.57,8760.66,34746706368
2020-03-05,8759.99,9174.24,8759.99,9070.17,39698054597
2020-03-06,9070.18,9182.08,9000.01,9158.51,40826885651
2020-03-07,9158.51,9214.67,8850.47,8901.37,36216930370
2020-03-08,8901.36,8901.37,8002.2,8037.76,39973102121
2020-03-09,8037.73,8187.03,7630,7934.52,46936995808
2020-03-10,7934.56,8158.25,7733.56,7894.68,42213940994
2020-03-11,7894.68,7987.97,7583.27,7938.05,38682762605
2020-03-12,7938.05,7969.45,4644,4857.1,53980357243
2020-03-13,4857.1,5995,3858,5637.6,74156772075
2020-03-14,5630.93,5669,5050,5165.25,36154506008
2020-03-15,5161.16,5985,5085.91,5345.35,33997889639
2020-03-16,5346.86,5350.3,4432.3,5037.61,45368026430
2020-03-17,5039.95,5569.44,4935.6,5331.71,38622642935
2020-03-18,5331.71,5452.82,5001,5413.64,37878801016
2020-03-19,5413.88,6441.37,5261.69,6186.26,51000731797
2020-03-20,6183.82,6990,5657,6206.1,54442976103
2020-03-21,6210.47,6470,5851,6198.78,42494390880
2020-03-22,6198.64,6420,5738,5818.25,40099664740
2020-03-23,5815.24,6641.03,5678.2,6490.63,46491916000
2020-03-24,6493.58,6866.1,6403.16,6766.64,48221910672
2020-03-25,6766,6983.31,6470,6690.96,44590107888
2020-03-26,6691.71,6795,6520.13,6758.18,35319797642
2020-03-27,6760,6880,6260,6372.36,34585598367
2020-03-28,6372.36,6372.36,6030,6251.82,34885225901
2020-03-29,6251.45,6279.96,5870.46,5877.21,28373690931
2020-03-30,5878.98,6631.23,5853,6406.4,37101651525
2020-03-31,6406.4,6524.79,6333.91,6424.35,32786468812
2020-04-01,6424.02,6744.99,6160,6666.11,40346426266
2020-04-02,6666.11,7292.11,6570.92,6804.52,47660646124
2020-04-03,6804.24,7050,6606.06,6741.99,38976504903
2020-04-04,6741.99,7025.53,6658.16,6874.77,33185988584
2020-04-05,6874.77,6925,6681,6778.25,29510409856
2020-04-06,6778.64,7373.37,6773.28,7341.56,46896904615
2020-04-07,7341.55,7466,7073,7200.01,44243482668
2020-04-08,7200.01,7430,7154.22,7370.11,37563249549
2020-04-09,7370.38,7377,7110,7293.24,34815139178
2020-04-10,7293.23,7305.91,6750,6871.91,43622840992
2020-04-11,6871.83,6955,6775,6889.65,31222085946
2020-04-12,6889.78,7200,6787.44,6908.13,35759567632
2020-04-13,6908.12,6908.13,6555,6861.21,38619308647
2020-04-14,6860.51,6997.38,6771.41,6877.37,34110434052
2020-04-15,6876.92,6940,6605.89,6624.12,32288311031
2020-04-16,6623.62,7217.27,6456,7112.64,46783242377
2020-04-17,7114.76,7156.66,7000,7037.46,32513423567
2020-04-18,7036.45,7308,7021,7261.76,32447188386
2020-04-19,7262.04,7275,7063.02,7130.71,31311210215
2020-04-20,7130.7,7227.11,6748.72,6838.19,37747113936
2020-04-21,6837.22,6959,6776,6853.68,32589741511
2020-04-22,6853.67,7167.37,6826,7136.84,33249153866
2020-04-23,7136.81,7775,7031.14,7488.83,43500782316
2020-04-24,7491.5,7612.24,7390,7514.64,34636526286
2020-04-25,7514.99,7720,7437.94,7547.61,32941541447
2020-04-26,7547.61,7715,7490,7706.4,33070154491
2020-04-27,7706.4,7810.99,7635.69,7789.77,36162144725
2020-04-28,7789.77,7794.74,7672,7755.01,33187959921
2020-04-29,7757.18,8988,7720,8793.75,60201052203
2020-04-30,8794.99,9478.66,8407,8624.28,66964629541
2020-05-01,8624.68,9075.98,8622.72,8829.42,44068389997
2020-05-02,8829.42,9025,8762.01,8985.58,40134388683
2020-05-03,8984.69,9203.52,8731.01,8909.95,47101785174
2020-05-04,8907.85,8970,8533.98,8883.53,45718796276
2020-05-05,8887.81,9126.27,8769.69,9028.79,43148462663
2020-05-06,9028.78,9418,8922.13,9155.79,49371886931
2020-05-07,9155.79,10079,9028.89,10004.77,61112700562
2020-05-08,10000.37,10049,9730,9810,51780748042
2020-05-09,9810.01,9920.73,9521,9537.21,46566121841
2020-05-10,9537.21,9559.98,8106.7,8729.86,63325279337
2020-05-11,8729.86,9182.66,8185,8572.4,57119858802
2020-05-12,8572.4,8982.9,8534.85,8821.42,42142717533
2020-05-13,8821.41,9420.18,8803.97,9321.26,45558144023
2020-05-14,9320.85,9943.93,9257.15,9795.34,56426907637
2020-05-15,9795.34,9849,9120,9312.1,48158802327
2020-05-16,9312.1,9594.99,9215.01,9383.16,36164766408
2020-05-17,9380.01,9896,9325.81,9676.63,40084250663
2020-05-18,9677.45,9957.25,9436.97,9728.52,41827139896
2020-05-19,9728.52,9898,9463.22,9783.76,39254288955
2020-05-20,9783.57,9836.99,9294.54,9509.41,36546239703
2020-05-21,9509.4,9568,8800,9061.96,39326160532
2020-05-22,9059.32,9267.34,8923.5,9168.84,29810773699
2020-05-23,9168.84,9313.83,9090.11,9181.76,27727866812
2020-05-24,9181.09,9306.23,8680.7,8715.73,32518803300
2020-05-25,8715.69,8977,8632.93,8899.31,31288157264
2020-05-26,8900,9016.99,8694.23,8844.42,29584186947
2020-05-27,8844.41,9230,8811.46,9208.53,32740536902
2020-05-28,9208.53,9625,9112,9580.19,34367073114
2020-05-29,9580.01,9609.02,9330.01,9423.84,32896642044
2020-05-30,9423.85,9764,9326.43,9700.33,32722975141
2020-05-31,9700.32,9705.6,9369.58,9446.57,27773290299
2020-06-01,9445.83,10428,9417.42,10208.96,35198901068
2020-06-02,10208.96,10237.6,9270,9522.46,39137252109
2020-06-03,9521.53,9695,9385.22,9668.07,25007459262
2020-06-04,9668.06,9888,9450,9788.03,25921805072
2020-06-05,9791.96,9855,9585.44,9613.21,23509628646
2020-06-06,9613.42,9735.13,9526.03,9671.7,20438419222
2020-06-07,9670.28,9822,9370,9750.12,25015250846
2020-06-08,9750.12,9815,9632.79,9781.51,21486346312
2020-06-09,9781.51,9886,9567.33,9779.41,23717842783
2020-06-10,9779.7,10018.67,9690,9894.04,25706567601
2020-06-11,9894.35,9973.25,9050,9268.16,30247143440
2020-06-12,9268.16,9552.87,9227,9464.17,22610564515
2020-06-13,9464.71,9494.45,9346,9475,17564322315
2020-06-14,9475,9481,9240,9325,18991732746
2020-06-15,9328.63,9499,8895.01,9432.53,26699704768
2020-06-16,9432.57,9592.04,9381,9526.25,21565537209
2020-06-17,9526.25,9558.48,9227.03,9457.51,20177709879
2020-06-18,9457.51,9482.66,9267.18,9376.14,17770083003
2020-06-19,9376.14,9430,9229,9301.91,19632223107
2020-06-20,9300.42,9391.71,9161,9355.74,17130541557
2020-06-21,9355.74,9419.35,9273,9286.14,15324301169
2020-06-22,9286.14,9792,9267.58,9690.74,21104009514
2020-06-23,9690.67,9724.53,9572.22,9623.56,17006433272
2020-06-24,9623.56,9663.38,9195,9285.91,18961716076
2020-06-25,9285.94,9335,8979.07,9243.51,18616048626
2020-06-26,9242.98,9291.73,9027.62,9155.42,18341465837
2020-06-27,9155.42,9188.14,8815.01,9002.46,17273093144
2020-06-28,9002.38,9189,8931.77,9113.24,14560870760
2020-06-29,9113.23,9236.75,9014,9184.45,16460547078
2020-06-30,9188.79,9201,9059.6,9136.2,15735797744
2020-07-01,9135.91,9297.2,9088,9239.97,15971550355
2020-07-02,9239.41,9265,8938,9091.53,16338916796
2020-07-03,9091.98,9126.12,9036.74,9063.87,13078970999
2020-07-04,9059.73,9195.84,9039.84,9138.51,12290528515
2020-07-05,9138.51,9145,8905.84,9074.39,12903406143
2020-07-06,9074.37,9375.9,9061.59,9343.31,17889263252
2020-07-07,9343.31,9379.34,9201.57,9253.94,13839652595
2020-07-08,9253.94,9475,9232.2,9435.28,19702359883
2020-07-09,9435.28,9446.62,9154.79,9236.95,18000702524
2020-07-10,9236.95,9322.23,9118,9291.05,16860035605
2020-07-11,9291.04,9303.04,9182.35,9235,13249910444
2020-07-12,9235,9347.53,9159.33,9303.37,14452361907
2020-07-13,9303.38,9339.61,9193.52,9236.92,17519821266
2020-07-14,9236.91,9280,9100,9256.94,18085038362
2020-07-15,9256.94,9273.98,9154.01,9190.16,15844731575
2020-07-16,9190.8,9216.02,9005,9130.11,15713967523
2020-07-17,9130.93,9182.99,9054.99,9154.29,13944570749
2020-07-18,9154.29,9210,9122.65,9175.85,12252601475
2020-07-19,9175.83,9245.03,9105.37,9212.87,12939002784
2020-07-20,9214.01,9223.51,9131,9161.05,13755604146
2020-07-21,9161.05,9438,9157.04,9394.14,18069581956
2020-07-22,9394.14,9567.77,9277,9536.18,16532254884
2020-07-23,9536.2,9686,9450.04,9613.24,18146399002
2020-07-24,9613.24,9645.55,9475.7,9551.21,16552768325
2020-07-25,9551.21,9747.76,9536.64,9711.33,16610070933
2020-07-26,9711.79,10150,9661.35,9941,20507998997
2020-07-27,9941,11420,9935,11048.91,35359749590
2020-07-28,11048.05,11259,10575,10934.23,28766551142
2020-07-29,10934.22,11350,10843.47,11110.12,24617249715
2020-07-30,11108.16,11188.65,10811,11115.95,22857247901
2020-07-31,11115.99,11460,10975,11351.62,23160469766
2020-08-01,11351.61,11888,11237.82,11810.07,26075670303
2020-08-02,11810.07,12134.29,10546.15,11068.54,27410067336
2020-08-03,11067.46,11486.6,10911.74,11233.13,20271713443
2020-08-04,11233.16,11417.11,11006.16,11197.04,21250197042
2020-08-05,11197.05,11798.87,11073.7,11756.75,24411254471
2020-08-06,11756.75,11916.68,11580.19,11773.89,23400740340
2020-08-07,11773.89,11920,11350,11606.52,23132312867
2020-08-08,11606.52,11818.18,11529.45,11774.98,17572057837
2020-08-09,11773.24,11810.24,11532.04,11688.48,17489608833
2020-08-10,11688.25,12086.22,11470.01,11899.73,26114112569
2020-08-11,11899.87,11943,11120,11388.53,27039782640
2020-08-12,11388.88,11625,11148.54,11566.45,25064548486
2020-08-13,11566.44,11802.09,11274.14,11795.95,27522199497
2020-08-14,11795.95,11865.97,11651.24,11779,24237958589
2020-08-15,11777.5,11989.98,11688,11859.24,23354924400
2020-08-16,11860.02,11940,11686.53,11918.84,20583375490
2020-08-17,11918.84,12486.61,11775,12304.26,28227687027
2020-08-18,12303.98,12400,11825,11950,26043227672
2020-08-19,11954.22,12024.83,11569,11758.87,24502851117
2020-08-20,11758.87,11892.16,11671.48,11864.26,20175242945
2020-08-21,11864.26,11884.99,11480,11529.22,23762425999
2020-08-22,11529.99,11693.16,11370,11672.93,20224191306
2020-08-23,11672.92,11715,11525.62,11650.01,18482062658
2020-08-24,11650.01,11823.62,11592.91,11753.85,20681511755
2020-08-25,11753.26,11769.76,11102.73,11324.92,26301509932
2020-08-26,11324.92,11539.99,11254.89,11463.27,22466660958
2020-08-27,11463.27,11597.92,11125,11330.06,23240415076
2020-08-28,11330.56,11550.51,11282.09,11535,19807127588
2020-08-29,11535,11580,11422.21,11474.31,17485597759
2020-08-30,11474.3,11720,11463.87,11716.01,19760127945
2020-08-31,11716,11784.66,11576,11655,22285928250
2020-09-01,11655,12086,11525.09,11924.22,27311555343
2020-09-02,11924.22,11950,11160,11395.48,28037405299
2020-09-03,11395.49,11474.99,10005,10172.52,31927261555
2020-09-04,10172.13,10638.34,9895.22,10500.05,29965130374
2020-09-05,10500.05,10564.8,9813,10168.36,44916565292
2020-09-06,10169.58,10358.88,10000,10257.86,37071460174
2020-09-07,10258.67,10410.9,9880,10375,33703098409
2020-09-08,10375,10440.91,9819.83,10125.69,33430927462
2020-09-09,10126.41,10349.99,9983.34,10224.56,24128292755
2020-09-10,10224.56,10489,10216.41,10343.23,54406443211
2020-09-11,10344.24,10411.44,10200,10394.41,45201121775
2020-09-12,10394.41,10483.23,10276.19,10446.52,36750077324
2020-09-13,10446.52,10582.36,10211,10336.76,36506852789
2020-09-14,10336.76,10760.62,10253,10679.95,35453581940
2020-09-15,10678.41,10950,10613.18,10783.75,32509451925
2020-09-16,10783.36,11099.95,10662.02,10959.61,30769986455
2020-09-17,10957.06,11044,10735.55,10943.61,38151810523
2020-09-18,10943.99,11039.88,10813,10937.52,26341903912
2020-09-19,10937.5,11179.9,10891.78,11080,22764204008
2020-09-20,11081.09,11081.37,10759.37,10920.89,24699523788
2020-09-21,10920.94,10994,10180,10416.82,28884999244
2020-09-22,10416.83,10576.82,10355,10531.13,23621787804
2020-09-23,10531.13,10541.25,10135.22,10235.1,23788661867
2020-09-24,10237.41,10795.87,10192.56,10740.01,47144380902
2020-09-25,10740,10765.07,10551,10690.53,39348590957
2020-09-26,10690.53,10828,10654.58,10730,46852525493
2020-09-27,10730,10806.32,10595.24,10778.2,53745972818
2020-09-28,10779,10956.11,10621.22,10695.55,47762394731
2020-09-29,10694.9,10860.79,10636.13,10840.73,46582396602
2020-09-30,10839.98,10847,10657.04,10779.63,44171073700
2020-10-01,10779.63,10931.98,10427.75,10617.63,40023134100
2020-10-02,10616.35,10668.56,10363.76,10573.12,48661453918
2020-10-03,10573.12,10606.36,10498.02,10551.65,44660271563
2020-10-04,10550.32,10697,10521.87,10671.11,71251776995
2020-10-05,10670.01,10800,10621.12,10795,47537578009
2020-10-06,10796.97,10800,10524,10602.66,42623695307
2020-10-07,10601.2,10683.75,10546.78,10670.47,37799458436
2020-10-08,10670.47,10963.16,10532.11,10933.09,63314794397
2020-10-09,10932.44,11111.11,10834.49,11057.07,22799117613
2020-10-10,11057.07,11498.98,11055.75,11299.5,22877978588
2020-10-11,11299.52,11444.25,11276.28,11374.01,19968627060
2020-10-12,11374.01,11736.02,11187.6,11535.46,26163972642
2020-10-13,11535.46,11561.45,11312.59,11428.22,24241420251
2020-10-14,11428.22,11556.37,11290.83,11427.7,24103426719
2020-10-15,11427.7,11641.38,11263.15,11509.34,24487233058
2020-10-16,11509.31,11550.01,11201,11328.95,25635480772
2020-10-17,11328.27,11421,11264.75,11367.89,19130430174
2020-10-18,11367.9,11523,11350.37,11514.2,18283314340
2020-10-19,11514.2,11833,11416.04,11760.45,23860769928
2020-10-20,11760.45,12050,11685,11923.83,30915821592
2020-10-21,11923.07,13250.04,11900.01,12808,43414712626
2020-10-22,12808.01,13200,12698.02,12987.02,34729759598
2020-10-23,12988.2,13037,12722.72,12937.09,28974975003
2020-10-24,12938,13175,12884.31,13126.24,24542317940
2020-10-25,13126.34,13361,12890.76,13045,24406920575
2020-10-26,13045.02,13250,12785,13068.79,29461458313
2020-10-27,13068.79,13793.72,13061.28,13698.18,33749878156
2020-10-28,13740.85,13863.87,12891.57,13281.05,35867318895
2020-10-29,13281.06,13650,12976.29,13460,56499499598
2020-10-30,13460,13687.82,13131.31,13571.51,30581485201
2020-10-31,13571.51,14098.92,13424.73,13804.81,30306464719
2020-11-01,13803.69,13906.74,13630.05,13771.59,24453857900
2020-11-02,13771.7,13840,13215,13563.22,30771455468
2020-11-03,13563.22,14081.45,13290,14035.8,29869951617
2020-11-04,14034.35,14273.6,13530.01,14161.48,35116364962
2020-11-05,14165.86,15775,14115,15608.21,40856321439
2020-11-06,15608.06,15977.67,15190.36,15599.95,39837841971
2020-11-07,15599.95,15779.24,14310,14834.09,35024953706
2020-11-08,14834.09,15666,14721.9,15482.9,26632075029
2020-11-09,15482.89,15856.9,14817.14,15342.25,34149115566
2020-11-10,15342.1,15481.06,15090.08,15315.03,25574938143
2020-11-11,15315.46,16000,15293.04,15705.79,29772374934
2020-11-12,15705.79,16370.89,15446.82,16310.81,34175758344
2020-11-13,16310.81,16491.92,15975,16339.56,31599492172
2020-11-14,16339.56,16339.6,15708.24,16082.01,27481710135
2020-11-15,16082.01,16175.6,15796.09,15966.89,23653867583
2020-11-16,15970,16892,15879,16726.64,31526766675
2020-11-17,16726.49,17880,16575.42,17679.36,39006849170
2020-11-18,17679.86,18488,17205.02,17782.91,49064800278
2020-11-19,17790.18,18193.29,17356,17821.58,36985055355
2020-11-20,17821.92,18830.3,17764.76,18675.25,36992873940
2020-11-21,18677.84,18980,18350,18721.21,39650210707
2020-11-22,18721.21,18773.56,17610.77,18437.66,41280434226
2020-11-23,18437.18,18777.77,18001,18384.82,42741112308
2020-11-24,18384.82,19469,18052.02,19172.84,51469565009
2020-11-25,19172.9,19500,18502,18721.93,43710357371
2020-11-26,18717.24,18915.48,16200,17170,61396835737
2020-11-27,17169.99,17475,16400,17153.95,38886494645
2020-11-28,17155.43,17933.25,16880,17739.85,32601040734
2020-11-29,17736.1,18359,17535.26,18202.04,31133957704
2020-11-30,18202.02,19873.23,18201.47,19713.94,47728480399
2020-12-01,19713.94,19915.14,18109,18782.97,49633658712
2020-12-02,18778.18,19340,18335,19225.63,37387697139
2020-12-03,19222.45,19625.64,18885,19448.64,31930317405
2020-12-04,19446.43,19546.46,18576.05,18658.1,33872388058
2020-12-05,18658.09,19189.98,18501,19158.96,27242455064
2020-12-06,19158.96,19430.25,18878,19375.6,25293775714
2020-12-07,19375.6,19432.57,18901,19177.71,26896357742
2020-12-08,19177.08,19299.51,18200,18316.22,31692288756
2020-12-09,18316.22,18647.33,17639,18546.55,34420373071
2020-12-10,18546.55,18556.42,17905,18253.44,25547132265
2020-12-11,18257.18,18293.08,17580,18042.15,27919640985
2020-12-12,18044.19,18955.34,18023.57,18821.28,21752580802
2020-12-13,18821.28,19421.03,18730,19166.65,25450468637
2020-12-14,19166.65,19349.98,18967.68,19272.37,22473997681
2020-12-15,19272.37,19565,19051.27,19444.6,26741982541
2020-12-16,19443.19,21569.94,19300,21359.65,44409011479
2020-12-17,21360.5,23776.94,21252.01,22826.48,71378606374
2020-12-18,22826.37,23280,22329,23137.76,40387896275
2020-12-19,23138.89,24200,22770,23849.99,38487546580
2020-12-20,23850,24300,23100,23476.51,37844228422
2020-12-21,23476.51,24118.75,21913.84,22729.4,45852713981
2020-12-22,22729.4,23839.78,22380.05,23823.27,44171632681
2020-12-23,23824.13,24090,22600,23228.35,51146161904
2020-12-24,23226.18,23785,22712.89,23717.96,41080759713
2020-12-25,23718.61,24770.95,23416,24704.71,42068395846
2020-12-26,24704.71,26822,24490.01,26475.35,48332647295
2020-12-27,26482.64,28387,25772.55,26258.65,66479895605
2020-12-28,26255.16,27477,26086.19,27040.36,49056742893
2020-12-29,27039.39,27396.77,25833.73,27366.35,45265946774
2020-12-30,27366.35,29018.26,27311.73,28897.42,51287442704
2020-12-31,28897.42,29321.9,28000,28990.08,46754964848
2021-01-01,28990.08,29688.88,28700,29412.84,40730301359
2021-01-02,29413.29,33300,29039,32225.91,67865420765
2021-01-03,32222.88,34810,32008.62,33080.66,78665235202
2021-01-04,33082.84,33666.99,27678,32019.99,81163475344
2021-01-05,32020.22,34499.67,29891.13,34030.64,67547324782
2021-01-06,34043.91,37000,33352.54,36859.26,75289433811
2021-01-07,36859.26,40425,36200,39505.56,84762141031
2021-01-08,39510.55,41986.37,36565.08,40665.15,88107519480
2021-01-09,40642.15,41406.94,38800,40257.43,61984162837
2021-01-10,40257.43,41452.12,34444,38171.57,79980747690
2021-01-11,38168.89,38273.88,30100,35452.59,123320567399
2021-01-12,35456.89,36604.51,32500,34038.98,74773277909
2021-01-13,34035.53,37888,32309.04,37393.66,69364315979
2021-01-14,37393.67,40127.66,36751.11,39125.14,63615990033
2021-01-15,39123.05,39697,34298.93,36754.67,67760757881
2021-01-16,36754.6,37948,35372.59,36006.94,57706187875
2021-01-17,36004.8,36860,33850.03,35820,52359854336
2021-01-18,35820.01,37402,34736.46,36624.23,49511702429
2021-01-19,36624.23,37857,35895.11,35917.28,57244195486
2021-01-20,35921.91,36415.34,33387.01,35503.09,66834573161
2021-01-21,35498.85,35628.24,30011,30855.95,75643067688
2021-01-22,30855.9,33867,28732,32984.93,77207272511
2021-01-23,32982.66,33488.79,31432.19,32112.01,48354737975
2021-01-24,32110,33086.53,30931.21,32288.56,48643830599
2021-01-25,32293.18,34888,31920.8,32261.87,59897054838
2021-01-26,32260.52,32960.37,30830,32510.82,60255421470
2021-01-27,32510.82,32584.62,29156,30407.13,62576762015
2021-01-28,30414.11,34000,29902.14,33488.99,76517157706
2021-01-29,33487.92,38570.13,31990,34262.11,117894572511
2021-01-30,34262.11,34900,32852.86,34315.63,65141828798
2021-01-31,34315.63,34387.75,32200,33137.74,52754542671
2021-02-01,33137.75,34728.57,32333,33533.19,61400400660
2021-02-02,33534.39,36000,33450,35512.67,63088585433
2021-02-03,35513,37723.72,35393.8,37678.37,61166818159
2021-02-04,37688.42,38769,36156.45,36975,68838074392
2021-02-05,36976.59,38349,36605.87,38311.49,58598066402
2021-02-06,38327.09,41000,38250,39265.43,71326033653
2021-02-07,39266.1,39737.83,37371.35,38871.42,65500641143
2021-02-08,38871.43,46750,38057.01,46448.1,101467222687
2021-02-09,46453.66,48200,45020,46514.73,91809846886
2021-02-10,46514.73,47349.99,43706.86,44850,87301089896
2021-02-11,44850,48690,44011,47997.91,81388911810
2021-02-12,47993.6,48912,46300,47408.34,76555041196
2021-02-13,47408.34,48199,46300,47232.45,70250456155
2021-02-14,47240.75,49700,47100.13,48680.69,71248675228
2021-02-15,48667.23,49093.44,45768.46,47936.37,77069903166
2021-02-16,47935.66,50645,47051.22,49158.71,77049582886
2021-02-17,49141.43,52640.35,48942.87,52170.01,80820545404
2021-02-18,52170.01,52549.99,50875,51601.73,52054723579
2021-02-19,51596,56370.05,50725,55983.56,63495496918
2021-02-20,55983.57,57563.57,54000.1,55923.52,68145460026
2021-02-21,55921.44,58367,55531.23,57489.16,51897585191
2021-02-22,57489.16,57577.69,46616,54142.13,92052420332
2021-02-23,54125.67,54206.22,44888.08,48899.99,106102492824
2021-02-24,48899.99,51415.41,47002,49737.82,63695521388
2021-02-25,49737.81,52107.83,46700,47058.48,54506565949
2021-02-26,47063.9,48464.64,44150,46326.2,350967941479
2021-02-27,46319.79,48356.86,45055,46180.75,45910946382
2021-02-28,46169.92,46656,43016,45231.75,53443887451
2021-03-01,45231.74,49829,45042.13,49639.4,53891300112
2021-03-02,49635.3,50250,47075.11,48511.6,47530897720
2021-03-03,48502.18,52666,48161.75,50360,53220811975
2021-03-04,50370.33,51798.33,47502,48368.52,52343816680
2021-03-05,48370.97,49473.99,46219.32,48769.47,48625928883
2021-03-06,48766.01,49210,47077,48909.84,34363564661
2021-03-07,48909.84,51459,48909.83,50978.61,43137459378
2021-03-08,50976.22,52425,49328.62,52415.23,48597428048
2021-03-09,52413.17,54936,51845.01,54916.38,50912227385
2021-03-10,54921.61,57402.14,53025,55890.69,57295577614
2021-03-11,55888.7,58113,54283,57815.47,56772343595
2021-03-12,57820.15,58065.92,55050,57225.91,55689944702
2021-03-13,57220.84,61788.45,56083.74,61178.5,60669829814
2021-03-14,61181.38,61680,58950,58972.7,43901225564
2021-03-15,58972.71,60601.07,54568,55636.15,66419369890
2021-03-16,55629.08,56970,53221,56927.11,59749798599
2021-03-17,56924.26,58996.38,54138.01,58925.54,60258313191
2021-03-18,58925.54,60100,56996.15,57644.95,55746041000
2021-03-19,57644.95,59461.99,56260,58039.66,49063873786
2021-03-20,58026.91,59928,57827.97,58116.7,50361731222
2021-03-21,58126.34,58651.22,55543.89,57363.32,51943414539
2021-03-22,57377.29,58421.68,53739.5,54110.07,56521454974
2021-03-23,54111.49,55858,53000,54345.54,56435023914
2021-03-24,54333.27,57209.97,51673.82,52276.16,70567223787
2021-03-25,52259.69,53238,50305,51325.01,67999812841
2021-03-26,51320.76,55125.13,51250,55072.44,56652197978
2021-03-27,55080.9,56640,53966,55856.53,47266542233
2021-03-28,55856.54,56587.08,54701,55778.82,47686580918
2021-03-29,55781.22,58400,54900,57613.48,57625587027
2021-03-30,57613.76,59397.48,57000,58786.46,54414116432
2021-03-31,58786.46,59800,56873.8,58800,65520826225
2021-04-01,58800.01,59474.94,57930,58726.48,61669163792
2021-04-02,58726.47,60055.02,58441.88,58981.04,58727860620
2021-04-03,58981.04,59752,56943,57094.34,59641344484
2021-04-04,57094.34,58500,56478.53,58215.94,50749662970
2021-04-05,58216.73,59251.76,56817.64,59123.02,60706272115
2021-04-06,59134.07,59475,57333.33,58019.98,66058027988
2021-04-07,58021.67,58630,55400,55955.75,75645303584
2021-04-08,55962.67,58152,55700,58083.1,53053855641
2021-04-09,58083.1,58869.69,57670.51,58092.68,46655208546
2021-04-10,58092.68,61218.97,57875.41,59778.6,58238470525
2021-04-11,59778.59,60658.89,59177.06,59985.26,46280252580
2021-04-12,59983.66,61199,59369,59839.82,51828688519
2021-04-13,59836.88,63774.39,59799.01,63588.22,69983454362
2021-04-14,63588.22,64899,61277.91,62971.8,77451779687
2021-04-15,62971.8,63831.82,62036.73,63229.04,60954381579
2021-04-16,63229.04,63604.34,60048.43,61427.27,84293007468
2021-04-17,61427.27,62572.48,59700,60058.86,66138759198
2021-04-18,60067.2,60437.97,51300,56274.41,97468872758
2021-04-19,56273.65,57600,54187.85,55696.83,65344865159
2021-04-20,55696.83,57111,53430.01,56499.29,67849323955
2021-04-21,56477.67,56810.56,53620.91,53800.86,54926612466
2021-04-22,53795.62,55469.98,50400,51701.59,74798630778
2021-04-23,51695.98,52130.58,47464.65,51187.27,86668667320
2021-04-24,51187.75,51260.61,48726.87,50089.15,49014494781
2021-04-25,50101.42,50591.38,47044.01,49121,46117114240
2021-04-26,49121,54400,48817.62,54053.6,58284039825
2021-04-27,54047.8,55509.39,53321,55069.62,49448222757
2021-04-28,55069.61,56476.17,53887,54894.03,48000572955
2021-04-29,54889.81,55226.86,52369.61,53580,46088929780
2021-04-30,53580,58075.01,53068.43,57798.77,52395931985
2021-05-01,57798.77,58550,57050.94,57859.28,42836427360
2021-05-02,57859.28,57972.26,56072,56625.2,38177405335
2021-05-03,56625.21,58986,56500,57212.73,51713139031
2021-05-04,57212.73,57247.24,53057.7,53241.92,68564706967
2021-05-05,53241.91,57980.86,52913.02,57515.69,69241316747
2021-05-06,57515.69,58400,55288,56440.66,69523285106
2021-05-07,56444.82,58735.95,55300,57380.39,68434023376
2021-05-08,57380.39,59559.84,56980.01,58958.05,65382980634
2021-05-09,58958.06,59300.52,56265.3,58312.57,65906690347
2021-05-10,58313.84,59592.2,53600,55866.41,71776546298
2021-05-11,55866.38,56962.07,54511.48,56753.19,61308396325
2021-05-12,56753.19,58041,48500,49498.77,75215403907
2021-05-13,49498.76,52500,46000,49690.11,96721152926
2021-05-14,49682.28,51569.56,48895,49893.48,55737497453
2021-05-15,49893.48,50730.58,46573,46775.51,59161047474
2021-05-16,46771.01,49808.28,43825,46450.79,64047871555
2021-05-17,46450.78,46646.15,42101,43580.5,74903638450
2021-05-18,43571.89,45851,42300,42857.15,56187365084
2021-05-19,42865.05,43591.7,30000,36731.75,126358098747
2021-05-20,36735.44,42605,35000,40623.33,88281943359
2021-05-21,40623.24,42275.99,33501.54,37340.77,82051616861
2021-05-22,37333.09,38889.76,35257.52,37476.83,57377273240
2021-05-23,37476.84,38319.36,31111,34758.67,78469274361
2021-05-24,34758.88,39966.87,34407.17,38878.56,67359584098
2021-05-25,38874.53,39878.51,36481.26,38361.81,56211915803
2021-05-26,38361.81,40900,37837.36,39293.23,51346735160
2021-05-27,39293.23,40440.95,37191.99,38556.88,43210968721
2021-05-28,38556.88,38900,34688,35680.47,55200191952
2021-05-29,35680.48,37325,33650.86,34627.82,45231013335
2021-05-30,34627.81,36500,33333,35669.44,31646080921
2021-05-31,35669.44,37534.09,34183,37279.31,39009847639
2021-06-01,37276.23,37918.97,35669.14,36685,34639423297
2021-06-02,36684.99,38237.37,35920,37577.91,33070867190
2021-06-03,37581.83,39489.82,37184.88,39248.55,35460750427
2021-06-04,39248.54,39291.24,35593.22,36856.52,41831090187
2021-06-05,36856.53,37921.35,34832.17,35539.49,35959473399
2021-06-06,35539.97,36477.86,35258,35800.48,28913440585
2021-06-07,35800.48,36812.39,33333,33575.91,33683936663
2021-06-08,33567.26,34069,31004.95,33402.13,49902050442
2021-06-09,33402.13,37573.99,32408.53,37403.86,53972919008
2021-06-10,37404.75,38425.67,35800,36694.05,43576032854
2021-06-11,36694.91,37695,35944,37338.44,38699736985
2021-06-12,37340.08,37448,34635.47,35557.33,37924228550
2021-06-13,35557.32,39396,34780.57,39015.24,40669112838
2021-06-14,39015.24,41076.03,38744.83,40539.47,43148914673
2021-06-15,40537.93,41322.55,39510.98,40162.37,46420149185
2021-06-16,40158.06,40499,38105,38351,39211635100
2021-06-17,38351,39554.98,37365.63,38095.17,37096670047
2021-06-18,38103.94,38216.22,35153.16,35841.81,36200887275
2021-06-19,35840.96,36457.18,34833.26,35484.79,31207279719
2021-06-20,35484.8,36139.73,33347.05,35585.78,36664034054
2021-06-21,35585.79,35741.54,31259,31609.82,52809038594
2021-06-22,31609.82,33352,28800,32538.37,58964353058
2021-06-23,32538.9,34881.02,31708.03,33688.35,46317108925
2021-06-24,33688.51,35295.67,32300,34654.58,33123368116
2021-06-25,34654.87,35500,31300,31594.63,40230904226
2021-06-26,31594.62,32711.68,30173.49,32275.19,38585385521
2021-06-27,32267.59,34749,32002.21,34709.23,35511640894
2021-06-28,34708.53,35301.43,33864.99,34493.22,33892523752
2021-06-29,34493.22,36675,34233.35,35904.28,37901460044
2021-06-30,35906.17,36094.42,34033,35060,34059036099
2021-07-01,35060,35066.54,32703.48,33516.11,37838957079
2021-07-02,33510.93,33972.06,32704.73,33805.02,38728974942
2021-07-03,33805.01,34953.07,33320,34682.16,24383958643
2021-07-04,34685.03,35951,34390.53,35284.05,24924307911
2021-07-05,35284.06,35290.82,33156.86,33697.78,26721554282
2021-07-06,33697.78,35100,33300,34225.73,26501259870
2021-07-07,34225.72,35077.46,33770.01,33878.56,24796027477
2021-07-08,33879.5,33934.62,32111,32875.95,29910396946
2021-07-09,32875.95,34100,32255.24,33824.26,27436021028
2021-07-10,33824.25,34267.14,33027.83,33515.35,22971873468
2021-07-11,33515.35,34607.37,33333.33,34259.23,20108729370
2021-07-12,34259.22,34670,32665,33091.1,24321499537
2021-07-13,33077.43,33337.61,32201.12,32734.14,19120856669
2021-07-14,32734.14,33125.55,31600,32816.39,21376531210
2021-07-15,32815.75,33187.6,31064.77,31868.68,21300524237
2021-07-16,31872.49,32259.16,31025.42,31388.06,23699476918
2021-07-17,31389.57,31949.99,31179.01,31533.91,18895018942
2021-07-18,31533.9,32450,31125.6,31788.25,18787986667
2021-07-19,31786.37,31887.82,30429.99,30842.03,20434789545
2021-07-20,30842.04,31052.65,29301.56,29796.16,23148267245
2021-07-21,29796.15,32825,29501.02,32135.19,28203024559
2021-07-22,32152.68,32611.84,31729.68,32287.74,19555230518
2021-07-23,32287.75,33647.27,32000,33647.26,22552046192
2021-07-24,33647.27,34525,33424.7,34283.01,21664706865
2021-07-25,34291.67,35451.04,33888.89,35428.26,20856685287
2021-07-26,35428.25,40593.93,35251.54,37262.77,51022126212
2021-07-27,37262.76,39550,36413.26,39470.48,35097370560
2021-07-28,39475.99,40925.56,38803.34,40035.1,38702404695
2021-07-29,40035.1,40644.85,39229.47,40039.44,27167146027
2021-07-30,40039.44,42320.57,38342,42237.95,33072782960
2021-07-31,42233.66,42414.61,41064.11,41495.01,25802845343
2021-08-01,41499,42605.64,39426,39865.41,26688438115
2021-08-02,39859.18,40459.68,38690,39149.59,25595265436
2021-08-03,39149.59,39785.3,37627.21,38191.44,26189830450
2021-08-04,38189.4,39965.1,37509,39722.41,25372562724
2021-08-05,39718.9,41447.89,37300,40888.74,35185031017
2021-08-06,40888.73,43399.26,39876.74,42869.58,38226483046
2021-08-07,42869.59,44750,42457.27,44637.34,40030862141
2021-08-08,44628.11,45363.83,43131.97,43829.14,36302664750
2021-08-09,43829.15,46497.42,42821.3,46285.48,38734079049
2021-08-10,46280,46718.44,44650.27,45595.66,33546019517
2021-08-11,45601.82,46781.09,45350.74,45553.49,34319709073
2021-08-12,45553.1,46223.95,43714.36,44422.14,33723620826
2021-08-13,44422.15,47953.9,44249.64,47833.64,31744259539
2021-08-14,47833.64,48176.52,46034.93,47109.65,31211354442
2021-08-15,47109.64,47400,45525.19,47014.49,30988958446
2021-08-16,47014.38,48076.52,45676.91,45902.46,32776876610
2021-08-17,45903.22,47174.62,44405.39,44671.58,33451362600
2021-08-18,44675.34,46035.27,44216.47,44707.98,32194123075
2021-08-19,44709.1,47088.08,43955,46765.87,37204312299
2021-08-20,46769.02,49400,46644.95,49342.4,34706867452
2021-08-21,49349.99,49821.92,48285.28,48867.02,40585205312
2021-08-22,48870.21,49526.13,48102.89,49284.63,25370975378
2021-08-23,49284.38,50505,49012.84,49506.5,34305053719
2021-08-24,49504.53,49875.9,47600,47682.45,35361168834
2021-08-25,47682.45,49277,47122.02,48987.33,32646349931
2021-08-26,48991.57,49365.1,46315.48,46851.47,32666549568
2021-08-27,46851.47,49185.12,46361.01,49077.57,34511076995
2021-08-28,49081.08,49309.83,48370,48942.94,28568103401
2021-08-29,48942.89,49667.1,47801,48802.58,25889650240
2021-08-30,48802.58,48906.51,46866,46993.71,31847007016
2021-08-31,46996.8,48259.68,46708.93,47112.5,34730363427
2021-09-01,47110.33,49125,46537.62,48839.86,39139399125
2021-09-02,48834.27,50392.19,48620.73,49279.37,39508070319
2021-09-03,49279.38,51064.44,48349.66,50025,43206179619
2021-09-04,50025,50558.75,49400,49942.98,37471327794
2021-09-05,49944.89,51907.08,49500,51789.17,30322676319
2021-09-06,51789.17,52802.03,51020.08,52698.81,38884105426
2021-09-07,52698.8,52944.96,42830.77,46894.5,65210059683
2021-09-08,46894.49,47381.47,44423.49,46060.36,49007762488
2021-09-09,46059.94,47400,45511.82,46400,38672657013
2021-09-10,46396.26,47040.76,44140.48,44851.45,39154666597
2021-09-11,44850.37,45989.94,44730.29,45171.83,34499835245
2021-09-12,45173.66,46462.98,44754.31,46024.23,27881980161
2021-09-13,46027.8,46900,43465,44947.72,40969943253
2021-09-14,44953.23,47274.92,44679.92,47127.22,38652152880
2021-09-15,47127.81,48475,46705,48148.12,30484496466
2021-09-16,48144.03,48499.99,47020.82,47753.16,31764293754
2021-09-17,47753.15,48176.64,46752.67,47303.5,28727713711
2021-09-18,47306.87,48825.62,47050,48314.56,28575630451
2021-09-19,48309.86,48379.19,46850.87,47255.92,26967722648
2021-09-20,47253.71,47358.92,42500,43012.97,43909845642
2021-09-21,43007.69,43639.88,39600,40719.6,48701090088
2021-09-22,40736.81,44035.44,40570.42,43575.1,38139709246
2021-09-23,43575.19,45000,43096.73,44897.59,34244064430
2021-09-24,44896.55,45200,40683.29,42848.92,42839345714
2021-09-25,42848.44,42998.76,41675,42705.51,31604717236
2021-09-26,42705.51,43937,40803,43178.02,30661222077
2021-09-27,43172.17,44366.96,42111,42171.76,30980029059
2021-09-28,42166.31,42780,40897.7,41026.07,30214940550
2021-09-29,41030.19,42638.99,40750.12,41522.16,30602359905
2021-09-30,41519.11,44110.17,41409.67,43824.43,31141681925
2021-10-01,43828.89,48500,43287.44,48165.76,42850641582
2021-10-02,48165.76,48359.33,47451,47657.69,30614346492
2021-10-03,47663.74,49300,47120.11,48233.99,26638115879
2021-10-04,48233.99,49505,46916.7,49245.54,33383173002
2021-10-05,49244.13,51906.23,49057.18,51493.99,35873904236
2021-10-06,51499.77,55757.11,50416.01,55339.48,49034730168
2021-10-07,55346.95,55356.85,53379,53797.82,36807860413
2021-10-08,53805.46,56113,53634.41,53963.82,34800873924
2021-10-09,53965.18,55500,53675,54962.29,32491211414
2021-10-10,54963.29,56545.24,54112.95,54690.53,39527792364
2021-10-11,54683.09,57833.23,54411.54,57487.44,42637331698
2021-10-12,57485.97,57674.55,53873.78,56005.1,41083758949
2021-10-13,56005.1,57771.33,54236.09,57367.32,41684252783
2021-10-14,57367.32,58520.71,56832.32,57359.51,36615791366
2021-10-15,57359.51,62910,56867.11,61695.39,51780081801
2021-10-16,61690.32,62350,60139.01,60877.42,34250964237
2021-10-17,60867.05,61744.17,58943.83,61527.11,29032367511
2021-10-18,61530.07,62675.19,59887.74,62042.41,38055562075
2021-10-19,62042.4,64500,61333,64303.14,40471196346
2021-10-20,64303.14,66999,63525,66026.54,40788955582
2021-10-21,66021.26,66650.85,62050,62204.02,45908121370
2021-10-22,62204.01,63750,60000,60687.64,38434082775
2021-10-23,60682.88,61750,59650,61300.01,26882546034
2021-10-24,61300.02,61491.96,59522.89,60854.48,27316183882
2021-10-25,60847.91,63726.58,60653.5,63083.54,31064911614
2021-10-26,63081.96,63290.49,59837.07,60337.62,34878965587
2021-10-27,60333.19,61488,58100,58455.47,43657076893
2021-10-28,58462.73,62477.47,57653.88,60591.65,45257083247
2021-10-29,60591.63,62974,60188.73,62276.72,36856881767
2021-10-30,62287.95,62379.2,60725.01,61892.41,32157938616
2021-10-31,61896.38,62427.02,60001,61343.68,32241199927
2021-11-01,61346.17,62500,59500,60949.54,36150572843
2021-11-02,60956.4,64300,60672.16,63266.51,37746665647
2021-11-03,63266.5,63568.36,60070,62935.41,36124731509
2021-11-04,62935.4,63114.14,60728.77,61444.5,32615846901
2021-11-05,61444.49,62638.59,60777,61006.15,30605102446
2021-11-06,61006.14,61599.25,60125,61539.31,29094934221
2021-11-07,61539.3,63327.96,61397.86,63309.13,24726754302
2021-11-08,63309.12,67792.77,63309.12,67554.84,41125608330
2021-11-09,67554.13,68568.85,66261.79,66944.66,42357991721
2021-11-10,66938.76,69000,62800,64912.2,48730828378
2021-11-11,64912.2,65600,64133.78,64807.59,35880633236
2021-11-12,64807.73,65477.06,62300,64147.9,36084893887
2021-11-13,64144.42,64990,63394.17,64400.01,30474228777
2021-11-14,64400.01,65525,63596.9,65505.02,25122092191
2021-11-15,65505.03,66339.9,63371,63624.59,30558763548
2021-11-16,63621.05,63624.6,58638,60107.98,46844335592
2021-11-17,60101.56,60824.38,58380,60351.51,39178392930
2021-11-18,60351.51,60977.21,56514.13,56898,41388338699
2021-11-19,56898.46,58412.12,55625,58122.16,38702407772
2021-11-20,58122.15,59900,57423.35,59760.76,30624264863
2021-11-21,59760.76,60070,58509.69,58671.21,26123447605
2021-11-22,58671.22,59526.51,55641.03,56280.81,35036121783
2021-11-23,56280.81,57886.03,55377,57566.85,37485803899
2021-11-24,57562.65,57607.97,55875.01,57162.66,36635566789
2021-11-25,57158.58,59445.99,57037.04,58987.27,34284016248
2021-11-26,58994.72,59194,53533,53757.67,41810748221
2021-11-27,53757.67,55316.67,53642.58,54759.05,30560857714
2021-11-28,54759.04,57490,53327,57317.17,28116886357
2021-11-29,57318.51,58908.27,56730,57838.06,32370840356
2021-11-30,57838.06,59249.77,55910.33,56987.97,36708594618
2021-12-01,56998.35,59118.84,56465.75,57226.5,36858195307
2021-12-02,57226.51,57423.69,55845,56521.46,32379968686
2021-12-03,56521.45,57670.68,51640,53638.04,39789134215
2021-12-04,53633.02,53876.09,42333,49241.12,61385677469
2021-12-05,49235.26,49783,47827,49484.22,37198201161
2021-12-06,49484.21,51105,47200,50529.56,37707308001
2021-12-07,50529.56,51995,50067.1,50625.48,33676814852
2021-12-08,50625.24,51250,48650.02,50519.68,28479699446
2021-12-09,50520.94,50844.86,47323.23,47568.43,29603577251
2021-12-10,47568.43,50148.49,46900,47170.94,30966005122
2021-12-11,47170.94,49517.18,46786.78,49407.75,25775869261
2021-12-12,49424.47,50828.13,48665.43,50089.64,21939223599
2021-12-13,50089.64,50218.42,45727.92,46727.89,32166727776
2021-12-14,46727.89,48686.91,46300,48367.43,34638619079
2021-12-15,48359.23,49500,46530,48884.78,36541828520
2021-12-16,48878.83,49459.39,47524.66,47634.22,27268150947
2021-12-17,47634.2,48000,45469.32,46166.5,32902725329
2021-12-18,46159.87,47368.73,45515.72,46859.46,26098292690
2021-12-19,46857.49,48351.92,46440.11,46687.19,25154053861
2021-12-20,46687.2,47548.93,45568,46926.07,30961902129
2021-12-21,46926.07,49339.31,46645.05,48914.7,27055803928
2021-12-22,48914.7,49595,48450,48608.62,24447979559
2021-12-23,48608.61,51397.82,48032.16,50842.2,28223878108
2021-12-24,50842.06,51878.6,50445.55,50851.38,24367912228
2021-12-25,50852.31,51171.68,50191.84,50428.31,19030650914
2021-12-26,50428.31,51295.33,49460,50801.79,20964372926
2021-12-27,50804.33,52100,50480,50717.77,24324345758
2021-12-28,50720.35,50720.35,47300.23,47543.09,33430376883
2021-12-29,47542.2,48149.58,46094.02,46471.24,30049226299
2021-12-30,46471.24,47926.15,45938.44,47122.08,26686491018
2021-12-31,47122.09,48574.7,45650,46211.24,36974172400
2022-01-01,46211.24,47967.12,46205,47733.43,24582667004
2022-01-02,47733.43,47990,46633.36,47299.07,27951569547
2022-01-03,47299.06,47583.33,45700,46459.56,33071628362
2022-01-04,46459.57,47532.89,45515,45814.61,42494677905
2022-01-05,45817.13,47076.55,42500,43436.04,36851084859
2022-01-06,43446.34,43794.5,42432.99,43083.76,30208048289
2022-01-07,43081.79,43144.72,40571.53,41565.18,84196607520
2022-01-08,41564.57,42318.97,40505.3,41684.84,28066355845
2022-01-09,41684.84,42831.12,41209.53,41876.52,21294384372
2022-01-10,41876.52,42250,39650,41824.07,32104232331
2022-01-11,41824.06,43130,41274.8,42753.44,26327648900
2022-01-12,42749.84,44342.83,42459.21,43920.37,33499938689
2022-01-13,43921.21,44453.22,42325,42581.65,47691135082
2022-01-14,42576.27,43473.98,41752,43090.72,23577403399
2022-01-15,43090.72,43819.39,42577.35,43098.2,18371348298
2022-01-16,43098.2,43497.24,42600,43104.34,17902097845
2022-01-17,43104.34,43200,41567.64,42218.01,21690904261
2022-01-18,42214.66,42692.71,41287.79,42369.74,22417209227
2022-01-19,42372.15,42586.03,41126,41674.27,23091543258
2022-01-20,41672.14,43511.99,40555,40670.97,20382033940
2022-01-21,40671.77,41127.79,35422,36456.94,43011992031
2022-01-22,36456.67,36835.93,34017.56,35066.43,39714385405
2022-01-23,35075.7,36555.55,34625,36282.47,26017975951
2022-01-24,36275.28,37574.63,32933.33,36693.32,41856658597
2022-01-25,36687.58,37579.81,35716.15,36980,26428189594
2022-01-26,36980,38960,36254.97,36840.63,31324598034
2022-01-27,36846.22,37249,35526.36,37188.37,25041426629
2022-01-28,37188.37,38023.74,36162.48,37741.9,22238830523
2022-01-29,37741.9,38748.43,37300,38191.1,17194183075
2022-01-30,38189.82,38384.07,37365.31,37901.35,14643548444
2022-01-31,37904.99,38785.04,36640.94,38491.93,20734730465
2022-02-01,38492.53,39300,38021.53,38716.88,20288500328
2022-02-02,38714.27,38888.88,36584.29,36923.39,19155189416
2022-02-03,36923.39,37450.75,36259.01,37329.91,18591534769
2022-02-04,37324.61,41788.81,37051.36,41614.64,29412210792
2022-02-05,41613.75,41970,40955.4,41404.85,19652846215
2022-02-06,41411.59,42719.93,41135.39,42415.16,16142097334
2022-02-07,42416.06,44533,41678.79,43868.07,28641855926
2022-02-08,43868.08,45519.24,42688,44085.59,33079398868
2022-02-09,44087.58,44865.46,43155.5,44416.35,23245887300
2022-02-10,44416.39,45855,43210,43527.71,32142048537
2022-02-11,43521.88,43962.13,42000,42386.47,26954925781
2022-02-12,42386.47,43050,41750,42244.97,18152390304
2022-02-13,42244.91,42781.96,41885.61,42074.99,14741589015
2022-02-14,42073.37,42876.15,41570,42548.71,20827783012
2022-02-15,42548.71,44775.96,42433.28,44583.52,22721659051
2022-02-16,44580.73,44585.69,43330.59,43895.56,19792547657
2022-02-17,43895.55,44195.62,40099.99,40536.73,26246662813
2022-02-18,40537.94,40990.9,39425.07,39983.56,23310007704
2022-02-19,39993.64,40469.82,39655,40101.94,13736557863
2022-02-20,40101.93,40146.07,38000,38389.03,18340576452
2022-02-21,38395.99,39506.91,36811,37023,29280402798
2022-02-22,37022.11,38469.06,36350,38251.48,25493150450
2022-02-23,38251.67,39276.85,37055,37268.19,21849073843
2022-02-24,37268.18,39720,34322,38347.3,46383802093
2022-02-25,38347.3,39716,38016.44,39238.48,26545599159
2022-02-26,39242.71,40300.5,38592.04,39137.8,17467554129
2022-02-27,39146.97,39875.71,37020,37717.08,23450127612
2022-02-28,37716.57,44240.77,37455.71,43192.66,35690014104
2022-03-01,43189.61,44993.12,42850,44439.95,32479047645
2022-03-02,44440,45426.45,43342.16,43912.34,29183112630
2022-03-03,43916.47,44096.45,41811,42464.41,24967782593
2022-03-04,42464.41,42524.87,38577.01,39166.51,28516271427
2022-03-05,39166.5,39600,38587.27,39402.43,16975917450
2022-03-06,39407.87,39730.5,38091.02,38408.38,19745229902
2022-03-07,38406.82,39556.58,37161.88,37994,28546143503
2022-03-08,37991.05,39376.65,37851.54,38749.38,25776583476
2022-03-09,38749.16,42597.84,38655.98,41953.97,32284121034
2022-03-10,41949.28,42053.84,38560.85,39433.71,31078064711
2022-03-11,39431.4,40251.51,38234.08,38732.04,26364890465
2022-03-12,38732.33,39472.17,38654.02,38813.02,14616450657
2022-03-13,38815.56,39318.19,37580.86,37793.01,17300745310
2022-03-14,37793.4,39906.39,37560.4,39674.17,24322159070
2022-03-15,39678.51,39900,38135,39298.1,23934000868
2022-03-16,39298.11,41717.67,38850,41127.97,39616916192
2022-03-17,41127.96,41486,40521,40950.33,22009601093
2022-03-18,40950.23,42396.04,40130,41774.98,34421564942
2022-03-19,41781.37,42429,41534.89,42232.26,19664853187
2022-03-20,42232.05,42330.1,40918.72,41287.24,20127946682
2022-03-21,41287.24,41578.33,40509,41017.71,24615543271
2022-03-22,41017.7,43389.79,40885.19,42378.26,32004652376
2022-03-23,42376.03,43036.95,41766.79,42899.71,25242943069
2022-03-24,42899.71,44241,42627.48,44012.29,31042992291
2022-03-25,44012.36,45130.91,43605.8,44331.85,30574413034
2022-03-26,44336.19,44820.58,44091.09,44539.42,16950455995
2022-03-27,44538.21,46950,44437.22,46850.01,28160889722
2022-03-28,46850.01,48240,46662.28,47144.92,36362175703
2022-03-29,47146.92,48124.94,46589,47454.19,31397059069
2022-03-30,47448.41,47717.01,46544.89,47078.03,29333883962
2022-03-31,47078.02,47624.09,45211,45528.45,33327427106
2022-04-01,45525.25,46739.24,44232.86,46296.34,38162644287
2022-04-02,46296.36,47219.46,45642.89,45826.27,29336594194
2022-04-03,45826.24,47469.4,45552.07,46422.16,25414397610
2022-04-04,46420.08,46900,45129.93,46596.83,32499785455
2022-04-05,46594.39,47200,45371.16,45506.5,29640604055
2022-04-06,45509.92,45523.25,43115.26,43166.7,39393395788
2022-04-07,43166.71,43908.58,42734.69,43452.18,26101973106
2022-04-08,43444.71,44000,42112,42262.02,27215995394
2022-04-09,42261.9,42816.38,42118.96,42766.93,16050772496
2022-04-10,42766.46,43443.32,41885.86,42165.96,17654475582
2022-04-11,42165.96,42424.14,39204.59,39535.87,33949912166
2022-04-12,39535.88,40705.68,39250,40086.23,30991500854
2022-04-13,40086.7,41570.88,39550,41146.68,27691105228
2022-04-14,41147.15,41512.43,39573.8,39954.08,24342001973
2022-04-15,39953.62,40850,39770.22,40554.58,21756855753
2022-04-16,40554.6,40699.99,40005,40387.6,16833150693
2022-04-17,40387.6,40605.46,39553.07,39683.54,19087633042
2022-04-18,39681.11,41100,38550,40803.58,33705182072
2022-04-19,40810.87,41772.94,40571.99,41503.85,25303206547
2022-04-20,41501.56,42209.58,40900,41377.61,27819532341
2022-04-21,41371.88,43109.47,39744.75,40480.81,35372786395
2022-04-22,40483.38,40802.65,39174.8,39712.25,28011716745
2022-04-23,39712.2,39993.82,39296.19,39465.87,16138021249
2022-04-24,39459.63,39945.74,39000,39464.56,17964398167
2022-04-25,39463.75,40605.3,38210.24,40439.22,35445730570
2022-04-26,40440.9,40817.16,37700,38113.82,34569088416
2022-04-27,38118.43,39470,37882.83,39251.11,30981015184
2022-04-28,39251.02,40400,38883.83,39743.22,33903704907
2022-04-29,39741.21,39926.8,38161.85,38593.1,30882994649
2022-04-30,38592.27,38795,37590,37644.1,23895713731
2022-05-01,37640.35,38675.37,37401,38473.05,27002760110
2022-05-02,38469.49,39181.27,38041,38510.89,32922642426
2022-05-03,38510.88,38643.48,37505.01,37719.59,27326943244
2022-05-04,37719.58,40038.27,37651.38,39669.56,36754404490
2022-05-05,39669.56,39864.55,35568,36537.22,43106256317
2022-05-06,36537.22,36664.4,35255.4,35999.1,37795577489
2022-05-07,35999.1,36125,34785,35458,24375896406
2022-05-08,35458,35499.93,33701,34027.91,36763041910
2022-05-09,34033.49,34231.54,30010,30078.27,63355494961
2022-05-10,30078.27,32645.49,29735.05,31002.39,59811038817
2022-05-11,31002.39,32185.9,27682.38,28972.34,70388855818
2022-05-12,28977.75,30091.2,25338.53,28941.95,66989173272
2022-05-13,28941.95,30990,28662.7,29232.18,42841124537
2022-05-14,29234.73,30287.58,28564.38,30041.88,28579868620
2022-05-15,30041.9,31418.35,29436.06,31290.05,25835372065
2022-05-16,31290.02,31293.31,29055,29839.89,32613897286
2022-05-17,29839.89,30750,29415.01,30412.12,29101473475
2022-05-18,30412.1,30675.92,28605,28672.94,31285268319
2022-05-19,28671.5,30500,28645.2,30274.59,33773447707
2022-05-20,30274.59,30729.83,28690.92,29155.75,30749382605
2022-05-21,29155.74,29613.34,28913.26,29408.26,17274840442
2022-05-22,29407.4,30457.9,29211,30260.87,21631532270
2022-05-23,30258.04,30635.39,28847.72,29082.52,31483454557
2022-05-24,29079.31,29802,28611,29626.44,26616506245
2022-05-25,29627.61,30192.08,29296.12,29503.49,27525063551
2022-05-26,29503.48,29850,28000,29166.06,36774325352
2022-05-27,29166.06,29355.4,28220,28598.31,36582005748
2022-05-28,28598.31,29239.52,28500,29008.99,35519577634
2022-05-29,29008.99,29550,28809.84,29447.07,18093886409
2022-05-30,29447.08,32232.16,29273.65,31711.42,39277993274
2022-05-31,31716.67,32383.96,31195.9,31784.05,33538210634
2022-06-01,31784.18,31964.56,29308.01,29788.79,41135817341
2022-06-02,29789.19,30655,29558.61,30433.75,29083562061
2022-06-03,30429.12,30674.95,29213.47,29670.85,26175547452
2022-06-04,29672.77,29952,29454.14,29843.18,16588370958
2022-06-05,29837.56,30158.44,29505.65,29901.54,17264085441
2022-06-06,29899.62,31745,29866.44,31343.61,31947336829
2022-06-07,31349.59,31549.21,29200,31106.9,40770974039
2022-06-08,31111,31306.32,29829.98,30177,30242059107
2022-06-09,30182.92,30679.72,29904,30079.62,21692004719
2022-06-10,30079.59,30337.83,28821.15,29063.11,29867476527
2022-06-11,29058.79,29411.11,28080.01,28388.63,27246574439
2022-06-12,28395.03,28516.33,26532.95,26555.2,34163220274
2022-06-13,26555.17,26869.35,21920,22460.97,68204556440
2022-06-14,22460.97,23299.22,20816.4,22120.25,50913575242
2022-06-15,22120.23,22769.12,20071,22562.33,54912007015
2022-06-16,22562.33,22974.1,20200,20372,31183975654
2022-06-17,20371.96,21338.7,20209.73,20447.86,27132421514
2022-06-18,20447.86,20750,17567.45,18948.89,42009436760
2022-06-19,18944.66,20795.11,17934.26,20552.44,35329942625
2022-06-20,20552.39,21041.62,19603.8,20549.75,30818458597
2022-06-21,20547.68,21711,20328.03,20696.96,28970212744
2022-06-22,20699.63,20873.52,19751.51,19968.46,28574793478
2022-06-23,19970.07,21211.97,19869.41,21104.45,26188097173
2022-06-24,21104.45,21537.46,20712.54,21223.72,24957784918
2022-06-25,21221.13,21594.5,20900,21478.04,18372538715
2022-06-26,21474.14,21866,20944.68,21027.92,18027170497
2022-06-27,21024.85,21520,20500,20725.17,20965695707
2022-06-28,20722.95,21189.99,20164.7,20252.89,21381535161
2022-06-29,20253.5,20410.91,19823.43,20094.79,23552740328
2022-06-30,20098,20143.53,18603,19985.62,26267239923
2022-07-01,19985.62,20879.99,18938.33,19252.76,30767551159
2022-07-02,19252.76,19422.02,18955.02,19224.03,18100418740
2022-07-03,19225.54,19622.33,18755.75,19291.33,16390821947
2022-07-04,19291.35,20331.76,19029.33,20211.35,21594638208
2022-07-05,20212.42,20734.89,19274.95,20153.51,26715546990
2022-07-06,20153.74,20650,19743,20542.67,24598943708
2022-07-07,20542.66,21855.72,20224.8,21614.6,25814972520
2022-07-08,21618.04,22490.54,21172,21582.2,49899834488
2022-07-09,21582.28,21959.3,21311.04,21583.99,29641127858
2022-07-10,21582.23,21595.75,20636.53,20850.65,28688807249
2022-07-11,20850.65,20854.32,19860.12,19942.43,24150249025
2022-07-12,19942.44,20037.46,19226.47,19303.65,25810220018
2022-07-13,19304.71,20330.71,18892,20220.23,33042430345
2022-07-14,20219.69,20893.73,19607.14,20577.02,31158743333
2022-07-15,20574.96,21196.37,20368.67,20827.55,25905575359
2022-07-16,20823.06,21582.71,20475.94,21189.68,24302954056
2022-07-17,21189.23,21667.1,20750.1,20791.74,22927802083
2022-07-18,20791.74,22777,20755.95,22427.56,39974475562
2022-07-19,22434.97,23800,21578.57,23395.06,48765202697
2022-07-20,23398.46,24287.13,22899,23226.99,42932549127
2022-07-21,23225.24,23434.65,22340.07,23153.96,33631012204
2022-07-22,23152.76,23763.55,22505.56,22687.68,31421555646
2022-07-23,22688.85,23006.16,21941.01,22450.69,24021799169
2022-07-24,22451.36,23036.46,22263.85,22583.43,23565495303
2022-07-25,22583.37,22665.74,21254.97,21313.41,35574561406
2022-07-26,21312.06,21344.43,20715,21261.57,28624673855
2022-07-27,21260.22,23110.73,21045.73,22962.59,31758955233
2022-07-28,22960.74,24206.11,22580.86,23851.7,40212386158
2022-07-29,23851.66,24450,23429.71,23784.5,35887249746
2022-07-30,23787.84,24666,23516.11,23650.13,28148218301
2022-07-31,23648.15,24192.18,23240.01,23307.44,23553591896
2022-08-01,23307.44,23518.89,22850,23273.86,25849159141
2022-08-02,23273.85,23464.97,22659.06,22989.4,28389250717
2022-08-03,22994.78,23650.96,22694.56,22825,26288169966
2022-08-04,22824.88,23234.29,22392.88,22623.94,25120229769
2022-08-05,22624.44,23478.58,22589.83,23320.81,28881249043
2022-08-06,23320.71,23357.19,22917.49,22960.93,15978259885
2022-08-07,22960.86,23405.02,22852.13,23177.39,15886817043
2022-08-08,23180.26,24251.08,23158.32,23815.65,28575544847
2022-08-09,23815.68,23929.35,22871.66,23158.27,23555719219
2022-08-10,23158.32,24224.67,22666.23,23962.18,32837431722
2022-08-11,23959.3,24929.99,23862.66,23944.86,37127036580
2022-08-12,23944.85,24463.01,23600.01,24415.18,27265804688
2022-08-13,24415.08,24898.91,24302.36,24456.49,22987346289
2022-08-14,24456.17,25054.1,24151.63,24316.71,22994133555
2022-08-15,24316.58,25214.57,23777,24097.82,35123501685
2022-08-16,24099.7,24253.98,23668,23857.93,27753685646
2022-08-17,23857.89,24448.49,23180.14,23341.17,30931623076
2022-08-18,23344.42,23600,23107.27,23189.46,23747613147
2022-08-19,23188.94,23206.76,20782.39,20834.94,40509610260
2022-08-20,20834.94,21372.93,20760.93,21139.23,27595671000
2022-08-21,21139.22,21795.08,21067.33,21518.62,23102307723
2022-08-22,21514.45,21540,20889.69,21398.25,31666498758
2022-08-23,21396.37,21679.52,20889.69,21528.34,31878280659
2022-08-24,21526.74,21925,21147.41,21367.12,31962253368
2022-08-25,21367.12,21818.32,21307.32,21561.86,31028679593
2022-08-26,21561.49,21878.05,20112.78,20240.72,42326789564
2022-08-27,20240.63,20389.14,19800,20036.69,30116729776
2022-08-28,20035.3,20164.26,19513.74,19554.03,24366810591
2022-08-29,19552.31,20427.19,19545.57,20286.97,32637854078
2022-08-30,20286.95,20582.64,19540.14,19813.17,34483360283
2022-08-31,19813.97,20489,19799.97,20048.26,33225232872
2022-09-01,20048.27,20205.53,19561.01,20133.65,30182031010
2022-09-02,20132.67,20444,19755,19953.74,29123998928
2022-09-03,19953.4,20053.9,19655,19835.47,23613051457
2022-09-04,19833.59,20026.2,19588.27,20004.73,25245861652
2022-09-05,20003.85,20060,19633.11,19794.58,28813460025
2022-09-06,19794.59,20179.86,18663.25,18790.91,43403978910
2022-09-07,18790.77,19466.09,18527,19293.52,35239757134
2022-09-08,19293.03,19460.7,19014.43,19321.87,32194477850
2022-09-09,19322.56,21616.21,19294.49,21364.5,48469528171
2022-09-10,21366.61,21815.15,21127.1,21651.52,36913738894
2022-09-11,21656.03,21865.66,21356.37,21831.72,34493951963
2022-09-12,21830.16,22490.05,21555,22402.71,50212088965
2022-09-13,22402.58,22800,19855,20174.78,51091116622
2022-09-14,20174.78,20545,19625,20227.77,37872380889
2022-09-15,20227.7,20336.42,19500,19703.67,36389011503
2022-09-16,19703.65,19890.95,19305,19801.04,30123362273
2022-09-17,19800.26,20183.14,19748.89,20113.37,24957448100
2022-09-18,20113.37,20119.08,19335.57,19417.64,31254779144
2022-09-19,19417.56,19689.62,18255,19540.38,40177002624
2022-09-20,19538.31,19638.46,18722,18876.91,36791346508
2022-09-21,18876.14,19949.97,18153.13,18462.64,46363793975
2022-09-22,18462.66,19521.8,18358.63,19401.25,41135767926
2022-09-23,19399.93,19500,18529,19286.01,38896078052
2022-09-24,19286.03,19311.4,18808.13,18923.2,26149643168
2022-09-25,18920.93,19184.3,18619.88,18808.61,23359966112
2022-09-26,18806.3,19320.86,18681.02,19228,44148798321
2022-09-27,19226.94,20383.15,18821.55,19077.57,58571439619
2022-09-28,19077.56,19773.67,18487,19412.07,53071298734
2022-09-29,19412.37,19646.66,18845.3,19595.57,41037843771
2022-09-30,19595.59,20182.72,19154.38,19426.11,43975248085
2022-10-01,19423.57,19486.43,19160,19315.27,18719537670
2022-10-02,19315.26,19398.94,18923.81,19059.17,20765955327
2022-10-03,19059.1,19717.67,18958.29,19633.46,30484729489
2022-10-04,19632.43,20479.43,19495.32,20345.19,35887278685
2022-10-05,20345.27,20371.15,19750,20161.62,33223790572
2022-10-06,20162.15,20455.79,19855.19,19965.64,34711412966
2022-10-07,19963.75,20065.26,19325,19533.05,29227315390
2022-10-08,19531.68,19628.78,19250,19419.39,16437423167
2022-10-09,19421.49,19563.28,19321,19443.47,16837262532
2022-10-10,19442.7,19528.04,19028.08,19132.83,27425022774
2022-10-11,19130.8,19265.69,18855.19,19058.11,28711532910
2022-10-12,19058.42,19235.26,18971.51,19155.92,24950173846
2022-10-13,19153.97,19509.23,18131,19378.65,44219840004
2022-10-14,19375.55,19954.14,19076.83,19178,38452356727
2022-10-15,19179.15,19229.12,18983,19070.24,16192235532
2022-10-16,19070.62,19425.49,19065.23,19264.44,17988916650
2022-10-17,19261.62,19679.46,19154.72,19550.4,27472552998
2022-10-18,19550.39,19702.73,19091.77,19328.76,30580012344
2022-10-19,19328.75,19361,19062.1,19124.18,22425387184
2022-10-20,19123.77,19349.04,18905,19042.48,24493974420
2022-10-21,19043.66,19254.52,18659,19166.45,32459287866
2022-10-22,19164.92,19257.66,19110.46,19209.1,16104440957
2022-10-23,19209.09,19698.1,19070.92,19572.44,22128794335
2022-10-24,19572.2,19603.57,19159.35,19330.41,30202235805
2022-10-25,19332.11,20420.88,19240.76,20086.28,47761524910
2022-10-26,20086.27,21022.81,20055.85,20775.4,58895950537
2022-10-27,20773.59,20878.17,20196.01,20296.97,49625110402
2022-10-28,20295.77,20755.09,20000,20597.91,43994715910
2022-10-29,20597.34,21080,20561.2,20823.53,40369840645
2022-10-30,20822.38,20939.35,20523.92,20630.68,31486345556
2022-10-31,20629.21,20837.68,20237,20489.94,45668466815
2022-11-01,20489.55,20691,20326.55,20479.63,39819303159
2022-11-02,20480.34,20805,20059.53,20151.4,55552169483
2022-11-03,20151.29,20390.82,20032.02,20206.88,43228750179
2022-11-04,20208.02,21298.76,20181.61,21144.2,64072727950
2022-11-05,21149.03,21478.8,21082.54,21300.45,37846047609
2022-11-06,21300.45,21365.89,20886.26,20909.17,35082693210
2022-11-07,20908.15,21069.46,20394.34,20593.49,53510852236
2022-11-08,20593.34,20675,17500,18550.25,118992465607
2022-11-09,18546.07,18590.34,15512,15891.96,102905151606
2022-11-10,15894.77,18140.62,15720,17553.89,83202283721
2022-11-11,17555.44,17641.32,16336.05,17013.62,55871616488
2022-11-12,17014.78,17067.7,16595.25,16783.33,29717699419
2022-11-13,16783.32,16926.57,16214.95,16301.39,27209183682
2022-11-14,16298.75,17169.68,15790.25,16590.73,49630243054
2022-11-15,16588.41,17107.88,16502.85,16877.93,36599436183
2022-11-16,16879.37,16994.31,16358.66,16645.24,33925512989
2022-11-17,16646.58,16736.7,16396,16680.47,27868914022
2022-11-18,16680.47,16984.08,16526.28,16680.59,26862218609
2022-11-19,16678.85,16802,16534.83,16683.02,16106223492
2022-11-20,16680.7,16733.19,16154.65,16252.53,21313378652
2022-11-21,16252.43,16279.99,15460,15760.14,37429485518
2022-11-22,15758.96,16294.5,15596.22,16199.71,30726828760
2022-11-23,16201.15,16700,16142.99,16587,32958875628
2022-11-24,16585.83,16797.28,16450.62,16587.61,26129037414
2022-11-25,16587.6,16610.08,16333,16510.9,18678255976
2022-11-26,16510.9,16693.18,16376.1,16450.93,18000008764
2022-11-27,16450.32,16589.43,16395,16419.88,20443898509
2022-11-28,16421.63,16478.32,15992.64,16206.3,27743025156
2022-11-29,16206.23,16541.72,16092.53,16438,23581685468
2022-11-30,16437.94,17259.37,16423.37,17167.33,29523576583
2022-12-01,17165.44,17317.8,16855,16980.08,22895392882
2022-12-02,16980.07,17108.25,16791.02,17094.71,19539705127
2022-12-03,17094.25,17158.42,16863.58,16888.53,16217776704
2022-12-04,16889.17,17199.99,16882.86,17108.9,16824520830
2022-12-05,17108.9,17424.59,16865.22,16966.05,22209086834
2022-12-06,16966.05,17111.35,16904.04,17089.05,19889922369
2022-12-07,17089.18,17140.22,16679.52,16840,19675404389
2022-12-08,16839.76,17300.59,16738,17226.01,20496603770
2022-12-09,17226.03,17352.62,17060.69,17130.59,20328426366
2022-12-10,17130.49,17227.64,17093.42,17128.1,12706781969
2022-12-11,17128.1,17271.92,17073.19,17085.21,14122486832
2022-12-12,17085.62,17244.63,16875.83,17211.66,19617581341
2022-12-13,17212.9,17999.99,17089.17,17773.18,26634741631
2022-12-14,17772.98,18385.36,17660.93,17804.97,25534481470
2022-12-15,17805.36,17856.26,17275.02,17357.96,20964448341
2022-12-16,17359.1,17525,16529.53,16632.64,24031608960
2022-12-17,16634.29,16799.99,16585.64,16782.25,14463581825
2022-12-18,16782.23,16875,16663.76,16741.16,10924354698
2022-12-19,16742.33,16822.84,16273.4,16439.74,17221074814
2022-12-20,16439.98,17060.86,16398.22,16897.65,22722096615
2022-12-21,16896.17,16926.05,16725.78,16826.56,14882945045
2022-12-22,16825.18,16868.82,16560.84,16815.51,16441573050
2022-12-23,16815.28,16943.29,16719.57,16777.21,15329265213
2022-12-24,16777.88,16863.62,16775.88,16837.12,9744636213
2022-12-25,16837.24,16853.88,16720.89,16829.02,11656379938
2022-12-26,16829.19,16939.81,16787.97,16917.96,11886957804
2022-12-27,16916.66,16967,16585.97,16698.73,15748580239
2022-12-28,16698.31,16777.35,16460,16539.66,17005713920
2022-12-29,16539.66,16654.81,16479.5,16627.54,14472237479
2022-12-30,16627.36,16649.99,16326.16,16600.1,15929162910
2022-12-31,16599.98,16634.42,16462.49,16530.35,11239186456
2023-01-01,16531.83,16621,16490,16611.58,9244361700
2023-01-02,16611.9,16789.99,16542.52,16666.95,12097775227
2023-01-03,16666.86,16772.3,16600,16669.47,13903079207
2023-01-04,16668.95,16988,16645.87,16844.42,18421743322
2023-01-05,16844.4,16872.13,16750.07,16825.69,13692758566
2023-01-06,16825.53,17027.11,16670.82,16948.06,14413662913
2023-01-07,16948,16977.76,16903.58,16942.37,7714767174
2023-01-08,16942.37,17167.52,16910.41,17125.18,9768827914
2023-01-09,17125.17,17396.25,17102.97,17177.98,18624736866
2023-01-10,17177.94,17494.37,17145.1,17443.5,15808338949
2023-01-11,17443.5,17998,17315.08,17944.27,18372283782
2023-01-12,17944.15,19115.85,17904.83,18847.75,34971338710
2023-01-13,18847.77,20000,18714.8,19934.88,29225029694
2023-01-14,19934.07,21321.98,19893.25,20957.02,38967784639
2023-01-15,20956.2,21057.3,20560.16,20879.7,19298407543
2023-01-16,20879.67,21465.62,20611.45,21187.5,26792494050
2023-01-17,21191.46,21595,20844.73,21136.33,24999983362
2023-01-18,21135.01,21650.21,20370.01,20674.29,30005625418
2023-01-19,20674.03,21197,20656.52,21084.22,21152848261
2023-01-20,21084.05,22754.73,20865.64,22669.81,28799154319
2023-01-21,22671.09,23375.6,22432.45,22789.37,32442278429
2023-01-22,22789.34,23082.82,22298.15,22714.87,24746386230
2023-01-23,22714.81,23180.55,22500.01,22920.29,26518700512
2023-01-24,22920.67,23165.56,22460.17,22636.17,26405069715
2023-01-25,22636.19,23824.66,22326.24,23062.36,30685366709
2023-01-26,23062.36,23287.38,22853.61,23010.47,26357839322
2023-01-27,23011.37,23511.9,22540.76,23084.4,25383335641
2023-01-28,23084.38,23196.99,22884,23028.95,14712928379
2023-01-29,23029.56,23966,22974.75,23745.8,27423687259
2023-01-30,23744.34,23802.99,22500,22836.03,27205595568
2023-01-31,22836.03,23313.23,22719.68,23128.86,22837828665
2023-02-01,23127.15,23813.57,22760,23735.97,26683255504
2023-02-02,23735.97,24262.18,23367.87,23493.84,32066936882
2023-02-03,23497.29,23720,23208.01,23433.54,27083066007
2023-02-04,23433.47,23589.67,23257.71,23328.87,15639298538
2023-02-05,23329.47,23433.2,22758.01,22936.34,19564262605
2023-02-06,22936.34,23163.05,22637.51,22764.07,23825006542
2023-02-07,22763.42,23348.73,22748.11,23244.67,27187964471
2023-02-08,23244.64,23451.01,22669.09,22964.38,25371367758
2023-02-09,22963.91,23011.18,21700,21800.63,32572572185
2023-02-10,21800.62,21942.41,21467.43,21628.97,27078406594
2023-02-11,21628.97,21904,21605.35,21863.73,16356226232
2023-02-12,21863.73,22091.88,21631,21789.8,17821046406
2023-02-13,21789.79,21903.03,21366.45,21789.14,23918742607
2023-02-14,21789,22331.76,21545.67,22206.27,26792596581
2023-02-15,22206.26,24386.5,22054.17,24329.04,32483312909
2023-02-16,24326.95,25256.83,23510.73,23516.15,39316664596
2023-02-17,23516.95,25025,23344.12,24577.6,41358451255
2023-02-18,24577.6,24879.33,24407.67,24636.23,19625427158
2023-02-19,24635.85,25200,24192.7,24281.31,25555105670
2023-02-20,24278.81,25128.11,23841.08,24844.97,28987376573
2023-02-21,24844.21,25288.88,24153.96,24454.43,31252098714
2023-02-22,24454.08,24480,23581.64,24184.44,30199996781
2023-02-23,24184.9,24600.95,23612.59,23943.32,30476264066
2023-02-24,23943.32,24132.67,22520,23186.88,26811744928
2023-02-25,23186.88,23220.56,22716.47,23159.71,16100721565
2023-02-26,23159.71,23689.77,23052.78,23556.83,16644534842
2023-02-27,23556.83,23895.51,23109.06,23489.52,22660763494
2023-02-28,23490.01,23597.98,23027.24,23145.32,20535363434
2023-03-01,23144.37,23999.99,23025.17,23631.52,24662841200
2023-03-02,23632.12,23798.62,23196.09,23468.24,20386398516
2023-03-03,23468.79,23477.28,21988.02,22358.18,26062404610
2023-03-04,22358.18,22409.82,22150.71,22350.95,11166012913
2023-03-05,22349.74,22654.64,22195.13,22432.69,13317001733
2023-03-06,22431.99,22599.99,22264.73,22410.31,17353192895
2023-03-07,22410.13,22557.03,21932.74,22198.48,22765452204
2023-03-08,22198.09,22281.55,21580.84,21698.37,22536575684
2023-03-09,21699.41,21825.53,20050,20367.01,30364664171
2023-03-10,20366.97,20369.78,19568.52,20230.08,39578257695
2023-03-11,20230.07,20964.5,19900.5,20620.54,30180288176
2023-03-12,20619.34,22276.69,20446.24,22219.08,29279035521
2023-03-13,22216.02,24710,21882.63,24220,49466362688
2023-03-14,24220,26553.9,24052,24762.65,54622230164
2023-03-15,24761.61,25300,23931.01,24377.16,43655701450
2023-03-16,24377.16,25235.28,24207.54,25051.85,33866061747
2023-03-17,25052.11,27834.54,24946.86,27453.62,50730261335
2023-03-18,27453.75,27780,26652.45,26980.35,35723036817
2023-03-19,26980.35,28478,26904,28054.46,37769448859
2023-03-20,28058.15,28578.63,27218.36,27823.32,44774027664
2023-03-21,27822.85,28605.32,27414.77,28207.33,36102192830
2023-03-22,28201.22,28937.73,26678.16,27325.15,33382021890
2023-03-23,27324.05,28839.68,27189.19,28352.94,24220433689
2023-03-24,28352.95,28433.34,27027.88,27489.24,25980310960
2023-03-25,27489.24,27818.67,27184.78,27488.18,13383005987
2023-03-26,27489.56,28230.32,27445.04,27992.9,13878363192
2023-03-27,27995.27,28053.26,26525,27142.87,18188895178
2023-03-28,27142.85,27519.99,26640,27274.15,17783600385
2023-03-29,27274.18,28654.06,27255.42,28359.54,20684945906
2023-03-30,28359.54,29190.04,27693.7,28035.48,22435349951
2023-03-31,28034.88,28650.2,27512.97,28474.4,19001327598
2023-04-01,28475.41,28826.45,28223.76,28471.46,10876469901
2023-04-02,28471.03,28544.21,27862.69,28188.34,12284641999
2023-04-03,28188.34,28525,27227.61,27811.77,19556501327
2023-04-04,27809.55,28450,27670.24,28179.64,15284538859
2023-04-05,28178.66,28799.99,27817.32,28175.37,17052315986
2023-04-06,28175.27,28199.11,27716.77,28053.46,13837809380
2023-04-07,28052.74,28120.71,27790.21,27931.94,10861680497
2023-04-08,27930.12,28175.89,27881.01,27958.81,9373255556
2023-04-09,27958.19,28547.67,27814,28340.99,12175322951
2023-04-10,28342.28,29794.47,28162.49,29660.41,19282400094
2023-04-11,29657.7,30584.58,29612.3,30227.19,20121259843
2023-04-12,30227.18,30517,29675,29912.2,18651929926
2023-04-13,29912.2,30627.05,29878.08,30406.78,17487721001
2023-04-14,30410.03,31050,30000,30492.92,22659995079
2023-04-15,30492.91,30622.38,30231.76,30324.11,11940685378
2023-04-16,30325.07,30572.1,30148.28,30326.09,12854816417
2023-04-17,30321.41,30340.21,29251.71,29449.91,17872186762
2023-04-18,29449.91,30500,29103.89,30393.4,19480529496
2023-04-19,30394.5,30430.72,28595.28,28809.72,24571565421
2023-04-20,28809.71,29102.69,27991.32,28248.18,21340360360
2023-04-21,28248.18,28371.88,27133,27253.85,20759504330
2023-04-22,27252.96,27887.78,27133,27821.41,13125734602
2023-04-23,27820.99,27820.99,27333.2,27592.98,12785446832
2023-04-24,27592.7,28000,26965.14,27515.05,17703288330
2023-04-25,27513.85,28400,27194.51,28304.42,17733373139
2023-04-26,28304.42,30050.66,27230.77,28426.08,31854242019
2023-04-27,28428.86,29900,28387.07,29483.72,27153445027
2023-04-28,29486.97,29606.45,28900,29338.63,17544464887
2023-04-29,29339.47,29470,29057.3,29249.35,10662634333
2023-04-30,29249.24,29969.99,29095.92,29247.14,14652199272
2023-05-01,29240.49,29348.6,27664.31,28077.27,18655599976
2023-05-02,28077.44,28899.99,27871.44,28684.4,16432924527
2023-05-03,28683.41,29276.12,28122,29038.75,19122972518
2023-05-04,29039.36,29383.5,28674.58,28857.23,15548678514
2023-05-05,28857.88,29706.57,28810,29536.76,17936566518
2023-05-06,29538.87,29850,28394,28902.66,15913866714
2023-05-07,28901.3,29189.71,28429.12,28474.53,11301355486
2023-05-08,28472.68,28676.38,27279.66,27695.06,19122903752
2023-05-09,27693.24,27833.64,27367.01,27647.29,14128593256
2023-05-10,27647.29,28334.75,26800,27624.01,20656025026
2023-05-11,27621.5,27649.85,26702,26986.56,16724343943
2023-05-12,26986.79,27099.21,25810,26808.84,19313599897
2023-05-13,26808.8,27060.24,26700,26789.48,9999171605
2023-05-14,26786.99,27221.51,26581.52,26929.98,10014858959
2023-05-15,26929.98,27678.73,26740.95,27171.13,14413231792
2023-05-16,27165.26,27302.99,26860.12,27037.68,12732238816
2023-05-17,27037.72,27516.58,26543.87,27407.77,15140006925
2023-05-18,27407.76,27487.71,26361.52,26820.49,15222938600
2023-05-19,26819.64,27190.35,26632.73,26890.27,11258983301
2023-05-20,26890.27,27178.99,26836.21,27113.61,7044911360
2023-05-21,27113.97,27288.02,26667.63,26752.65,8647416921
2023-05-22,26751,27105.63,26536.99,26854.73,11056770492
2023-05-23,26854.09,27500,26803.46,27223.22,13697203143
2023-05-24,27222.86,27225,26070.04,26321.4,16299104428
2023-05-25,26321.42,26625.93,25864.35,26479.06,13851122697
2023-05-26,26479.15,26950,26334.33,26714.86,12711619225
2023-05-27,26711.56,26943.6,26559.96,26867.99,7892015141
2023-05-28,26870.13,28277.56,26780.11,28070.04,14545229578
2023-05-29,28070.04,28473.93,27534.81,27744.82,15181308984
2023-05-30,27744.81,28057.23,27555,27700.15,13251081851
2023-05-31,27700.68,27844.89,26842.94,27223.08,15656371534
2023-06-01,27221.54,27360.31,26615,26828.42,14678970415
2023-06-02,26827.73,27307.44,26508,27250.69,14837415000
2023-06-03,27252.67,27341.13,26923.35,27077.6,8385597470
2023-06-04,27078.27,27466.83,26958.98,27122.04,9360912318
2023-06-05,27122.03,27137.75,25391.43,25741.5,21513292646
2023-06-06,25741.5,27368.67,25351.92,27243.63,21929670693
2023-06-07,27243.45,27402.79,26121.06,26346.41,19530045082
2023-06-08,26347.09,26820.3,26212.63,26508.32,11904824295
2023-06-09,26505.71,26780.4,26283.5,26482.81,11015551640
2023-06-10,26482.8,26534.95,25385.52,25856.1,19872933189
2023-06-11,25856.1,26219.1,25648,25937.02,10732609603
2023-06-12,25936.98,26108.64,25616.98,25905.82,11677889997
2023-06-13,25905.99,26435.81,25710.78,25930.23,14143474486
2023-06-14,25929.35,26090,24821,25123.34,14265717766
2023-06-15,25123.41,25749.99,24750,25569.99,15837384409
2023-06-16,25569.99,26486.56,25143.24,26329.6,16324646965
2023-06-17,26329.6,26783.2,26165.98,26506.56,11090276850
2023-06-18,26507.97,26693.11,26245.27,26336.46,9565695129
2023-06-19,26336.46,27040.64,26250,26837.78,12826986222
2023-06-20,26839.04,28417.11,26637.41,28320.43,22211859147
2023-06-21,28320.41,30800,28271.67,29995.08,33346760979
2023-06-22,29999.85,30513.25,29539.57,29886.31,20653160491
2023-06-23,29886.25,31443.67,29802.65,30707.61,24115570085
2023-06-24,30709.59,30815.92,30265.88,30547.18,12147822496
2023-06-25,30547.3,31057.86,30288.33,30480.24,12703464114
2023-06-26,30480.24,30662.66,29900,30272.18,16493186997
2023-06-27,30272.24,31020.54,30228.44,30697.38,16428827944
2023-06-28,30696.06,30716.93,29840,30074.94,14571500779
2023-06-29,30074.93,30838,30036.18,30446.47,13180860821
2023-06-30,30445.67,31277,29417.14,30466.72,26387306197
2023-07-01,30466.73,30659.33,30312.8,30587.21,9086606733
2023-07-02,30587.22,30791.75,30165.39,30613.51,10533418042
2023-07-03,30613.57,31399.08,30569,31161.8,15271884873
2023-07-04,31162.71,31333,30628.3,30771.25,12810828427
2023-07-05,30772.93,30882.95,30189.56,30499.27,12481622280
2023-07-06,30499.27,31525.1,29850,29899.38,21129219509
2023-07-07,29895.6,30456,29715.87,30352.08,13384770155
2023-07-08,30350.35,30388.91,30047.78,30291.69,7509378699
2023-07-09,30291.69,30451.78,30066.95,30168.38,7903327692
2023-07-10,30168.26,31055.75,29955,30419.89,14828209155
2023-07-11,30419.89,30811.65,30304.45,30626.55,12151839152
2023-07-12,30624.65,31000,30200,30381.81,14805659717
2023-07-13,30383.26,31862.21,30250.73,31471.83,23686079548
2023-07-14,31471.83,31645.66,29920.31,30330.52,20917902660
2023-07-15,30330.93,30406.27,30254.67,30301.65,8011667756
2023-07-16,30302.01,30457.03,30075.93,30247.64,8516564470
2023-07-17,30247.56,30345.45,29668.58,30143.08,13240156074
2023-07-18,30143.08,30249.3,29525,29861.93,13138897269
2023-07-19,29861.92,30196.24,29757.44,29916.72,12128602812
2023-07-20,29916.69,30421.29,29564.19,29809.13,14655207121
2023-07-21,29809.13,30060.28,29729.48,29907.98,10972789818
2023-07-22,29907.15,30002.38,29626.86,29795.03,7873300598
2023-07-23,29793.62,30350.7,29733.55,30081.61,9220145050
2023-07-24,30081.61,30099.99,28850,29176.98,15395817395
2023-07-25,29176.98,29376.51,29046,29225.14,10266772793
2023-07-26,29225.11,29686.41,29089.54,29353.23,13497554655
2023-07-27,29350.88,29571.42,29075,29214.92,10770779217
2023-07-28,29214.93,29532.45,29115.32,29316.15,11218474952
2023-07-29,29316.05,29411.09,29253.44,29355.71,6481775959
2023-07-30,29356.65,29450,29033,29281.39,8678454527
2023-07-31,29280.41,29526.99,29102.65,29230.67,11656781982
2023-08-01,29230.61,29726.73,28477,29697.27,18272392391
2023-08-02,29699.25,30033,28903.79,29164.22,19212655598
2023-08-03,29163.87,29399.97,28938.93,29174.18,12780357746
2023-08-04,29174.84,29312.28,28747.1,29076.48,12036639988
2023-08-05,29077.04,29111.87,28946.17,29047.12,6598366353
2023-08-06,29047.33,29163.24,28955,29040.01,7269806994
2023-08-07,29040.01,29246,28660.53,29179.21,13618163710
2023-08-08,29179.28,30222,29104.65,29770.01,17570561357
2023-08-09,29770.01,30128.88,29344.16,29562.76,18379521213
2023-08-10,29562.76,29709.38,29306,29424.03,11865344789
2023-08-11,29424.04,29534.14,29213.59,29400.45,10195168197
2023-08-12,29400.45,29477.31,29349.98,29416.96,6194358008
2023-08-13,29417.19,29447.6,29247.15,29275.94,7329897180
2023-08-14,29275.78,29665.27,29072.96,29405.49,14013695304
2023-08-15,29405.49,29464.62,29046.58,29170.14,12640195779
2023-08-16,29170.13,29231.92,28690.37,28700.51,14949271904
2023-08-17,28700.51,28751.84,25234.76,26627.57,31120851211
2023-08-18,26627.21,26834.37,25610,26048.89,24026236529
2023-08-19,26048.9,26269.11,25793.11,26096.42,10631443812
2023-08-20,26096.4,26296.78,25975.01,26189.14,9036580420
2023-08-21,26189.36,26260.25,25814,26125.18,13371557893
2023-08-22,26125.16,26137.99,25350,26042.11,14503820706
2023-08-23,26041.94,26818.28,25796.47,26427.54,16985265785
2023-08-24,26427.73,26567.38,25850,26163.49,12871532023
2023-08-25,26163.49,26294.53,25750,26049.39,12406045118
2023-08-26,26049.4,26115.44,25971.44,26009.61,6034817316
2023-08-27,26009.62,26171.87,25961.81,26091.16,6913768611
2023-08-28,26091.16,26232.88,25850,26101.04,11002805166
2023-08-29,26101.03,28184.89,25903.18,27717.98,29368391712
2023-08-30,27717.15,27775,27015.75,27306.06,16343655235
2023-08-31,27306.06,27576.99,25660.61,25932.45,20181001451
2023-09-01,25931.51,26142.28,25307.37,25794.88,17202862221
2023-09-02,25795.61,25982.48,25707.3,25867.83,10100387473
2023-09-03,25867.82,26123,25792.29,25969.83,8962524523
2023-09-04,25969.83,26093.07,25627,25816.13,10680635106
2023-09-05,25816.14,25884.04,25551.36,25783.91,11094740040
2023-09-06,25782.49,26025.78,25358,25747.63,12752705327
2023-09-07,25747.63,26440.55,25595.8,26276.3,11088307100
2023-09-08,26276.38,26460.41,25640.1,25906.34,10817356400
2023-09-09,25906.33,25942.69,25791.45,25897.82,5481314132
2023-09-10,25897.82,26023.89,25578.01,25831.76,7899553047
2023-09-11,25831.77,25891.6,24900,25152.14,14600006467
2023-09-12,25152.13,26556.91,25120.76,25840.61,18657279324
2023-09-13,25839.95,26413.59,25763.43,26226.65,13072077070
2023-09-14,26227.16,26869.06,26128.25,26532.76,13811359124
2023-09-15,26532.5,26892.65,26213.96,26602.42,11479735788
2023-09-16,26601.71,26777,26453.32,26569.69,7402031417
2023-09-17,26569.69,26626.49,26405.04,26530.95,6774210670
2023-09-18,26530.96,27427.34,26382.13,26764.49,15615339655
2023-09-19,26764.03,27500,26666.93,27216.13,13807690550
2023-09-20,27216.52,27393.78,26798.98,27123.94,13281116604
2023-09-21,27122.65,27163.48,26359.7,26564.54,13371443708
2023-09-22,26564.54,26742.86,26467.94,26578.4,10578746709
2023-09-23,26578.4,26638.58,26513,26579.6,7404700301
2023-09-24,26579.59,26731.1,26118.86,26250.24,8192867686
2023-09-25,26248.17,26444.95,25983.78,26296.08,11997833257
2023-09-26,26296.07,26397.59,26080,26208.44,9985498161
2023-09-27,26208.43,26830,26088.37,26357.62,11718380997
2023-09-28,26357.56,27313.86,26321.37,27027.14,14079002707
2023-09-29,27027.44,27238.9,26661.71,26907,10396435377
2023-09-30,26905.57,27097.25,26884.86,26961,5331172801
2023-10-01,26961,28062.62,26955.25,27995.46,9503917434
2023-10-02,27995.46,28613.37,27302.3,27504.04,19793041322
2023-10-03,27504.03,27672.12,27160.47,27428.96,11407814187
2023-10-04,27428.96,27842.38,27208.65,27786.75,11143355314
2023-10-05,27786.12,28140,27358.05,27412.96,11877253670
2023-10-06,27413.15,28288.88,27173.41,27945.17,13492391599
2023-10-07,27945.17,28040.84,27861.2,27976.43,6553044316
2023-10-08,27976.44,28109.94,27708.6,27933.55,7916875290
2023-10-09,27933.54,28003.7,27268.63,27596.67,12007668568
2023-10-10,27596.67,27739.94,27291.81,27393.29,9973350678
2023-10-11,27393.28,27478.61,26521.32,26869.19,13648094333
2023-10-12,26867.97,26939.55,26537.72,26750.51,9392909295
2023-10-13,26752.06,27122.24,26662.62,26863.53,15165312851
2023-10-14,26863.54,26988.12,26797,26851.71,5388116782
2023-10-15,26851.71,27301.37,26806.06,27186.13,7098201980
2023-10-16,27186.13,30000,27135.92,28520.24,27833876539
2023-10-17,28520.24,28637.21,28083.19,28408.83,14872527508
2023-10-18,28408.51,28999.98,28151.6,28326.51,12724128586
2023-10-19,28326.24,28938.96,28122.57,28735.34,14448058195
2023-10-20,28734.51,30248,28591.85,29684.73,21536125230
2023-10-21,29684.73,30369,29475.06,29924.84,11541146996
2023-10-22,29925.91,30275,29670,30004.15,10446520040
2023-10-23,30004.14,35000,29890.89,33087.58,38363572311
2023-10-24,33079.72,35157.23,32851.45,33922.52,44934999645
2023-10-25,33921.66,35144,33690.91,34506.35,25254318008
2023-10-26,34504.33,34843.04,33735.86,34154.71,19427195376
2023-10-27,34153.35,34249.99,33400,33906.09,16418032871
2023-10-28,33905.96,34500,33867.38,34085.42,10160330825
2023-10-29,34085.42,34763,33937.31,34534.48,11160323986
2023-10-30,34534.48,34871,34077.9,34493.79,17184860315
2023-10-31,34493.51,34732.18,34038.79,34656.4,15758270810
2023-11-01,34656.38,35647.19,34079.46,35440.1,22446272005
2023-11-02,35440.1,35997.8,34311.73,34950,20998158544
2023-11-03,34947.92,34954.6,34100,34731.27,17158456701
2023-11-04,34730.32,35278.4,34599.85,35087.01,9561294264
2023-11-05,35087.43,35410,34500,35035.42,12412743996
2023-11-06,35035.79,35294.12,34753.66,35059.46,12693436420
2023-11-07,35059.46,35963,34530.67,35416.28,18834737789
2023-11-08,35416.63,36113.59,35103.14,35639.13,17295394918
2023-11-09,35639.13,37999,35555.16,36706.59,37762672382
2023-11-10,36704.01,37548.8,36334.46,37324.83,22711265155
2023-11-11,37324.84,37424.03,36701.5,37139.12,13924272142
2023-11-12,37139.94,37247,36740.9,37086.03,11545715999
2023-11-13,37086.5,37442.48,36351,36475.67,19057712790
2023-11-14,36475.68,36756.16,34758.64,35554.09,23857403554
2023-11-15,35554.1,37987,35358.45,37885.35,27365821679
2023-11-16,37885.35,37958.75,35511.11,36161.15,26007385366
2023-11-17,36161.15,36831.99,35869,36630.38,22445028430
2023-11-18,36631.56,36857.15,36205.89,36594.89,11886022717
2023-11-19,36596.14,37546.62,36404.52,37391.19,12915986553
2023-11-20,37389.06,37784.07,36720,37475.64,20888209068
2023-11-21,37472.76,37675.77,35744.9,35751.89,25172163756
2023-11-22,35755.33,37875,35633,37424.31,24397247860
2023-11-23,37424.31,37653.67,36888,37304.05,14214948217
2023-11-24,37304.04,38454,37257.56,37745.84,22922957823
2023-11-25,37746.29,37920.27,37615.91,37805.99,9099571165
2023-11-26,37806.84,37842.17,37156.72,37462.79,13744796068
2023-11-27,37462.01,37578.42,36715.1,37241.63,19002925720
2023-11-28,37241.64,38425.96,36873.55,37838.26,21696137014
2023-11-29,37838.26,38480,37581.93,37863.84,20728546658
2023-11-30,37864.79,38152.18,37500,37732.27,18115982627
2023-12-01,37732.27,39000,37618.25,38703.54,23512784002
2023-12-02,38706.55,39740,38660.03,39478.95,15534035612
2023-12-03,39467.42,40221.22,39293.02,39984.81,15769696322
2023-12-04,39984.81,42410.46,39983.6,41987.24,39856129827
2023-12-05,41985.53,45000,41384.03,44084.39,36312154535
2023-12-06,44086.33,44290.37,43369,43764.05,29909761586
2023-12-07,43766.41,44057.23,42846.53,43280.95,27635760671
2023-12-08,43281.11,44754.99,43087.17,44192.87,24421116687
2023-12-09,44192.86,44384.68,43586.14,43723.25,17368210171
2023-12-10,43722.84,44049.51,43562.06,43793.68,13000481418
2023-12-11,43793.67,43811.81,40150,41229.61,40632672038
2023-12-12,41229.61,42088.56,40636.51,41477.39,24779520132
2023-12-13,41477.6,43475,40553.15,42885.54,26797884674
2023-12-14,42887.39,43442.15,41426.76,43027.77,25578530178
2023-12-15,43027.77,43095.71,41640.51,41933.89,19639442462
2023-12-16,41934.84,42680.2,41626.66,42237.29,14386729590
2023-12-17,42235.23,42367.82,41222,41349.59,16678702876
2023-12-18,41349.59,42754.79,40508.01,42650.01,25224642008
2023-12-19,42650.01,43461.86,41780,42266.22,23171001281
2023-12-20,42266.25,44324.86,42184.48,43674.77,27868908174
2023-12-21,43673.11,44250,43295.78,43875.32,22452766169
2023-12-22,43875.56,44424.36,43412.82,44013.73,21028503216
2023-12-23,44013.65,44033.84,43333.35,43726.35,13507796558
2023-12-24,43728.36,43985.67,42614.17,43025.03,18830554085
2023-12-25,43025.02,43818.29,42755.35,43589.67,21115795370
2023-12-26,43589.67,43605,41600.67,42515.53,30026850982
2023-12-27,42521.21,43709.98,42111.47,43474.4,25260941032
2023-12-28,43469.06,43830.34,42265.08,42581.23,22992093014
2023-12-29,42581.23,43137.1,41300,42063.45,26000021055
2023-12-30,42064.22,42593.73,41518.19,42141.03,16013925945
2023-12-31,42139.32,42850,41964.68,42288.06,16397498810
2024-01-01,42288.58,44240.8,42175.65,44220.78,18426978443
2024-01-02,44220.78,45925.82,44195.13,44972.8,39335274536
2024-01-03,44972.81,45519.32,40625.68,42862.44,46342323118
2024-01-04,42860.58,44800,42650,44193.29,30448091210
2024-01-05,44198.35,44443.37,42450,44186.59,32336029347
2024-01-06,44187.76,44260.95,43436.5,43992.44,16092503468
2024-01-07,43992.79,44510.01,43629.7,43950.28,19330573863
2024-01-08,43954.52,47330,43200.44,46995.1,42746192015
2024-01-09,46995.09,47901,44701.54,46124.08,39821290992
2024-01-10,46120.79,47732.5,44320.01,46666.11,50114613298
2024-01-11,46678.54,49102.29,45555.55,46342.66,45833734549
2024-01-12,46344.96,46522.2,41444.97,42773.03,43332698900
2024-01-13,42775.1,43250,42427,42839.33,20601860469
2024-01-14,42839.32,43064.13,41680.73,41697.33,17521429522
2024-01-15,41698.13,43331.91,41680,42490.16,22320220558
2024-01-16,42481.69,43569.23,42028.02,43130.45,24062872740
2024-01-17,43130.35,43185.47,42160,42739.49,20851232595
2024-01-18,42737.68,42877.22,40600.05,41293.5,25218357242
2024-01-19,41290.57,42159.52,40236.49,41624.07,25752407154
2024-01-20,41623.94,41846.15,41418.55,41666.67,11586690904
2024-01-21,41666.67,41858.59,41472.49,41554.05,9344043642
2024-01-22,41553.92,41658,39372.44,39524.27,31338708143
2024-01-23,39524.27,40144.49,38501,39878.3,29244553045
2024-01-24,39878.28,40527.26,39382.15,40077.78,22359526178
2024-01-25,40079.87,40282.87,39503,39941.66,18491782013
2024-01-26,39941.66,42243.14,39805.95,41814.8,25598119893
2024-01-27,41814.96,42199.99,41383.94,42126.55,11422941934
2024-01-28,42126.55,42839.07,41617.53,42034.59,16858971687
2024-01-29,42034.57,43326.77,41787.35,43306.18,20668476578
2024-01-30,43303.3,43872.99,42680.2,42942.78,23842814518
2024-01-31,42937.72,43741.94,42265.77,42548.08,24673628793
2024-02-01,42545.47,43276.19,41846.04,43078.81,21423953779
2024-02-02,43080.38,43700,42527.58,43181.66,18603843039
2024-02-03,43183.62,43358.13,42863.58,43010.67,11169245236
2024-02-04,43007.82,43100,42228.01,42568.55,14802225490
2024-02-05,42571.91,43520,42235,42657.67,18715487317
2024-02-06,42658.3,43372.79,42516.07,43095.79,16798476726
2024-02-07,43097.16,44430,42760.44,44343.61,21126587775
2024-02-08,44345.94,45637.38,44335,45305.2,26154524080
2024-02-09,45304.83,48230.02,45252.93,47160.41,39316770844
2024-02-10,47157.01,48179.43,46889.53,47767.06,16398681570
2024-02-11,47767.06,48614,47590.3,48316.3,19315867136
2024-02-12,48321.14,50363.42,47715.67,49941.81,34511985805
2024-02-13,49941.95,50423.42,48327.81,49725.36,35593051468
2024-02-14,49724.55,52111,49253.92,51858.59,39105608050
2024-02-15,51858.51,52890,51353.49,51934.29,38564360533
2024-02-16,51935.23,52608.2,51597.87,52162.64,28180567298
2024-02-17,52162.65,52214.05,50642.36,51666.22,20009091006
2024-02-18,51666.23,52400,51174.38,52153.63,17595377311
2024-02-19,52153.63,52501.01,51687.98,51787.05,21362184346
2024-02-20,51787.05,53000,50764.01,52277.52,33353758256
2024-02-21,52277.53,52394.91,50628.6,51851.67,28624907020
2024-02-22,51851.46,52076,50905.65,51258.7,25413900611
2024-02-23,51260.29,51512.68,50513.01,50747.05,21427078270
2024-02-24,50746.98,51696.19,50576.55,51570.65,15174077879
2024-02-25,51568.63,51967.82,51275.01,51731,15413239245
2024-02-26,51730.96,54980,50901.23,54533.48,34074411896
2024-02-27,54530.32,57646.81,54490.8,57077.07,49756832031
2024-02-28,57077.08,64100,56723.48,62518.9,83239156760
2024-02-29,62520.06,63675.48,60355.61,61179.03,65496611844
2024-03-01,61179.03,63267.18,60788.33,62436.72,40186368423
2024-03-02,62439.74,62500,61623.39,62045.78,23888473685
2024-03-03,62045.78,63260,61388,63154.49,26253811450
2024-03-04,63155.74,68602.98,62300,68360.14,70670471105
2024-03-05,68356.7,69324.58,59224.68,63800.78,102802940877
2024-03-06,63802.15,67654.06,62832.39,66122.28,68750229073
2024-03-07,66115.48,68098.09,65599.63,66938.21,46989543159
2024-03-08,66938.21,70199,66157.09,68289.16,59202881172
2024-03-09,68289.16,68700.41,68047.62,68480,21609650379
2024-03-10,68480.01,70000,68221.13,69032.12,35683977532
2024-03-11,69032.8,72943.98,67112.21,72110.98,65716656765
2024-03-12,72110.98,73027.63,68603,71475.93,62554434520
2024-03-13,71473.43,73709.99,71337.3,73135.04,48212536929
2024-03-14,73135.04,73835.57,68454.47,71364.58,59594605698
2024-03-15,71364.58,72414.96,65565.7,69506.88,78320453976
2024-03-16,69514.87,70050,64774.05,65254.22,46842198371
2024-03-17,65254.22,68877.82,64505,68343.64,44716864318
2024-03-18,68354.29,68933.71,66562.65,67613.04,49261579492
2024-03-19,67609.39,68136.39,61506,61906.27,74215844794
2024-03-20,61902.57,68150,60771.14,67858.8,66792634382
2024-03-21,67855.88,68234.56,64525,65484.7,44480350565
2024-03-22,65478.98,66651.1,62258.36,63814.56,41401116964
2024-03-23,63814.56,66029.09,63013.19,63998.86,24738964812
2024-03-24,63998.87,67637.6,63785.57,67204.93,27206630673
2024-03-25,67212.69,71269.92,66381.84,69890.28,42700139523
2024-03-26,69895.6,71582.96,69269.69,69992.4,36010437368
2024-03-27,69994.9,71789.85,68369.62,69435.96,40827113309
2024-03-28,69437.16,71635.99,68841.01,70801.18,34374900617
2024-03-29,70804.06,70941.7,69036.95,69903.75,25230851763
2024-03-30,69903.74,70363.25,69569.03,69626.87,17130241883
2024-03-31,69623.86,71399.91,69587.86,71288.9,20050941373
2024-04-01,71291.5,71313.8,68055.15,69681.82,34873527352
2024-04-02,69681.85,69711,64521.61,65464.14,50705240709
2024-04-03,65472,66944.06,64500,65987.92,34488018367
2024-04-04,65984.18,69367.19,65073.95,68525.23,34439527442
2024-04-05,68528.69,68783.99,66000,67856.51,33748230056
2024-04-06,67856.51,69685,67469.19,68919.89,19967785809
2024-04-07,68919.57,70312,68846.23,69350.34,21204930369
2024-04-08,69350.36,72777,69037.33,71622.53,37261432669
2024-04-09,71616.31,71761.37,68200,69117.01,36426900409
2024-04-10,69115.79,71159.6,67463.07,70634.04,38318601774
2024-04-11,70638.4,71305.86,69530,70020.73,30153382941
2024-04-12,70020.71,71265.74,65110.31,67148.61,44129299406
2024-04-13,67148.62,69100,60822.01,64024.77,52869738185
2024-04-14,64021.36,65890.91,62150,65777.05,49084320047
2024-04-15,65764.56,66928.82,62315.08,63452.18,43595917654
2024-04-16,63452.18,64400,61645.09,63814.94,42847528078
2024-04-17,63814.94,64524.14,59648.33,61279.36,41915247049
2024-04-18,61275.73,64210,60816.07,63513.85,36006307335
2024-04-19,63514.84,65498.99,59573.32,63848.37,49920425401
2024-04-20,63841.96,65463.08,63121.15,64968.87,23097485495
2024-04-21,64960.82,65725.81,64250,64952.92,20506644853
2024-04-22,64952.92,67272.73,64520,66859.17,28282686673
2024-04-23,66856.07,67225.66,65823.66,66414.16,24310975583
2024-04-24,66418,67077.97,63542.56,64255.78,30276655120
2024-04-25,64255.77,65287.69,62747.18,64484.44,32155786816
2024-04-26,64484.44,64810,63287.76,63742.39,24139372950
2024-04-27,63742.39,63900,62389,63422,19530783039
2024-04-28,63422.34,64333.33,62743.81,63108.94,17334827993
2024-04-29,63109.76,64200,61741.01,63844.85,26635912073
2024-04-30,63845.01,64727.81,59040.3,60622.1,37840840057
2024-05-01,60621.2,60785.49,56500,58265.59,48439780271
2024-05-02,58267.81,59641.03,56903.79,59071.89,32711813559
2024-05-03,59070.3,63365.72,58821.05,62913.03,33172023048
2024-05-04,62913.03,64546,62565.82,63902.88,20620477992
2024-05-05,63902.88,64636.75,62908.34,64023.45,18296164805
2024-05-06,64023.45,65523.44,62704.48,63162.24,28697928697
2024-05-07,63161.35,64415.06,62252.64,62315.76,25930730982
2024-05-08,62315.75,63013.05,60851.04,61169.53,26088172222
2024-05-09,61169.53,63424.14,60601.6,63073.57,25453338161
2024-05-10,63073.55,63470,60150,60787.47,27804954694
2024-05-11,60787.99,61482,60450.13,60814.63,13842272968
2024-05-12,60814.64,61843.45,60576.05,61453.02,13800459405
2024-05-13,61453.01,63456.18,60738.51,62932.37,27889181179
2024-05-14,62927.44,63103.02,61024.51,61539.84,28186271527
2024-05-15,61539.7,66480,61299.57,66244.69,39815167074
2024-05-16,66244.68,66772.83,64588.5,65252.18,31573077994
2024-05-17,65252.17,67500,65113.46,67046.33,28031279310
2024-05-18,67046.34,67407.79,66624.06,66923.87,16712277406
2024-05-19,66923.87,67701.91,65852.02,66261.62,19249094538
2024-05-20,66260.04,71560.9,66057.03,71432.17,43850655717
2024-05-21,71432.16,71980,69146.01,70142.84,46932005990
2024-05-22,70142.88,70659.99,68887.52,69109.93,32802561717
2024-05-23,69109.93,70066.95,66259,67940.45,41895680979
2024-05-24,67932.79,69278.75,66587.91,68547.8,29197308153
2024-05-25,68545.52,69605.03,68487.44,69289.67,15473071741
2024-05-26,69289.69,69522,68097.38,68473.72,15628433737
2024-05-27,68470.8,70613.39,68210.12,69368.72,25870990717
2024-05-28,69366.31,69533.96,67194.59,68321.98,32722265965
2024-05-29,68321.99,68864.11,67081.66,67569.45,26707072906
2024-05-30,67569.44,69536.89,67092.91,68338.58,29509712534
2024-05-31,68338.58,69024.71,66584.47,67472.41,27387283769
2024-06-01,67473.07,67837.33,67371.28,67719.29,11641495604
2024-06-02,67719.29,68411,67260,67735.52,17110588415
2024-06-03,67731.14,70295.78,67568,68791,32401285324
2024-06-04,68791.04,71108.9,68542.37,70542.32,33149696545
2024-06-05,70541.68,71804.13,70356.49,71121.11,32810771409
2024-06-06,71120.65,71650.56,70093.98,70773.64,25223152007
2024-06-07,70773.63,71974.04,68298.55,69324.53,36188381096
2024-06-08,69326.71,69546.58,69126.22,69304.05,14262185861
2024-06-09,69303.8,69848.94,69123.99,69637.87,13534028500
2024-06-10,69641.08,70187.53,69141.51,69497.73,20597699541
2024-06-11,69495.97,69547.82,66018.69,67316.53,37116136345
2024-06-12,67316.52,70032,66883.32,68248.6,34497940694
2024-06-13,68248.59,68474.49,66200,66738.85,28955204146
2024-06-14,66746.46,67322.72,65005,66004.39,27403884779
2024-06-15,66004.36,66428.57,65800.86,66192,14121265576
2024-06-16,66192,66931.18,65999,66628.75,13281140541
2024-06-17,66629.38,67274.96,65050,66481.81,30006354476
2024-06-18,66481.81,66574.33,64010.01,65152.8,39481285950
2024-06-19,65150.9,65709.26,64635.48,64943.79,21103423504
2024-06-20,64945.67,66455.52,64500,64840.88,25641109124
2024-06-21,64840.89,65017.1,63300.93,64120.28,26188171739
2024-06-22,64120.28,64523.91,63910.01,64235.01,9858198793
2024-06-23,64235,64499.95,63125.75,63171.43,11170471802
2024-06-24,63169.36,63343.91,58414.28,60263,43152133651
2024-06-25,60262.16,62400,60217.36,61789.71,29201215431
2024-06-26,61794.47,62470,60656.8,60816.68,22506003064
2024-06-27,60818.86,62346.16,60546.94,61615.39,21231745045
2024-06-28,61611.43,62170.62,59868,60313.35,24952866877
2024-06-29,60312.36,61122.66,60273.8,60885.67,12652903396
2024-06-30,60884.44,62942.67,60611.01,62668.26,17333226409
2024-07-01,62669.14,63801.26,62448.46,62830.13,25468379421
2024-07-02,62830.94,63223.57,61000,62040.22,20151616992
2024-07-03,62039.44,62197.01,59332.76,60145.01,29756701685
2024-07-04,60145.01,60429.27,56709.73,57042.14,41149609230
2024-07-05,57036.45,57515.6,53499.9,56639.43,55417544033
2024-07-06,56634.53,58481.97,56020.32,58244.75,20610320577
2024-07-07,58240.36,58448.89,55717.23,55854.09,20553359505
2024-07-08,55852.61,58200,54278.93,56699.43,39766159899
2024-07-09,56701.18,58295.31,56276.37,58047.86,27849512607
2024-07-10,58047.86,59481.93,57157.28,57712.59,26175260526
2024-07-11,57713.4,59533.06,57036.41,57340.77,28707803842
2024-07-12,57343.66,58550,56538.33,57909.03,25604805221
2024-07-13,57908.61,59875,57770.92,59224.58,17080061806
2024-07-14,59224.58,61428.67,59209.2,60808.42,22223416061
2024-07-15,60804.97,64943.61,60666.59,64757.16,38094526099
2024-07-16,64757.16,65405.89,62410.33,65088.99,41617346768
2024-07-17,65086.55,66139,63853.99,64085.81,32525071311
2024-07-18,64085.82,65130.88,63222.6,63982.86,27239305337
2024-07-19,63977.64,67504.22,63289.15,66707.61,37003855410
2024-07-20,66707.61,67635,66271,67163.83,19029581250
2024-07-21,67163.82,68380,65820.18,68181.28,26652190004
2024-07-22,68181.16,68495,66569.42,67558.22,42649109453
2024-07-23,67560.03,67786.84,65444.3,65939.24,35605668666
2024-07-24,65939.24,67131.17,65090.61,65366.4,27470942309
2024-07-25,65358.86,66161.98,63412.46,65795.42,38315761670
2024-07-26,65795.52,68216.66,65705.6,67924.08,30488630457
2024-07-27,67921.46,69418.15,66635.28,67899.41,34691905492
2024-07-28,67901.81,68308.82,67021.8,68244.3,18043166945
2024-07-29,68244.3,70000,66400.01,66771.45,40780682628
2024-07-30,66767.14,66994.15,65283.68,66169.68,31380492109
2024-07-31,66169.68,66837.4,64500,64609.62,31292785994
2024-08-01,64609.61,65593.56,62212.81,65288.18,40975554494
2024-08-02,65293.48,65557.86,61150,61418.06,43060875727
2024-08-03,61418.06,62171.58,59819.13,60674.93,31753030589
2024-08-04,60674.93,61082.3,57123,58130.95,31758917219
2024-08-05,58131.31,58282.83,49050.01,54029.12,108991085584
2024-08-06,54037.9,57091.16,53965.57,56048.08,49300484106
2024-08-07,56048.07,57757.15,54564.15,55148.1,41637562185
2024-08-08,55144.14,62755.24,54737.32,61705.58,45298472567
2024-08-09,61704.05,61764.38,59552.46,60862.13,33425553115
2024-08-10,60864.71,61500,60255.61,60935.02,22759754812
2024-08-11,60935.01,61868.69,58312.63,58722.49,37078637820
2024-08-12,58717.44,60721.77,57653.31,59358.78,37078637820
2024-08-13,59358.78,61615.43,58402.01,60603.19,30327698167
2024-08-14,60603.19,61827.2,58453.56,58690.62,35682112440
2024-08-15,58690.62,59883.49,56120,57543.61,35682112440
2024-08-16,57543.57,59871.61,57096.56,58888.99,29350938673
2024-08-17,58888.99,59711.02,58803.45,59497.49,17740625837
2024-08-18,59497.49,60284.99,58422,58437.9,25911207712
2024-08-19,58436.2,59639.81,57820,59452.67,31613400008
2024-08-20,59455.81,61457.03,58571.96,59017.59,32731154072
2024-08-21,59017.59,61849.98,58793.89,61163.28,32731154072
2024-08-22,61167.54,61430.48,59750,60383.29,42530509233
2024-08-23,60383.28,64987,60343.2,64086.72,42530509233
2024-08-24,64091.63,64529.78,63564.22,64179.63,26551244800
2024-08-25,64179.63,65050.08,63793.74,64251.93,27682040631
2024-08-26,64250.01,64509.36,62806.8,62840,39103882198
2024-08-27,62840.09,63226.26,58025.49,59439.64,40289564698
2024-08-28,59437.68,60236.98,57851.62,59045.88,49679987582
2024-08-29,59047.94,61194.09,58729.39,59364.47,35495172540
2024-08-30,59353.12,59929.63,57700,59112.77,33703608319
2024-08-31,59117.59,59446.99,58739.31,58968.37,24592449997
2024-09-01,58968.37,59070.55,57200,57299,27036454524
2024-09-02,57291.21,59423,57119.01,59139.83,27628957696
2024-09-03,59138.89,59825.7,57394.49,57468.84,35627680312
2024-09-04,57460.5,58531.25,55555,57971,36180148224
2024-09-05,57971,58326.12,55628.04,56156.82,49361693566
2024-09-06,56156.82,56995,52530,53950.01,49361693566
2024-09-07,53950,54847,53733.1,54156.33,25591773446
2024-09-08,54159.6,55315.95,53623.95,54881.11,34618096173
2024-09-09,54881.1,58119.97,54565.56,57053.9,34618096173
2024-09-10,57047.82,58050.35,56377.76,57645.59,37049062672
2024-09-11,57641.15,58014.35,55534.41,57352.79,37700698112
2024-09-12,57352.92,58600,57311.15,58137.54,33835707949
2024-09-13,58137.33,60670,57630.01,60543.35,32490528356
2024-09-14,60543.35,60660,59436.8,60012.35,21035424663
2024-09-15,60012.34,60402.34,58695.75,59122.33,18120960867
2024-09-16,59122.7,59214.15,57477,58208.75,33937438720
2024-09-17,58209.76,61373.41,57620.27,60312.6,38075570118
2024-09-18,60317.38,61800,59174.5,61769.18,40990702891
2024-09-19,61770.38,63891.82,61569.16,62960.14,50170099453
2024-09-20,62956.04,64140.67,62340,63210.69,43193528672
2024-09-21,63210.94,63575.63,62755,63362.74,15048955904
2024-09-22,63362.74,64000,62380.55,63577.66,20183348802
2024-09-23,63580.39,64739.67,62566.28,63338.87,34160969728
2024-09-24,63338.85,64700,62689.15,64272.93,29938335243
2024-09-25,64272.93,64811,62932.8,63130.89,30090640743
2024-09-26,63131.13,65865,62652.99,65177.21,36873129847
2024-09-27,65176.39,66550,64827.85,65789,39141578790
2024-09-28,65787.53,66266.39,65400,65858.99,16051625863
2024-09-29,65857.33,66059,65433.29,65600.01,14788214575
2024-09-30,65600.01,65624.95,62833.95,63301.25,37112957475
2024-10-01,63305.52,64106.75,60150.89,60790,50220923500
2024-10-02,60792.63,62380.34,59969.2,60631.37,45637429292
2024-10-03,60631.36,61474.92,59824.87,60744.99,44084353142
2024-10-04,60745,62481,60454.5,62090.71,31622485368
2024-10-05,62090.7,62380.04,61686.34,62051.29,14197967872
2024-10-06,62051.29,62978.75,61805.85,62810.86,14776233667
2024-10-07,62810.93,64467.02,62113.28,62200.28,34253562610
2024-10-08,62203.82,63191.05,61824.48,62122.02,31251649004
2024-10-09,62118.44,62507.68,60255,60578.28,27670982363
2024-10-10,60578.28,61271.59,58863.9,60279.53,30967523328
2024-10-11,60279.53,63416.7,60029.98,62518.75,31396709376
2024-10-12,62518.75,63474.25,62464.15,63187.47,24201669911
2024-10-13,63183.08,63270.18,62033,62845.3,18177529690
2024-10-14,62847.89,66500,62426.67,66065.65,43706958056
2024-10-15,66065.64,67944.76,64778.44,67056.6,49611366081
2024-10-16,67056.62,68399,66743,67608.44,56772119737
2024-10-17,67608.45,67926.99,66629.97,67402.33,35069030008
2024-10-18,67399.86,69000.62,67149.24,68426.11,39138190966
2024-10-19,68426.11,68689.29,68005.83,68363.73,15373316429
2024-10-20,68363.73,69380,68083.18,69014.86,18975847518
2024-10-21,69014.87,69498,66802,67346.15,40191791104
2024-10-22,67346.15,67800,66535,67380.08,35451787241
2024-10-23,67389.7,67415.65,65149.51,66601.11,32263980353
2024-10-24,66601.1,68800,66445.32,68156.84,36844388844
2024-10-25,68156.84,68742.38,65500.01,66564.51,41469984306
2024-10-26,66564.51,67365.18,66331.95,67012.56,29872415253
2024-10-27,67008.15,68261.37,66836.78,67943.19,16721307878
2024-10-28,67943.18,70235.98,67532.48,69924.5,38799856657
2024-10-29,69924.49,73624.98,69705.76,72724.35,58541874402
2024-10-30,72724.35,72948.6,71400.01,72322.91,51615944773
2024-10-31,72322.91,72684.02,69559.33,70197.83,45495666731
2024-11-01,70198.02,71620,68720,69467.29,57261403461
2024-11-02,69466.64,69891.92,69000,69358.94,21070371617
2024-11-03,69360.95,69364.65,67444,68738.18,34868307655
2024-11-04,68736.4,69453.94,66783.77,67807.48,41184819348
2024-11-05,67810.15,70557.67,67427.53,69380.73,53207182798
2024-11-06,69380.64,76509.56,69285.82,75646.55,132396331692
2024-11-07,75646.55,76999,74463.96,75920,66508891961
2024-11-08,75925,77312.18,75654.26,76566.73,63599844153
2024-11-09,76566.72,76952.67,75758.58,76716.06,31882815737
2024-11-10,76716.06,81534.28,76535.33,80428.92,82570594495
2024-11-11,80427.69,89666,80277.34,88770.73,117966845037
2024-11-12,88770.74,90100,85010,88035.43,156465075982
2024-11-13,88035.43,93495,86220.5,90493.82,123559027869
2024-11-14,90499.4,91831.25,86672.07,87340.4,104539969708
2024-11-15,87338.96,91934.62,87100.83,91058.36,88363252858
2024-11-16,91058.36,91820.73,90069.21,90636.24,57151744241
2024-11-17,90638.54,91439.82,88713.64,89886.69,46350159305
2024-11-18,89877.11,92674.8,89372.65,90520.3,76100468736
2024-11-19,90521.32,94105.84,90403.24,92435.89,85704820976
2024-11-20,92445.04,94989.99,91600,94393.15,86071937426
2024-11-21,94384.15,99073.53,94127.2,98439.09,124373200598
2024-11-22,98439.1,99860,97209.52,99024.03,97077885312
2024-11-23,99024.03,99044.11,97215.01,97778.77,68311638016
2024-11-24,97778.78,98700,95780.77,98028.18,51712020623
2024-11-25,98032.06,98999,92534.93,93000.01,80909462490
2024-11-26,93001.48,95004.92,90682.58,91929.54,114482253349
2024-11-27,91929.53,97386.06,91747.46,95951.19,81245831254
2024-11-28,95951.19,96676.31,94671.59,95665.53,78283541901
2024-11-29,95665.53,98750,95383.46,97490.56,72427308590
2024-11-30,97489.8,97509.6,96129.73,96465.42,55906217913
2024-12-01,96464.95,97895.9,95753.42,97263.18,42778652309
2024-12-02,97259.17,98200,94400.63,95862.89,74916061117
2024-12-03,95862.89,96310.1,93571.3,95924.52,88035654892
2024-12-04,95924.85,99263.2,94634.85,98746.24,77199817112
2024-12-05,98746.24,104000,92055.86,97044.23,181061502060
2024-12-06,97049.47,102104.12,96424.2,99891.35,158514218872
2024-12-07,99885.37,100583.27,99012.73,99929.32,73723337529
2024-12-08,99919.2,101435.05,98729.66,101174.99,54302190354
2024-12-09,101175,101290.73,94220.8,97324.81,110676473908
2024-12-10,97330.66,98338.17,94273.38,96660.76,151176546597
2024-12-11,96660.75,101984.98,95722.79,101202.11,118899251374
2024-12-12,101211.61,102595,99298.39,100030.47,106712711730
2024-12-13,100024.75,101959.13,99220.81,101428.75,80057402365
2024-12-14,101428.74,102650,100600,101399.99,57141245105
2024-12-15,101400,105100,101221.34,104447.76,60694236048
2024-12-16,104445.15,107857.79,103289.21,106099.81,97031643136
2024-12-17,106099.98,108388.88,105337.97,106136.99,70144425530
2024-12-18,106145.83,106528.13,99939.82,100150.73,105110113505
2024-12-19,100148.6,102796.22,95539.67,97372.21,105166350593
2024-12-20,97372.2,98132.47,92115.66,97765,128578940013
2024-12-21,97762.75,99596.57,96368,97230.08,53545730048
2024-12-22,97230.09,97387.98,94182.98,95087.75,43147981314
2024-12-23,95091.15,96430.08,92360.91,94764.56,65239002919
2024-12-24,94767.88,99444,93426.25,98594.47,52563045075
2024-12-25,98594.47,99484.92,97557.48,99346.28,33700394629
2024-12-26,99358.67,99887,95083.93,95669.49,47422386176
2024-12-27,95669.4,97340.47,93234.31,94171.89,52419934565
2024-12-28,94171.7,95534.17,94002.72,95130.82,38346736593
2024-12-29,95125.59,95170.06,92841.48,93563.35,29635885267
2024-12-30,93563.35,94910.48,91271.19,92620.71,56188003691
2024-12-31,92620.7,96148.94,91887.13,93354.22,50042484821
2025-01-01,93347.59,94960.91,92743.63,94383.59,28986215672
2025-01-02,94383.59,97776.99,94177,96903.19,46340694016
2025-01-03,96905.48,98969.92,96016.63,98136.51,35611391163
2025-01-04,98139.85,98761.02,97516.65,98209.85,22860099584
2025-01-05,98209.85,98814,97250,98345.33,20525254825
2025-01-06,98347.65,102500,97900,102279.41,51823432705
2025-01-07,102279.41,102735.99,96105.11,96941.98,58685738547
2025-01-08,96941.98,97254.35,92500,95036.63,69551929330
2025-01-09,95033.18,95363.26,91187,92547.44,62777261693
2025-01-10,92547.44,95862.92,92209.25,94701.18,65366286336
2025-01-11,94701.48,94983.65,93804.05,94565.02,18860894100
2025-01-12,94569.91,95383.84,93670.3,94509.62,20885130965
2025-01-13,94507.24,95900,89028.64,94506.45,72978998252
2025-01-14,94507.35,97353.29,94311.36,96534.96,60788136849
2025-01-15,96534.97,100716.45,96400,100510.23,57805923627
2025-01-16,100504.27,100880,97277.58,99981.78,55923912103
2025-01-17,99981.46,105970,99937.81,104107,71888972663
2025-01-18,104107,104933.15,102233.45,104435,57619512481
2025-01-19,104435.01,106314.44,99518,101211.13,76789928525
2025-01-20,101217.78,109358.01,99416.27,102145.43,150683621523
2025-01-21,102145.42,107291.1,100051,106159.26,99124979588
2025-01-22,106159.27,106431.34,103100,103667.11,55981322240
2025-01-23,103659.6,106870.87,101200.01,103926.36,104104515428
2025-01-24,103926.36,107200,102751.92,104850.27,66392569620
2025-01-25,104866.13,105294,104104,104733.56,32733923279
2025-01-26,104729.92,105478.8,102452.24,102563,22543395879
2025-01-27,102565.28,103228.46,97715.03,102062.42,90210918400
2025-01-28,102063.92,103770.85,100213.8,101290,47488491520
2025-01-29,101290.01,104829.64,101275.6,103747.25,48144691200
2025-01-30,103747.25,106484.77,103289.74,104742.64,44309655552
2025-01-31,104742.63,106090,101506,102411.26,45732764360
2025-02-01,102414.05,102781.65,100250,100623.85,27757944848
2025-02-02,100623.88,101459.84,96179,97676.52,63091816853
2025-02-03,97676.53,102599.85,91178.01,101460.2,118977183744
2025-02-04,101460.15,101812.23,96145.76,97795.05,73002130211
2025-02-05,97795.06,99230.49,96161.01,96638.33,52522500096
2025-02-06,96635.62,99182.15,95674.96,96564.62,47714861056
2025-02-07,96575.24,100235.79,95614.96,96537.08,56454270976
2025-02-08,96536.93,96919.05,95682.33,96476.25,25856036864
2025-02-09,96476.24,97342.28,94730.67,96475.82,27732901800
2025-02-10,96481.47,98367.23,95257.2,97444.41,43777630208
2025-02-11,97451.66,98500,94831.07,95774.08,37488783272
2025-02-12,95770.95,98119.98,94066.92,97862.53,49340445530
2025-02-13,97864.28,98100,95220,96625.29,38644641792
2025-02-14,96625.29,98890.11,96268.56,97509.03,32697987277
2025-02-15,97507.94,97997.85,97225.01,97596.94,17568976896
2025-02-16,97596.54,97738.22,96057.68,96119.88,16536755396
2025-02-17,96119.88,97050.64,95200,95781.8,29059164160
2025-02-18,95781.8,96730,93333,95607.4,37325720482
2025-02-19,95612.97,96880,95000.01,96632.03,29616687104
2025-02-20,96632.03,98768.54,96419.07,98347.2,31668022771
2025-02-21,98347.2,99517.52,94721.92,96157.03,49608706470
2025-02-22,96157.03,96982.52,95767.95,96582.12,21127161856
2025-02-23,96578.49,96679.93,95243.91,96265.98,16999478976
2025-02-24,96266.23,96515.41,91300,91510.82,44046480529
2025-02-25,91509.88,92549.99,85836.18,88583.74,93001703424
2025-02-26,88583.17,89305.68,82111.12,84111.78,64597492134
2025-02-27,84111.77,86993.87,82554.11,84625.19,53419450368
2025-02-28,84627.5,85116.19,78167.81,84297.73,85411332096
2025-03-01,84297.74,86534.96,83772.54,86018.76,31353370624
2025-03-02,86018.82,95128.88,85003.35,94265.48,58398341092
2025-03-03,94265.47,94415.61,85007.01,86161.1,72892456960
2025-03-04,86161.09,88977.27,81444,87249.96,69184126976
2025-03-05,87247.93,91000,86329.22,90603.73,50796019712
2025-03-06,90607.73,92817.29,87790.5,89921.85,47749810486
2025-03-07,89915.02,91280,84608.27,86756.98,67746193408
2025-03-08,86753.3,86863.38,85200,86206.69,22793150464
2025-03-09,86206.64,86480,80000,80699.17,30899345977
2025-03-10,80708.21,84033.66,77389,78544.71,56495448064
2025-03-11,78548.18,83600,76555,82914.51,56611995648
2025-03-12,82911.81,84442.69,80572.21,83659.43,40862040064
2025-03-13,83659.45,84310.8,79890,81073.43,31888437248
2025-03-14,81071.5,85318.61,80771.17,83980.49,29588112414
2025-03-15,83989.86,84690.43,83612.24,84351.46,15383730176
2025-03-16,84351.45,85092.35,81969.44,82562.57,21330270174
2025-03-17,82562.5,84758.46,82416.98,84011.4,26306904064
2025-03-18,84011.39,84029.67,81125,82698.76,24095774594
2025-03-19,82699.53,87045.45,82535.53,86877.96,34931960257
2025-03-20,86877.97,87492.87,83596.75,84183.42,31199825920
2025-03-21,84183.41,84809.72,83100,84061.96,19670687744
2025-03-22,84061.96,84517.75,83659.69,83852.03,10310697984
2025-03-23,83852.06,86128.99,83804.67,86092.94,12594615537
2025-03-24,86092.95,88804.64,85533.06,87523.62,34582604933
2025-03-25,87518.09,88584.34,86321.97,87427.88,30220429312
2025-03-26,87432.82,88304.1,85850,86926.01,28683628544
2025-03-27,86926.01,87790.12,85784,87217.48,25482768384
2025-03-28,87214.07,87498.15,83533.4,84381.8,34198619509
2025-03-29,84381.81,84584.13,81608.99,82616.83,18512363520
2025-03-30,82624.06,83508.98,81538.88,82379.98,14763760943
2025-03-31,82379.98,83920.8,81265.16,82534.32,29579051008
2025-04-01,82534.31,85566.53,82403.32,85170.37,28175650319
2025-04-02,85166.92,88530,82283.01,82490.08,47584398470
2025-04-03,82490.1,83953.45,81177.7,83174.33,44560515072
2025-04-04,83178.68,84720.67,81643.54,83860.16,46228713472
2025-04-05,83859.78,84238.35,82346.61,83498.25,14690373632
2025-04-06,83505.88,83773.58,77058.99,78370.75,36294853736
2025-04-07,78370.15,81223.67,74420.69,79140.01,99270836224
2025-04-08,79140.02,80849.98,76167.35,76251.64,49053388800
2025-04-09,76258.8,83583.35,74553.01,82594.75,84213627038
2025-04-10,82593.15,82730.93,78387.24,79552.34,68713725952
2025-04-11,79552.34,84299,78919.94,83380.47,45145731072
2025-04-12,83379.64,85909.97,82765.26,85271.01,24258059104
2025-04-13,85271.02,86092.99,83010,83733.07,28796984817
2025-04-14,83733.07,85818.06,83655.27,84590.36,34090769777
2025-04-15,84590.36,86491.4,83592.77,83629.78,28040322885
2025-04-16,83622.52,85526.4,83088.02,84028.72,29617804112
2025-04-17,84028.71,85494.94,83711.69,84961.97,29474527232
2025-04-18,84961.97,85150.94,84287.06,84466.47,12728372364
2025-04-19,84466.47,85625,84353.45,85074.99,15259300427
2025-04-20,85074.59,85319.21,83972.82,85177.34,22227202525
2025-04-21,85177.33,88575.62,85135.98,87522.07,41396190190
2025-04-22,87513.53,93952.62,87077.17,93489.1,55899038456
2025-04-23,93486.57,94686,91902.19,93740.92,57038430208
2025-04-24,93740.93,94061.02,91685.18,94021.96,33058705408
2025-04-25,94021.97,95976.34,92880.01,94708.79,40915232364
2025-04-26,94707.79,95273.52,93903.01,94666.64,18199238656
2025-04-27,94666.64,95351.11,93654.77,93780.57,18860998656
2025-04-28,93780.56,95652.66,92829.44,95042.57,32363449569
2025-04-29,95042.56,95499,93761.26,94271.09,25806129921
2025-04-30,94271.08,95263.74,92911.88,94182.54,29120364544
2025-05-01,94182.55,97546.99,94136.79,96524.98,32875889623
2025-05-02,96524.98,97948.56,96369.69,96929.81,26421924677
2025-05-03,96929.81,96974.78,95765.13,95861.33,15829039104
2025-05-04,95865.47,96312.51,94151.67,94272.55,21035577344
2025-05-05,94272.54,95218.82,93500.01,94733.99,25816260327
2025-05-06,94733.99,96916.25,93363.28,96839.17,31074353152
2025-05-07,96843.84,97738.05,95800,97058.32,76983822462
2025-05-08,97058.33,104176.05,96888.25,103253.49,69895404397
2025-05-09,103252.2,104352.6,102330.76,102986.96,58198593958
2025-05-10,102986.94,104997,102831.41,104821.19,44244848640
2025-05-11,104817.83,104980.89,103360.22,104137.62,46285517406
2025-05-12,104137.58,105787.37,100703.71,102800.21,63250475404
2025-05-13,102800.22,105038.53,101447.78,104131.06,52608876410
2025-05-14,104131.2,104373,102603.27,103545.38,45956071155
2025-05-15,103540.91,104200,101400.01,103786.43,50408241840
2025-05-16,103786.4,104616.71,103125.51,103500.03,44386499364
2025-05-17,103500.03,103741.98,102612,103161.07,37898552742
2025-05-18,103162.53,106692.97,103130.95,106473.46,49887082058
2025-05-19,106488.77,107137.68,102105,105616.18,61761126647
2025-05-20,105616.21,107355,104209.18,106883.24,61761126647
2025-05-21,106883.24,110788.98,106128.14,109699.54,88941936640
2025-05-22,109697.19,112000,109217.23,111722.53,78086364051
2025-05-23,111722.54,111824.07,106800.01,107329.61,67548133399
2025-05-24,107332.08,109517.79,106895.77,107794.01,46610079744
2025-05-25,107794.01,109371.04,106632.35,109048.68,47518041841
2025-05-26,109048.41,110474.41,108706.04,109464.32,49621254144
2025-05-27,109464.33,110829.42,107536.41,108978.46,57450176272
2025-05-28,108978.45,109344.89,106790.16,107819.29,57450176272
2025-05-29,107819.26,108943.35,105315,105572.58,57928290304
2025-05-30,105572.58,106377.66,103634.48,104033.26,57655287183
2025-05-31,104033,104965.5,103110.01,104645.87,38997843858
2025-06-01,104645.87,105937.46,103800.81,105697.94,37397056873
2025-06-02,105697.93,106000,103685.23,105904.94,47678308352
2025-06-03,105909.79,106901.68,104910.01,105447.82,46196508367
2025-06-04,105443.95,106058.47,104202,104753.38,44544857105
2025-06-05,104753.37,105999.68,100377.01,101570.2,57479298400
2025-06-06,101570.2,105439.01,101132.91,104397.99,48856653697
2025-06-07,104398,106000,103969.7,105619.02,38365033776
2025-06-08,105619.02,106548.9,105028.3,105784.4,37463871488
2025-06-09,105784.41,110651.12,105368.27,110301.15,59151552512
2025-06-10,110299.69,110420.08,108362.14,110300.24,54700101509
2025-06-11,110300.25,110435.05,108091.74,108669.37,51743002624
2025-06-12,108673.77,108853.74,105706.78,105721.05,67771011072
2025-06-13,105716.45,106233,102746.01,106118.7,69550440846
2025-06-14,106114.53,106264.36,104351.72,105465.42,38007870453
2025-06-15,105465.42,106184.13,104505.05,105599.25,37722087424
2025-06-16,105600.21,109000,104982.26,106853.38,53449289728
2025-06-17,106853.38,107792.9,103363.3,104590.44,55964092176
2025-06-18,104590.44,105603.63,103512.38,104915.6,48628674560
2025-06-19,104915.6,105266.61,103916.37,104671.9,37333806920
2025-06-20,104671.4,106553.86,102357.25,103317.8,50951862476
2025-06-21,103317.79,104013.64,100919.19,102160.03,44529750016
2025-06-22,102160.36,103417,98225.01,100996.87,65536997201
2025-06-23,100996.87,106135.47,99677.07,105419.39,65237759656
2025-06-24,105418.4,106366.29,104681.83,106141,51624120283
2025-06-25,106141.01,108206,105875,107400.22,51624120283
2025-06-26,107400.22,108345,106605.88,107029.64,45353692675
2025-06-27,107029.63,107804.2,106413.79,107113.38,45353692675
2025-06-28,107119.17,107599.81,106868.94,107352.2,35534874438
2025-06-29,107352.2,108550,107230,108386.44,37501366272
2025-06-30,108386.44,108800,106724.76,107173.21,42252988416
2025-07-01,107173.21,107579.3,105262,105711.78,45799612416
2025-07-02,105711.77,109823.08,105119.7,108888.32,56248657737
2025-07-03,108887.03,110590,108574.31,109628.83,50494742270
2025-07-04,109628.83,109812.94,107268.84,108028.6,43229712384
2025-07-05,108028.6,108454.19,107783.1,108246.65,30615537520
2025-07-06,108246.66,109736.64,107837.7,109217.98,37724041216
2025-07-07,109217.98,109741.64,107507,108269.84,46431363072
2025-07-08,108271.49,109255.99,107438.33,108958.04,44282204127
2025-07-09,108953.58,112152.91,108329.87,111282.85,59664580608
2025-07-10,111282.84,116842,110541.87,116031.3,100968185856
2025-07-11,116031.29,118909.74,115211.74,117582.16,86928361085
2025-07-12,117582.16,118244.51,116940.82,117472.65,45524560304
2025-07-13,117472.65,119500,117238.69,119130.81,49021091807
2025-07-14,119130.81,123231.07,118949.18,119863.71,183004626944
2025-07-15,119863.71,119973.3,115697.37,117781.64,98321661181
2025-07-16,117781.63,120134.8,117033.23,118681.68,72238505984
2025-07-17,118681.67,120998.76,117469,119273.69,74196590592
2025-07-18,119273.7,120918.68,116892.42,118023.05,77945799785
2025-07-19,118023.06,118564.59,117337.59,117914.17,47564562765
2025-07-20,117914.17,118921.76,116525,117312.7,61006045184
2025-07-21,117315.68,119745.93,116565.01,117428.79,69820091744
2025-07-22,117428.79,120300,116185,120026.42,79217583118
2025-07-23,120034.21,120180.93,117342.21,118810.44,66608604537
2025-07-24,118810.44,119557.7,117190,118397.04,81919139840
2025-07-25,118400,118518.2,114750,117633.27,104857024569
2025-07-26,117633.27,118371.35,117095.73,117969.63,48508954046
2025-07-27,117981.73,119800,117849.99,119465.52,56394530816
2025-07-28,119465.52,119839,117380.6,118070.59,68463107433
2025-07-29,118074.43,119284.78,116900,117933.39,68896148592
2025-07-30,117933.39,118809.43,115728.49,117830.15,71298023424
2025-07-31,117830.15,118920,115500,115761.13,91294530181
2025-08-01,115756.12,116065.12,112659,113248.73,91294530181
2025-08-02,113248.83,114023.58,112000,112542.74,58879041536
2025-08-03,112542.75,114794.99,111903.68,114215.73,48099615826
2025-08-04,114215.7,115756.06,114118.18,115051.85,54613991424
2025-08-05,115056.14,115112.75,112622.14,114112.95,61039182286
2025-08-06,114112.95,115749.99,113347.87,115028.83,56379133510
2025-08-07,115028.83,117687,114268.6,117515.49,66161729536
2025-08-08,117515.69,117687,115800,116683.79,59713005166
2025-08-09,116683.79,117937.89,116343.34,116492.51,56518184960
2025-08-10,116492.5,119324.08,116480,119309.37,73929555968
2025-08-11,119309.37,122319.14,118050,118701.84,90528784177
2025-08-12,118701.83,120327,118190.81,120113.18,73360105472
2025-08-13,120109.04,123740.24,118931.34,123365.63,96564166656
2025-08-14,123365.63,124533,117208.97,118389.79,104055627395
2025-08-15,118389.79,119339.57,116859.32,117436.96,68665353159
2025-08-16,117436.95,118028.68,117222.01,117455.68,48036922378
2025-08-17,117455.69,118641.6,117249.49,117488.6,54562619392
2025-08-18,117488.59,117633.8,114703.26,116286.76,72787808090
2025-08-19,116286.75,116792.87,112696.56,112856.19,71657600353
2025-08-20,112853.66,114627.37,112344.11,114276,67993811526
2025-08-21,114276,114812,111964,112480.3,57817883700
2025-08-22,112480.29,117416.73,111649.75,116908.68,83873603584
2025-08-23,116911.9,116999.03,114505,115383.87,55377142586
2025-08-24,115383.87,115616.53,110635,113478,74210828288
2025-08-25,113478,113645.32,109275.74,110127.74,85706860190
2025-08-26,110127.74,112399.99,108670,111788.01,69396320317
2025-08-27,111788.04,112683.39,110351.11,111253.21,62137056409
2025-08-28,111253.22,113480,110858.78,112574.85,58860155962
2025-08-29,112574.84,112642.53,107469.13,108378.32,77843379644
2025-08-30,108378.32,108928.79,107369.69,108827.93,51486264208
2025-08-31,108827.92,109489.79,108060.79,108247.95,47986191770
2025-09-01,108247.95,109907.51,107250,109240.55,66870372995
2025-09-02,109240.55,111801.86,108400,111247.94,74776999491
2025-09-03,111247.94,112600,110533.77,111756.41,61119643565
2025-09-04,111756.4,112235.6,109321,110720.79,62086545408
2025-09-05,110714.48,113390,110202.36,110670.02,60241647677
2025-09-06,110670.02,111317.65,109993,110212.6,21500719036
2025-09-07,110214.21,111600,110200.01,111129.61,24618007520
2025-09-08,111120.38,112940.84,110600,112072.57,40212813407
2025-09-09,112072.57,113292.96,110765.72,111549.32,47016140800
2025-09-10,111546.61,114362.1,110919.55,113983.97,56377473784
2025-09-11,113983.98,115554.53,113433.92,115540,56377473784
2025-09-12,115540.01,116833.25,114774.19,116106.03,54785725894
2025-09-13,116106.03,116378.04,115177.53,115968.35,34549454947
2025-09-14,115968.33,116226.61,115166,115314.13,34549454947
2025-09-15,115314.12,116802,114395.84,115381.08,53106442240
2025-09-16,115381.07,117000,114750,116832.56,60528025996
2025-09-17,116832.56,117327.24,114724.57,116484.4,60528025996
2025-09-18,116484.4,117998.17,116125.08,117117.99,60528025996
2025-09-19,117117.99,117516.36,115132.71,115690.55,49457272032
2025-09-20,115690.55,116194.63,115463.22,115752.4,22864449614
2025-09-21,115752.9,115900.02,115237.16,115282.27,22495852193
2025-09-22,115282.26,115441.37,111761.22,112736.59,70684158591
2025-09-23,112736.59,113357,111502.08,112017.21,47211853279
2025-09-24,112017.21,113999.98,111066.07,113348.17,48044595085
2025-09-25,113348.16,113561.35,108623.7,109035.72,75528654284
2025-09-26,109036,110369.99,108645.02,109697.29,57738288949
2025-09-27,109697.29,109815.08,109116,109681.16,26308042910
2025-09-28,109681.15,112385.84,109230.98,112197.67,33371048505
2025-09-29,112197.66,114490,111582.65,114365.07,60000147466
2025-09-30,114361.66,114850,112695.85,114067.71,60000147466
2025-10-01,114067.71,118718.8,113975.5,118659.97,71328680132
2025-10-02,118662.72,121111,118336.01,120621.32,71415163912
2025-10-03,120621.33,123996.81,119327.83,122318.4,83941392228
2025-10-04,122318.39,122896,121572.64,122458.56,36769171735
2025-10-05,122458.55,125750,122195.28,123520.79,73689317763
2025-10-06,123520.8,126296,123115.77,124720.09,72568881188
2025-10-07,124723.57,125226.34,120636,121393.95,76149412513
2025-10-08,121393.96,124254.31,121090.06,123343.25,65354305286
2025-10-09,123343.24,123822.08,119713.65,121714.51,74653009425
2025-10-10,121714.51,122600,107000,112980.28,153125018868
2025-10-11,112976.01,113439.99,109683.96,110768.89,110236934340
2025-10-12,110768.9,115847,109687.46,115067.98,110236934340
2025-10-13,115067.96,116077.51,113700.27,115274.03,93710414091
2025-10-14,115274.03,115514.91,109945.86,113068,92212917403
2025-10-15,113072.18,113671.99,110185.87,110804.12,92212917403
2025-10-16,110804.11,112021.07,107464.53,108198,99703051669
2025-10-17,108197.99,109269.97,103516.75,106463.3,99703051669
2025-10-18,106462.09,107535.68,106357.69,107208.91,47657008953
2025-10-19,107208.91,109499,106091.25,108676.78,47657008953
2025-10-20,108676.77,111748.6,107449.91,110568.06,63507793085
2025-10-21,110568.05,114082.29,107444.6,108362.27,101194375480
2025-10-22,108357.99,109188.27,106639,107585.98,80807013218
2025-10-23,107588.02,111342.6,107511.46,110116.03,54944076060
2025-10-24,110116.02,112158.39,109725.51,111042.13,48160816980
2025-10-25,111042.13,111968.52,110693.01,111666.21,24707667305
2025-10-26,111666.22,115542,111260.33,114548.09,41708524143
2025-10-27,114561.69,116410.06,113833.12,114087.06,64528066504
2025-10-28,114087.06,116114.13,112203,112906.75,64528066504
2025-10-29,112906.75,113690.17,109000,110032.13,69673964814
2025-10-30,110031.65,111629.2,106279.33,108308.18,69673964814
2025-10-31,108308.02,111066.1,108266.11,109555.27,60090359560
2025-11-01,109555.63,110500,109342.47,110052.25,34284209459
2025-11-02,110052.25,111221.99,108800,110536.01,34284209459
2025-11-03,110533.83,110749,105271.67,106557.98,110967184773
2025-11-04,106557.98,107269.85,98892.97,101468.15,110967184773
2025-11-05,101468.16,104550,98950,103869,110967184773
2025-11-06,103866.67,104191.19,100235.02,101290.5,92168030081
2025-11-07,101290.5,104041.99,99170,103284.27,92168030081
2025-11-08,103281.79,103350,101422.74,102285.57,59679243013
2025-11-09,102285.58,105471.04,101372.58,104694.95,59679243013
2025-11-10,104694.23,106653,104240.76,105979.38,69585887229
2025-11-11,105979.38,107482,102422.43,103009.35,71130078574
2025-11-12,103017.21,105316.64,100803.2,101639.01,71130078574
2025-11-13,101636.03,104050,97870,99614.54,101546815416
2025-11-14,99610.49,99836.1,93951.32,94503.96,114346441890
2025-11-15,94501.08,96747.02,94222.2,95544.94,38500716654
2025-11-16,95544.94,96559.61,92943.83,94183.97,71086235862
2025-11-17,94182.03,95950,91158.35,92100.6,94186165724
2025-11-18,92100.6,93775,89183.48,92914.46,101333569062
2025-11-19,92914.45,92948,88483.12,91461.6,101333569062
2025-11-20,91465.04,93080.91,85980.7,86536.88,97970645638
2025-11-21,86531.87,87395.93,80524.65,85068.88,129157506112
2025-11-22,85068.85,85547.11,83441.91,84684,40793099246
2025-11-23,84683.99,88100,84614.11,86808.28,58083435576
2025-11-24,86808.28,89225.6,85213.17,88266.2,74433896110
2025-11-25,88264,88486.82,86067.02,87325.01,64837343545
2025-11-26,87325,90628.53,86266.95,90468.84,66496301869
2025-11-27,90468.83,91925.4,90067.81,91316.7,57040622845
2025-11-28,91316.7,93161.86,90220.5,90902.7,60895830289
2025-11-29,90902.69,91199.99,90200,90828.06,37921773455
2025-11-30,90829.68,91980.8,90353.96,90369.51,38497902869
2025-12-01,90364,90433.7,83800,86282.36,87962894424
2025-12-02,86282.35,92342,86181.38,91308.05,87962894424
2025-12-03,91308.05,94181.41,91024.47,93453.84,78546798211
2025-12-04,93452.02,94087.05,90904.73,92093.54,77650204986
2025-12-05,92093.7,92716.42,88099.05,89345.29,63256398633
2025-12-06,89345.29,90296.32,88932,89267.97,47394898960
2025-12-07,89262.8,91779.99,87733.18,90402.29,47394898960
2025-12-08,90402.3,92291.96,89599,90653.86,66861721440
2025-12-09,90653.86,94640.66,89537.55,92690,66861721440
2025-12-10,92690,94500,91556.64,92035.99,65420694513
2025-12-11,92035.85,93594.76,89257.98,92542,80275884583
2025-12-12,92539.63,92791.26,89500,90278,80275884583
2025-12-13,90278,90657,89777.79,90255.32,64237748110
2025-12-14,90255.32,90496.16,87565.38,88171.61,50465972205
2025-12-15,88174.37,90064.74,85129.63,86417.5,45559514323
2025-12-16,86417.5,88148,85250,87854.01,41262178223
2025-12-17,87854,90336.36,85267.69,86209.77,44243392914
2025-12-18,86209.79,89447.75,84400,85460.02,52667115348
2025-12-19,85460.85,89365.85,85052.78,88092.65,46733310561
2025-12-20,88092.65,88530.6,87780,88324,14688196659
2025-12-21,88322.01,89046.44,87501.01,88639.95,19845522660
2025-12-22,88639.87,90541.8,87846.17,88556.77,38047472118
2025-12-23,88555.03,88896.63,86533.86,87429.32,43683011533
2025-12-24,87429.32,88001.2,86350,87609.03,25550297986
2025-12-25,87609.02,88534.4,86899,87171.68,19953216347
2025-12-26,87171.46,89496.07,86569.53,87296.01,42455674908
2025-12-27,87296.17,87914.62,86944.24,87808,13741199310
2025-12-28,87806.75,88000,87349.52,87877.29,15156557929
2025-12-29,87877.28,90325,86675,87110.78,48411625849
2025-12-30,87110.77,89343.52,86704.98,88397.5,35586356225
2025-12-31,88397.24,89100,87082.64,87497.94,33830210616
2026-01-01,87497.95,88798.99,87361.74,88738.34,18849043990
2026-01-02,88742,90935.22,88272.08,89957.99,46398906171
2026-01-03,89958,90697,89284.13,90598.02,20774828592
2026-01-04,90598.01,91764.64,90598.01,91494,26770491368
2026-01-05,91489.03,94825.27,91479.28,93870.06,53376407252
2026-01-06,93870.06,94439.63,91203.13,93722.01,52430605257
2026-01-07,93722.01,93722.01,90576.24,91279.73,43461295053
2026-01-08,91279.73,91580.01,89200,91026,42386697030
2026-01-09,91024.01,91944.52,89583.58,90515.45,38305906684
2026-01-10,90515.12,90698,90251.43,90385.54,17165568977
2026-01-11,90387.36,91173.12,90109,90872.01,17165568977
2026-01-12,90878.51,92406.3,90003.46,91188.09,41346275358
2026-01-13,91188.08,96250,90925.17,95384.23,54980674354
2026-01-14,95385.59,97963.62,94518.63,96955.16,60592490863
2026-01-15,96954.02,97176.42,95066.19,95587.65,60592490863
2026-01-16,95578.2,95830.49,94229.04,95504,33248170537
2026-01-17,95503.99,95600,94980.12,95109.99,16021715122
2026-01-18,95109.99,95485,93559.78,93633.53,20809781232
2026-01-19,93630,93630,91935.3,92559.66,39195241508
2026-01-20,92559.65,92807.99,87767.53,88310.6,53072968031
2026-01-21,88310.6,90500,87156,89363.71,56330422434
2026-01-22,89363.71,90273.35,88408.65,89463.5,35549685694
2026-01-23,89463.51,91147.01,88440.65,89474.93,38997586037
2026-01-24,89474.94,89832.72,89007.01,89082.17,14558687712
2026-01-25,89082.16,89177.95,86000.13,86561.94,36124986722
2026-01-26,86561.94,88787.97,86411.7,88250.01,45329286974
2026-01-27,88250,89447.21,87180.01,89116.96,38744942267
2026-01-28,89116.96,90476.81,88706.32,89162.4,39807419296
2026-01-29,89162.4,89210.16,83216.21,84513.2,64653083162
2026-01-30,84513.19,84599,81000.12,84110.99,72083816087
2026-01-31,84110.99,84138,75644.15,78648,70479259159
2026-02-01,78648,79337.99,75612.75,76895.53,53372509744
2026-02-02,76895.99,79339,74502.21,78666.85,75140589684
2026-02-03,78666.84,79123.75,72859,75661.49,68249110822
2026-02-04,75661.49,76876.54,71703.72,72998,67215363944
2026-02-05,72999,73173.96,62181.65,62791,125509410908
2026-02-06,62788.28,71707.18,60001,70527.7,114674259489
2026-02-07,70521.08,71648.05,67293.26,69244.74,62347107663
2026-02-08,69250,72232.17,68840.83,70279.33,39721722619
2026-02-09,70279.32,71380.13,68233.01,70101.99,52081598792
2026-02-10,70101.98,70489.99,67857,68803.65,49671946030
2026-02-11,68803.65,69248,65702.95,67024.93,49671946030
2026-02-12,67032.71,68382.9,65065.47,66208,44651071271
2026-02-13,66207.99,69434.2,65799.71,68812,40820775886
2026-02-14,68812,70531.53,68697.63,69786.96,40191152750
2026-02-15,69786.96,70941.65,68020,68792,40191152750
2026-02-16,68792,70089.99,67251.81,68858.13,40191152750
2026-02-17,68859.55,69199.51,66569.58,67466.7,34866936040
2026-02-18,67466.7,68438.84,65812.57,66419.79,34866936040
2026-02-19,66419.78,67288.22,65604.63,66972.5,33094301643
2026-02-20,66972.49,68294.86,66427.23,67984.42,47507867304
2026-02-21,67984.42,68683.27,67516.93,67955.78,18357635642
2026-02-22,67955.78,68241.4,67132.81,67617.98,17893536012
2026-02-23,67616.01,67656.42,63855,64625.78,50953457309
2026-02-24,64625.78,64988.32,62534.61,64068.33,53629234355
2026-02-25,64068.33,70020,63912.25,67992.68,53629234355
2026-02-26,67992.68,68866.86,66500.92,67490.51,42988597523
2026-02-27,67490.5,68223.07,64942.87,65859.94,42041497112
2026-02-28,65859.93,67761.55,63019.6,66967.85,42041497112
2026-03-01,66971.54,68200,65008.38,65769,40733141929
2026-03-02,65771.56,70128.74,65250.12,68832.01,56698092052
2026-03-03,68832,69255.36,66138.2,68335.99,75073101274
2026-03-04,68335.99,74100,67391.17,72683.26,75073101274
2026-03-05,72683.26,73588.24,70639.01,70887.6,51172841727
2026-03-06,70887.61,71428.4,67725.14,68108.24,43776962871
2026-03-07,68108.23,68544.79,66921.33,67259.62,33195080116
2026-03-08,67259.62,68201.16,65618.51,65970.56,33195080116
2026-03-09,65970.56,69543,65820.93,68432.17,49499875378
2026-03-10,68432.16,71800,68383.5,69960.83,54003996096
2026-03-11,69960.83,71358.48,68980.74,70208,54003996096
2026-03-12,70208.03,70819.84,69180.01,70531.56,45236859848
2026-03-13,70530.02,73968,70398.01,70944.33,61167226505
2026-03-14,70944.32,71316,70236.02,71232.02,22283546496
2026-03-15,71232.01,73220.8,70868.41,72830.01,27991268669
2026-03-16,72830.01,74913.69,72276.24,74886.47,55572438409
2026-03-17,74886.46,76022.6,73400.01,73934.11,55572438409
2026-03-18,73934.11,74700,70474.83,71245.02,49500721728
2026-03-19,71245.01,71628,68772.78,69918.3,46229011155
2026-03-20,69917.19,71384.62,69360,70497.01,38299078407
2026-03-21,70497.01,71075.92,68562.13,68912.02,21109354718
2026-03-22,68912.02,69577,67332.05,67844.94,30108051508
2026-03-23,67844.94,71811,67425,70874.23,51508669357
2026-03-24,70874.22,71389,68889,70533.49,40181522399
2026-03-25,70533.48,72030.29,70357.1,71301.53,38962070215
2026-03-26,71301.52,71414.33,68102.36,68769.02,46483453594
2026-03-27,68769.02,69128.75,65498.75,66353.34,46483453594
2026-03-28,66353.33,67249.65,65876.61,66320.15,21645889785
2026-03-29,66320.16,67076.07,64938.66,65956.94,21645889785
2026-03-30,65957.95,68129.33,65736.63,66737.18,37694994180
2026-03-31,66737.08,68518.1,65924.82,68221.85,42997691338
2026-04-01,68221.84,69285.99,67525.59,68112.35,36465393617
2026-04-02,68112.34,68652,65696.96,66894.48,39323384518
2026-04-03,66899.11,67375.7,66275.01,66959.99,22815543346
2026-04-04,66959.98,67535.2,66770.64,67291.73,15878814963
2026-04-05,67291.72,69117.6,66600,69005,22972648674
2026-04-06,69005,70378.48,68332,68853.61,44650511480
2026-04-07,68853.6,72753.97,67710.01,71910.2,44650511480
2026-04-08,71910.21,72861.38,70684.65,71085.99,44650511480
2026-04-09,71083.99,73147.81,70468.74,71798.01,42444631703
2026-04-10,71798.01,73477.87,71431.55,72997.88,37722595732
2026-04-11,72997.88,73822.95,72564.35,73086,29882740487
2026-04-12,73085.99,73172.14,70512.7,70755.35,29882740487
2026-04-13,70755.35,74936.9,70576.27,74446,53540826530
2026-04-14,74448,76127.18,73854.5,74179.04,53540826530
2026-04-15,74176.09,75458.81,73545,74836.31,41312783855
2026-04-16,74839.97,75539.91,73298.01,75163.09,54137194839
2026-04-17,75163.09,78390,74558.21,77098.01,54137194839
2026-04-18,77098.01,77450.15,75473.81,75736.82,30931515195
2026-04-19,75736,76278.36,73777.86,73823.14,32989036544
2026-04-20,73823.27,76600,73741.53,75864.86,39674447916
2026-04-21,75864.86,76926.37,74817.27,76348.58,39563563008
2026-04-22,76355.73,79523,76145,78208.52,48336654537
2026-04-23,78208.52,78722.96,76979.99,78281.32,40354900916
2026-04-24,78281.32,78607.38,77289,77461.8,32784213526
2026-04-25,77461.79,77911.09,77179.2,77650.72,16702933134
2026-04-26,77650.72,78943,77346.44,78673.83,26549180416
2026-04-27,78673.84,79496,76447.51,77364.42,38135631927
2026-04-28,77364.48,77478.99,75646.84,76317.99,38135631927
2026-04-29,76317.99,77906.84,74914,75752.88,41485537280
2026-04-30,75752.87,76655.95,75290.1,76305.78,41460907886
2026-05-01,76305.78,78961.14,76275.01,78234.05,39164328894
2026-05-02,78234.05,79155,78034.28,78682.31,17005966336
2026-05-03,78682.31,79428.6,78073.01,78558.89,28286808064
2026-05-04,78558.88,80750,78205,79852.37,54325085296
2026-05-05,79852.37,81799.6,79789.5,80907.72,41751540000
2026-05-06,80907.72,82814.23,80699.66,81438.1,41751540000
2026-05-07,81438.11,81709.17,79456,80005.38,36931193154
2026-05-08,80005.38,80487.39,79520.44,80188.82,33789351540
2026-05-09,80188.82,81065.32,80115.33,80655.96,26965971077
2026-05-10,80655.97,82450,80273.86,82199.99,30469185536
2026-05-11,82199.99,82379,80417.72,81727.06,32409774919
2026-05-12,81727.09,81778,79802.51,80484.72,32407963648
2026-05-13,80484.72,81293.93,78699.83,79288.26,34845728768
2026-05-14,79288.26,82066.22,78885.42,81079.39,44404215808
2026-05-15,81078.04,81650,78591.99,79058.51,38183347368
2026-05-16,79058.5,79182.02,77608.95,78105.45,26355910656
2026-05-17,78105.46,78570,76673.54,77407.59,24035588096
2026-05-18,77406.57,77764.28,75992,76943.98,41520471808
2026-05-19,76943.96,77350.08,76061.12,76767.48,26031898332
2026-05-20,76767.48,77782.61,76433.52,77475.99,27525879808
2026-05-21,77475.98,78123.68,76619.02,77547.62,27141485404
2026-05-22,77547.25,77833.02,75266.73,75443.91,32175547652
2026-05-23,75446.99,77305,74197.11,76650,31606251682
2026-05-24,76648.65,77412.32,76000,76975.99,24408311299
2026-05-25,76975.99,77834.55,76807.04,77249.07,23046057804
2026-05-26,77249.07,78015.46,75555,75826.1,39083095988
2026-05-27,75826.1,76033.66,74113.95,74315.98,39596416541
2026-05-28,74316.71,74462.4,72445.11,73512.56,40148145327
2026-05-29,73512.55,74224.84,72364.13,73366.77,35600576602
2026-05-30,73366.77,74029.01,73107.24,73770.69,19563589191
2026-05-31,73770.69,74156.59,73288,73575.17,18761013190
2026-06-01,73575.18,73978.52,70555,71314.42,43378836121
2026-06-02,71314.43,71315.67,66100.01,66658.35,63752415812
2026-06-03,66658.45,67416.5,63985.01,64040,60371412725
2026-06-04,64039.99,64695,61309.25,63806.02,63800151780
2026-06-05,63806.02,63906.02,59073.01,61032,71465606706
2026-06-06,61031.98,61499.41,59448.45,60850.48,32377606259
2026-06-07,60850.48,64234.45,60706.4,63302.73,36006496194
2026-06-08,63302.03,64200.02,62365.43,63062.98,34133252457
2026-06-09,63062.97,63490.49,60713.5,61685.8,40144449754
2026-06-10,61685.81,62809.04,60708.92,61449.46,28302647397
2026-06-11,61449.47,63866.82,61449.47,63563.42,30644333442
2026-06-12,63563.44,64347.32,62739.81,63538.43,27609288020
2026-06-13,63538.44,64727.27,63400.92,64429.99,16956245530
2026-06-14,64424.98,65764.16,63640,65706.62,25274783078
2026-06-15,65704.23,67264,65302.08,66276.8,32927321950
2026-06-16,66276.79,66944,65300.03,65616.64,25091241984
2026-06-17,65616.64,66384.01,63851.02,64446.04,31687862272
2026-06-18,64446.05,64752.51,62159.76,62879.01,30659442688
2026-06-19,62879.01,63595.93,62246.24,63475.2,22457241600
2026-06-20,63475.08,64312.73,63131.38,64222.99,17486384117
2026-06-21,64223,64508.4,63171.19,63235.63,18832330752
2026-06-22,63235.63,65553.39,63235.61,63950.61,26561496819
2026-06-23,63950.61,64211.95,61862.27,62644.86,30374825984
2026-06-24,62644.86,63156.34,59010.74,60983.13,42931036160
2026-06-25,60983.14,61868.39,58000,59703.65,43487715328
2026-06-26,59703.66,60660,58243.36,60002.53,41502864671
2026-06-27,60002.97,60838.92,59765.1,59934.84,15220666368
2026-06-28,59934.84,60455,58810.11,59474.01,18689507328
2026-06-29,59473.99,60702.63,58800,60162.73,30829983083
2026-06-30,60162.73,60191.99,58056,58523.93,35497836544
2026-07-01,58523.93,61287.33,57717.55,59961.45,39447228416
2026-07-02,59961.46,62147.89,59520.02,61484.02,40109297349
2026-07-03,61484.02,62899.99,61162.79,62520.22,26312581120
2026-07-04,62520.22,63410,62274.16,63086.45,18608397613
2026-07-05,63086.46,63940.79,62384.08,63580.44,19761397760
2026-07-06,63580.45,64658.85,61250,64001.84,36647825408
2026-07-07,64001.85,64272.92,62583,63323.27,32062826496
2026-07-08,63322.07,63720.88,61453.09,62237.7,27349235354
2026-07-09,62237.7,63448.46,61636.05,63175.25,27471058944
2026-07-10,63175.25,64669.42,62865.01,64128.49,27450201269
2026-07-11,64128.49,64458.7,63769.84,63773.04,16717682688
2026-07-12,63773.05,64250.56,63588.2,63740.32,20011700224
2026-07-13,63740.32,64388.01,61750.9,62264.94,37650044790
2026-07-14,62264.94,65055.04,62190.4,64988.64,29919811584
2026-07-15,64988.65,65559.5,64431.11,64716.63,28236429312
2026-07-16,64712.04,64946.07,63690.78,63770.6,27948064768
2026-07-17,63770.6,64353.56,62452.52,63894,27280236800
2026-07-18,63893.99,64827.93,63842.35,64796.36,14741042176
2026-07-19,64796.36,64918.7,64238.08,64681.78,16146744320
2026-07-20,64681.79,65756.09,63702.01,65213.05,31582341120
2026-07-21,65213.05,66923.95,65106.79,66516.18,30990206976
2026-07-22,66516.17,66698.55,65484,66086.61,28292388864
2026-07-23,66086.6,66287.74,64564.09,65051.23,24364433538
2026-07-24,65051.24,65762.78,63641,64083.32,25917559237
2026-07-25,64083.31,64387.43,63732,64295.61,13999453184
2026-07-26,64295.61,65511.36,64229.6,65341.07,15890010112
2026-07-27,65341.07,65705.08,63545,63694.43,27764629504
2026-07-28,63693.44,64041.02,62645.39,63847.12,24449222656
2026-07-29,63847.12,64665.3,63194.45,63896.14,28989235200
2026-07-30,63896.14,65118.08,63502.91,64721.9,27376521216
2026-07-31,64721.9,65360,62358.96,62825.9,30439749629
2026-08-01,62826.69,63093,62209.81,62764.2,14639973376
2026-08-02,62764.2,63730.49,62743.87,63499.49,15901776708
2026-08-03,63499.49,64032.43,62210.14,63466.51,26751989760
2026-08-04,63466.51,64497.24,63250,64050.51,24083748864
2026-08-05,64050.51,64988.78,63814.8,64603.03,23568584891
2026-08-06,64603.02,64944.16,64087.41,64267.3,18623412224
2026-08-07,64267.3,65348.97,64099.35,64891.61,22256105472
2026-08-08,64891.6,65150.16,64789.89,64908.72,12535328768
2026-08-09,64908.71,65426,64675.22,64848.69,14290667520
2026-08-10,64848.68,65341.83,63733.03,63911.88,22384770392
2026-08-11,63911.88,64439.38,63158,63531.75,21450256384
2026-08-12,63531.75,64416.3,63235.88,63411.72,23467171840
2026-08-13,63411.71,63949.9,62772.84,63425.35,19196782592
2026-08-14,63425.35,63561.45,62468.21,62975.19,20646473728
2026-08-15,62975.18,63123.68,62830.01,63018.75,10033057106
2026-08-16,63018.75,63318.09,62631.18,62836.66,10951334912
2026-08-17,62836.67,64588,62679.42,64484.18,21962964992
2026-08-18,64477.26,65020,63979.36,64681.33,19051816960
2026-08-19,64681.33,70022.44,64112.04,69300.01,51011477504
2026-08-20,69300.01,73391.43,68853.22,73011.87,60286541824
2026-08-21,73010.86,79500,73004.7,78325.54,74478039014
2026-08-22,78325.54,78828.37,76471.7,77054.44,42131959963
2026-08-23,77054.44,78055.25,75538.12,77729.36,34018037760
2026-08-24,77729.36,79999.99,76652,78981.59,60809986048
2026-08-25,78981.59,81265.3,77832,78526.8,46728068401
2026-08-26,78526.79,79239.09,77601.02,79026.18,29424654336
2026-08-27,79026.18,80835.82,78551.99,80275.34,37264601088
2026-08-28,80275.35,81479.5,76845.71,77839.19,39362871737
2026-08-29,77839.19,78334.44,77348.65,78233.93,14053131399
2026-08-30,78233.92,79394.55,77000,77665.14,22026319872
2026-08-31,77672.1,79257.14,77369.59,78562.74,30608386987
2026-09-01,78562.74,79195.32,76366.12,77398.69,31177152512
2026-09-02,77398.7,77750,76219.18,77307.36,27326242816
2026-09-03,77307.36,82283,76929.29,81263.99,41265524736
2026-09-04,81263.99,81438.01,78626,79675.12,37501874897
2026-09-05,79675.12,80200.67,79458.74,79831.57,18965792768
2026-09-06,79833.86,80564.24,79250,80339.13,21106800640
2026-09-07,80339.13,80462.23,78666,79091.97,23545735168
2026-09-08,79091.97,79477.07,77589,78447.11,35123896320
2026-09-09,78449.28,79752.73,77727,78283.98,30011291648
2026-09-10,78283.98,78554.18,76440,76536.55,30562867200
2026-09-11,76536.55,79852.22,76030,77208.55,37410998193
2026-09-12,77208.55,77495,77049.56,77262.85,12899980288
2026-09-13,77262.85,77425.43,76457.09,76799.85,16788789248
2026-09-14,76799.85,79591.17,76347.27,78175.01,29909358382
2026-09-15,78175,78242.76,74887.5,75584.17,39800893440
2026-09-16,75586.51,76009.164,75337.6,75933.16,39800893440
