date,open,high,low,close,volume
2007-07-13,1555.25,1565.75,1553.5,1560,1135596
2007-07-16,1560.25,1566.25,1556.5,1559.75,1081563
2007-07-17,1559.25,1565.5,1555,1558.75,1267583
2007-07-18,1557.5,1558,1542.5,1554.75,2112721
2007-07-19,1555.5,1565,1548.5,1559.75,1337495
2007-07-20,1559,1561.75,1537.25,1545,2192420
2007-07-23,1543.75,1556.25,1543.5,1549,1148097
2007-07-24,1549.25,1551.75,1516.5,1522.5,2101765
2007-07-25,1522.5,1532.25,1510.5,1524.75,2385315
2007-07-26,1523.5,1529.5,1471,1488,3650201
2007-07-27,1489.75,1496.5,1457.25,1458,3043045
2007-07-30,1460,1484.75,1455,1480.75,2212883
2007-07-31,1480.5,1495.75,1456.25,1462,2589335
2007-08-01,1462.5,1475,1442.25,1470,3411368
2007-08-02,1469.5,1483,1464.5,1481.75,2209158
2007-08-03,1481.25,1484.25,1436.25,1443,2673337
2007-08-06,1439.5,1473.5,1432.25,1467.75,2864358
2007-08-07,1468.25,1494.75,1460.75,1482.5,2610986
2007-08-08,1482,1510.5,1480.5,1504,2713939
2007-08-09,1502.25,1504.5,1456.5,1458,3208674
2007-08-10,1458,1468.5,1433,1451,3630084
2007-08-13,1454.5,1472.5,1453.5,1455,1798787
2007-08-14,1455.25,1462.75,1430.25,1434.25,2599901
2007-08-15,1433,1447,1408.75,1414.5,2962153
2007-08-16,1414.5,1433,1374.5,1424.5,4817982
2007-08-17,1424.75,1471.5,1399.5,1450,3323512
2007-08-20,1448.75,1457,1434.5,1449,1752018
2007-08-21,1448.75,1460,1440.25,1450.25,1790908
2007-08-22,1450.25,1469.5,1448.75,1468.75,1577659
2007-08-23,1468,1483.75,1457,1466.5,1638692
2007-08-24,1466.5,1484,1460,1483.5,1194936
2007-08-27,1483.25,1483.5,1468,1469.75,911862
2007-08-28,1469.5,1470.5,1434.75,1438.25,1968439
2007-08-29,1438.5,1467.25,1435,1465.5,2013564
2007-08-30,1465.25,1471.5,1452.5,1461.5,1859430
2007-08-31,1461.5,1484.75,1461.25,1476.75,1719861
2007-09-04,1476,1499.25,1468.5,1489.5,1605356
2007-09-05,1488.75,1489.5,1468.25,1476.5,1938199
2007-09-06,1476.25,1484.5,1469.5,1479.5,1520257
2007-09-07,1479.25,1480.25,1450.25,1459.75,2462976
2007-09-10,1458.5,1465.5,1440.75,1455.25,2089511
2007-09-11,1454.75,1474.5,1453.25,1472.75,1855898
2007-09-12,1472,1481.25,1465.75,1476.25,1803900
2007-09-13,1475.75,1491,1471,1485,865139
2007-09-14,1484.75,1487,1473.25,1485,560738
2007-09-17,1484.5,1484.5,1472.25,1477,399122
2007-09-18,1490.25,1534.25,1485,1533,2602689
2007-09-19,1532.25,1552,1531.5,1541.5,2651718
2007-09-20,1540.75,1542.25,1528.75,1531.75,2201481
2007-09-21,1531,1544,1528.5,1534.5,1346720
2007-09-24,1533.25,1542.75,1528,1531.75,1496817
2007-09-25,1531.25,1531.5,1518.75,1529,1582077
2007-09-26,1529,1541.75,1528.5,1536.25,1689313
2007-09-27,1536,1545,1535.75,1544.5,1311882
2007-09-28,1544,1545.5,1533,1538,1456078
2007-10-01,1540.5,1561,1535.25,1556.5,1700876
2007-10-02,1556.5,1560,1551.25,1554.5,1273754
2007-10-03,1554.25,1556.5,1546.5,1550.75,1385584
2007-10-04,1550.75,1554.75,1548,1552.25,925288
2007-10-05,1552.5,1573.5,1550.5,1570.75,1698410
2007-10-08,1570.25,1570.5,1559.75,1562.75,718340
2007-10-09,1563,1577.5,1560.5,1576.25,1282309
2007-10-10,1576,1576.25,1565.25,1573.25,1306369
2007-10-11,1573,1586.75,1556.25,1565.25,2280665
2007-10-12,1565,1575,1559,1574.5,1412727
2007-10-15,1574.5,1576,1550,1560.25,1954174
2007-10-16,1560.25,1561.75,1545.25,1547.5,1844427
2007-10-17,1549,1561.25,1534,1552.5,2240072
2007-10-18,1553.5,1555,1540,1546.75,1556337
2007-10-19,1547,1549.5,1505,1505.75,2689752
2007-10-22,1505.25,1515.75,1492.5,1513.5,2401489
2007-10-23,1513.5,1527.5,1510.25,1525.5,1746151
2007-10-24,1523.25,1524.5,1495.25,1522,2688644
2007-10-25,1522.25,1529.75,1505.5,1525,1954427
2007-10-26,1528,1543.25,1521.75,1542.5,1550975
2007-10-29,1542,1551,1540.75,1547,1019404
2007-10-30,1547.25,1548,1534.75,1536,1024638
2007-10-31,1536.25,1558.75,1533.75,1555,1961311
2007-11-01,1554,1555,1510.5,1515.75,2522700
2007-11-02,1515.75,1525,1496.75,1517.5,2779027
2007-11-05,1515.75,1516.25,1494.25,1505.5,2089436
2007-11-06,1505.5,1526,1503.5,1525,1721389
2007-11-07,1524.75,1525,1478.75,1482.75,2623334
2007-11-08,1482,1491,1454,1475.5,3096792
2007-11-09,1476.5,1480.25,1451.75,1455,2533438
2007-11-12,1453.75,1469.25,1439.5,1440.25,1946149
2007-11-13,1441,1486.25,1437.25,1483.25,2063330
2007-11-14,1483,1496.75,1470,1478,1892320
2007-11-15,1478,1482,1446.75,1458,2256322
2007-11-16,1457.75,1466.75,1447.5,1460.25,2135862
2007-11-19,1460.25,1465.75,1433.25,1437.5,2102852
2007-11-20,1438.5,1456.5,1422,1446,2970104
2007-11-21,1446.75,1448,1417,1417.75,1996723
2007-11-23,1418.5,1444,1417.5,1442,693706
2007-11-26,1442,1454.25,1406.75,1409.25,2322802
2007-11-27,1409.5,1432.75,1406.25,1426.5,2558722
2007-11-28,1426.5,1475,1420.5,1470.5,2417256
2007-11-29,1471,1477,1460.75,1471.5,1815242
2007-11-30,1470.5,1492.25,1468.5,1483.75,2018633
2007-12-03,1484,1486.25,1472,1475.5,1471676
2007-12-04,1475.5,1476,1462.5,1463.25,1380860
2007-12-05,1463.5,1489,1463,1487,1733327
2007-12-06,1487.25,1510.75,1482,1507.5,1720838
2007-12-07,1507.5,1515.25,1500.75,1507.25,1283732
2007-12-10,1506.5,1520.75,1501,1518.75,1152663
2007-12-11,1518.5,1527,1475.5,1478,2333091
2007-12-12,1477.25,1517,1468.75,1490.25,3006773
2007-12-13,1490,1492.25,1469.75,1488,1401591
2007-12-14,1488.25,1494,1467.5,1468,658529
2007-12-17,1468,1468,1444.75,1446.5,630342
2007-12-18,1457.5,1472,1445.75,1466.5,2122635
2007-12-19,1466.5,1475.5,1455.75,1465,1996306
2007-12-20,1464.5,1475,1457.5,1474.75,1606569
2007-12-21,1474,1499,1471.25,1498,1195437
2007-12-24,1497,1509.75,1495,1506.5,253393
2007-12-26,1506.5,1511,1499.25,1509.75,363604
2007-12-27,1509.75,1511,1485,1489.75,901031
2007-12-28,1489.75,1503,1481,1485.5,792586
2007-12-31,1485.25,1489,1471,1477.25,671363
2008-01-02,1478.75,1482.75,1449,1458.5,1623508
2008-01-03,1458.5,1464.75,1451,1458.75,1266237
2008-01-04,1458.75,1463.25,1417.5,1423,2199479
2008-01-07,1422.5,1432.25,1410,1421.5,2436934
2008-01-08,1421.75,1437.75,1393,1397,2902242
2008-01-09,1397.25,1416.5,1385,1411.5,2811604
2008-01-10,1412.5,1436.25,1401.5,1421,2737056
2008-01-11,1420.5,1423.75,1400.25,1407.75,2191787
2008-01-14,1408.5,1424.5,1398,1420.25,1456055
2008-01-15,1421,1422.5,1385.25,1388,2438444
2008-01-16,1381.75,1397.5,1368.5,1376,3222442
2008-01-17,1377.25,1389.25,1334,1339.75,3404177
2008-01-18,1340.75,1360.5,1315.75,1325.25,3219547
2008-01-22,1327.75,1331.5,1255.5,1309.25,4734875
2008-01-23,1311.75,1344.5,1261,1341.5,4119794
2008-01-24,1342.25,1357.25,1333.25,1352.25,2431922
2008-01-25,1356,1370.75,1328.25,1334,2543013
2008-01-28,1336,1358.25,1310.25,1354.5,2013859
2008-01-29,1353.75,1367,1350.25,1362,1581503
2008-01-30,1361.5,1387.5,1347.25,1350.5,2609409
2008-01-31,1349.75,1387.25,1331.5,1379.5,3192392
2008-02-01,1374,1398,1371.5,1397,2290938
2008-02-04,1396.75,1400,1378,1378.75,1218675
2008-02-05,1379.25,1381.25,1337.5,1343.25,2517764
2008-02-06,1343.25,1353.25,1324.75,1330,2162714
2008-02-07,1331.75,1348.5,1312.75,1340.25,2927426
2008-02-08,1340.5,1343.75,1321,1330.25,1708720
2008-02-11,1329.5,1342.5,1320.25,1338.25,1842322
2008-02-12,1337.75,1363.5,1332.75,1349.75,2251770
2008-02-13,1349.5,1370.5,1343.5,1363.75,1835901
2008-02-14,1364,1371.5,1347.25,1351,1902104
2008-02-15,1350.25,1357.25,1337,1351.25,1466909
2008-02-19,1350,1369.75,1345.25,1355.5,1718585
2008-02-20,1355,1364.75,1332.75,1359,2212665
2008-02-21,1358.25,1369.25,1339.25,1347,2032645
2008-02-22,1346.5,1357.5,1327,1355.5,2024737
2008-02-25,1354.5,1375.5,1346.25,1371.6,2041157
2008-02-26,1371,1388.5,1363.75,1382.75,2096189
2008-02-27,1381.75,1390,1371,1380.5,1835677
2008-02-28,1380,1381.5,1363.5,1365.75,1796976
2008-02-29,1366,1367,1325.25,1331.25,2302716
2008-03-03,1329.5,1335.75,1320,1332,1944534
2008-03-04,1332.5,1337.5,1307,1327,2763950
2008-03-05,1328,1345,1320.25,1335.5,2468567
2008-03-06,1335.75,1343,1302.25,1308,2517077
2008-03-07,1307,1318.5,1282.25,1292.75,3078193
2008-03-10,1292,1299.5,1272.5,1275.5,2381829
2008-03-11,1276.5,1324,1272.25,1324,3222244
2008-03-12,1323,1334.25,1308,1309.5,2545300
2008-03-13,1310,1322.5,1282,1313.25,1853949
2008-03-14,1312.75,1333.75,1274.25,1291.5,1347641
2008-03-17,1289.5,1314,1253,1279.5,3692310
2008-03-18,1281.5,1334.5,1278.75,1334,3129809
2008-03-19,1333,1343.75,1296.75,1299.5,3251081
2008-03-20,1300.25,1332.5,1286.5,1324.75,2162947
2008-03-24,1326.25,1361.5,1325.25,1351.5,1429511
2008-03-25,1351.5,1359.5,1342,1351.5,1733906
2008-03-26,1351.25,1351.75,1334,1335.5,1602660
2008-03-27,1335,1348,1326.5,1329.75,2021529
2008-03-28,1330.25,1340.5,1313.75,1319,1526259
2008-03-31,1319,1330.5,1309.5,1324,1619317
2008-04-01,1322,1372.5,1315.75,1370.5,2328623
2008-04-02,1370.25,1380,1363,1371,1842164
2008-04-03,1370,1377.75,1359.5,1373.5,1597014
2008-04-04,1373.5,1388,1364.25,1372,1921087
2008-04-07,1372.5,1389,1369.75,1372.25,1476207
2008-04-08,1371.25,1372.25,1362.25,1371,1412742
2008-04-09,1370.75,1377.5,1351.25,1360.25,1833439
2008-04-10,1359.25,1369.25,1351.25,1362.75,1787751
2008-04-11,1362.5,1369,1331.75,1335.5,2024747
2008-04-14,1335.25,1337.25,1325.75,1331.25,1459105
2008-04-15,1331,1338.75,1325,1336,1753265
2008-04-16,1342.75,1371.5,1337.25,1371,2089593
2008-04-17,1371,1374.5,1358.5,1372.25,1788172
2008-04-18,1374.5,1398.25,1370,1388,1987772
2008-04-21,1389,1394,1380.75,1388.25,1257968
2008-04-22,1387.25,1390.75,1370.75,1380.75,1754531
2008-04-23,1380.5,1389.75,1372.75,1378.5,1834571
2008-04-24,1379.75,1399.25,1368,1386,2146239
2008-04-25,1386.5,1400.75,1380.5,1397,1567802
2008-04-28,1398.75,1404.75,1393.5,1397.5,1155730
2008-04-29,1397.25,1399,1387,1391.25,1448179
2008-04-30,1388,1407,1383.5,1386,1916786
2008-05-01,1383,1412.25,1382.25,1411.5,1904214
2008-05-02,1411.25,1427,1406,1415.75,1924510
2008-05-05,1413.5,1417.25,1400.75,1408.25,1247386
2008-05-06,1409,1422.25,1397,1420.75,1891642
2008-05-07,1421.25,1424,1390.5,1395.25,1944506
2008-05-08,1394,1403,1389.25,1392,1703231
2008-05-09,1391.25,1393.25,1381.75,1389,1625250
2008-05-12,1387.5,1405,1386.25,1404.75,1570216
2008-05-13,1403.5,1410.75,1396.5,1404.75,1527087
2008-05-14,1404,1421.5,1398.75,1407.75,1740580
2008-05-15,1407.5,1425.5,1405,1424.5,1745979
2008-05-16,1424.25,1429.5,1414.75,1425.75,1792070
2008-05-19,1425.25,1441,1421.75,1429.75,1789049
2008-05-20,1428.75,1429.25,1409,1417.5,1868001
2008-05-21,1417,1421,1388,1393,2372279
2008-05-22,1393,1399.75,1390.25,1393.25,1728941
2008-05-23,1393.75,1395,1372.75,1373.5,1728941
2008-05-26,1374.25,1377.5,1372.5,1374.75,1522550
2008-05-27,1374.25,1387.75,1370.5,1384.75,1572828
2008-05-28,1385,1393.25,1377.75,1391.5,1703573
2008-05-29,1390,1407,1386.75,1397.75,1722211
2008-05-30,1397.75,1405,1395,1400.5,1179341
2008-06-02,1400.75,1401,1377.5,1385.5,1706127
2008-06-03,1385.75,1393.5,1369.25,1378.5,2157451
2008-06-04,1378.25,1388.5,1371,1377.5,2085776
2008-06-05,1376.75,1405.75,1375.5,1405.25,1991888
2008-06-06,1404.5,1411,1358.5,1359.5,2769435
2008-06-09,1358.75,1371.5,1350.5,1363.5,2140578
2008-06-10,1362,1367.25,1347.25,1356.25,2206955
2008-06-11,1356.25,1363.5,1335,1335.75,2601302
2008-06-12,1335.25,1353.5,1331,1341,1417461
2008-06-13,1340.75,1361.5,1337,1357.5,746590
2008-06-16,1357,1365,1349.25,1357.75,552324
2008-06-17,1360.25,1372,1351.25,1353,2018896
2008-06-18,1352.75,1355.5,1334.5,1338.75,2294625
2008-06-19,1338.75,1349.75,1332.25,1341.5,2356034
2008-06-20,1342.5,1343.5,1315.25,1319,2322976
2008-06-23,1320.75,1327.75,1316.25,1318.25,1451974
2008-06-24,1317.75,1328,1305.25,1315.5,2115190
2008-06-25,1315,1337.75,1314.5,1322.5,2070490
2008-06-26,1322.25,1322.25,1283,1284.5,2644046
2008-06-27,1285,1291.75,1272.75,1280,2338736
2008-06-30,1281.75,1292,1275.25,1281,2168867
2008-07-01,1283.5,1286.75,1261,1286.25,3199214
2008-07-02,1286.25,1294.75,1261,1262.75,2431509
2008-07-03,1263.5,1273.75,1251.75,1265,1847255
2008-07-04,1265.5,1269.25,1256.5,1265,1847255
2008-07-07,1258.5,1275,1240.75,1251.75,2580560
2008-07-08,1252,1275.75,1236.5,1273.75,2751962
2008-07-09,1274.5,1278.75,1244.75,1248,2405025
2008-07-10,1249,1259.25,1237,1254.5,3027898
2008-07-11,1254.75,1261.75,1225.5,1239.75,3251690
2008-07-14,1240,1260.5,1224.75,1228.25,2663429
2008-07-15,1229,1235.75,1200.75,1211.5,3662907
2008-07-16,1212.75,1246.25,1202.5,1241,2893515
2008-07-17,1240,1263,1238,1253.5,2892500
2008-07-18,1250.25,1263,1241,1260.5,1921007
2008-07-21,1259.25,1269,1255,1261.5,1536139
2008-07-22,1258,1278,1247.25,1274.25,2103273
2008-07-23,1275,1291.25,1272.75,1282.5,2125754
2008-07-24,1281.25,1285,1251,1253.75,1988950
2008-07-25,1253.25,1262.75,1249.25,1253.75,1614028
2008-07-28,1255.25,1260,1233,1235,1619650
2008-07-29,1234.75,1263.25,1231.5,1261.75,2096150
2008-07-30,1261.5,1285,1259.75,1284.75,2348334
2008-07-31,1284.5,1290,1265,1267,2330165
2008-08-01,1267,1275,1253,1260.25,1861777
2008-08-04,1261.25,1263.25,1246.25,1248.75,1521764
2008-08-05,1249.25,1284.5,1247.25,1283,2002327
2008-08-06,1282.75,1291.75,1275.25,1287.75,1730315
2008-08-07,1288.25,1289,1263.5,1268,1993045
2008-08-08,1268,1298,1262,1292.25,2179132
2008-08-11,1291.5,1313.5,1288,1305,2097151
2008-08-12,1303.75,1307.75,1285.25,1291.5,1743555
2008-08-13,1291.25,1294.5,1274.5,1284.5,2184428
2008-08-14,1284.75,1300.75,1275.25,1293.75,1883891
2008-08-15,1293.5,1302.5,1290.5,1299.75,1473919
2008-08-18,1299.5,1306,1274,1282,1698350
2008-08-19,1282,1283,1262.75,1268.5,1715971
2008-08-20,1268,1276.75,1260.5,1273.75,1769970
2008-08-21,1273.75,1281.75,1263.25,1275.5,1598014
2008-08-22,1275.25,1294,1271.5,1292.25,1380141
2008-08-25,1291,1292.25,1264.25,1266.5,1639629
2008-08-26,1266.75,1275.75,1262.5,1271.75,1456121
2008-08-27,1271.5,1285.25,1265.5,1282,1442209
2008-08-28,1281.75,1300,1275.5,1298,1513592
2008-08-29,1297,1298,1281.5,1282.5,1353013
2008-09-02,1282,1303.5,1271.5,1276.5,2286856
2008-09-03,1276.25,1281,1265.25,1275.25,2159339
2008-09-04,1275.5,1277,1235,1236.5,2839366
2008-09-05,1236.5,1245.25,1216.5,1241,2958715
2008-09-08,1263.5,1282,1246.75,1267,3227266
2008-09-09,1267,1275,1223.5,1226.5,3349429
2008-09-10,1228,1244.75,1220.25,1233.25,3012184
2008-09-11,1232.25,1252.75,1211.25,1251,2062741
2008-09-12,1251,1257.75,1233.5,1257.25,1089646
2008-09-15,1230.25,1237.75,1194.5,1195,1197521
2008-09-16,1195.5,1221,1163,1216.25,4919112
2008-09-17,1217.75,1229.5,1157,1163,5035252
2008-09-18,1167,1218.75,1136.25,1203.25,6012944
2008-09-19,1203.25,1291.25,1202.5,1246,4007416
2008-09-22,1244,1250.25,1205.25,1213.75,2758953
2008-09-23,1213,1222.75,1185.5,1187,3098102
2008-09-24,1188,1210.25,1180.25,1193,2403254
2008-09-25,1192.25,1224.75,1186,1213.5,2740073
2008-09-26,1212.25,1221.25,1184.75,1214.5,2225525
2008-09-29,1220,1221.25,1113.5,1118.75,3948082
2008-09-30,1118.25,1175.75,1112,1169,2929451
2008-10-01,1167.5,1173,1143.75,1168.5,2503550
2008-10-02,1168.25,1174,1115.25,1124.5,2741088
2008-10-03,1124.75,1161,1102.5,1108.25,3191895
2008-10-06,1103.75,1104,1009,1053.25,4475297
2008-10-07,1054,1078,999.5,1005.75,4296292
2008-10-08,1004,1045,963,981,5313795
2008-10-09,981.25,1010,905.5,912.5,4171147
2008-10-10,913.5,943,837,891,5899056
2008-10-13,909.5,1017.5,909.25,1016.75,3358671
2008-10-14,1012,1067,974.25,1002.25,4094351
2008-10-15,1004,1008.5,897.25,903.25,3831280
2008-10-16,903.5,950,865.25,941,5074482
2008-10-17,941,987.75,908,933.5,3820686
2008-10-20,937.5,992.75,925.5,990.5,2435954
2008-10-21,992.75,992.75,951,959.25,2638526
2008-10-22,958.5,969.25,872.5,902.75,3288095
2008-10-23,904.5,923.25,856,915.25,4058789
2008-10-24,914.5,917.25,840.25,866,3315060
2008-10-27,864.25,894,825,834.75,2926986
2008-10-28,836.5,942.75,827.25,938.75,3768415
2008-10-29,938.75,971.25,914.25,927,3240110
2008-10-30,927.75,968.5,926.75,961.5,2930383
2008-10-31,959.75,984,940,967.25,2756518
2008-11-03,965.75,979.75,957,969.5,1523295
2008-11-04,969.5,1006.75,964,1003.25,2326394
2008-11-05,1002.5,1008.5,947,958,2738398
2008-11-06,957.5,958,897,904.5,3511716
2008-11-07,903.5,937.5,901,936.25,2698265
2008-11-10,941,962.5,905.5,921.5,2130841
2008-11-11,919.5,927.25,882.75,893,2679092
2008-11-12,893.5,911,848.5,853.5,3001549
2008-11-13,854,913.75,816.75,907.75,4449284
2008-11-14,907.5,918,860.25,861.5,3372229
2008-11-17,862,881.75,847,851,2799233
2008-11-18,850.75,869,824.75,866.5,3277728
2008-11-19,865.25,866,804.25,812.5,3430032
2008-11-20,810.5,820.75,745,748.25,4471459
2008-11-21,749.75,802.25,739,792,4278847
2008-11-24,801,866.25,783.25,848,3413399
2008-11-25,847.25,874,833.5,853.25,3116154
2008-11-26,853,887.75,829.5,886.25,2177331
2008-11-28,886.5,897,875,895.25,889730
2008-12-01,897.5,897.5,813,815.75,2630581
2008-12-02,816,850.75,813,849,3242501
2008-12-03,848.5,873.75,826,868.5,3332111
2008-12-04,869,875.5,832,847.5,2834117
2008-12-05,847.5,879.5,817,872.5,3221506
2008-12-08,872.25,919.25,867.5,904.75,2646329
2008-12-09,906.25,916.25,884.5,889.5,2629268
2008-12-10,890.5,908.75,884.5,895.75,2582026
2008-12-11,898.25,905,868.25,875,1700088
2008-12-12,873,887.25,829,886,1220089
2008-12-15,883.5,894,857.25,873.25,846057
2008-12-16,872.5,915,868.5,912.75,2624079
2008-12-17,913.5,918.25,886.75,903,2332232
2008-12-18,907,911.5,873.5,892.5,2087835
2008-12-19,891,903.5,876.5,881.25,1844441
2008-12-22,884.25,891.5,852.75,871.25,1178582
2008-12-23,871.25,878,855.25,858.5,995885
2008-12-24,859.25,866.5,856,865,239099
2008-12-26,866.5,871.75,862.75,869,201650
2008-12-29,869,873.5,853.25,870.5,614648
2008-12-30,870.25,889,868.75,888.25,777046
2008-12-31,888,908,886.5,900,920263
2009-01-02,900,932.75,893.5,925.5,1095813
2009-01-05,924.75,934.25,916.5,927.5,1606235
2009-01-06,927.25,942.75,923.5,930.5,1912293
2009-01-07,930.25,931.75,898.75,905.25,1961214
2009-01-08,905,907.75,891.5,906.75,1775437
2009-01-09,906.75,914.75,882.75,885.5,2052723
2009-01-12,885,885.5,860.25,868,1654564
2009-01-13,868.5,874,857,868.5,2284001
2009-01-14,868.75,875,832.5,839.75,2749495
2009-01-15,839.5,848.5,812.75,839.25,3371389
2009-01-16,841.75,857.75,826.25,848.5,2818199
2009-01-19,851.75,865.75,797.5,806,2841680
2009-01-20,851.75,865.75,797.5,806,2841680
2009-01-21,806.75,838.5,800.5,836.75,2859490
2009-01-22,837,844,807.5,825.5,3060637
2009-01-23,824.25,836,799.5,823.5,2596504
2009-01-26,823.5,849.5,810.75,830.75,2254244
2009-01-27,833.5,847.5,831.25,839.25,1925806
2009-01-28,840.25,876,837.75,871.5,2305731
2009-01-29,871.5,871.75,840.25,842.75,2044480
2009-01-30,843,849,817.5,822.5,2467501
2009-02-02,823.75,827.5,806.25,821.25,1971078
2009-02-03,821.75,839.75,816,831.5,2093215
2009-02-04,831.75,849.5,826,829.75,2212942
2009-02-05,830.5,849,816.75,840.5,2616179
2009-02-06,841.25,869.25,836.75,867.75,2419130
2009-02-09,868,873,852.75,865,1759790
2009-02-10,864.25,866,819.5,827,3210594
2009-02-11,826.5,836.25,819.5,831.5,2294910
2009-02-12,831,836.75,805.5,835.5,3192534
2009-02-13,835,840.5,818.75,820,2032708
2009-02-16,814,818.75,785.5,785.5,2998314
2009-02-17,814,818.75,785.5,785.5,2998314
2009-02-18,786.75,796.25,776.5,779.5,2732760
2009-02-19,780.25,796.75,775,779.5,2407562
2009-02-20,778.5,779.5,752.5,769.5,3142066
2009-02-23,770,786.5,739.75,745,2743651
2009-02-24,745,774.75,743.25,768.75,2750323
2009-02-25,769,779.5,751.25,761.5,3198201
2009-02-26,761,779,750.25,752,2499376
2009-02-27,752.25,756,729.5,734.25,3023734
2009-03-02,731.25,733.75,698.75,705.5,2886199
2009-03-03,705,715.25,688.75,689.5,3131092
2009-03-04,690.5,723.75,681.5,708.5,3168491
2009-03-05,709.5,711.75,676.25,686,3338389
2009-03-06,686.25,699.25,665.75,687.75,3329849
2009-03-09,688.75,694.75,670.75,676,2721975
2009-03-10,674.75,721.75,673.25,716,3286136
2009-03-11,715.75,732.5,712,720.5,3205708
2009-03-12,721.25,753,711.25,751.5,1983342
2009-03-13,750.75,761.25,742.25,757.75,1081065
2009-03-16,754.75,774.75,750,757.25,827057
2009-03-17,753.5,777,746,775.25,2826223
2009-03-18,776,800.5,761.75,791.5,3324988
2009-03-19,790.75,801.5,777.25,780,2739197
2009-03-20,780,785.5,761.5,764,2385394
2009-03-23,766.75,821,765.5,817.25,2915781
2009-03-24,818,820,801.25,803.5,2433671
2009-03-25,803.25,823.5,787,808.25,3118269
2009-03-26,807.5,830.5,807.25,827.25,2733189
2009-03-27,826.75,830,809.5,816,2210455
2009-03-30,812.5,815.25,775.5,784.25,2261920
2009-03-31,784.5,807,784,794.75,2688645
2009-04-01,790.5,810.25,779,809.25,2614278
2009-04-02,809,842.25,807.25,835.5,2984901
2009-04-03,835.25,844.5,822.75,840.5,2171655
2009-04-06,840,848,818.75,830.5,1996010
2009-04-07,831,833.75,810.75,814,2101777
2009-04-08,815,825.25,802.25,822.5,2088351
2009-04-09,823.25,854.5,822.25,852.5,2081575
2009-04-13,848.75,861.25,841.5,854,1635670
2009-04-14,853,857.5,836.25,840.25,2351211
2009-04-15,837.75,850.5,831.5,848.5,2175733
2009-04-16,848.5,867,840.25,861.5,2587100
2009-04-17,861.5,872,853.75,866.75,1873990
2009-04-20,865.5,865.5,828.75,833,2217804
2009-04-21,831.5,848.75,823,847.75,2691106
2009-04-22,847.75,858.75,835.25,837,2933883
2009-04-23,836,850,831.25,848.75,2489552
2009-04-24,848.5,868.75,841.5,866.5,2407351
2009-04-27,863.25,865.75,846.75,856.75,2460914
2009-04-28,855,861.5,838.5,851.75,2224466
2009-04-29,850.25,879.25,849.25,869,2418138
2009-04-30,868.5,887,864.5,870,2712027
2009-05-01,866,878.25,862.5,876,1802797
2009-05-04,876,904.75,876,902.75,2171103
2009-05-05,902.75,905,893.5,903.5,1997855
2009-05-06,903,918,891,917.25,2650152
2009-05-07,916.75,929.5,898,907,2743570
2009-05-08,907.25,927.75,903,924.75,2641858
2009-05-11,921,923,905.75,909,2061930
2009-05-12,908.75,915.25,894,906.75,2530397
2009-05-13,907.5,911.25,880,885.25,2461178
2009-05-14,885,896.75,878.75,889.5,2200806
2009-05-15,890,895.5,876.75,883,2204790
2009-05-18,882.25,908.75,875.25,907,1928363
2009-05-19,907.75,915.75,903.5,906.5,1981787
2009-05-20,905.75,923.5,899.25,900,2781625
2009-05-21,900,901,877.75,888.75,2388542
2009-05-22,888.75,896,882,885,1651521
2009-05-25,885,911,876.75,908.75,2586181
2009-05-26,885,911,876.75,908.75,2586181
2009-05-27,908,914,890.5,892.5,2404322
2009-05-28,892.25,908.75,886.25,905,2694863
2009-05-29,905,927.75,902.25,918,2009771
2009-06-01,920.25,947.25,916.5,939,2197829
2009-06-02,939,949,934.5,942.5,1946965
2009-06-03,942.75,945.75,922.5,931.75,1975454
2009-06-04,931,942,928,940.5,1786027
2009-06-05,941,957.5,933.25,940.5,2399049
2009-06-08,939.5,946.5,925.5,938.75,1980655
2009-06-09,938.75,947,934.25,939.5,1928047
2009-06-10,939.25,955,927,940.5,2636837
2009-06-11,939.75,956.5,936.75,942,1574555
2009-06-12,941,946.75,935.25,944.75,761323
2009-06-15,942.75,942.75,919.25,923.5,747400
2009-06-16,919.75,924.75,906.5,907.75,2267554
2009-06-17,908,914.25,899.25,905.25,2362146
2009-06-18,905.5,917.75,903,913.25,1888281
2009-06-19,912.25,923,910.75,915.75,1623895
2009-06-22,914.5,919.25,887.75,888.5,2043793
2009-06-23,888.75,894.5,884.25,890.25,1834657
2009-06-24,890.5,906.5,888.25,898,1749833
2009-06-25,898,917.75,891,916.5,2278262
2009-06-26,917,919,908.5,914,1410004
2009-06-29,913,924,907.25,921.25,1346711
2009-06-30,921.5,926.25,908.25,915.5,2062874
2009-07-01,915.5,928.25,913.5,919.25,1534550
2009-07-02,919.25,919.75,892.75,893.25,1850449
2009-07-03,892,896.25,882,895.5,1736323
2009-07-06,892,896.25,882,895.5,1736323
2009-07-07,895.75,898.25,875.25,879.25,1930545
2009-07-08,879.5,883.5,865.25,873.75,2498962
2009-07-09,874,884.5,873.75,879,1779181
2009-07-10,878.75,880.25,868.75,874.25,1825714
2009-07-13,874.75,897.75,865.5,895.5,2053821
2009-07-14,895.5,904,892.5,901.5,2009856
2009-07-15,906.75,930.75,906.5,927.25,2188329
2009-07-16,925.75,940.75,921,935.75,2191367
2009-07-17,935.25,938.75,928,937,1525903
2009-07-20,937,949.25,933.75,949,1574716
2009-07-21,947.75,956.25,939.5,953.5,1892528
2009-07-22,951.75,956.75,943.5,949.5,2049033
2009-07-23,950.25,976.5,948.75,969,2299971
2009-07-24,965,979,962.5,977.75,1682233
2009-07-27,977,984,969,980,1521546
2009-07-28,978.5,981.5,966,976,1932201
2009-07-29,975.25,976,964,975,1869237
2009-07-30,974,994,973.5,982.25,2202255
2009-07-31,982.25,990.5,978.25,984.5,2082892
2009-08-03,982.75,1001.25,982,1000.75,1754282
2009-08-04,1000.25,1005,992,1004.75,1874293
2009-08-05,1004.5,1006.5,991.25,1000.75,1862527
2009-08-06,1000.25,1007.75,989.75,995,1731837
2009-08-07,994.75,1016,990,1006.5,1979123
2009-08-10,1005.75,1007.75,998.25,1007.5,1189129
2009-08-11,1007,1010.75,990,993,1612512
2009-08-12,992.5,1011.25,985.75,1002.25,2040882
2009-08-13,1002.25,1015.25,998,1013.5,1828176
2009-08-14,1013,1015.75,992.25,1005.75,1836479
2009-08-17,1004.25,1004.25,975.5,978.25,2201445
2009-08-18,978.25,990,976.25,989.5,1753397
2009-08-19,989.5,998.75,976.75,997,2127507
2009-08-20,996.75,1007.75,994.25,1004.75,1639885
2009-08-21,1004.5,1027,996.5,1025.25,1932725
2009-08-24,1025,1035,1021.25,1024.5,1725611
2009-08-25,1024.25,1038,1018.25,1026,2067951
2009-08-26,1025.75,1032,1020.25,1026.75,1886346
2009-08-27,1026.25,1032.75,1014.75,1029.25,2068535
2009-08-28,1029.25,1038.75,1022,1027.5,1570206
2009-08-31,1026.5,1031,1013.25,1019.75,1647166
2009-09-01,1021,1027.75,995.25,996.5,3206696
2009-09-02,996.25,1001,991,994.25,1920576
2009-09-03,994,1004.25,991.25,1001.75,1398009
2009-09-04,1001.5,1016.25,1000,1014,1625973
2009-09-07,1013.5,1027,1012.25,1025,1527757
2009-09-08,1013.5,1027,1012.25,1025,1527757
2009-09-09,1024.5,1036.25,1018.75,1032.5,2091726
2009-09-10,1032.5,1044,1027.5,1041.75,1445592
2009-09-11,1041.25,1048.25,1038,1041.5,827072
2009-09-14,1040.5,1049.75,1032.75,1048,640193
2009-09-15,1043.25,1052,1038.25,1046,2605342
2009-09-16,1045.75,1064,1044.5,1063.5,2485619
2009-09-17,1063.25,1071.5,1056.25,1062.75,2477295
2009-09-18,1063,1067.75,1056,1061,1872677
2009-09-21,1059.25,1062.75,1051.5,1060.5,1698615
2009-09-22,1060,1069.25,1059.5,1067.25,1414027
2009-09-23,1067.25,1075.75,1055.25,1059,2129823
2009-09-24,1058.5,1064,1041,1044.25,2315316
2009-09-25,1044,1049.5,1036.25,1041,1885166
2009-09-28,1042.25,1061,1035.75,1059,1516970
2009-09-29,1059.25,1065.75,1053.25,1054.75,1645534
2009-09-30,1054.75,1063.25,1041.5,1053,2852909
2009-10-01,1053.5,1056,1024.5,1027.5,2761051
2009-10-02,1027,1027.75,1012,1021.75,2564606
2009-10-05,1021.75,1038.5,1019.5,1036.5,1675762
2009-10-06,1036.75,1056.75,1035.5,1048.5,2160838
2009-10-07,1048.25,1054.75,1045.25,1053.5,1692060
2009-10-08,1053.5,1067.25,1053.25,1063.75,1874290
2009-10-09,1063.25,1068.5,1058.5,1068,1327011
2009-10-12,1067.75,1076.75,1067,1071.5,1060806
2009-10-13,1071,1074.25,1063,1068.75,1519381
2009-10-14,1072.75,1089.75,1072.75,1087.75,1968023
2009-10-15,1087.5,1093.25,1080.5,1089.75,1839117
2009-10-16,1090.25,1095.5,1077.5,1082,2017636
2009-10-19,1080.25,1096.75,1076.25,1091,1559384
2009-10-20,1089.75,1099,1082,1089.5,1991670
2009-10-21,1089,1098.5,1072.5,1078,2418114
2009-10-22,1076.5,1092.25,1070.25,1090.75,2184400
2009-10-23,1090.5,1095.25,1071.5,1077,2348150
2009-10-26,1076.5,1088.5,1061.25,1066.5,2339507
2009-10-27,1066.25,1069.75,1057,1060.5,2460527
2009-10-28,1061,1063,1038,1038.5,2843071
2009-10-29,1038.75,1064,1037.25,1061.5,2298367
2009-10-30,1061.25,1062.75,1029.5,1033,3376612
2009-11-02,1031.25,1049.5,1026,1039,2783823
2009-11-03,1039.25,1044,1026.5,1041.75,2315679
2009-11-04,1041.75,1058.5,1040.75,1047,2360779
2009-11-05,1046.75,1064,1039,1063.25,1949016
2009-11-06,1063.25,1069.5,1053.5,1066.25,2082058
2009-11-09,1065.75,1092,1065,1091.75,1833896
2009-11-10,1091.5,1094.5,1085,1092,1810118
2009-11-11,1091.75,1103.25,1091.25,1096.25,1800698
2009-11-12,1096,1101,1082.5,1087.25,2020189
2009-11-13,1087.5,1096,1082.75,1091.5,1478254
2009-11-16,1092,1112.25,1091,1106.25,1992105
2009-11-17,1106.25,1109,1100,1107.5,1517083
2009-11-18,1107.5,1110.75,1100.75,1108.5,1480000
2009-11-19,1108.5,1109.5,1086.5,1094.25,2047058
2009-11-20,1094,1095,1083.5,1090,1451811
2009-11-23,1089.75,1111.5,1089,1103.75,1545064
2009-11-24,1103.5,1107,1095,1103,1584089
2009-11-25,1103.25,1111.25,1102.25,1109,1078340
2009-11-26,1108.75,1111.25,1067,1089.5,1704981
2009-11-27,1108.75,1111.25,1067,1089.5,1704981
2009-11-30,1091.5,1098,1084.5,1094.75,2016591
2009-12-01,1092.75,1111.75,1092.25,1108.5,1835688
2009-12-02,1108.25,1115.5,1104.25,1108,1669060
2009-12-03,1107.75,1117,1097.5,1098,2054949
2009-12-04,1097.75,1119,1095.25,1108,2928961
2009-12-07,1108,1110.75,1098.75,1103.75,1572214
2009-12-08,1104.75,1107.5,1087.75,1090,2251962
2009-12-09,1090,1097.5,1085,1095.5,2239481
2009-12-10,1095,1106.25,1092.5,1102,1327831
2009-12-11,1102.5,1110.5,1101.25,1108,798580
2009-12-14,1107.5,1118,1104.5,1113.5,757740
2009-12-15,1108.25,1111,1100.25,1104,1804825
2009-12-16,1103.75,1112,1103,1105.75,1666850
2009-12-17,1105.25,1106.5,1090.75,1094.25,2014202
2009-12-18,1094.25,1102.75,1088.5,1097.75,1732758
2009-12-21,1098.75,1113.25,1096.5,1108.25,1163792
2009-12-22,1107.75,1115.75,1107.25,1113.5,930910
2009-12-23,1113.75,1120,1111.25,1115.5,727761
2009-12-24,1115.25,1122.5,1114.75,1122,248984
2009-12-28,1120.5,1126.25,1117.5,1123,474293
2009-12-29,1122.75,1128.5,1120.5,1121.75,579344
2009-12-30,1121.25,1122.5,1113,1122,596890
2009-12-31,1121.75,1125.25,1109.75,1110.75,638861
2010-01-04,1113.75,1129.75,1113.25,1128.75,1291254
2010-01-05,1128.5,1133,1125,1132.25,1378593
2010-01-06,1132,1135.5,1127.25,1133,1259921
2010-01-07,1133,1138.75,1127,1137.5,1567025
2010-01-08,1137.25,1141.75,1131,1141.5,1527666
2010-01-11,1141.75,1148,1137.75,1142.5,1456443
2010-01-12,1141.25,1143,1127.75,1134,2117166
2010-01-13,1134.25,1145.25,1129.25,1141.5,2131642
2010-01-14,1141.5,1147,1138.25,1145.25,1355731
2010-01-15,1146.75,1147.25,1127.5,1132.25,2059496
2010-01-18,1131.75,1147,1126.25,1145.75,1927993
2010-01-19,1131.75,1147,1126.25,1145.75,1927993
2010-01-20,1145,1146.5,1125.25,1134,2391710
2010-01-21,1134.5,1139.25,1110.25,1111,3438955
2010-01-22,1109.75,1115.75,1086.25,1091,3544446
2010-01-25,1094,1103,1089.75,1092.5,2080292
2010-01-26,1094,1100,1081,1087.25,2449263
2010-01-27,1087.5,1096.25,1078.5,1094.5,2634603
2010-01-28,1094.5,1103.5,1074.25,1079.25,3052088
2010-01-29,1081,1093.25,1066.5,1070.5,3068079
2010-02-01,1070,1086.5,1068,1086.25,1896011
2010-02-02,1086,1101.5,1082,1097.25,2104398
2010-02-03,1097,1100.25,1090.5,1096.5,1883815
2010-02-04,1096.25,1098.25,1059.25,1061.75,3302110
2010-02-05,1061.75,1065,1040.75,1059.75,3983950
2010-02-08,1062,1068.5,1053,1056,2061320
2010-02-09,1055.5,1077,1054,1066.25,3014475
2010-02-10,1066.5,1072.5,1056.25,1063.25,2204772
2010-02-11,1063.5,1078,1057.5,1076.5,2262497
2010-02-12,1076.25,1079.75,1060,1079,2747993
2010-02-15,1077.5,1094,1073.5,1093.25,1761523
2010-02-16,1077.5,1094,1073.5,1093.25,1761523
2010-02-17,1093.25,1100,1092.5,1099.5,1669958
2010-02-18,1099.75,1106.75,1093,1105.5,1832739
2010-02-19,1105.5,1111,1092.5,1106.25,2096659
2010-02-22,1106,1112.75,1103.5,1107.5,1317880
2010-02-23,1107,1112.75,1090.25,1097.25,2224420
2010-02-24,1096.75,1105.5,1092.5,1103.5,1882885
2010-02-25,1103,1103.5,1084.5,1102.25,2697610
2010-02-26,1102,1107.75,1096.25,1103.5,1944020
2010-03-01,1105.5,1115.5,1104.25,1114.5,1615001
2010-03-02,1114.25,1122.75,1112.75,1117.5,1502795
2010-03-03,1117.5,1125,1115,1118.5,1583814
2010-03-04,1118.25,1123.5,1114,1122.25,1490362
2010-03-05,1122,1138.75,1121.5,1136.5,1869074
2010-03-08,1136.25,1140.5,1135,1137,1179723
2010-03-09,1137.25,1145.25,1131.5,1140.5,1759468
2010-03-10,1140,1148,1137.75,1145.75,2112662
2010-03-11,1145.5,1151,1138.5,1150.5,1642010
2010-03-12,1150.75,1159.5,1146.75,1151.25,826747
2010-03-15,1151,1151,1141.25,1150.25,542821
2010-03-16,1145.75,1155.75,1144.5,1154.75,2010549
2010-03-17,1154.75,1165.5,1154,1161,2038542
2010-03-18,1160.75,1164,1156.25,1161.25,1819642
2010-03-19,1161.25,1165,1150.25,1156.25,2165925
2010-03-22,1150.75,1163.25,1146.75,1162,1915804
2010-03-23,1161.75,1170.5,1159,1169.5,1856410
2010-03-24,1169.25,1170,1161,1164.5,1992386
2010-03-25,1164.25,1176.5,1160.25,1162.75,2355473
2010-03-26,1162.25,1169.75,1156.5,1163.5,2161399
2010-03-29,1164.75,1171,1164,1168.75,1454311
2010-03-30,1168.5,1173.75,1164.25,1169.5,1642976
2010-03-31,1169,1170.5,1161.25,1165.25,2109287
2010-04-01,1167,1177.5,1165.75,1173.75,1942722
2010-04-02,1173.5,1178.75,1170.25,1173.7,110822
2010-04-05,1178.75,1183.75,1174.5,1183,1025888
2010-04-06,1183,1188,1177.25,1185.75,1395387
2010-04-07,1185.75,1186.25,1173.25,1179,2171684
2010-04-08,1178.5,1185,1171,1183.75,1910628
2010-04-09,1183.5,1193,1183,1192.5,1450628
2010-04-12,1194.75,1198.5,1190.75,1192.5,1253624
2010-04-13,1192.25,1195.75,1185,1193,1553891
2010-04-14,1195.5,1207.25,1194.5,1206.5,1727998
2010-04-15,1206.5,1210.5,1201,1208.5,1732427
2010-04-16,1208,1208.5,1182.75,1190.25,3584806
2010-04-19,1186,1196.5,1179.75,1195.5,2480009
2010-04-20,1195.75,1205.75,1194,1205.5,1534819
2010-04-21,1205,1209.5,1195,1200.5,2168277
2010-04-22,1198.5,1207,1186.25,1201.75,2668931
2010-04-23,1201.25,1213.75,1197.5,1212.25,1856101
2010-04-26,1211.25,1216.75,1207.5,1208.25,1624454
2010-04-27,1207.75,1210,1177.5,1181,3590721
2010-04-28,1181.5,1192,1176.75,1190,2857714
2010-04-29,1190,1206.25,1188,1205.25,1980761
2010-04-30,1205.5,1208,1182.75,1183.5,2897399
2010-05-03,1184.5,1202,1183.75,1198.5,1797282
2010-05-04,1198.25,1199.75,1164.25,1172.5,3553338
2010-05-05,1171.75,1175,1154.75,1164,3057926
2010-05-06,1163.75,1168.75,1056,1122.5,5675645
2010-05-07,1123.75,1135.5,1090.75,1107,5013862
2010-05-10,1125.25,1162,1121.5,1156.5,3640288
2010-05-11,1156,1169,1140.5,1152.25,2663633
2010-05-12,1151.75,1171.25,1141,1169.75,2109839
2010-05-13,1169,1174.75,1153.75,1156.75,1963587
2010-05-14,1155.5,1159.5,1123.75,1135.25,2979512
2010-05-17,1133.75,1140.25,1112.75,1134.5,3052733
2010-05-18,1135.5,1147.5,1115.25,1118.75,3092769
2010-05-19,1118,1122.75,1098.75,1110,3585852
2010-05-20,1110,1116.5,1067.25,1070,4378875
2010-05-21,1069.25,1088.75,1051.25,1084.5,4024607
2010-05-24,1085.5,1088.75,1070,1071,2231741
2010-05-25,1069.5,1074.75,1036.75,1073,3433912
2010-05-26,1072.5,1089.5,1060.5,1061.25,2929237
2010-05-27,1060,1103,1055.5,1101,2613372
2010-05-28,1100.25,1106.75,1083.25,1088.5,2368730
2010-05-31,1088.5,1096,1068.5,1069.5,2593945
2010-06-01,1088.5,1096,1068.5,1069.5,2593945
2010-06-02,1069.25,1098.25,1067.25,1096.75,2214865
2010-06-03,1097,1105.25,1090.75,1103.5,2033254
2010-06-04,1104,1107.75,1059.25,1066,3211493
2010-06-07,1064,1070.75,1047,1048,2390986
2010-06-08,1048.25,1063.25,1041.25,1059.25,3401030
2010-06-09,1059,1077.75,1051.25,1055.5,2970468
2010-06-10,1055,1087.75,1052.25,1083.75,2421258
2010-06-11,1084,1092.25,1074.5,1089.25,1182031
2010-06-14,1090.5,1106,1088.75,1090.5,887313
2010-06-15,1085.75,1111.5,1084.25,1109.25,2694530
2010-06-16,1109.25,1114.75,1100,1109.5,2522048
2010-06-17,1110,1117.5,1100.75,1111.75,2715158
2010-06-18,1111.5,1116.75,1108.25,1110.25,1631682
2010-06-21,1116,1129.5,1103.25,1110.5,2162081
2010-06-22,1110.5,1117,1089.5,1090.5,2286571
2010-06-23,1090.75,1097.75,1080.25,1087.5,2235636
2010-06-24,1086.5,1091,1066.5,1070.5,2551855
2010-06-25,1070.25,1079.5,1062.75,1074.75,2454671
2010-06-28,1074.25,1079.75,1066.5,1071,1686899
2010-06-29,1070.5,1074.75,1030.25,1035.25,3109449
2010-06-30,1035.25,1044.5,1023,1026.5,2622061
2010-07-01,1024.5,1029.75,1006,1021.75,3354900
2010-07-02,1022.25,1032.5,1010.75,1014.25,2135335
2010-07-05,1015,1038.5,1002.75,1024.25,2431642
2010-07-06,1015,1038.5,1002.75,1024.25,2431642
2010-07-07,1024,1059.75,1016.25,1059.25,2556140
2010-07-08,1058.75,1068.5,1054,1067,2112208
2010-07-09,1066.75,1075,1063.25,1072.5,1421814
2010-07-12,1071.5,1077.25,1065.5,1076.5,1382638
2010-07-13,1076,1096,1073,1089.75,2001017
2010-07-14,1095,1099,1083.5,1091,1940692
2010-07-15,1091.25,1099.25,1076.25,1090.5,2416608
2010-07-16,1090.5,1094.75,1059,1063,2503643
2010-07-19,1061.75,1071,1057,1063.75,1760879
2010-07-20,1063.25,1080.75,1050.75,1080,2275816
2010-07-21,1079.5,1087.75,1061,1064,2440958
2010-07-22,1063.25,1094.5,1061.25,1087.75,2178892
2010-07-23,1087.25,1101.5,1084,1100.5,2091081
2010-07-26,1101.25,1111.75,1097,1109.5,1543914
2010-07-27,1109.25,1118.75,1106,1111,1822245
2010-07-28,1110.5,1115.75,1099.25,1102,1641500
2010-07-29,1102.5,1113,1088.75,1097,2250104
2010-07-30,1096.25,1103.5,1083.5,1098.25,2133582
2010-08-02,1104.5,1124.25,1101.75,1121.75,1610959
2010-08-03,1121.75,1122.75,1113.25,1118.25,1493524
2010-08-04,1118,1126,1112.25,1124.5,1591800
2010-08-05,1124.75,1127.75,1115.5,1123.5,1340145
2010-08-06,1123.5,1127,1103.75,1119.5,2177376
2010-08-09,1120,1126.75,1116.5,1125.5,998906
2010-08-10,1125.25,1125.75,1108.25,1119.75,2029717
2010-08-11,1119.25,1119.75,1084.5,1085,2638258
2010-08-12,1085,1087.5,1070.5,1079.25,2180112
2010-08-13,1079.5,1089,1072.5,1076,1479393
2010-08-16,1077.5,1081.5,1066.25,1077,1612131
2010-08-17,1077.25,1098.5,1074.5,1089,1779783
2010-08-18,1089,1098.5,1083.75,1086.75,1814778
2010-08-19,1087,1095,1068.5,1071.25,2433838
2010-08-20,1070.75,1076,1061.75,1070.25,1806978
2010-08-23,1070,1080.25,1064.25,1065.5,1567358
2010-08-24,1065.5,1065.75,1044,1049.75,2466756
2010-08-25,1050,1057.75,1037,1054.5,2478780
2010-08-26,1055.25,1061.75,1043,1044.75,1994211
2010-08-27,1043.75,1064.5,1037.25,1063.75,2541324
2010-08-30,1064.5,1072.75,1044.5,1045,1506592
2010-08-31,1045,1054.25,1037.5,1048.25,2516451
2010-09-01,1051.75,1082.5,1050.75,1081.75,2355074
2010-09-02,1081.5,1090.5,1076.5,1089.5,1601762
2010-09-03,1089.75,1104.5,1086.25,1103.5,2017072
2010-09-06,1103.75,1107.25,1089.75,1091.25,1751617
2010-09-07,1103.75,1107.25,1089.75,1091.25,1751617
2010-09-08,1091.5,1103,1086.25,1099.25,2001331
2010-09-09,1099.25,1112,1096.75,1102.5,1612227
2010-09-10,1103,1110.5,1100.5,1109.75,892734
2010-09-13,1112.5,1124,1112,1121.25,891533
2010-09-14,1115.75,1122.5,1110.25,1115.75,2304737
2010-09-15,1115.5,1121.5,1109,1120.75,2083703
2010-09-16,1121,1124,1112.75,1122.5,1866295
2010-09-17,1122.75,1132.75,1117,1119.75,1933484
2010-09-20,1118.5,1140.25,1117,1136.5,1789965
2010-09-21,1136.5,1144,1130.25,1134.75,2098867
2010-09-22,1135,1140.25,1126.5,1129.75,1957234
2010-09-23,1130,1134.5,1117.25,1120.5,2190002
2010-09-24,1120.5,1144.5,1118.5,1143.25,1846928
2010-09-27,1144,1149.75,1137,1137.75,1343049
2010-09-28,1137.75,1146,1127.25,1141.75,2305031
2010-09-29,1141.75,1146.75,1135.5,1141,1860633
2010-09-30,1141,1153.5,1131.25,1136.75,2825790
2010-10-01,1135.75,1146.5,1134.5,1142.25,2065971
2010-10-04,1143.25,1144,1127,1134.75,1849807
2010-10-05,1134.75,1158.75,1132.75,1154.75,2203058
2010-10-06,1155,1160,1151,1155.75,1720880
2010-10-07,1155.75,1163.75,1147.25,1156.5,1988730
2010-10-08,1156.5,1164,1145.5,1160.5,1969643
2010-10-11,1161.5,1165,1157.75,1162.25,1005696
2010-10-12,1162.5,1169,1151.75,1164.5,1941433
2010-10-13,1165.25,1181,1164.25,1174.25,2163266
2010-10-14,1174.75,1180.75,1162.5,1173.5,2400204
2010-10-15,1174,1180,1163,1175,2644031
2010-10-18,1174.25,1182.25,1164.75,1178.25,1465558
2010-10-19,1178.75,1179.5,1155.5,1163.75,3065772
2010-10-20,1164,1180,1160.5,1174.75,2289137
2010-10-21,1174.75,1186.25,1167.25,1175.75,2408540
2010-10-22,1175.25,1181.5,1173.25,1180.75,1204824
2010-10-25,1180.75,1193,1180.5,1182.75,1752840
2010-10-26,1182,1184.25,1174,1182.75,1743843
2010-10-27,1183.25,1186.25,1167.75,1178.75,2246880
2010-10-28,1178.5,1187.5,1173.5,1179.25,2014979
2010-10-29,1179.25,1182.5,1172,1179.75,1751544
2010-11-01,1180.5,1192.75,1173.75,1183,2032082
2010-11-02,1182.75,1193.5,1180.75,1192.75,1573659
2010-11-03,1192.75,1198,1179.5,1197.25,2361808
2010-11-04,1197.5,1218.75,1195.25,1218.5,2301698
2010-11-05,1218.25,1224.5,1212.5,1222,2301698
2010-11-08,1220.5,1222.25,1214.75,1220,1542756
2010-11-09,1219.25,1224.75,1206.25,1211,2324133
2010-11-10,1210.5,1217,1201.75,1214,2483583
2010-11-11,1213.5,1213.75,1202,1211,1775665
2010-11-12,1210.5,1211.75,1191.5,1195.5,2766115
2010-11-15,1195.5,1205.75,1192.5,1195.75,2071297
2010-11-16,1195.25,1195.25,1171,1174.75,3168883
2010-11-17,1175.75,1182,1173.25,1177.5,2021219
2010-11-18,1177.75,1199,1177,1197.75,2067180
2010-11-19,1197.5,1200,1187.5,1198.25,1733603
2010-11-22,1202.75,1206,1182.5,1198,2212329
2010-11-23,1197,1197.75,1174.75,1178.25,2456997
2010-11-24,1178,1197.5,1175.5,1196.5,1821455
2010-11-25,1195.75,1200.5,1182.5,1183.25,963332
2010-11-26,1195.75,1200.5,1182.5,1183.25,963332
2010-11-29,1188.5,1193.75,1172.25,1186.5,2491942
2010-11-30,1186.5,1188.25,1173,1179.5,3089404
2010-12-01,1177.75,1207.75,1176.25,1204.5,2346276
2010-12-02,1204,1223.25,1202,1222.75,2037342
2010-12-03,1222.75,1227.25,1213,1223.5,1890658
2010-12-06,1223.25,1226.75,1216.25,1222,1326050
2010-12-07,1222.75,1235,1219,1223.25,2449523
2010-12-08,1222.75,1229.25,1217.25,1228.75,2142544
2010-12-09,1228.5,1238,1226.5,1233,1388754
2010-12-10,1232.75,1241.5,1231.5,1241,893224
2010-12-13,1242,1247,1236.75,1241.25,682650
2010-12-14,1236,1242.25,1232.75,1236.75,2008662
2010-12-15,1236.75,1239.5,1228.75,1232,2114241
2010-12-16,1232,1239.75,1227.5,1238.5,1738245
2010-12-17,1238.5,1241,1234.5,1238.5,1340620
2010-12-20,1240,1245.75,1234,1241.25,1145804
2010-12-21,1241,1251.25,1240.75,1250.75,943293
2010-12-22,1250,1255,1249,1254.5,664450
2010-12-23,1254.5,1255.75,1249.25,1253,594048
2010-12-27,1249.5,1254.25,1245.5,1253.25,587701
2010-12-28,1253.5,1256.5,1251.5,1254,553798
2010-12-29,1254,1258.5,1253.25,1255.75,588441
2010-12-30,1255.75,1257.5,1251.5,1254.5,713588
2010-12-31,1254.25,1257.75,1249.5,1253,667046
2011-01-03,1256,1272.5,1255.25,1265.25,1591034
2011-01-04,1264.75,1270,1258.25,1265.25,1778621
2011-01-05,1265.5,1273.75,1255.75,1271.75,1797267
2011-01-06,1271.75,1277,1266.25,1270.25,1614397
2011-01-07,1269.75,1274,1257.75,1267.5,2175596
2011-01-10,1266.25,1268,1258,1265.5,1876415
2011-01-11,1265.5,1273.75,1264,1270.5,1662412
2011-01-12,1270,1284.25,1269.25,1283.5,1604117
2011-01-13,1283.25,1284.5,1276.25,1281.25,1671242
2011-01-14,1281.25,1290,1274.25,1289.5,1631162
2011-01-17,1289.5,1295,1282.75,1294.75,1673094
2011-01-18,1289.5,1295,1282.75,1294.75,1673094
2011-01-19,1294.5,1296.25,1275,1278.5,2322868
2011-01-20,1279.25,1281.5,1267.5,1276.25,2534106
2011-01-21,1276,1288,1273.25,1279.75,2012431
2011-01-24,1279.5,1289.75,1277.75,1288.5,1635794
2011-01-25,1288.5,1291.75,1277,1287.5,2360267
2011-01-26,1287.25,1296.75,1286,1293.5,1609255
2011-01-27,1293.75,1298.25,1289.25,1295.75,1554851
2011-01-28,1295.25,1299.5,1270.5,1271.5,3238629
2011-01-31,1269.5,1283.75,1262.25,1282.5,2314420
2011-02-01,1282.5,1306,1281.25,1302.75,2089240
2011-02-02,1302.25,1305.5,1298,1300,1396167
2011-02-03,1300.25,1305.75,1291.5,1303.25,1828391
2011-02-04,1303.25,1308.5,1298,1307.25,1585618
2011-02-07,1307.25,1320,1306,1315.75,1501112
2011-02-08,1315,1322.25,1313,1321.75,1453914
2011-02-09,1321.5,1322,1311.75,1319.25,1825859
2011-02-10,1318.5,1320.5,1308.5,1318.75,2055532
2011-02-11,1318.25,1328.75,1310,1327.25,1881031
2011-02-14,1326,1331.25,1324.5,1327.75,1171814
2011-02-15,1328,1329.25,1322.25,1326.25,1457415
2011-02-16,1326.25,1336,1325.75,1333,1801087
2011-02-17,1333,1340,1328.5,1337.75,1677669
2011-02-18,1337.75,1343,1335,1342.5,1516091
2011-02-21,1342.25,1342.5,1310.25,1314.5,3257861
2011-02-22,1342.25,1342.5,1310.25,1314.5,3257861
2011-02-23,1314,1320.5,1297.5,1305.5,3075485
2011-02-24,1305.75,1310.75,1292.5,1302.75,2903883
2011-02-25,1302.5,1320,1301.5,1318.75,1827557
2011-02-28,1318.25,1329,1313,1326,1941581
2011-03-01,1326.5,1336.5,1300.75,1301,3054741
2011-03-02,1301.25,1313.75,1296.25,1305.75,2680941
2011-03-03,1306.25,1332,1305,1329.75,2361733
2011-03-04,1329.75,1334.5,1311.25,1320.25,2944659
2011-03-07,1320.25,1327.25,1302.75,1309,2702700
2011-03-08,1308.75,1325.75,1306,1320,2209200
2011-03-09,1319.75,1325,1311.5,1315.5,2196273
2011-03-10,1315.75,1317.25,1292.75,1294.25,2605190
2011-03-11,1293.75,1308.75,1283,1306,1125367
2011-03-14,1302.25,1305.75,1286,1295.5,817826
2011-03-15,1290.5,1293.25,1251,1275.25,3992352
2011-03-16,1274.75,1283.5,1243.25,1254,4540281
2011-03-17,1254.75,1274.5,1241.25,1268.75,2979478
2011-03-18,1268.5,1287.5,1261.5,1274.25,2342198
2011-03-21,1276.25,1296.25,1274.75,1293,1488232
2011-03-22,1292.5,1296.5,1287.5,1288.25,1441789
2011-03-23,1287.75,1296,1279,1292,1939892
2011-03-24,1292,1306.75,1289.25,1305.25,1833298
2011-03-25,1304.5,1314.5,1304,1310,1651563
2011-03-28,1309.25,1315.25,1302,1302.25,1290490
2011-03-29,1302.75,1317.75,1300.25,1316.5,1549071
2011-03-30,1316.25,1327.75,1314.75,1324,1407633
2011-03-31,1324.5,1325.75,1320.5,1321,1521964
2011-04-01,1321.25,1333.75,1320.5,1327.75,1660075
2011-04-04,1327,1332.75,1324.5,1329.25,1273974
2011-04-05,1329.75,1334.25,1323,1326.75,1558287
2011-04-06,1327,1336.5,1326,1329,1656416
2011-04-07,1329,1335.25,1322.25,1328.5,2180272
2011-04-08,1328.5,1335.75,1318.75,1323.75,1858868
2011-04-11,1325.75,1330.25,1317,1319.5,1527470
2011-04-12,1320.25,1320.5,1305.25,1308.25,2078928
2011-04-13,1308.25,1318.75,1305,1308.75,1919662
2011-04-14,1309.25,1313.25,1298.25,1310.25,2027796
2011-04-15,1310.5,1319.25,1305.75,1318.75,1644200
2011-04-18,1318.25,1318.75,1290.25,1301,2255340
2011-04-19,1301,1309.5,1294,1308.5,1528995
2011-04-20,1308.75,1330.5,1308.5,1328.25,1871971
2011-04-21,1328.5,1337.75,1328,1331,1276072
2011-04-25,1330.5,1335.25,1327.25,1330.75,599322
2011-04-26,1330.75,1346.25,1328,1341,1386038
2011-04-27,1341,1354.25,1340.25,1351,1386295
2011-04-28,1351.5,1358.5,1346.75,1355,1706910
2011-04-29,1355,1363.75,1352.75,1359.75,1272342
2011-05-02,1363.25,1373.5,1354.75,1357.75,1707040
2011-05-03,1357.75,1358.5,1345.75,1352,1674060
2011-05-04,1351.75,1355,1337.5,1343,2382666
2011-05-05,1343.25,1348.75,1325.25,1335,2915006
2011-05-06,1334.25,1351.75,1331.75,1334.5,2673077
2011-05-09,1337.25,1346.25,1334.5,1342.75,1666599
2011-05-10,1342.5,1356.5,1339,1353.75,1571216
2011-05-11,1353.75,1358.25,1333,1338.75,2190906
2011-05-12,1339.25,1348.75,1328.75,1347.5,2254909
2011-05-13,1347.25,1352.5,1330.5,1334,2235430
2011-05-16,1332,1341.25,1324.75,1325.5,2177046
2011-05-17,1325.25,1332,1316,1325.5,2292146
2011-05-18,1326.25,1340.5,1324.5,1338.5,1612220
2011-05-19,1338.25,1345.5,1334.5,1341.75,1825276
2011-05-20,1341.5,1344,1327,1327.75,2248408
2011-05-23,1326,1327,1310.75,1315.25,2054242
2011-05-24,1314.75,1322.5,1311.75,1313.5,1860601
2011-05-25,1313,1324.5,1302.25,1316.5,2100699
2011-05-26,1316.5,1327.5,1312.5,1326.5,2286732
2011-05-27,1326.5,1333.75,1324.5,1330,1393298
2011-05-30,1329.75,1345.75,1328.25,1344,1927228
2011-05-31,1329.75,1345.75,1328.25,1344,1927228
2011-06-01,1344.75,1347.75,1311.25,1312,2681845
2011-06-02,1313.25,1317.75,1304.25,1312.5,2433178
2011-06-03,1312.25,1313.5,1294.5,1296.25,2677734
2011-06-06,1298.75,1299,1283.25,1285,2185300
2011-06-07,1285.25,1295.5,1282.5,1284.75,2069553
2011-06-08,1285,1287.75,1276.25,1277,2695851
2011-06-09,1277.75,1294,1275.25,1287.5,1725026
2011-06-10,1287.75,1288.75,1267,1269.25,1453530
2011-06-13,1270,1277.25,1265,1271.5,798749
2011-06-14,1267.5,1287,1265.25,1284.5,2834353
2011-06-15,1283.75,1283.75,1255.75,1260,3639073
2011-06-16,1261,1269,1252.25,1263.5,3263670
2011-06-17,1263.75,1277.25,1258.5,1266,2335210
2011-06-20,1265,1275.25,1256.25,1273.75,1675608
2011-06-21,1273.25,1292.75,1271.75,1288,2075568
2011-06-22,1287.75,1293.75,1279.5,1279.75,1872931
2011-06-23,1280,1280.75,1257,1277,3316080
2011-06-24,1277.5,1286,1261.25,1264,2499136
2011-06-27,1265,1280,1257,1276.25,2000732
2011-06-28,1277,1295,1271.5,1294.5,1913881
2011-06-29,1293.5,1305.5,1291.5,1304.25,2489063
2011-06-30,1304,1317.5,1302.25,1315.5,1875270
2011-07-01,1314.75,1336.5,1312.5,1334.75,1955127
2011-07-04,1334.5,1337.75,1328.25,1336.75,1729821
2011-07-05,1334.5,1337.75,1328.25,1336.75,1729821
2011-07-06,1336,1340.75,1326.5,1335.75,1819425
2011-07-07,1336,1352.75,1335.75,1351.75,1678156
2011-07-08,1351.5,1354.5,1329.25,1341.75,2253551
2011-07-11,1339.25,1339.5,1311.75,1318.5,2432258
2011-07-12,1318,1323.25,1295.25,1310.75,2888474
2011-07-13,1310.75,1327.75,1307.25,1312.25,2315093
2011-07-14,1312.25,1323.25,1302,1306.75,2877782
2011-07-15,1307.75,1315.5,1300.5,1315,2298613
2011-07-18,1314.5,1314.75,1291.25,1300.5,2168734
2011-07-19,1301.5,1324.25,1300.25,1321.25,2098625
2011-07-20,1321.25,1329.75,1319.25,1321.25,1637321
2011-07-21,1321.75,1343.5,1315,1342.5,2311771
2011-07-22,1341.25,1347.75,1332.75,1341,1478170
2011-07-25,1330,1340.25,1322,1333.5,1640963
2011-07-26,1333.5,1339.75,1325.5,1326.25,1698186
2011-07-27,1326,1328.5,1298,1299,2535676
2011-07-28,1299.25,1313,1295.25,1296.75,2338767
2011-07-29,1297.75,1300.75,1278.5,1288.5,2889931
2011-08-01,1306,1309.75,1270.25,1279.75,3020191
2011-08-02,1279.75,1285,1246.75,1247.25,3293753
2011-08-03,1248.25,1258,1230.25,1254.5,3815275
2011-08-04,1254.25,1264.25,1193.25,1198.75,5039775
2011-08-05,1199.5,1219,1163.25,1197.75,6160540
2011-08-08,1167.25,1189,1109.5,1111.25,6173318
2011-08-09,1113,1175.5,1077,1171.75,6285917
2011-08-10,1171,1178.75,1113.75,1123.5,4925051
2011-08-11,1123,1184,1103,1168.5,4482222
2011-08-12,1168.25,1186.75,1146.75,1176.75,2720118
2011-08-15,1179.75,1201.75,1176.25,1198.5,2002026
2011-08-16,1196.5,1201.5,1177.5,1192.25,2556621
2011-08-17,1191.75,1206.75,1181.5,1190,2112805
2011-08-18,1189.5,1190,1128.25,1143.5,3809916
2011-08-19,1143.75,1153.25,1117.5,1124,3583223
2011-08-22,1122,1146.5,1111.25,1123.25,2714560
2011-08-23,1123.5,1160.75,1118.5,1158.5,3338118
2011-08-24,1159,1176.75,1142.5,1172,2616278
2011-08-25,1171.5,1188.5,1153,1157.5,3198280
2011-08-26,1157,1179.75,1132.75,1176,3053686
2011-08-29,1175.5,1208.75,1172.25,1208,1832857
2011-08-30,1208,1218.75,1193.5,1204.75,2576230
2011-08-31,1204.25,1229.75,1201.25,1217.75,3159833
2011-09-01,1218,1228.5,1200.75,1201.25,2656315
2011-09-02,1201,1203.25,1168.5,1169.25,2427798
2011-09-05,1165,1166.75,1136,1164.5,3522564
2011-09-06,1165,1166.75,1136,1164.5,3522564
2011-09-07,1164.5,1199.75,1163.75,1199,2595150
2011-09-08,1199.25,1203.75,1182,1185.75,2136073
2011-09-09,1185.75,1194,1146.75,1158,1615259
2011-09-12,1143.5,1164,1129.5,1163.25,1148718
2011-09-13,1156.75,1170.5,1139,1165.25,3694565
2011-09-14,1165.5,1196.25,1148,1182.25,3552069
2011-09-15,1182.25,1205.5,1175.75,1204.25,3024123
2011-09-16,1203,1214.5,1194.75,1211.75,2661191
2011-09-19,1199.25,1203.75,1181.5,1197.75,2446620
2011-09-20,1196.75,1214.5,1185.25,1196,2614553
2011-09-21,1196.5,1203.75,1155,1155.75,3254771
2011-09-22,1155.25,1159,1106.75,1123.5,4741905
2011-09-23,1124.25,1138.5,1102,1129.75,3365634
2011-09-26,1122,1159,1115,1158.5,3089036
2011-09-27,1157.5,1190,1155,1169.5,3258954
2011-09-28,1169,1181.75,1143.5,1148.75,2802438
2011-09-29,1148.25,1170.75,1133.5,1156.25,2975702
2011-09-30,1157.25,1159.75,1121.5,1126,2980938
2011-10-03,1123,1133.5,1085.25,1086.25,3504183
2011-10-04,1087.5,1119.75,1068,1113.5,4190407
2011-10-05,1114.5,1141.25,1106.5,1135,3039981
2011-10-06,1135,1160.5,1129,1157.5,2903759
2011-10-07,1157.25,1173.75,1144.75,1155,2865466
2011-10-10,1157.75,1192.25,1156.5,1191,1776333
2011-10-11,1190.5,1194.75,1180.75,1189.5,1953734
2011-10-12,1187.5,1216,1180.75,1198.25,2559219
2011-10-13,1198.5,1204.25,1185.25,1198,2316227
2011-10-14,1197.5,1221.5,1193,1219.25,2244214
2011-10-17,1218.25,1230.75,1193.5,1194,2385603
2011-10-18,1194,1229.75,1185.5,1223,2978540
2011-10-19,1222.75,1227.25,1201.5,1206.5,2430802
2011-10-20,1206.75,1216.25,1192.5,1210,2898123
2011-10-21,1208.75,1235.75,1208,1235.25,2115010
2011-10-24,1229.75,1252.5,1226.75,1247,2006311
2011-10-25,1247,1254.5,1222.25,1224.5,2635786
2011-10-26,1225,1242.5,1216.5,1237.5,2697660
2011-10-27,1238,1289.25,1237.5,1282.5,3324091
2011-10-28,1282.25,1284.25,1272.75,1281,1932702
2011-10-31,1280,1280.75,1245.25,1249.25,2239270
2011-11-01,1247.5,1248,1208.5,1224.5,3666184
2011-11-02,1223.5,1238.75,1216.5,1234.25,2264238
2011-11-03,1234.25,1259.75,1213.5,1255.75,2822923
2011-11-04,1255.75,1258.75,1234.5,1251,2243027
2011-11-07,1251,1259.5,1232,1257.5,1982159
2011-11-08,1257.5,1275.25,1248.5,1273.25,2241483
2011-11-09,1273.25,1274,1222.75,1225.75,3248837
2011-11-10,1226.25,1245,1218.25,1237.5,2584328
2011-11-11,1237.5,1264.75,1233.75,1261.5,1603127
2011-11-14,1264.25,1270.75,1243.5,1252.5,1889071
2011-11-15,1251.5,1262.25,1234,1254,2243400
2011-11-16,1254.5,1258.75,1230.5,1231,2711882
2011-11-17,1231.25,1241.75,1206.5,1214.75,3096973
2011-11-18,1215,1229.75,1208.75,1214,2178618
2011-11-21,1208,1209,1180.5,1190.75,2401770
2011-11-22,1190.75,1199,1179.25,1182.75,2306860
2011-11-23,1182.75,1185,1158.5,1160,2325948
2011-11-24,1160.25,1173.75,1147.5,1153.5,1518196
2011-11-25,1160.25,1173.75,1147.5,1153.5,1518196
2011-11-28,1172,1196.25,1169.25,1191,2362657
2011-11-29,1190.75,1206,1186.25,1196.5,2423915
2011-11-30,1195,1246.75,1183,1246,3298494
2011-12-01,1243.75,1251,1235.75,1243.5,2110759
2011-12-02,1243.5,1262.75,1242,1243.5,2179603
2011-12-05,1248,1266.25,1248,1255,2333966
2011-12-06,1253.25,1265.75,1245.25,1255,2187368
2011-12-07,1255.5,1268,1244,1264,2724649
2011-12-08,1263.75,1272,1230.75,1236,2442801
2011-12-09,1235.5,1260.5,1228.5,1258.75,1143695
2011-12-12,1256,1260.5,1226,1235.25,908998
2011-12-13,1229.25,1244,1212.5,1220.25,3108499
2011-12-14,1219.75,1226.5,1202.5,1206.25,2855128
2011-12-15,1206.25,1220.5,1198,1211.75,2299656
2011-12-16,1212.25,1225,1208.25,1211,2189561
2011-12-19,1212,1219.75,1195.5,1199,1683745
2011-12-20,1199,1237.25,1198.75,1236,1825749
2011-12-21,1236,1249,1223,1236.25,1986543
2011-12-22,1236,1251,1232.25,1249,1333614
2011-12-23,1249.5,1260.75,1248.75,1260.25,693965
2011-12-26,1260.5,1264,1256,1260.25,508261
2011-12-27,1260.5,1264,1256,1260.25,508261
2011-12-28,1260,1264.5,1243,1244.5,1013536
2011-12-29,1244,1258.5,1243.75,1257.5,878740
2011-12-30,1256.75,1260.5,1250.75,1252.5,692364
2012-01-02,1274.75,1280,1270.25,1272,1565370
2012-01-03,1274.75,1280,1270.25,1272,1565370
2012-01-04,1272,1274.75,1262.75,1273,1419339
2012-01-05,1273.25,1278,1259.75,1273,1819520
2012-01-06,1273.25,1282.25,1266.75,1274.25,1691991
2012-01-09,1274.75,1277.75,1267.25,1275.5,1438170
2012-01-10,1275,1292,1274.5,1286,1531383
2012-01-11,1286,1289.5,1279.25,1288.25,1800297
2012-01-12,1288.25,1297.5,1280.75,1291.75,1755528
2012-01-13,1292,1295,1272.75,1289,2115831
2012-01-16,1285.25,1302.5,1281.25,1289.25,1837834
2012-01-17,1285.25,1302.5,1281.25,1289.25,1837834
2012-01-18,1289,1304.25,1286.5,1302.25,2008751
2012-01-19,1302.75,1311.5,1299.25,1310.5,1837168
2012-01-20,1310,1311.75,1304.75,1310.75,1420429
2012-01-23,1307.5,1318.25,1305,1311,1609178
2012-01-24,1311.25,1311.75,1301.5,1311.5,1478167
2012-01-25,1311.25,1324.75,1303,1320.25,1973502
2012-01-26,1320.75,1329.75,1309.25,1315.25,2012742
2012-01-27,1314.75,1319.25,1307,1312.5,1730821
2012-01-30,1314,1314.5,1296,1309,1710571
2012-01-31,1309,1317.5,1302.25,1308.25,1894426
2012-02-01,1307.75,1327,1303.75,1319.75,1904608
2012-02-02,1320.25,1326,1317,1322.75,1357576
2012-02-03,1322.75,1342,1320,1339,1710648
2012-02-06,1336.5,1340.5,1330.25,1339,1196876
2012-02-07,1339,1345.75,1331.75,1344.75,1498861
2012-02-08,1344.25,1348.25,1338.25,1347,1540962
2012-02-09,1347,1352.75,1340.75,1348.25,1755116
2012-02-10,1348,1348.25,1333.75,1340.5,1713982
2012-02-13,1347.25,1352.25,1342.75,1349,1235174
2012-02-14,1349.25,1352,1337.75,1347.75,1739688
2012-02-15,1347.5,1358,1338,1342.25,2282387
2012-02-16,1341.75,1357.25,1334.25,1354.75,1962084
2012-02-17,1354.75,1361.25,1353,1359.75,1250939
2012-02-20,1366.75,1369.5,1355.75,1360,1584418
2012-02-21,1366.75,1369.5,1355.75,1360,1584418
2012-02-22,1359.75,1364,1353,1356,1439240
2012-02-23,1356,1363.75,1350.25,1363,1602052
2012-02-24,1363,1368.5,1361.5,1363.25,1165825
2012-02-27,1363.25,1370.75,1353,1367.25,1662699
2012-02-28,1367.25,1373.75,1364.5,1371.5,1540432
2012-02-29,1371.25,1377.25,1356.75,1364.5,2280683
2012-03-01,1362.25,1375.25,1358.75,1374.5,1966089
2012-03-02,1374.5,1377,1365,1368.75,1458860
2012-03-05,1367.25,1369.5,1358,1364.5,1535936
2012-03-06,1364,1365.75,1338.5,1342,2450910
2012-03-07,1341.5,1354.25,1341.25,1352.75,1893777
2012-03-08,1352.75,1368.5,1350.5,1366.5,1832191
2012-03-09,1366.25,1374.5,1363.25,1372.5,1063406
2012-03-12,1372.75,1372.75,1366,1372.5,905373
2012-03-13,1366.75,1391.25,1366,1390.75,2743994
2012-03-14,1390.5,1394.25,1384.25,1388.75,2095321
2012-03-15,1388.25,1397.5,1384.75,1396,1953864
2012-03-16,1395.75,1400.5,1394,1398.5,1384158
2012-03-19,1397.25,1408,1393.5,1404,1525304
2012-03-20,1404,1405,1391.75,1400,1583682
2012-03-21,1400,1405.75,1394.25,1397.5,1533579
2012-03-22,1397.75,1400.75,1382.5,1389,1682418
2012-03-23,1389,1395.25,1380.5,1394,1559341
2012-03-26,1393.75,1415.5,1392.5,1415,1456063
2012-03-27,1415,1419.75,1406,1406.5,1251826
2012-03-28,1406.25,1412.25,1392,1400.25,1759121
2012-03-29,1399.5,1404,1386.25,1398.25,1827754
2012-03-30,1398,1406.25,1395.75,1403.25,1619524
2012-04-02,1407.25,1417.75,1399,1412.5,1718652
2012-04-03,1412,1414.25,1399.5,1408.75,1673086
2012-04-04,1409,1409,1388.5,1393.25,1834777
2012-04-05,1393.25,1397.75,1384,1390.25,1539342
2012-04-06,1390.5,1394.75,1372,1390.25,198499
2012-04-09,1375,1382.75,1371.75,1375,1083274
2012-04-10,1374.25,1380.75,1352.5,1357,2522310
2012-04-11,1357.75,1370.5,1357.5,1364,1739768
2012-04-12,1364.25,1386.25,1363.25,1386,1852924
2012-04-13,1385.75,1388.5,1363.75,1365,1936470
2012-04-16,1366,1375.25,1360.5,1364,1959799
2012-04-17,1364.25,1388.75,1359.25,1383.5,1848818
2012-04-18,1383.75,1386.75,1377.75,1378.25,1848236
2012-04-19,1378.75,1390,1365.5,1372.5,2631716
2012-04-20,1373.75,1383.25,1371.25,1375.25,1808442
2012-04-23,1372.25,1374.75,1354,1362.75,1848613
2012-04-24,1363,1371.25,1361,1370,1440903
2012-04-25,1370.75,1387.75,1369.5,1387.25,1827484
2012-04-26,1387.25,1398.25,1381,1396.75,1666603
2012-04-27,1396.75,1403,1386.5,1398.5,1616584
2012-04-30,1400.25,1402.5,1389.75,1393.5,1322300
2012-05-01,1394.25,1411.75,1391.25,1400.5,1305665
2012-05-02,1400.5,1404.75,1389.25,1397.5,1682321
2012-05-03,1397.5,1402.75,1384.5,1386,1761579
2012-05-04,1386.5,1389,1361.5,1362.5,2076198
2012-05-07,1354,1370.25,1342.5,1365.75,1610579
2012-05-08,1365.25,1368,1343.75,1358.5,2307638
2012-05-09,1359,1360.75,1339.25,1351,2523438
2012-05-10,1351.25,1363.75,1345.75,1357.5,1839321
2012-05-11,1357.5,1363.25,1344,1350,1840516
2012-05-14,1346,1351,1333.25,1334,1912994
2012-05-15,1334.5,1347,1325.5,1328.25,2402932
2012-05-16,1328.75,1339.75,1320.75,1322.5,2282620
2012-05-17,1323,1330.75,1300.5,1301.25,2906203
2012-05-18,1302,1310.5,1289.75,1290.75,2816411
2012-05-21,1291.75,1316,1287.25,1315.75,2051007
2012-05-22,1315.25,1326.5,1307.5,1314.75,2449269
2012-05-23,1315.5,1319,1294,1315.75,2555222
2012-05-24,1315.75,1323.5,1306,1322.5,2171218
2012-05-25,1322.5,1329.75,1312,1315,1521622
2012-05-28,1322,1334.25,1317.5,1333.5,2236090
2012-05-29,1322,1334.25,1317.5,1333.5,2236090
2012-05-30,1333.5,1334.25,1308,1308.5,2313731
2012-05-31,1309,1319,1297.25,1309.25,2746687
2012-06-01,1306.25,1307.5,1273.5,1274,3278646
2012-06-04,1275,1281.5,1262,1273,2338973
2012-06-05,1273.25,1286.75,1267.5,1285,2035780
2012-06-06,1285.25,1315.75,1283,1315.5,2836135
2012-06-07,1315.25,1329.5,1312,1316.75,2584043
2012-06-08,1316.25,1329.5,1305.5,1328.75,1334158
2012-06-11,1342,1349,1306.25,1307,1171558
2012-06-12,1301,1320.5,1297,1320,2900941
2012-06-13,1319.75,1321.25,1303.5,1308.75,2566739
2012-06-14,1309,1327.75,1305.25,1326.25,2808502
2012-06-15,1325.25,1338.5,1324.5,1337.5,1817397
2012-06-18,1345.25,1347.5,1327.25,1341,2074890
2012-06-19,1340.75,1357,1336.5,1350.5,1772340
2012-06-20,1350,1355.5,1338.75,1350.75,2364882
2012-06-21,1350.75,1353.25,1317.5,1318.25,2713717
2012-06-22,1318.5,1331.75,1318.25,1326.75,1859289
2012-06-25,1325.5,1326.5,1302.5,1306.5,1843892
2012-06-26,1306.75,1318,1303.25,1315.5,1810328
2012-06-27,1315.75,1328.5,1312,1325.5,1615882
2012-06-28,1325.75,1327.75,1306.75,1322.5,2291307
2012-06-29,1322,1359.5,1316,1356.5,2488982
2012-07-02,1358.75,1362.25,1349.5,1357.5,1688137
2012-07-03,1358.25,1369.5,1355.25,1368,1047073
2012-07-04,1366.5,1375,1357,1361.5,1885277
2012-07-05,1366.5,1375,1357,1361.5,1885277
2012-07-06,1361.5,1364,1342.25,1351.75,1955639
2012-07-09,1349.25,1350.25,1341,1349.25,1473739
2012-07-10,1349,1356.5,1330.5,1335.5,2020477
2012-07-11,1335,1342.5,1327.75,1336.25,1912327
2012-07-12,1336.5,1339.5,1319.75,1329.25,1904895
2012-07-13,1329.25,1353.25,1328.75,1351.75,1758931
2012-07-16,1351.25,1352.5,1343,1347.5,1547166
2012-07-17,1347.25,1360.5,1339.25,1358.5,1970476
2012-07-18,1358.5,1370.5,1352.5,1367.25,1797575
2012-07-19,1367.25,1376,1366,1372,1743124
2012-07-20,1371.5,1372,1357,1358.25,1800661
2012-07-23,1355.5,1356.75,1332,1343.75,2078031
2012-07-24,1343.75,1346.5,1323.75,1329.5,2115725
2012-07-25,1331,1340,1321.25,1335,1840501
2012-07-26,1334.75,1358.75,1327.75,1354.75,2275727
2012-07-27,1354.75,1385,1352.75,1382.5,2495356
2012-07-30,1379.25,1387.5,1375.75,1380.5,1486890
2012-07-31,1380,1386.5,1371,1374.5,1774241
2012-08-01,1372,1381.5,1367.75,1370.5,1800024
2012-08-02,1370,1383,1349.25,1362,2835526
2012-08-03,1362.25,1390.5,1360,1389,1945915
2012-08-06,1390.25,1395.75,1387.25,1390,1171977
2012-08-07,1390,1403.25,1387.5,1397,1459898
2012-08-08,1396.5,1400.25,1390.5,1398.25,1227991
2012-08-09,1398.5,1403.75,1393.75,1400.5,1179356
2012-08-10,1400.25,1402.75,1392,1402.5,1246593
2012-08-13,1400.5,1404,1394.25,1402.5,1202738
2012-08-14,1402,1409.5,1397.25,1401.5,1435083
2012-08-15,1401.25,1405.75,1397,1403.5,1103484
2012-08-16,1403.5,1415.5,1401.75,1413,1495429
2012-08-17,1413.75,1416.75,1410.75,1415.25,1139564
2012-08-20,1415,1418,1409.5,1414.75,1110701
2012-08-21,1414.75,1424.75,1408,1412.5,1731248
2012-08-22,1412.75,1414.25,1404.25,1412.25,1675386
2012-08-23,1412.25,1418,1398,1400,1592212
2012-08-24,1399.75,1412,1395.25,1409.75,1572472
2012-08-27,1410,1416,1407,1408.25,932096
2012-08-28,1408.25,1412,1403.25,1407.75,1210117
2012-08-29,1407.25,1412.5,1404.75,1407.25,959745
2012-08-30,1407,1407.75,1395.25,1397,1217187
2012-08-31,1397,1412.25,1395.5,1405,2046718
2012-09-03,1406.25,1409.5,1394.5,1406,1680397
2012-09-04,1406.25,1409.5,1394.5,1406,1680397
2012-09-05,1406.25,1408.25,1397.25,1403.5,1429039
2012-09-06,1403.5,1432.25,1403.25,1431,2040626
2012-09-07,1431,1438.75,1430.5,1438.25,1472193
2012-09-10,1436.75,1438,1425.75,1426.5,1096739
2012-09-11,1425.5,1437.5,1421.5,1430.5,1430082
2012-09-12,1430.5,1440.25,1428.5,1439.5,1725227
2012-09-13,1438.25,1464.25,1435,1457.25,2603518
2012-09-14,1456.5,1474.75,1456.5,1465.75,1291449
2012-09-17,1465.75,1465.75,1457.5,1460.75,676512
2012-09-18,1454,1456.25,1449,1453,1821180
2012-09-19,1453.25,1459.25,1451.25,1453.25,1658342
2012-09-20,1453.5,1455,1443.5,1453.75,1744200
2012-09-21,1454.25,1462.25,1450.5,1452,1605312
2012-09-24,1450.25,1454.5,1444.75,1451.5,1261245
2012-09-25,1451.75,1457,1435,1437.25,1813743
2012-09-26,1436.75,1439.75,1424,1427,1793271
2012-09-27,1427.5,1444.5,1427.5,1441,1754826
2012-09-28,1441,1443.5,1429,1434.25,2101935
2012-10-01,1432.75,1451.5,1427.75,1437,1903230
2012-10-02,1436.5,1446,1432.25,1441,1610265
2012-10-03,1440.25,1448.75,1435.5,1444.75,1553817
2012-10-04,1444,1457.75,1444,1455.75,1566715
2012-10-05,1455.75,1466,1451.25,1455.5,1681666
2012-10-08,1457.25,1457.25,1447.5,1449.75,961596
2012-10-09,1449.75,1454.5,1435.25,1436,1956139
2012-10-10,1437,1437.75,1425,1426.25,1672672
2012-10-11,1425.75,1439.25,1421.25,1428.5,1585045
2012-10-12,1428.25,1434.5,1420,1421.5,1624836
2012-10-15,1423.5,1436.5,1416.5,1435.5,1525436
2012-10-16,1436,1451.5,1434.5,1449.25,1622289
2012-10-17,1449.25,1457.75,1446.25,1457,1534392
2012-10-18,1457,1459.75,1447.75,1451.5,1805949
2012-10-19,1451.25,1453.5,1423.5,1424,2400959
2012-10-22,1424.5,1431.25,1416.75,1430,1777803
2012-10-23,1430.75,1433.25,1402,1406.75,2303989
2012-10-24,1406.5,1415,1401.75,1405.25,1756752
2012-10-25,1406.25,1416.75,1399.5,1408.25,1808585
2012-10-26,1409.75,1412.5,1394.5,1407.5,2089898
2012-10-29,1406.25,1407.5,1397,1407.5,181669
2012-10-30,1399.25,1412.25,1393,1407.5,178848
2012-10-31,1412.5,1418.25,1400.5,1406.75,1775915
2012-11-01,1402,1425,1398.5,1423.25,1705976
2012-11-02,1423.25,1431.5,1405,1405.5,2089006
2012-11-05,1402.75,1415.5,1402.5,1412,1388947
2012-11-06,1411,1429.25,1409.75,1425.25,1481236
2012-11-07,1425,1431.75,1384,1389,3199570
2012-11-08,1390.25,1397.5,1372.5,1375.25,2615376
2012-11-09,1375.75,1388,1363.5,1375.75,2549324
2012-11-12,1375.25,1381.75,1372.5,1378.25,1138665
2012-11-13,1378.25,1386.25,1365.75,1371,1950603
2012-11-14,1373.25,1381.75,1349.5,1353,2448722
2012-11-15,1354,1359,1345.25,1351.25,2416674
2012-11-16,1351.5,1360.5,1340.25,1359.75,2605521
2012-11-19,1360.75,1385.75,1360.25,1382.5,1741462
2012-11-20,1380,1387.5,1374,1386.25,1548714
2012-11-21,1386,1389.75,1377,1388.25,1068642
2012-11-22,1389,1407.5,1387.25,1405.25,913304
2012-11-23,1389,1407.5,1387.25,1405.25,913304
2012-11-26,1403.25,1405,1395,1403.25,1220715
2012-11-27,1404,1407.75,1395.5,1397.5,1639215
2012-11-28,1397.5,1408.75,1383,1407,2128449
2012-11-29,1406.75,1418.5,1404.5,1415.75,1877829
2012-11-30,1411.5,1419.5,1409.75,1414.5,1686640
2012-12-03,1413.25,1424,1404.5,1407,1652126
2012-12-04,1406,1411.75,1401.5,1405.5,1619569
2012-12-05,1402.75,1414.75,1396.75,1408.25,2045099
2012-12-06,1406.5,1413.5,1404,1413,1382373
2012-12-07,1412.25,1422.25,1408.5,1416,1772166
2012-12-10,1416,1421,1410.75,1420.25,1136090
2012-12-11,1417.5,1434.25,1415,1431.5,1772202
2012-12-12,1431.25,1438.75,1425.75,1427.25,1833412
2012-12-13,1425.75,1431.5,1415.75,1418,1950507
2012-12-14,1416.75,1425.5,1411.5,1415,1043852
2012-12-17,1421.25,1434.25,1415,1432.5,856691
2012-12-18,1428.25,1443.5,1425.25,1441,2497775
2012-12-19,1440.5,1446,1428.25,1433,2013922
2012-12-20,1429,1441.25,1427.25,1440.5,1647010
2012-12-21,1441,1441.25,1391.25,1426,2112856
2012-12-24,1424.25,1424.5,1417.5,1419.75,318126
2012-12-25,1424,1425.5,1410.75,1413.5,578176
2012-12-26,1424,1425.5,1410.75,1413.5,578176
2012-12-27,1413.25,1418.5,1396,1410.75,1470310
2012-12-28,1413.25,1416.75,1382.25,1384,1061849
2012-12-31,1388.25,1425.75,1383.5,1420,1480199
2013-01-01,1443,1458,1438.25,1457,1939767
2013-01-02,1443,1458,1438.25,1457,1939767
2013-01-03,1456,1460.5,1450,1453.5,1598235
2013-01-04,1454,1463,1451.25,1457.75,1514786
2013-01-07,1460.25,1460.75,1450.75,1455.75,1199834
2013-01-08,1456.75,1457,1446,1452.25,1366996
2013-01-09,1451.5,1459.5,1451.25,1455.75,1193627
2013-01-10,1456.5,1470.25,1454.75,1467,1540850
2013-01-11,1469.75,1471.5,1462.25,1467.25,1150333
2013-01-14,1466.75,1471.25,1460.25,1464.25,1168502
2013-01-15,1465,1468.25,1456.5,1465.25,1324056
2013-01-16,1467,1469,1460,1465.5,1232690
2013-01-17,1465,1480.5,1460.5,1475.75,1745053
2013-01-18,1475.5,1481,1470.5,1479,1487277
2013-01-21,1478,1491.5,1475,1489.5,1474784
2013-01-22,1478,1491.5,1475,1489.5,1474784
2013-01-23,1490.5,1491.25,1484.5,1490.25,1192172
2013-01-24,1483.25,1497.75,1482.75,1491.75,1828454
2013-01-25,1487.75,1499.25,1486.75,1495.75,1591858
2013-01-28,1495.75,1500,1491.25,1497,1206900
2013-01-29,1495.5,1505.75,1491,1505,1500028
2013-01-30,1505,1506,1493.5,1495.25,1798387
2013-01-31,1494.25,1500,1491.25,1493.25,1639166
2013-02-01,1496,1510.5,1495.75,1506.75,1779718
2013-02-04,1508,1508.5,1490.25,1493.5,1765571
2013-02-05,1492.5,1511,1492.25,1506,1741970
2013-02-06,1507.25,1510.25,1499,1506.75,1753717
2013-02-07,1507.25,1511,1494.5,1505.25,1960681
2013-02-08,1505,1515,1503.75,1512.5,1428025
2013-02-11,1513.5,1517,1509.75,1513,1229917
2013-02-12,1512.5,1519,1508.5,1516.25,1258561
2013-02-13,1517.5,1522,1513,1517.25,1269215
2013-02-14,1516.25,1520.75,1510,1518.5,1369303
2013-02-15,1518.75,1521.75,1511.25,1517,1732853
2013-02-18,1516,1529,1515.25,1528,1498369
2013-02-19,1516,1529,1515.25,1528,1498369
2013-02-20,1528.75,1530,1506.5,1507,2018732
2013-02-21,1507.75,1509.75,1495,1501,2510874
2013-02-22,1502.25,1515,1502,1514.5,1763806
2013-02-25,1515.5,1524.5,1481.75,1487.25,3093507
2013-02-26,1485.5,1497.75,1482.75,1492.5,2933833
2013-02-27,1493.25,1519.25,1490,1515.75,2458935
2013-02-28,1516.25,1524.5,1508.75,1513.25,2199825
2013-03-01,1512.5,1519,1499.5,1516.5,2545008
2013-03-04,1514.75,1527.5,1507,1525.75,1980880
2013-03-05,1526.75,1542.75,1524.5,1537,2368997
2013-03-06,1539,1544.75,1537,1539,2091010
2013-03-07,1539.75,1545.5,1537.5,1542.75,1673556
2013-03-08,1542.75,1553.5,1540.25,1549.5,1136905
2013-03-11,1547.25,1557.25,1545.5,1556,755669
2013-03-12,1551.5,1551.5,1541.75,1546.75,2086724
2013-03-13,1547.75,1551.25,1542.25,1550,1653624
2013-03-14,1550.75,1557.25,1549,1556,1528894
2013-03-15,1554.5,1558.75,1549,1553.5,1699828
2013-03-18,1544,1552.5,1529.5,1546.75,2193099
2013-03-19,1547.25,1551.25,1531.75,1542.25,2546167
2013-03-20,1539.25,1555.75,1536.5,1549,1802214
2013-03-21,1549.5,1550.75,1536.5,1539,1904151
2013-03-22,1538.5,1554,1535,1552,1579747
2013-03-25,1550,1560.5,1539,1547,2254735
2013-03-26,1548.25,1558.75,1546.75,1557.25,1594034
2013-03-27,1558.25,1560.5,1545.75,1556.75,1569031
2013-03-28,1556.75,1564.5,1549.75,1562.75,1627305
2013-04-01,1563,1565,1552.5,1556,1135817
2013-04-02,1556.25,1568,1554.25,1564.5,1609532
2013-04-03,1566,1567.75,1544,1548.5,2269317
2013-04-04,1548.5,1557.5,1546,1554.5,2004726
2013-04-05,1554.75,1555.25,1533.25,1546,2269710
2013-04-08,1545.5,1562.75,1543,1559.25,1444510
2013-04-09,1560.75,1569,1555.5,1563.25,1632380
2013-04-10,1563.75,1584.5,1561,1582.75,2034329
2013-04-11,1583.5,1593,1580.75,1587.75,1723235
2013-04-12,1588.25,1589.75,1575,1582,1809731
2013-04-15,1582.25,1583,1538.75,1543.5,2854380
2013-04-16,1542.5,1570.75,1542.25,1568.75,2252603
2013-04-17,1569.25,1569.5,1538,1546,2968750
2013-04-18,1544.5,1553.5,1530.75,1534,2316865
2013-04-19,1537,1550.75,1535.25,1547.5,1879483
2013-04-22,1548.5,1561,1542.75,1556,1594693
2013-04-23,1557.25,1577,1548.75,1573.5,2108112
2013-04-24,1573.5,1579,1570.75,1574,1421896
2013-04-25,1573,1588.25,1570.75,1581.75,1595167
2013-04-26,1581.5,1582.5,1572.5,1576.5,1335027
2013-04-29,1576.25,1592.25,1573.75,1588.25,1234877
2013-04-30,1588.5,1594.25,1581.25,1592.25,1555013
2013-05-01,1593.75,1595.5,1576,1577.25,1467806
2013-05-02,1579.25,1594.25,1578.75,1592.25,1652820
2013-05-03,1592.25,1614.25,1589.5,1608.5,1936845
2013-05-06,1608.25,1615.25,1607.25,1613.5,963963
2013-05-07,1612.5,1621.75,1609.25,1620.5,1507222
2013-05-08,1620.75,1629.5,1617,1628.75,1593279
2013-05-09,1628.25,1632.25,1620,1624.5,1825700
2013-05-10,1626,1631,1620.25,1629.5,1641619
2013-05-13,1625.5,1633.25,1621.5,1630.75,1328925
2013-05-14,1630.75,1648.75,1626.5,1648,2018666
2013-05-15,1647.5,1659.75,1642.75,1654.25,2123306
2013-05-16,1655.25,1658.75,1646,1648,1920088
2013-05-17,1649.5,1665.75,1648.25,1663,1923927
2013-05-20,1662.5,1670.75,1659.75,1664.5,1749840
2013-05-21,1663.5,1673.25,1660,1665.5,1694697
2013-05-22,1665.75,1685.75,1646.5,1655.5,2970647
2013-05-23,1657.5,1659,1632.75,1650,2681434
2013-05-24,1651.25,1655.25,1634.5,1650.5,1950868
2013-05-27,1650,1672.75,1644.25,1654.5,2091551
2013-05-28,1650,1672.75,1644.25,1654.5,2091551
2013-05-29,1654.25,1656.75,1638,1647,2129262
2013-05-30,1646.5,1660.75,1641,1653.5,1773923
2013-05-31,1653.75,1658,1626.25,1629,2559471
2013-06-03,1629.5,1639,1620.75,1636.25,2530617
2013-06-04,1635.75,1645.75,1621.5,1631.25,2173999
2013-06-05,1629.25,1632.25,1605.5,1608,2648546
2013-06-06,1608.5,1624.25,1596.5,1622.75,2796168
2013-06-07,1622,1644,1618,1638.5,2382985
2013-06-10,1636.5,1648.5,1634.5,1642,1820611
2013-06-11,1642,1642.5,1621.5,1627,2590976
2013-06-12,1627.5,1638.25,1609.5,1610,2600131
2013-06-13,1610.75,1639.5,1597.5,1636.75,2359119
2013-06-14,1637.75,1640.75,1623.25,1624.25,1040616
2013-06-17,1624.5,1646.75,1624,1639.75,893732
2013-06-18,1634.75,1648.75,1632.25,1645.25,1770819
2013-06-19,1646.5,1649,1620.25,1623.75,2369632
2013-06-20,1620.75,1623,1577,1584,3637001
2013-06-21,1584.25,1597.25,1570.5,1584,2982380
2013-06-24,1583.75,1586.25,1553.25,1566.25,2848089
2013-06-25,1566.5,1587.75,1558.25,1581.5,2020973
2013-06-26,1580.25,1601.25,1573,1595.5,1731510
2013-06-27,1596.75,1614.25,1594.75,1606.5,1601032
2013-06-28,1606.25,1614.5,1594.25,1599.25,2143749
2013-07-01,1600.25,1620.5,1593.25,1606.75,1551011
2013-07-02,1606.75,1618.5,1600.25,1607.25,1670998
2013-07-03,1607,1613,1594,1609,1031771
2013-07-04,1609,1630.75,1608.25,1627.25,1721212
2013-07-05,1609,1630.75,1608.25,1627.25,1721212
2013-07-08,1628.5,1639.5,1626,1635.5,1317337
2013-07-09,1636.75,1649,1635.75,1645.5,1281034
2013-07-10,1647,1658.75,1641.25,1648.5,1460004
2013-07-11,1658.25,1671.75,1657.5,1670,1457417
2013-07-12,1669,1674.25,1666.25,1670.25,1144481
2013-07-15,1670,1679.5,1669.75,1677.5,911484
2013-07-16,1677.75,1679.5,1666.5,1671.25,1171424
2013-07-17,1671.75,1680.5,1665.75,1675.5,1413187
2013-07-18,1676.75,1688.5,1671.75,1680.5,1355890
2013-07-19,1680,1690.5,1675.25,1689.5,1145886
2013-07-22,1690,1694.25,1685.5,1690.25,900143
2013-07-23,1690.5,1695.5,1686,1688.25,979783
2013-07-24,1689.5,1695.25,1677.25,1683.75,1508386
2013-07-25,1684,1686.5,1671.75,1684,1425052
2013-07-26,1685.75,1689,1670.5,1686.5,1400373
2013-07-29,1686.5,1688,1676.5,1682.5,1100568
2013-07-30,1682.25,1688.5,1677.25,1684.75,1318504
2013-07-31,1684,1694,1680.25,1680.5,1981532
2013-08-01,1685.5,1703.75,1684.5,1700.25,1517822
2013-08-02,1702.25,1705,1695.75,1704,1216474
2013-08-05,1702.75,1705,1698.75,1702.5,856742
2013-08-06,1701.25,1703.5,1688.75,1694,1273487
2013-08-07,1692.75,1693.5,1680.5,1688.25,1384518
2013-08-08,1688.75,1697,1684.5,1693.75,1522504
2013-08-09,1694,1696.25,1682.5,1686.25,1662642
2013-08-12,1685,1688.5,1675.25,1687,1251215
2013-08-13,1688,1694.5,1679.25,1690.75,1604935
2013-08-14,1691.5,1693.25,1681,1682,1504592
2013-08-15,1680.5,1682,1654.25,1655.75,2399533
2013-08-16,1654.75,1662,1649.5,1651,1739935
2013-08-19,1651,1657,1642.25,1645,1468577
2013-08-20,1644.25,1656.75,1641,1650.5,1582327
2013-08-21,1651,1654.75,1634,1636.5,2121839
2013-08-22,1635,1657.75,1631.5,1654.75,1556777
2013-08-23,1655.5,1662.75,1650.5,1661.5,1307807
2013-08-26,1660.75,1667.5,1653.25,1654.25,1213990
2013-08-27,1654.5,1655.5,1626.25,1628.25,2249547
2013-08-28,1628.25,1639.25,1624.75,1632.25,1652221
2013-08-29,1630.5,1644.75,1627.75,1636.75,1743635
2013-08-30,1639,1645,1625.5,1631.25,1932571
2013-09-02,1640.25,1650,1630.75,1639,2318259
2013-09-03,1640.25,1650,1630.75,1639,2318259
2013-09-04,1638,1655.25,1635,1653.5,1638385
2013-09-05,1654.75,1658.25,1650.5,1653,1254398
2013-09-06,1652,1664,1638.75,1653.5,2582191
2013-09-09,1652,1671.75,1652,1669,1483598
2013-09-10,1671,1683.25,1669,1682.5,1849907
2013-09-11,1682.25,1690.5,1677.75,1688.75,1843965
2013-09-12,1689.75,1690,1681.25,1685,1354307
2013-09-13,1684.75,1690.5,1680.5,1688.5,762611
2013-09-16,1698.5,1710.5,1694.75,1698,1005353
2013-09-17,1689,1699.75,1687.75,1698.25,1448771
2013-09-18,1699.25,1723.25,1693.25,1717.75,2330607
2013-09-19,1718.5,1726.75,1713.25,1717.5,1860579
2013-09-20,1717.25,1719.5,1701.25,1702.5,1767531
2013-09-23,1706.5,1707.5,1689.5,1692.75,1671968
2013-09-24,1693.25,1701,1687.5,1692.5,1501832
2013-09-25,1692.25,1695,1684.5,1685.75,1639285
2013-09-26,1686.5,1697.5,1685.75,1692.5,1466733
2013-09-27,1694.5,1695.5,1680,1686.5,1432245
2013-09-30,1675,1681,1666.75,1674.25,2151896
2013-10-01,1678.5,1692.25,1675.25,1689.5,1762715
2013-10-02,1691.5,1691.75,1673.25,1683,1702460
2013-10-03,1683,1684.75,1663.25,1669.75,2263290
2013-10-04,1668,1686,1667.5,1684.75,1512965
2013-10-07,1676.75,1679.5,1666.5,1667.75,1599803
2013-10-08,1667,1671.5,1646,1650.5,2352160
2013-10-09,1648,1658.25,1640,1648.75,2485975
2013-10-10,1648.5,1687.75,1648,1685,2287318
2013-10-11,1683,1700.25,1673,1699,1558254
2013-10-14,1684,1706.75,1680.75,1704.25,1509558
2013-10-15,1706.25,1709.75,1689.5,1692,1872624
2013-10-16,1694.25,1717,1691.25,1713.25,1797067
2013-10-17,1712,1728.75,1706.25,1727.75,1669215
2013-10-18,1727.5,1740.25,1727,1736.5,1537541
2013-10-21,1738,1742.5,1734.75,1738.25,1138916
2013-10-22,1737.75,1754.5,1736,1749.5,1844860
2013-10-23,1749.5,1749.5,1734.5,1741.75,1520034
2013-10-24,1742.75,1751.75,1740,1748.5,1252875
2013-10-25,1748,1755.75,1742.75,1754,1253456
2013-10-28,1753.75,1762.25,1751.5,1759,1157924
2013-10-29,1759,1768.75,1754.5,1767.5,1189498
2013-10-30,1768.25,1773.25,1751.75,1760.5,1778748
2013-10-31,1757.75,1764,1750.25,1751,1885721
2013-11-01,1755.5,1761.25,1747,1754.75,1602379
2013-11-04,1754,1764,1753.25,1763,1005972
2013-11-05,1762.75,1764,1750.5,1756.5,1479362
2013-11-06,1757.25,1770,1755.75,1765.5,1322195
2013-11-07,1763.75,1774.5,1742.25,1745.25,2463701
2013-11-08,1744.75,1768,1736.5,1766,2071703
2013-11-11,1767,1770.25,1762.75,1767.5,960010
2013-11-12,1767.75,1769.75,1758.5,1765,1419105
2013-11-13,1764.75,1782.25,1754.25,1778.75,1682642
2013-11-14,1779.75,1789,1777.25,1787.75,1584763
2013-11-15,1787.75,1796,1786.5,1793.5,1227567
2013-11-18,1793.5,1799.75,1784.75,1788.75,1559073
2013-11-19,1789.5,1793.75,1782,1785.25,1587851
2013-11-20,1785.5,1794.25,1774.5,1779.75,2066306
2013-11-21,1779.5,1795.5,1775.75,1793.75,1390391
2013-11-22,1793.25,1803.25,1792,1801.25,1240120
2013-11-25,1802,1809.25,1798.5,1802.5,1114352
2013-11-26,1801.25,1807,1798.75,1802,1095564
2013-11-27,1802,1807.5,1801.25,1804.25,849593
2013-11-28,1804.5,1812.5,1802.75,1804,818602
2013-11-29,1804.5,1812.5,1802.75,1804,818602
2013-12-02,1806.25,1809,1797,1799.75,1330983
2013-12-03,1800.25,1801.75,1786.25,1791.5,1727930
2013-12-04,1792,1799.5,1777.75,1791.75,2107738
2013-12-05,1792.5,1794.25,1782,1784,1576138
2013-12-06,1784.5,1806,1784.25,1805,1757106
2013-12-09,1806.5,1811.5,1804.75,1809,1060287
2013-12-10,1809.25,1811.5,1801,1803,1174676
2013-12-11,1804.25,1808,1779.25,1780.75,2004200
2013-12-12,1780.75,1784,1771.75,1775,1833127
2013-12-13,1773.5,1783,1771.75,1774.75,994289
2013-12-16,1774.75,1792.5,1760.25,1786.5,869476
2013-12-17,1778.25,1782.5,1770.25,1773,1826251
2013-12-18,1772,1806.75,1760.75,1804.75,2702375
2013-12-19,1804,1806.75,1795,1802,1516505
2013-12-20,1802.5,1818,1802.5,1814.5,1356110
2013-12-23,1817,1824.5,1816.75,1822.75,737153
2013-12-24,1822.75,1829.5,1820.5,1829,314408
2013-12-25,1830,1837.75,1829.75,1836.5,438937
2013-12-26,1830,1837.75,1829.75,1836.5,438937
2013-12-27,1836.5,1840,1833.25,1836.5,622702
2013-12-30,1836,1838.5,1833.5,1834.75,581577
2013-12-31,1835.5,1846.5,1834.25,1841,653055
2014-01-01,1837.75,1840.75,1821.75,1826.5,1243227
2014-01-02,1837.75,1840.75,1821.75,1826.5,1243227
2014-01-03,1827.25,1833,1820.5,1825.5,961601
2014-01-06,1824,1832.5,1817.25,1820.75,1369207
2014-01-07,1819.75,1834.75,1819.5,1830.75,1162443
2014-01-08,1830.75,1834.75,1825.5,1832.5,1330414
2014-01-09,1831.75,1839,1824.25,1833,1324605
2014-01-10,1833.25,1842.5,1826.25,1837.75,1455887
2014-01-13,1838.5,1838.75,1809.5,1815,1710408
2014-01-14,1815.75,1834.25,1812.75,1833,1595178
2014-01-15,1833,1845.75,1831.5,1841.5,1260095
2014-01-16,1841.5,1843.75,1834.5,1836.25,952497
2014-01-17,1838,1842.75,1829.25,1834.25,1182782
2014-01-20,1834,1844,1826.25,1838.5,1329662
2014-01-21,1834,1844,1826.25,1838.5,1329662
2014-01-22,1837.5,1843.25,1834.75,1838.5,941604
2014-01-23,1839,1844,1813.75,1824.25,1815516
2014-01-24,1824,1828,1780,1782,2566321
2014-01-27,1781.75,1792,1767,1775.75,2776036
2014-01-28,1771.25,1797,1771,1788.25,1726338
2014-01-29,1796,1801.25,1764,1771.25,2740741
2014-01-30,1770,1793.75,1767.75,1781.25,1824579
2014-01-31,1783.5,1788.25,1761.25,1776.5,2389820
2014-02-03,1777.5,1783.75,1732.25,1732.75,3026524
2014-02-04,1738.25,1753.5,1734,1743.75,2325416
2014-02-05,1744.25,1750.75,1732,1744,2075514
2014-02-06,1744.75,1769.75,1744,1766.5,1739245
2014-02-07,1768,1794,1758.25,1793.5,2344919
2014-02-10,1793,1796,1786.25,1794.75,1148560
2014-02-11,1795.25,1819.5,1794.25,1813.5,1764385
2014-02-12,1813.25,1823.25,1811.25,1817,1385941
2014-02-13,1816.75,1827,1802.25,1824.25,1645236
2014-02-14,1823.75,1838.75,1816,1835,1365228
2014-02-17,1833.5,1840.25,1831.5,1837.5,1210508
2014-02-18,1833.5,1840.25,1831.5,1837.5,1210508
2014-02-19,1837.25,1844.5,1823.25,1825.5,1771087
2014-02-20,1826,1840.25,1817.25,1836.25,1608588
2014-02-21,1836,1844,1832.75,1834.25,1316655
2014-02-24,1835.25,1856.75,1829.25,1846,1612323
2014-02-25,1844.75,1851,1837.25,1846.25,1566204
2014-02-26,1847.5,1853.25,1838,1842,1464320
2014-02-27,1843.75,1855.75,1832.75,1854,1615828
2014-02-28,1854.5,1866.5,1845.25,1857.5,2106508
2014-03-03,1846,1849.5,1832.25,1843,2376689
2014-03-04,1843.75,1874.75,1843.5,1871.5,1750397
2014-03-05,1870.75,1875.5,1867.75,1872.5,1254803
2014-03-06,1873.75,1881,1871,1876.25,1283006
2014-03-07,1876.25,1887.5,1869.25,1878,1756169
2014-03-10,1875.5,1878.75,1865.75,1877.25,1167755
2014-03-11,1876.25,1882.25,1863,1865.25,1609666
2014-03-12,1864.75,1869,1853.75,1867.75,1666288
2014-03-13,1868.75,1875,1841.5,1846.75,2346907
2014-03-14,1847.25,1853,1839,1840,1309202
2014-03-17,1839.5,1862.75,1830.5,1857.75,797416
2014-03-18,1851.75,1867,1845.5,1863.75,2054342
2014-03-19,1864,1867.5,1842,1852.25,2004270
2014-03-20,1851.25,1866.5,1844.75,1866,1671773
2014-03-21,1864.75,1876.75,1855.5,1857,1750423
2014-03-24,1855.5,1866,1841.25,1849.5,1835881
2014-03-25,1850.25,1864.5,1848,1859.25,1657649
2014-03-26,1859,1868.75,1841.5,1842.5,1898746
2014-03-27,1845,1848.5,1834,1840.5,2031166
2014-03-28,1843.5,1859.5,1841.5,1850.5,1502152
2014-03-31,1855,1868,1855,1864.5,1572419
2014-04-01,1864.5,1878.75,1862.25,1877.75,1213329
2014-04-02,1877.75,1886.25,1876.25,1883,1181442
2014-04-03,1882.75,1887.5,1875.5,1883,1239722
2014-04-04,1884.25,1892.5,1855.75,1860,2496813
2014-04-07,1861,1861.75,1834.5,1838,2179083
2014-04-08,1840,1849,1830.75,1845,1854828
2014-04-09,1845,1866.5,1843.75,1864.75,1414210
2014-04-10,1865.75,1867.5,1823.75,1827,2378458
2014-04-11,1829.5,1832,1807.25,1811.75,2527152
2014-04-14,1806,1828,1803.25,1824.5,1885532
2014-04-15,1825,1844,1809.25,1839.5,2609484
2014-04-16,1842.75,1857,1840.5,1852.75,1643896
2014-04-17,1852.5,1863.75,1847.25,1858,1255343
2014-04-21,1859.25,1865.5,1856.5,1864.5,533891
2014-04-22,1864.25,1878.75,1860.75,1874,1106460
2014-04-23,1873,1880.75,1867.5,1873,1000557
2014-04-24,1879,1882.5,1863.75,1873,1577086
2014-04-25,1872.5,1873.75,1853,1860,1507792
2014-04-28,1861.75,1871.75,1844,1866,2065197
2014-04-29,1866,1875.25,1865,1871.75,1219110
2014-04-30,1870.5,1880.25,1866.25,1878,1502102
2014-05-01,1879.5,1882.75,1871.5,1877.75,938351
2014-05-02,1878.75,1886,1872,1874.5,1717169
2014-05-05,1875.5,1880,1860.5,1875.75,1176754
2014-05-06,1877.5,1881.5,1861.75,1864.25,1379161
2014-05-07,1864,1875.75,1854.5,1874.25,1999538
2014-05-08,1874.75,1884.75,1865,1872.25,1753107
2014-05-09,1870.25,1875,1862.5,1873.5,1476536
2014-05-12,1874,1894,1874,1892.75,1183703
2014-05-13,1893.5,1898.5,1892,1894.25,1076997
2014-05-14,1894.75,1897.25,1882.25,1885.25,1186879
2014-05-15,1885.75,1888.5,1859,1867.25,2247238
2014-05-16,1867,1875.75,1861.25,1874.75,1522446
2014-05-19,1876.25,1883,1865.75,1882.25,1035685
2014-05-20,1881.5,1884.5,1864.75,1868,1564172
2014-05-21,1868.5,1886.5,1866.5,1885,1358710
2014-05-22,1883.75,1894,1882.75,1890.25,1026615
2014-05-23,1890.25,1899.25,1889.5,1897,761557
2014-05-26,1898,1910,1897,1909.25,922499
2014-05-27,1898,1910,1897,1909.25,922499
2014-05-28,1909.75,1914,1904.5,1909,1062079
2014-05-29,1909.75,1918,1907.25,1918,981817
2014-05-30,1917,1922.25,1914.25,1921.5,1169034
2014-06-02,1921.25,1924.25,1913.75,1921.75,1053526
2014-06-03,1921.5,1923.5,1916,1922,948001
2014-06-04,1922.75,1927,1916,1925.75,917108
2014-06-05,1925.5,1940.75,1921,1938.5,1676659
2014-06-06,1938.5,1949.75,1937.75,1949.25,1205739
2014-06-09,1949.25,1954.75,1945.75,1950.25,1026966
2014-06-10,1949.25,1951.75,1943,1950.5,1038073
2014-06-11,1950.75,1951,1938.5,1944,1348569
2014-06-12,1943.75,1947.75,1924.75,1930.5,1665612
2014-06-13,1930.75,1937,1926.5,1935.75,945294
2014-06-16,1934.25,1940.75,1926.5,1936.5,866802
2014-06-17,1929,1935.75,1923.75,1933.75,1817231
2014-06-18,1933.5,1950.25,1929.25,1949,1759084
2014-06-19,1948,1952.25,1944,1950.25,1422610
2014-06-20,1949,1956.75,1948.25,1953.25,1162086
2014-06-23,1952.75,1959.75,1950,1953,1024411
2014-06-24,1951.25,1960,1939.75,1943.25,1530560
2014-06-25,1942.25,1953.25,1937.25,1949.5,1532088
2014-06-26,1948.75,1952.5,1936.25,1948.75,1486643
2014-06-27,1948.25,1954,1942.75,1952,1176129
2014-06-30,1951.75,1956.75,1948,1952.5,1155861
2014-07-01,1954.5,1971.75,1953.5,1965.75,1455654
2014-07-02,1966.25,1970,1964.5,1967.75,920982
2014-07-03,1968,1978.25,1966,1977.5,846127
2014-07-04,1975.75,1977.5,1967.25,1971,1151705
2014-07-07,1975.75,1977.5,1967.25,1971,1151705
2014-07-08,1970.5,1970.75,1952.75,1960.5,1776514
2014-07-09,1960.5,1968.25,1958.25,1967.25,1393006
2014-07-10,1967.5,1968.25,1945.25,1957.75,1972746
2014-07-11,1957.25,1963.5,1953,1962.5,1364154
2014-07-14,1962.75,1974,1962.5,1971,1003831
2014-07-15,1971.25,1976.25,1958.75,1968,1905617
2014-07-16,1968,1978,1967,1974.75,1320381
2014-07-17,1971.25,1976,1948.5,1953.5,2441561
2014-07-18,1949.25,1974.25,1942.5,1971.5,1796625
2014-07-21,1970.25,1971.5,1959,1966.25,1414256
2014-07-22,1965.75,1980.5,1965.25,1975,1274851
2014-07-23,1973,1983.5,1972.75,1980.75,1149621
2014-07-24,1981,1985.75,1976.75,1980.75,1165644
2014-07-25,1978.75,1980.75,1968,1971.5,1426906
2014-07-28,1970.75,1976,1960.75,1973,1368020
2014-07-29,1972.5,1979.5,1962,1963,1509091
2014-07-30,1964.25,1974.25,1956.5,1965,1768972
2014-07-31,1965,1965.5,1923.5,1924.75,2772401
2014-08-01,1926,1932.25,1910.25,1918.5,2886317
2014-08-04,1919.5,1937.5,1914.75,1932,1605356
2014-08-05,1931,1933.25,1907.5,1913,2137277
2014-08-06,1914.75,1923.5,1903,1914.75,1705227
2014-08-07,1914.75,1925.75,1899.75,1905.25,1954046
2014-08-08,1905.25,1928.25,1890.25,1923.75,1904778
2014-08-11,1923.5,1941,1923.25,1932.5,1178957
2014-08-12,1934,1938.75,1923.5,1930.5,1234217
2014-08-13,1932.25,1946.5,1930.75,1944.75,1120054
2014-08-14,1946,1955,1942,1953.5,967191
2014-08-15,1954.25,1961,1937.25,1952.5,1813411
2014-08-18,1955.75,1969,1955.75,1967.5,890465
2014-08-19,1968.5,1979.75,1968.25,1977.25,868384
2014-08-20,1977.75,1986,1973,1983.25,1058754
2014-08-21,1982.75,1992,1980.75,1989.5,841545
2014-08-22,1989.75,1991.5,1981.5,1987.75,1115885
2014-08-25,1990,1999.75,1988.75,1995,853066
2014-08-26,1994.5,2002.75,1992.25,1998.5,878014
2014-08-27,1999.25,2000.5,1993.5,1997,761368
2014-08-28,1996.75,1999.5,1987.5,1996.75,1088971
2014-08-29,1999.25,2003.75,1992.25,2001.5,1042385
2014-09-01,1999,2006.25,1992.75,1999.75,1244899
2014-09-02,1999,2006.25,1992.75,1999.75,1244899
2014-09-03,2000.5,2011,1996.25,1998.75,1297828
2014-09-04,1998.75,2010,1990.75,1997.75,1519084
2014-09-05,1999,2007.75,1988.25,2006,1693274
2014-09-08,2006.5,2006.75,1994,2000.5,1212909
2014-09-09,2000.25,2003,1983.25,1989.75,1768258
2014-09-10,1989.5,1996.25,1981.5,1995,1590462
2014-09-11,1994.5,1999.5,1985,1997,1742511
2014-09-12,1999.25,1999.25,1979.5,1984.75,1254423
2014-09-15,1981.75,1987.25,1972,1984.25,854380
2014-09-16,1976.75,1994.5,1970.25,1991.5,2081652
2014-09-17,1991.5,2003.25,1983.25,1993.75,2039712
2014-09-18,1995.5,2006.75,1993,2004.5,1402964
2014-09-19,2006,2014.5,1998.25,2003.75,1670453
2014-09-22,2002,2003,1982.5,1986.25,1578996
2014-09-23,1984,1988,1968.25,1972.25,1631355
2014-09-24,1969.75,1992.5,1969.5,1991,1566690
2014-09-25,1990.75,1991.5,1957.75,1961.5,2318873
2014-09-26,1961,1979.25,1956.5,1976,1680945
2014-09-29,1974.75,1977,1955.5,1969.5,1786769
2014-09-30,1968.75,1978.25,1960.5,1965.5,1991628
2014-10-01,1961,1967,1933.75,1940.75,2450968
2014-10-02,1940.75,1945.75,1918.25,1938.5,2721573
2014-10-03,1938.5,1964.5,1935.75,1960.25,1556834
2014-10-06,1961,1971,1950.5,1956,1727529
2014-10-07,1953.25,1956.25,1924.25,1928,2166031
2014-10-08,1926.25,1964,1918,1961.75,2521875
2014-10-09,1961.5,1968.5,1915.25,1925,3103761
2014-10-10,1917,1931.25,1893.25,1894.25,3069299
2014-10-13,1892,1906,1863.75,1865.5,2948075
2014-10-14,1866.25,1892.75,1864.75,1874.75,3114778
2014-10-15,1878.25,1883.25,1813,1846.75,4661757
2014-10-16,1846.75,1869.75,1815.25,1850.5,3368379
2014-10-17,1853,1891.75,1851,1881,2579053
2014-10-20,1884,1904.5,1872.25,1900,1653127
2014-10-21,1903.5,1939.75,1885.75,1938,2239114
2014-10-22,1938.25,1943.75,1920.25,1925,2022453
2014-10-23,1924.5,1956.25,1922.25,1946,2014997
2014-10-24,1946,1961.25,1931.75,1959.75,1601260
2014-10-27,1960.25,1965.75,1944.5,1957,1452059
2014-10-28,1957.75,1980.75,1956.75,1980,1571000
2014-10-29,1976,1985.75,1962,1972.25,1895667
2014-10-30,1971.75,1994.25,1959.25,1988.5,1980796
2014-10-31,1987.75,2016.75,1986.75,2011.5,1924396
2014-11-03,2011.25,2019.25,2007,2011,1361523
2014-11-04,2010.5,2013.75,1995.25,2005.5,1524332
2014-11-05,2006.25,2020.5,2003.75,2018.75,1574778
2014-11-06,2018.5,2029.25,2010.75,2028,1434905
2014-11-07,2027.25,2033.5,2020.5,2026,1282437
2014-11-10,2025.75,2035,2021,2034,967814
2014-11-11,2033.75,2039,2031,2036.5,779708
2014-11-12,2036.5,2037.25,2026.75,2036,1082280
2014-11-13,2034.75,2043.75,2026.75,2034,1541477
2014-11-14,2033,2039.75,2032,2038,1047384
2014-11-17,2038.5,2040.5,2025.25,2039.75,1061143
2014-11-18,2039.25,2054,2035.75,2048.5,1146480
2014-11-19,2048.75,2050.5,2037.75,2047.25,1188471
2014-11-20,2047,2052.75,2035.25,2052,1130058
2014-11-21,2052.25,2072.25,2049.75,2061.75,1634315
2014-11-24,2062.25,2069,2060.75,2067.5,793915
2014-11-25,2067.25,2073,2062.75,2067.5,977855
2014-11-26,2068.25,2075.25,2065.25,2072.25,743541
2014-11-27,2074,2074.75,2063.5,2066.25,783116
2014-11-28,2074,2074.75,2063.5,2066.25,783116
2014-12-01,2063.25,2064,2048.25,2050.75,1471696
2014-12-02,2051,2068,2050.75,2066,1152160
2014-12-03,2066.5,2076,2063.25,2072.5,925314
2014-12-04,2073,2077.25,2061.25,2072,1374378
2014-12-05,2071.75,2079,2068.5,2076,1148282
2014-12-08,2075.75,2077.5,2053.75,2059.5,1414138
2014-12-09,2060.25,2062.25,2033.25,2057.5,1893729
2014-12-10,2057.75,2060,2023.25,2026.5,2376052
2014-12-11,2026.25,2056.5,2023.75,2031,2255859
2014-12-12,2029.5,2032.25,1996.5,1997.25,1487564
2014-12-15,1998.75,2019.25,1981.5,1990,1128936
2014-12-16,1984.5,2011.25,1961.5,1965,3365454
2014-12-17,1966.75,2011,1966,2008.25,2765611
2014-12-18,2008,2062.75,2004.5,2060,2358167
2014-12-19,2060.25,2076.25,2056.5,2067,1765615
2014-12-22,2065,2076,2064,2072.5,858554
2014-12-23,2073,2084.5,2071.5,2079,777814
2014-12-24,2078.75,2083.5,2077,2078.75,235054
2014-12-25,2078.75,2088.75,2078.5,2084.25,309281
2014-12-26,2078.75,2088.75,2078.5,2084.25,309281
2014-12-29,2086,2088.75,2076,2085.75,636345
2014-12-30,2087.5,2088.5,2073,2076.75,718028
2014-12-31,2076.25,2082.75,2050.75,2052.5,836223
2015-01-01,2055,2067.25,2038.75,2046.25,1358348
2015-01-02,2055,2067.25,2038.75,2046.25,1358348
2015-01-05,2045.75,2048.25,2009.5,2016,2033774
2015-01-06,2019,2023.5,1984.25,1994.5,2345361
2015-01-07,1996.5,2023.75,1995.75,2019.5,1760658
2015-01-08,2020.5,2058.5,2020.25,2055,1555733
2015-01-09,2053.75,2062,2031.25,2035.25,1907571
2015-01-12,2034.5,2048.25,2015.25,2022.5,1622204
2015-01-13,2023.75,2051.75,2001,2016,2496445
2015-01-14,2017.25,2019.5,1981.25,2007.5,2516599
2015-01-15,2009.75,2027.25,1978.25,1989,2259660
2015-01-16,1980.75,2014.25,1970.25,2013,2017979
2015-01-19,2013.5,2026.5,1997.5,2016.75,1807759
2015-01-20,2013.5,2026.5,1997.5,2016.75,1807759
2015-01-21,2015.75,2032.75,2005.25,2026.5,1639269
2015-01-22,2026.75,2059.25,2019.25,2056.5,1834361
2015-01-23,2056.5,2062.5,2042.25,2044,1353089
2015-01-26,2035,2055,2025.5,2053.5,1264468
2015-01-27,2054,2054.75,2013.25,2030,1957000
2015-01-28,2036.5,2046.5,1991.25,1991.5,2087277
2015-01-29,1993.5,2020,1982,2018.5,2124643
2015-01-30,2019.25,2020.5,1986.25,1988.5,2353992
2015-02-02,1990.5,2018.5,1973.75,2017,2038824
2015-02-03,2015,2044,2007,2042,1705780
2015-02-04,2040.5,2049.25,2022.75,2030,1696963
2015-02-05,2025,2058.75,2020.75,2055,1343547
2015-02-06,2056.25,2068,2044.5,2053,1722475
2015-02-09,2050,2051.75,2036.5,2042.5,1289419
2015-02-10,2043.75,2066.5,2040.5,2062.25,1397704
2015-02-11,2062.75,2079.5,2053.25,2065.75,1295469
2015-02-12,2071.5,2085.5,2058.5,2084,1433910
2015-02-13,2083,2095,2081.5,2093.5,1224925
2015-02-16,2091.25,2098.75,2080.75,2096,1234818
2015-02-17,2091.25,2098.75,2080.75,2096,1234818
2015-02-18,2096.5,2098.5,2088.5,2095.5,1088179
2015-02-19,2095.25,2099.5,2087.25,2095.25,1143901
2015-02-20,2096,2108.75,2082.25,2107,1645222
2015-02-23,2107.25,2108.25,2099.75,2106.75,849695
2015-02-24,2106.25,2115.75,2102.75,2113.75,1080747
2015-02-25,2113.75,2117.75,2107.25,2110.25,974711
2015-02-26,2110.5,2114.75,2101.5,2110,1176136
2015-02-27,2109.5,2111,2100.75,2102.75,1207187
2015-03-02,2104,2115.5,2100.5,2114,1075660
2015-03-03,2114,2114.5,2095.5,2104.75,1360995
2015-03-04,2104.75,2104.75,2085.25,2096.5,1490440
2015-03-05,2096.5,2103.5,2093.25,2099.75,1097593
2015-03-06,2099.5,2103.5,2065.5,2070.75,1901150
2015-03-09,2073.5,2082.5,2066,2077.75,1189658
2015-03-10,2077.5,2078,2041.25,2042,1903455
2015-03-11,2044.25,2052.25,2038.25,2039.5,1707510
2015-03-12,2042,2066.5,2038.25,2064,1628622
2015-03-13,2064.25,2068.75,2040,2049.75,1209436
2015-03-16,2050.75,2081.75,2044.5,2076.5,946436
2015-03-17,2066.5,2070.5,2056.25,2066.25,1791792
2015-03-18,2066.25,2099.75,2052.25,2092.5,2013069
2015-03-19,2093.5,2099,2076.5,2081.5,1496920
2015-03-20,2079.5,2106.75,2077.75,2099.25,1417654
2015-03-23,2097.75,2107,2093.25,2094.75,957576
2015-03-24,2094,2101,2083,2085,1193863
2015-03-25,2085.25,2089.25,2052.25,2053.75,1777447
2015-03-26,2056,2058.75,2033.25,2048.5,1842218
2015-03-27,2050,2057.75,2041,2052.5,1158856
2015-03-30,2052.75,2081.75,2047.25,2075.5,1236364
2015-03-31,2074.75,2076.75,2056.25,2060.75,1596352
2015-04-01,2058,2060.75,2033.5,2053,1818878
2015-04-02,2055.25,2064.75,2044,2059.5,1047174
2015-04-03,2060,2063.75,2038,2059.5,95921
2015-04-06,2039.5,2080,2038.75,2073.25,948447
2015-04-07,2071.5,2082.75,2066,2067.75,1048474
2015-04-08,2068.5,2080.25,2064.5,2076,1217049
2015-04-09,2077.75,2087,2066.75,2085.75,1211778
2015-04-10,2086,2096.25,2083,2095.5,880529
2015-04-13,2095.25,2101.25,2085.25,2086.5,1080267
2015-04-14,2087,2092.75,2075.75,2091,1267366
2015-04-15,2091.75,2105.5,2087.25,2099.75,1045308
2015-04-16,2101.5,2104.75,2089,2100.75,1113607
2015-04-17,2101.25,2101.75,2064.5,2075.5,1822841
2015-04-20,2081,2097.5,2078.5,2091,1119881
2015-04-21,2089.5,2105.25,2087.25,2091,1052404
2015-04-22,2092,2103.75,2080.25,2100.25,1188586
2015-04-23,2099.25,2114.5,2087.5,2107,1362552
2015-04-24,2107.5,2114.75,2103,2111.75,958312
2015-04-27,2113.25,2119.75,2100.25,2104.75,1210483
2015-04-28,2103.75,2112.5,2088.25,2112,1476513
2015-04-29,2110.75,2112.5,2090.5,2099,1739720
2015-04-30,2098.25,2102,2070.25,2079,2026329
2015-05-01,2082.75,2102.5,2080.5,2101.5,1022085
2015-05-04,2101.75,2115,2098,2109.25,1000837
2015-05-05,2109.5,2111.75,2081.5,2084,1590274
2015-05-06,2085.5,2093.75,2061.25,2074.25,1756254
2015-05-07,2074.75,2088.25,2057,2084.25,1437746
2015-05-08,2085.25,2113.5,2084,2108.5,1379447
2015-05-11,2110,2113.5,2095.75,2097.75,1147278
2015-05-12,2097.75,2101,2079.25,2095,1483837
2015-05-13,2096.25,2106.5,2091.5,2094.5,1341325
2015-05-14,2096,2118.25,2092,2117.5,1104560
2015-05-15,2117.25,2122.75,2113.25,2119,1023893
2015-05-18,2119.25,2128.75,2112.25,2126,917101
2015-05-19,2126.75,2134,2121.25,2124.5,1001397
2015-05-20,2124.25,2132.25,2119.25,2122.5,1011268
2015-05-21,2120.75,2132,2115,2128,794479
2015-05-22,2129.25,2131,2122.75,2124.5,765943
2015-05-25,2124.5,2127,2096,2105,1589652
2015-05-26,2124.5,2127,2096,2105,1589652
2015-05-27,2105.75,2124.25,2101.25,2121,1290556
2015-05-28,2120,2122.75,2110.5,2121.75,1082365
2015-05-29,2121.75,2122.75,2102.25,2106,1692162
2015-06-01,2107,2117.75,2100.25,2109.25,1338859
2015-06-02,2111,2116,2094,2106.75,1442814
2015-06-03,2107,2120.75,2106.75,2116,1314954
2015-06-04,2116.25,2116.5,2091.25,2099,1717287
2015-06-05,2098.75,2102.75,2083.5,2092.25,1460654
2015-06-08,2092,2093.25,2076.25,2078.25,1290922
2015-06-09,2080,2084.75,2068.75,2080,1449695
2015-06-10,2080.75,2108,2080,2107,1665519
2015-06-11,2106,2114.75,2103.25,2109.25,1480514
2015-06-12,2109,2109.25,2090.25,2093,1134193
2015-06-15,2087,2089.75,2071.25,2084,1082004
2015-06-16,2075.25,2090,2062,2089,1657466
2015-06-17,2089.75,2098.75,2078.75,2089.25,1578971
2015-06-18,2089,2119.25,2082,2114.75,1902148
2015-06-19,2114.75,2117.75,2097,2097.75,1239246
2015-06-22,2105.75,2122,2103.5,2112.75,1095709
2015-06-23,2114.75,2120.5,2111.25,2116.5,837133
2015-06-24,2117.5,2118.5,2099,2099.5,1163124
2015-06-25,2101.25,2112.75,2092,2094,1218149
2015-06-26,2094.75,2100.75,2086.25,2095.75,1321884
2015-06-29,2064,2083.25,2047.25,2050.5,2292340
2015-06-30,2054.5,2069,2046.75,2054.5,2381572
2015-07-01,2054.5,2077.5,2054.5,2071,1496815
2015-07-02,2071.5,2079,2062.25,2068.75,1252317
2015-07-03,2068.5,2071.75,2034.25,2064.5,1973058
2015-07-06,2068.5,2071.75,2034.25,2064.5,1973058
2015-07-07,2067.75,2078,2035,2073.75,2531662
2015-07-08,2073,2073.25,2036.25,2039.25,2393226
2015-07-09,2039.75,2068,2038.25,2041.25,1981972
2015-07-10,2044.75,2074.75,2044.75,2069,1573858
2015-07-13,2054.75,2094.75,2052,2094.5,1333579
2015-07-14,2094,2105.5,2090.5,2102,955518
2015-07-15,2102.5,2107.75,2095,2104.25,1147598
2015-07-16,2104,2118.5,2102.75,2117,1107382
2015-07-17,2117,2120,2112.75,2118.75,903686
2015-07-20,2118,2126.25,2116.5,2122,937630
2015-07-21,2121.25,2125,2106.75,2114.5,1209300
2015-07-22,2107.75,2112,2102.25,2108,1224393
2015-07-23,2109.25,2113.75,2091.5,2098.5,1437249
2015-07-24,2101,2104,2069.75,2077.5,1669725
2015-07-27,2078.25,2080.75,2056.5,2064.5,1781810
2015-07-28,2065.5,2089,2061.5,2087.25,1725788
2015-07-29,2088,2104.25,2084.5,2101.5,1397228
2015-07-30,2099.5,2104.25,2087.75,2103.75,1286157
2015-07-31,2101.75,2109.25,2095.25,2098.5,1602805
2015-08-03,2098.75,2102.5,2080,2091,1512106
2015-08-04,2090.5,2096.25,2081.5,2083,1327878
2015-08-05,2082.5,2107,2082.25,2093.75,1384241
2015-08-06,2094,2099.25,2070,2079.5,1608876
2015-08-07,2080,2082.75,2062,2073.5,1596391
2015-08-10,2072,2101.25,2071.75,2099.75,1198912
2015-08-11,2100.75,2101.75,2070.75,2079.75,1783349
2015-08-12,2080.75,2085.25,2046.5,2084.25,2364321
2015-08-13,2082.75,2093,2073.25,2080.5,1496065
2015-08-14,2079.25,2090.5,2073.75,2089.5,1069465
2015-08-17,2089.5,2100.5,2074.75,2099.25,1292437
2015-08-18,2098.25,2103.75,2090.25,2094,1135552
2015-08-19,2093.25,2098,2066.5,2072.75,2289064
2015-08-20,2073.5,2077.75,2024.5,2025.5,2583142
2015-08-21,2026.25,2029,1967.25,1971.5,4168331
2015-08-24,1964.5,1964.75,1831,1871.25,5258752
2015-08-25,1872.75,1948.5,1860,1872.75,3658827
2015-08-26,1876,1943,1850.5,1938,3527300
2015-08-27,1941.25,1990.25,1934.5,1989.25,2940255
2015-08-28,1988.25,1992.75,1967.25,1989.75,1968514
2015-08-31,1986.25,1987.75,1959.25,1969.25,1876279
2015-09-01,1965.5,1966.25,1898.75,1916,2822050
2015-09-02,1913.5,1949,1907.25,1947,2178629
2015-09-03,1947.5,1973.5,1942,1946,2054305
2015-09-04,1947.25,1949.25,1907.75,1921.75,2138986
2015-09-07,1916.75,1968.75,1915.75,1965.75,1880634
2015-09-08,1916.75,1968.75,1915.75,1965.75,1880634
2015-09-09,1966.5,1992,1935.5,1942.75,2144217
2015-09-10,1943.75,1967.25,1928.5,1949.5,2270403
2015-09-11,1949.5,1962.5,1937.25,1960.25,1045267
2015-09-14,1963.75,1974.25,1946.5,1954,893365
2015-09-15,1943.5,1973,1935.25,1970,2035624
2015-09-16,1970.25,1989,1962.75,1988,2132593
2015-09-17,1986.5,2011.75,1972,1977.25,2229562
2015-09-18,1976.5,1983,1941.25,1950.5,2423501
2015-09-21,1949.25,1969,1938.5,1963,1513503
2015-09-22,1964.25,1965,1917.75,1932,1985152
2015-09-23,1930.5,1941.75,1910.5,1928.5,1423965
2015-09-24,1931.75,1936.25,1897.25,1918.75,2218286
2015-09-25,1913.25,1951,1910.25,1919.25,2080724
2015-09-28,1915.5,1929.75,1868.75,1872,2354063
2015-09-29,1876.25,1889.75,1861,1874.5,2374651
2015-09-30,1875,1910.5,1871.25,1908.75,2216643
2015-10-01,1902.5,1929.5,1890.25,1916.75,2052465
2015-10-02,1917,1943.75,1883,1943,2466082
2015-10-05,1941,1980,1937.25,1974.75,1675519
2015-10-06,1973,1982.25,1962.5,1968.5,1606289
2015-10-07,1961,1991.25,1960.5,1987.25,1937061
2015-10-08,1987.75,2008.75,1971,2006.5,1803978
2015-10-09,2004,2014,1998.75,2007.5,1378359
2015-10-12,2005.25,2014,2001.75,2011,804576
2015-10-13,2012,2014.75,1991.25,1994,1518662
2015-10-14,1991.5,2001.75,1982.5,1984,1780661
2015-10-15,1985.75,2019.5,1985,2019,1731138
2015-10-16,2018.25,2026.5,2012.25,2025.5,1362298
2015-10-19,2024.5,2028,2014.25,2027.5,1306548
2015-10-20,2026.5,2031.5,2018.5,2020.5,1276349
2015-10-21,2019.75,2034.25,2007.5,2008.5,1791221
2015-10-22,2010.5,2056,2008.5,2053,2099217
2015-10-23,2054.25,2074.5,2053.25,2066,2067465
2015-10-26,2066,2068,2057.5,2062.25,1184323
2015-10-27,2063.75,2064.75,2051.25,2060.5,1243601
2015-10-28,2062,2085.25,2055.5,2084.5,1890861
2015-10-29,2081,2086.5,2073.25,2083,1407730
2015-10-30,2084.75,2094.75,2069.75,2073.75,1751269
2015-11-02,2073,2100,2064.25,2095.5,1284044
2015-11-03,2093.25,2110.25,2089,2103,1348316
2015-11-04,2102.5,2109.75,2090.5,2094.75,1546504
2015-11-05,2095.5,2104.75,2084,2094,1538081
2015-11-06,2094.75,2099,2077.5,2093.75,1846631
2015-11-09,2092,2097.75,2062,2073,1856213
2015-11-10,2072.25,2079,2064.5,2078,1286098
2015-11-11,2076.5,2087.25,2067.75,2069,1171396
2015-11-12,2068.5,2077.5,2039.5,2040.5,1807653
2015-11-13,2040.5,2046,2011.5,2018.5,2128939
2015-11-16,2006.5,2051,1998.5,2048,1711062
2015-11-17,2047.75,2063.5,2041.5,2049,1621036
2015-11-18,2049.75,2082.5,2043,2079.75,1543330
2015-11-19,2078.25,2089.25,2075.25,2079.25,1284869
2015-11-20,2078.25,2094.5,2076,2088.75,1273905
2015-11-23,2089.75,2093,2078.25,2084.25,976103
2015-11-24,2083,2091.5,2065.5,2084.75,1517871
2015-11-25,2084,2092.5,2082.25,2088,746319
2015-11-26,2089.5,2098.25,2081.5,2090,653387
2015-11-27,2089.5,2098.25,2081.5,2090,653387
2015-11-30,2089.5,2095,2078.5,2079.75,1389020
2015-12-01,2085.5,2101.5,2083.5,2100,1482186
2015-12-02,2099.5,2105,2075,2081.5,1725833
2015-12-03,2083.25,2095.25,2040,2051.25,2655148
2015-12-04,2053.25,2093,2046.75,2088.5,2269530
2015-12-07,2092.25,2095.5,2064.5,2081,1699318
2015-12-08,2080,2081.5,2050.25,2058.75,2005017
2015-12-09,2059.5,2079.75,2034.25,2042,2690846
2015-12-10,2045.75,2067,2043.75,2049.25,1814232
2015-12-11,2050.75,2056.25,2005,2009.75,1577785
2015-12-14,2008,2028.25,1992.25,2018.5,1269316
2015-12-15,2013,2045.75,2010,2037,2159593
2015-12-16,2037.5,2068.75,2031,2063.75,2035482
2015-12-17,2060.75,2072.75,2022.75,2024.75,2114912
2015-12-18,2024,2029.75,1991,1992,2118900
2015-12-21,1997.25,2019.5,1995.25,2015,1275266
2015-12-22,2017,2036.5,2007.25,2036,1144898
2015-12-23,2034,2057.75,2030.75,2053,1003982
2015-12-24,2052.75,2059.75,2049,2051.25,325205
2015-12-28,2051.25,2054.5,2035.25,2048.75,696448
2015-12-29,2049.75,2074.5,2047.5,2072.75,832686
2015-12-30,2072,2075,2053.5,2054.5,720601
2015-12-31,2055.25,2057.75,2030.25,2035.5,1029390
2016-01-04,2037.75,2043.5,1980.25,2009,2216549
2016-01-05,2009,2017,1992.25,2011.75,1688974
2016-01-06,2010.75,2013.25,1970.5,1986,2237518
2016-01-07,1987.75,1991,1928.5,1933,2969295
2016-01-08,1936.5,1964.75,1910,1911.5,2694404
2016-01-11,1909.25,1929,1892.5,1914.25,2490336
2016-01-12,1913.5,1940.25,1899,1925,2428110
2016-01-13,1922.5,1946.5,1878,1881.5,2899958
2016-01-14,1883.75,1927.5,1871,1914.5,3045826
2016-01-15,1913.5,1921,1849.25,1875,3441956
2016-01-18,1869.75,1907.5,1856.25,1873,2796679
2016-01-19,1869.75,1907.5,1856.25,1873,2796679
2016-01-20,1871.75,1878.5,1804.25,1855,3929776
2016-01-21,1854.75,1883.25,1836.25,1861,2729407
2016-01-22,1858.5,1902.25,1855.75,1899.25,2106526
2016-01-25,1899.5,1904.25,1867.5,1870.25,1640401
2016-01-26,1871.75,1899.75,1851.25,1896,1780235
2016-01-27,1885.25,1910,1864.5,1875,2113363
2016-01-28,1880,1902.5,1865.75,1880.75,2254109
2016-01-29,1878.75,1933,1876.5,1930,2406399
2016-02-01,1929.75,1940,1912.5,1931.25,1748062
2016-02-02,1928.5,1929.25,1889,1897.5,2102411
2016-02-03,1895,1912.25,1865,1908.5,2848193
2016-02-04,1907.75,1922.25,1890.25,1907.75,2255360
2016-02-05,1905.25,1914.5,1865.75,1875.25,2320680
2016-02-08,1876.25,1884.5,1821.75,1852,2674512
2016-02-09,1849.75,1863.75,1825.75,1848.25,2792208
2016-02-10,1850,1877.75,1838.5,1846.75,2359881
2016-02-11,1842.25,1847.25,1802.5,1824.5,3203999
2016-02-12,1827.25,1860.75,1822.5,1858.25,2018154
2016-02-15,1865.25,1892.75,1865,1888.75,2034059
2016-02-16,1865.25,1892.75,1865,1888.75,2034059
2016-02-17,1888.25,1928,1881.5,1922.75,1854185
2016-02-18,1926.75,1933.5,1911.25,1916.5,1615605
2016-02-19,1917.5,1922.75,1898.5,1914.5,1616647
2016-02-22,1911,1943.75,1908.25,1936.25,1425321
2016-02-23,1934,1938,1913.75,1916,1600879
2016-02-24,1914,1933.75,1886.75,1930.25,2315370
2016-02-25,1933,1951.5,1920.25,1950.5,1844284
2016-02-26,1949,1968.75,1941.25,1942.75,1876651
2016-02-29,1943,1956.25,1926.5,1929.5,1826411
2016-03-01,1928,1978.5,1920.75,1978,2035550
2016-03-02,1976.25,1984.75,1966.25,1983.5,1821662
2016-03-03,1981.75,1992.5,1974.75,1990.5,1555391
2016-03-04,1991,2007.5,1984,1995,2247812
2016-03-07,1994.5,2004.5,1984.5,1999,1633347
2016-03-08,1999,2000.25,1976,1981,1931272
2016-03-09,1981.75,1994,1978,1989,1744984
2016-03-10,1990,2010.25,1967.25,1988.75,2738172
2016-03-11,1988.5,2022.25,1987.5,2020,1220530
2016-03-14,2019.25,2024.5,2012,2018.75,880362
2016-03-15,2009.25,2010,1995,2006.5,1910850
2016-03-16,2006.75,2022.75,1997,2017.25,2043775
2016-03-17,2017,2036.75,2005.75,2030.25,2136877
2016-03-18,2031.25,2042.75,2027,2037.5,1775664
2016-03-21,2036.5,2044.5,2031,2042.75,1278261
2016-03-22,2043.25,2047.5,2028.75,2042.5,1496196
2016-03-23,2043,2045.25,2025.25,2028.75,1557185
2016-03-24,2028,2030.25,2012.25,2028.5,1524072
2016-03-28,2030.25,2039.75,2022,2028,907834
2016-03-29,2027.75,2049.25,2019.25,2047.5,1549483
2016-03-30,2048.5,2064.5,2046.75,2055.25,1627085
2016-03-31,2055.5,2059.75,2047.25,2051.5,1736311
2016-04-01,2052.75,2067,2035.25,2065,2051323
2016-04-04,2064,2071.5,2054.25,2057.5,1380117
2016-04-05,2055.5,2055.5,2034.25,2038.75,1827488
2016-04-06,2042,2060.5,2035,2060.25,1894599
2016-04-07,2059.75,2062,2026,2035,2052195
2016-04-08,2034.5,2054.25,2030.25,2040.75,1768420
2016-04-11,2041,2056.5,2032.5,2034.5,1679757
2016-04-12,2032.5,2058.5,2029.25,2055.75,1831285
2016-04-13,2055.25,2077,2054,2076,1637033
2016-04-14,2076.25,2081.75,2068.5,2076.5,1363745
2016-04-15,2077.75,2080,2069.5,2075,1230494
2016-04-18,2064.25,2088.75,2058.5,2086.75,1400343
2016-04-19,2085.25,2098.5,2084.75,2093.75,1565161
2016-04-20,2094.25,2105.25,2085.75,2098,1464683
2016-04-21,2097.75,2104,2078.75,2082.75,1638276
2016-04-22,2079.75,2089,2075,2086,1497994
2016-04-25,2091.5,2091.5,2071,2083.25,1280888
2016-04-26,2084.25,2091.25,2079.5,2088.5,1225834
2016-04-27,2082.25,2094,2076.25,2090.75,1420203
2016-04-28,2092.5,2094.25,2065.25,2072.5,1938653
2016-04-29,2073.75,2076,2045.75,2059,2419757
2016-05-02,2060.75,2077.5,2055.5,2074.25,1306173
2016-05-03,2075.5,2076.25,2048,2057,1827577
2016-05-04,2057.5,2060.25,2039,2047,1557981
2016-05-05,2046.5,2060,2039.5,2044,1433289
2016-05-06,2043.5,2054.5,2030.5,2052.75,1813432
2016-05-09,2053,2059.75,2048.25,2054.25,1370423
2016-05-10,2054,2079.75,2048,2077.5,1416966
2016-05-11,2077.25,2078.75,2057.5,2058,1471852
2016-05-12,2059,2072.75,2048.5,2058.75,1799103
2016-05-13,2059.25,2063.5,2038.5,2043.5,1878403
2016-05-16,2041.25,2068.5,2035,2062.75,1421736
2016-05-17,2062,2069.5,2036.75,2043.5,1988181
2016-05-18,2043.75,2057.75,2030.75,2041.5,2085972
2016-05-19,2043.5,2044.75,2022,2038.75,2055973
2016-05-20,2038.75,2055.5,2037.25,2050,1583721
2016-05-23,2053.25,2056,2043.5,2045.25,1183296
2016-05-24,2045,2077.25,2041.25,2075,1603195
2016-05-25,2075,2092.5,2073.5,2087.25,1442270
2016-05-26,2088.75,2091.75,2082.5,2089.75,968439
2016-05-27,2090.5,2098.75,2088,2097.25,1035175
2016-05-30,2100,2103.75,2086,2095,1631254
2016-05-31,2100,2103.75,2086,2095,1631254
2016-06-01,2094,2099.25,2083.25,2098,1317565
2016-06-02,2096.75,2104.75,2086.75,2103.75,1299962
2016-06-03,2103.5,2106,2082.75,2097.75,1746160
2016-06-06,2097.5,2112.25,2094,2108.25,1272974
2016-06-07,2108.25,2118,2106.5,2110.25,1125951
2016-06-08,2110.25,2119.75,2106.5,2118,1308451
2016-06-09,2117.75,2118.5,2106.25,2114.25,1644419
2016-06-10,2113.75,2114,2088.5,2096.25,1244099
2016-06-13,2089.25,2098.25,2075.75,2078.75,1222789
2016-06-14,2067.25,2072.75,2054.75,2066,2770212
2016-06-15,2064.5,2079.5,2059.75,2063.5,1917677
2016-06-16,2062.5,2071.5,2040.75,2070.5,2446637
2016-06-17,2068.75,2074.75,2053.25,2059,1833560
2016-06-20,2071,2092.5,2070.25,2074.25,1598465
2016-06-21,2079,2086,2074,2080.5,1400709
2016-06-22,2079.25,2091.25,2075.25,2076.75,1419838
2016-06-23,2083,2113.25,2083,2105.75,1314510
2016-06-24,2115.75,2119.5,1999,2018.5,4174598
2016-06-27,2013.75,2022.5,1981.5,1985,3021015
2016-06-28,1982.5,2029.75,1982.25,2028.5,2285755
2016-06-29,2028.25,2074.75,2022.75,2066.75,2065151
2016-06-30,2072.25,2091.25,2056.5,2090.25,2301226
2016-07-01,2086.5,2100.75,2081.5,2096.25,1665376
2016-07-04,2099.75,2104.75,2072.5,2082.75,1862935
2016-07-05,2099.75,2104.75,2072.5,2082.75,1862935
2016-07-06,2084,2094.5,2065.75,2094,2054794
2016-07-07,2092,2102,2081.75,2092,1666356
2016-07-08,2092,2125.5,2087.5,2120.5,1962358
2016-07-11,2120.25,2136.75,2120,2130.25,1467322
2016-07-12,2130.75,2149.25,2128.5,2145.75,1704053
2016-07-13,2145.75,2152.25,2139.5,2146,1633489
2016-07-14,2145.25,2168,2142.75,2157.25,1782561
2016-07-15,2156.5,2164.75,2143.25,2152.75,1518276
2016-07-18,2154.5,2163.25,2152.75,2160,1205765
2016-07-19,2160,2160.75,2151.25,2158.75,1151631
2016-07-20,2159,2169.75,2155.25,2167.5,1134131
2016-07-21,2168.25,2170.25,2153.5,2158,1300678
2016-07-22,2159,2169.25,2156,2167.5,1133059
2016-07-25,2167.75,2172.5,2155.75,2162.25,1264905
2016-07-26,2162.75,2168,2153.75,2163.25,1609035
2016-07-27,2166,2169.25,2152,2160.5,1642569
2016-07-28,2162.75,2168.5,2153.5,2164.75,1622142
2016-07-29,2165.5,2171.75,2157.5,2168.25,1718155
2016-08-01,2174,2177.75,2159.75,2164.5,1659094
2016-08-02,2166,2171,2141.5,2152.75,1958950
2016-08-03,2152.25,2158.25,2145.25,2157,1371176
2016-08-04,2156.75,2164.25,2154,2159.25,1239577
2016-08-05,2159.5,2178.5,2159.25,2176.75,1370482
2016-08-08,2176,2183,2173.25,2175.5,970557
2016-08-09,2176,2183.5,2173.75,2177.5,1191826
2016-08-10,2178,2181.5,2167.75,2172.75,1371937
2016-08-11,2172.5,2185.25,2170,2181.75,1326004
2016-08-12,2181.75,2184,2175.5,2180.25,1270055
2016-08-15,2180.75,2190.75,2180.5,2186,1090675
2016-08-16,2186,2186.25,2175.25,2176.75,1391768
2016-08-17,2177.5,2182,2165.5,2179.75,1702425
2016-08-18,2180.75,2184.5,2176.25,2183.5,1201115
2016-08-19,2183.5,2184.25,2172.5,2181.75,1431860
2016-08-22,2181.75,2184.5,2173.5,2181.5,1543249
2016-08-23,2180.75,2191.5,2179.25,2185.25,1125503
2016-08-24,2185.75,2187.75,2168.75,2175,1508048
2016-08-25,2175,2177.25,2167.5,2173.5,1501328
2016-08-26,2174,2186.75,2157.5,2168.5,2535682
2016-08-29,2167.75,2182.25,2164.5,2179.25,1245215
2016-08-30,2180,2181.5,2168.5,2175.25,1372345
2016-08-31,2175.75,2176.25,2159.5,2169.5,1864629
2016-09-01,2169,2177.25,2154.75,2167.25,1943431
2016-09-02,2166.25,2183.75,2164.25,2178,1700143
2016-09-05,2179.25,2186.25,2173,2184.5,1627643
2016-09-06,2179.25,2186.25,2173,2184.5,1627643
2016-09-07,2185.25,2186.75,2177.5,2184.5,1459543
2016-09-08,2184.5,2189.25,2175.75,2177.5,2105651
2016-09-09,2177.25,2178.25,2119.75,2122.75,2073225
2016-09-12,2121.75,2162.75,2107,2158.5,1450133
2016-09-13,2150.5,2150.75,2112.25,2122.25,3724471
2016-09-14,2125,2134.5,2112,2113.25,2546136
2016-09-15,2115,2144.5,2107.75,2138,2301296
2016-09-16,2136.5,2137,2123,2132.5,2064530
2016-09-19,2132.25,2146.75,2127.75,2133,1527880
2016-09-20,2133.75,2143.5,2129,2131,1385876
2016-09-21,2130,2157.5,2126.25,2156.25,1826950
2016-09-22,2156.25,2172.75,2152.75,2168.25,1523998
2016-09-23,2168.25,2169.5,2156,2158,1448300
2016-09-26,2156.25,2159.5,2136.75,2139.75,1602771
2016-09-27,2139.25,2154,2132.75,2152.75,1659780
2016-09-28,2152,2165.25,2144,2163.25,1733016
2016-09-29,2162.25,2167,2137.25,2148.5,2306654
2016-09-30,2145.75,2168.25,2135.75,2160.5,1989690
2016-10-03,2158.75,2164,2146.75,2153.25,1406125
2016-10-04,2153.75,2159.75,2136,2144.75,2143439
2016-10-05,2144.25,2158,2141,2153.25,1369566
2016-10-06,2153.25,2157.25,2143.25,2156.5,1209239
2016-10-07,2155.25,2161.5,2138,2146.5,1958026
2016-10-10,2152,2163.5,2148.5,2159,952867
2016-10-11,2159.5,2160.75,2121.75,2134.5,2243746
2016-10-12,2133,2140.75,2126.25,2131.5,1483026
2016-10-13,2127.75,2132.25,2107.75,2126.25,2195134
2016-10-14,2126.25,2143.25,2122.25,2127,1841156
2016-10-17,2126.25,2130,2116.75,2123,1251946
2016-10-18,2122.5,2139.75,2120.25,2132,1139317
2016-10-19,2131.5,2142.5,2126.5,2138,948475
2016-10-20,2137.5,2144.5,2126.75,2137,1611098
2016-10-21,2136,2138.5,2123.25,2134.75,1409837
2016-10-24,2137,2149,2134.75,2144.25,1010790
2016-10-25,2144.75,2149.75,2135.25,2138,1198210
2016-10-26,2135.25,2140,2124.75,2134,1548442
2016-10-27,2133.75,2143.75,2122.5,2123.5,1795356
2016-10-28,2127.25,2135.25,2112.5,2123.75,2391182
2016-10-31,2120,2130.5,2114.75,2120,1371713
2016-11-01,2123.5,2129.5,2091,2103.75,2257062
2016-11-02,2102.25,2106.5,2087.25,2092.25,2013595
2016-11-03,2088.25,2098.75,2079.75,2083.5,1795490
2016-11-04,2084,2094.25,2078.75,2080,2079129
2016-11-07,2106,2130.75,2102.75,2129,1761750
2016-11-08,2129,2143.25,2119,2135.5,1751369
2016-11-09,2138,2166.75,2028.5,2160.25,5280237
2016-11-10,2159.5,2180.5,2147.75,2167.25,3132340
2016-11-11,2165,2170.5,2148.5,2161.5,1883989
2016-11-14,2164.5,2174.5,2152.25,2160.5,1815339
2016-11-15,2161,2179.75,2158.5,2179.25,1443589
2016-11-16,2179,2185,2168.75,2172.75,1327887
2016-11-17,2172.5,2185.5,2171.75,2184.25,1350348
2016-11-18,2184,2187.5,2176.5,2180.75,1280719
2016-11-21,2179.5,2196.5,2178.5,2193,1233201
2016-11-22,2193.25,2203,2191.75,2200.25,1257560
2016-11-23,2201.25,2203.5,2192,2200.75,1101994
2016-11-24,2201,2211.75,2197.5,2211.25,561560
2016-11-25,2201,2211.75,2197.5,2211.25,561560
2016-11-28,2208,2209.5,2198.25,2200.75,1371374
2016-11-29,2200.25,2209.5,2196.25,2203.75,1405556
2016-11-30,2203.25,2213.75,2197.25,2198.75,1960189
2016-12-01,2199.5,2203,2186,2192,2148721
2016-12-02,2190.5,2197.25,2184.25,2192,1682042
2016-12-05,2184,2208.75,2179,2204.25,1663731
2016-12-06,2205,2212,2200.25,2210,1483946
2016-12-07,2211.25,2241.25,2206.75,2236.75,2328449
2016-12-08,2236.5,2251.5,2232.5,2247.75,2109978
2016-12-09,2246.75,2261.25,2245,2260,1090581
2016-12-12,2260.75,2270.25,2252.25,2256,1019782
2016-12-13,2250.25,2273,2247.75,2267.75,2325023
2016-12-14,2268,2272.5,2243,2252,2267763
2016-12-15,2251.75,2267.75,2247.25,2258.5,1976782
2016-12-16,2259.5,2264,2249.5,2255.25,1415262
2016-12-19,2256,2263.75,2254,2260,928690
2016-12-20,2260.25,2269.5,2260,2266.5,814005
2016-12-21,2267.25,2268,2258,2260.5,667705
2016-12-22,2258.25,2261,2251.5,2258.75,847626
2016-12-23,2257.5,2261,2254.25,2260,396535
2016-12-26,2258.75,2269.5,2257.75,2261,498741
2016-12-27,2258.75,2269.5,2257.75,2261,498741
2016-12-28,2261.25,2267.5,2243.5,2245.25,1000606
2016-12-29,2245.5,2250,2239.5,2245,913220
2016-12-30,2246.25,2252.75,2228,2236.25,1281987
2017-01-02,2240.75,2259.5,2239.5,2252.5,1810351
2017-01-03,2240.75,2259.5,2239.5,2252.5,1810351
2017-01-04,2252.75,2267.25,2251,2264.25,1404875
2017-01-05,2264.5,2266,2254,2264.25,1324035
2017-01-06,2264.25,2277,2258.25,2271.5,1551007
2017-01-09,2271.25,2275.25,2263.5,2265,1025182
2017-01-10,2264.5,2274,2259.5,2263.75,1304523
2017-01-11,2263.75,2271.75,2255,2270.5,1733727
2017-01-12,2270.5,2270.5,2248.5,2263.5,1752976
2017-01-13,2264.5,2273.5,2262.75,2272.5,1192660
2017-01-16,2270.25,2270.5,2257.25,2262.75,1540220
2017-01-17,2270.25,2270.5,2257.25,2262.75,1540220
2017-01-18,2262,2268.5,2258.25,2266.5,1111992
2017-01-19,2265.5,2269.5,2253,2261.5,1386240
2017-01-20,2261,2272.75,2259.75,2266,1737181
2017-01-23,2266,2267.5,2251.75,2262,1474482
2017-01-24,2260.75,2280.5,2259.5,2274.5,1273116
2017-01-25,2275.75,2295.25,2274.75,2294,1386477
2017-01-26,2293.75,2299.5,2289.5,2294,1170427
2017-01-27,2294,2296.75,2287,2289,942076
2017-01-30,2282,2285.75,2263.25,2276,1850992
2017-01-31,2275.75,2278.25,2262.25,2274.5,1628810
2017-02-01,2277,2285,2268.25,2274.5,1565006
2017-02-02,2275,2279.75,2264.5,2275.5,1414426
2017-02-03,2274,2294,2270.5,2291,1415043
2017-02-06,2293,2294.25,2283.5,2286.5,1164914
2017-02-07,2286.25,2295,2284,2288.5,1202059
2017-02-08,2285.75,2292,2281,2290.25,1283261
2017-02-09,2290.5,2307.75,2287.75,2304.25,1354847
2017-02-10,2304.25,2315.75,2303,2312.75,1177521
2017-02-13,2314.25,2329,2313.25,2326.25,1210205
2017-02-14,2326.5,2337.75,2319.75,2337,1390309
2017-02-15,2335.5,2351.5,2331.25,2350.5,1532340
2017-02-16,2350.25,2350.75,2336.75,2345.5,1737007
2017-02-17,2345,2348.75,2336.5,2348,1399520
2017-02-20,2346.5,2365,2346,2360,1653551
2017-02-21,2346.5,2365,2346,2360,1653551
2017-02-22,2360,2363.75,2355.25,2361,1301504
2017-02-23,2362,2367.5,2353,2362.75,1556359
2017-02-24,2361.5,2365.75,2349.5,2365,1551959
2017-02-27,2362.75,2370.75,2361,2368.25,1156575
2017-02-28,2365.75,2368.75,2357.5,2362.75,1610710
2017-03-01,2364.5,2401,2363.25,2393.5,2171551
2017-03-02,2392.25,2394.25,2378,2382,1744834
2017-03-03,2379.75,2383.25,2373.75,2381.25,1357594
2017-03-06,2380.25,2380.75,2367,2375.5,1376883
2017-03-07,2371.25,2375.5,2364.5,2366.5,1303962
2017-03-08,2365.75,2373,2359.5,2364,1651698
2017-03-09,2363.75,2369.25,2354,2366.25,1788548
2017-03-10,2367.5,2379.75,2362.25,2371.75,1361113
2017-03-13,2370.75,2375.25,2368,2375,1042690
2017-03-14,2370.75,2371.5,2354.75,2363,2014740
2017-03-15,2363.5,2387.75,2363,2380.5,1775343
2017-03-16,2379.25,2388.75,2373.5,2379,1616078
2017-03-17,2379.25,2382.25,2372.75,2375.25,1277357
2017-03-20,2373.75,2376,2365.5,2370.25,1076099
2017-03-21,2369,2378.75,2338,2342.25,2567939
2017-03-22,2340.5,2348.75,2332.25,2342.5,1883451
2017-03-23,2342.25,2356,2338.25,2340,1631527
2017-03-24,2341,2352.75,2331.75,2344.75,1600274
2017-03-27,2337,2341.5,2317.75,2338.5,1614233
2017-03-28,2340.5,2360.5,2333.5,2351.5,1623900
2017-03-29,2353,2359.75,2348.75,2357,1154538
2017-03-30,2357,2366.75,2353.25,2364.5,1164616
2017-03-31,2365.5,2366.75,2356.75,2359.25,1568884
2017-04-03,2357.5,2363.25,2340,2356,1716027
2017-04-04,2354.25,2358.75,2344.75,2356.5,1209054
2017-04-05,2358.75,2375,2343.75,2346.5,1938825
2017-04-06,2345.5,2361.25,2338,2353.75,1595949
2017-04-07,2355.25,2360.75,2336.75,2352.25,1473460
2017-04-10,2351.75,2363.25,2347.5,2352.5,1351301
2017-04-11,2354.25,2355.75,2333.25,2351,1856700
2017-04-12,2351.75,2356.5,2337.5,2340.75,1534596
2017-04-13,2338.75,2345,2324,2327.5,1587079
2017-04-17,2324,2346,2322.75,2345,981675
2017-04-18,2345,2347,2330.25,2337.25,1432200
2017-04-19,2337.75,2349.25,2331.25,2333.75,1254296
2017-04-20,2333.25,2358.25,2332.5,2352,1468523
2017-04-21,2352.75,2356,2340.5,2347.5,1277783
2017-04-24,2365.75,2376.75,2365.25,2370,1553985
2017-04-25,2370,2389.25,2368.25,2385,1324272
2017-04-26,2383,2394.75,2381.5,2382.25,1493096
2017-04-27,2381.5,2388.75,2378.75,2386,1115269
2017-04-28,2386.25,2388.75,2378.25,2380.5,1167297
2017-05-01,2381.5,2390.75,2377,2387,906278
2017-05-02,2386.25,2388.75,2381.75,2385.75,958983
2017-05-03,2384,2386,2375.5,2383.25,1076558
2017-05-04,2382,2390.75,2376,2385.5,1229736
2017-05-05,2386,2399.25,2379,2397.75,1127621
2017-05-08,2402.5,2403.75,2389.75,2395,957161
2017-05-09,2394.5,2400,2388.75,2393.25,1105436
2017-05-10,2391.75,2397,2387.5,2395.25,998859
2017-05-11,2395,2395.25,2379,2391,1356242
2017-05-12,2390.25,2391.5,2384.25,2388.75,1087422
2017-05-15,2388.75,2402.25,2388,2398.5,1041264
2017-05-16,2399.75,2404.5,2393.75,2397,1071111
2017-05-17,2396.5,2396.75,2354.75,2357.5,2814349
2017-05-18,2355,2375,2344.5,2363.5,2460956
2017-05-19,2364,2388,2361,2381.5,1672971
2017-05-22,2381.75,2394.25,2378.25,2392.75,1113022
2017-05-23,2393.5,2399.5,2386.75,2398,1024986
2017-05-24,2397,2404,2394.75,2402,984358
2017-05-25,2403,2417.75,2402.5,2413.5,1315611
2017-05-26,2413,2415.75,2408,2413.75,879560
2017-05-29,2414,2417,2407.75,2410.75,1040285
2017-05-30,2414,2417,2407.75,2410.75,1040285
2017-05-31,2410.5,2416.75,2402.75,2411,1729723
2017-06-01,2413.75,2430.5,2410.5,2429.5,1432385
2017-06-02,2429.25,2439.75,2427,2437.75,1735800
2017-06-05,2435.25,2439,2433,2434.5,891938
2017-06-06,2434.25,2435.75,2426.25,2430.75,1353806
2017-06-07,2429.5,2435,2424,2432,1431930
2017-06-08,2431.5,2439,2427.25,2432.5,1445922
2017-06-09,2427.25,2445.75,2414.75,2430.5,1588107
2017-06-12,2430,2431,2419,2428.5,1253497
2017-06-13,2426.5,2439.25,2425.25,2438,1923275
2017-06-14,2438.25,2443.25,2425.75,2435.25,1818280
2017-06-15,2433.75,2434.5,2416.25,2432,1874682
2017-06-16,2431.25,2436.75,2420.25,2431,1336684
2017-06-19,2433.5,2451.5,2432.75,2447.5,1223334
2017-06-20,2447.75,2451,2434,2437.5,1332027
2017-06-21,2435.75,2440,2428,2433.5,1374762
2017-06-22,2431.75,2439,2428,2431.75,1056822
2017-06-23,2431.25,2438.75,2428.25,2435,1197448
2017-06-26,2432,2447.5,2430,2436,1265812
2017-06-27,2435.75,2437.25,2416.5,2420.5,1639883
2017-06-28,2417,2442.5,2413.75,2438.5,1560424
2017-06-29,2442,2445,2402.25,2420,2337789
2017-06-30,2420.75,2429.75,2415,2421,1638217
2017-07-03,2422,2436.5,2421.5,2425,766228
2017-07-04,2423.75,2432.25,2419.25,2428,1287423
2017-07-05,2423.75,2432.25,2419.25,2428,1287423
2017-07-06,2428,2430.5,2405.25,2408.5,1603746
2017-07-07,2409.25,2425,2407.5,2422.5,1266391
2017-07-10,2423,2430,2419.25,2424.5,861222
2017-07-11,2423.75,2427.75,2410.25,2424.5,1132273
2017-07-12,2425,2443.75,2422.5,2440,1163339
2017-07-13,2441.25,2447,2439,2445.5,941061
2017-07-14,2446.5,2461.25,2442,2456,1091078
2017-07-17,2457,2460.5,2454,2458.5,862469
2017-07-18,2459.25,2461,2448,2457.75,1091158
2017-07-19,2459.75,2472,2457.75,2471.5,958463
2017-07-20,2471,2476.25,2465.5,2471.25,1106684
2017-07-21,2472.5,2475.25,2462.75,2469.5,1095937
2017-07-24,2469.75,2470.5,2463.5,2468.5,857750
2017-07-25,2467,2478.75,2466.25,2474,1074033
2017-07-26,2475.25,2479.75,2471.5,2473.25,972444
2017-07-27,2474.5,2480.5,2457,2472,1647577
2017-07-28,2472,2472,2461.5,2470.25,1156784
2017-07-31,2470.5,2475,2465.25,2468,1229202
2017-08-01,2468,2477.25,2466.25,2472.25,1043439
2017-08-02,2474,2476,2463.25,2473.5,1304650
2017-08-03,2473.25,2474.5,2466,2471.75,1087355
2017-08-04,2470.75,2477.75,2467.75,2472,1070866
2017-08-07,2472.25,2478.25,2472,2477.5,599701
2017-08-08,2477.5,2488.5,2467.5,2472.75,1367671
2017-08-09,2470,2474.5,2459,2473,1555517
2017-08-10,2474,2474.25,2432.75,2437.5,2324062
2017-08-11,2434.5,2446.5,2430.25,2440,1670104
2017-08-14,2441.5,2466.5,2441.5,2463.5,1470477
2017-08-15,2464.5,2473.25,2460,2463.75,1060173
2017-08-16,2464.5,2474,2461.5,2467.5,1137333
2017-08-17,2466.75,2468.5,2423.75,2429.5,2236170
2017-08-18,2426.75,2439.5,2419.5,2426.75,2203303
2017-08-21,2428.75,2431.5,2415.75,2428,1339966
2017-08-22,2428,2454.25,2427.5,2452.75,1367156
2017-08-23,2453,2454.75,2438.75,2441.5,1243382
2017-08-24,2440.25,2449,2434.5,2440.75,1407417
2017-08-25,2442.5,2453.5,2437.5,2442.5,1211227
2017-08-28,2442,2449.25,2436.25,2443.75,953054
2017-08-29,2434,2448.5,2421,2447,1615262
2017-08-30,2446.5,2459.75,2442.75,2455.75,1301444
2017-08-31,2455.25,2474.25,2454.75,2470,1752826
2017-09-01,2470.25,2479.75,2470,2474.25,1057024
2017-09-04,2461.25,2471.25,2445.5,2459.75,2123649
2017-09-05,2461.25,2471.25,2445.5,2459.75,2123649
2017-09-06,2460.25,2469,2456.5,2465.5,1574076
2017-09-07,2464,2468.75,2457.5,2466.5,1534736
2017-09-08,2466.5,2467.5,2456.75,2462.5,1242750
2017-09-11,2468,2489,2468,2487.5,1333316
2017-09-12,2486.5,2495,2485.25,2494.25,1739059
2017-09-13,2495.25,2495.5,2489,2494.75,1426452
2017-09-14,2494.5,2496.25,2487.5,2494.25,1372582
2017-09-15,2493.75,2500,2487,2497.25,1367390
2017-09-18,2499,2506,2497.75,2502.75,1090827
2017-09-19,2502.75,2506,2501,2504.75,961109
2017-09-20,2503.75,2507.25,2494,2505.25,1232948
2017-09-21,2504.5,2506.25,2496.5,2501,1117630
2017-09-22,2500.75,2501,2492,2499.5,1024727
2017-09-25,2499,2504.5,2485,2497,1539626
2017-09-26,2498,2501.25,2492.25,2495.5,1144642
2017-09-27,2495,2509.25,2493,2504.5,1576031
2017-09-28,2503.25,2508.25,2499,2507.75,1109027
2017-09-29,2507.75,2517.75,2504.75,2516,1368322
2017-10-02,2518,2528,2517,2526.25,1138362
2017-10-03,2527.25,2533.5,2525.5,2532.75,849153
2017-10-04,2533,2538,2529,2536.25,956590
2017-10-05,2535.25,2550.75,2534.5,2550,1104438
2017-10-06,2548.75,2549.75,2541.5,2545,1169419
2017-10-09,2543.25,2550.5,2539.25,2543.75,735488
2017-10-10,2543.25,2553.25,2542.75,2548.5,1149236
2017-10-11,2548.75,2553.5,2544.25,2553,818238
2017-10-12,2552.25,2553.25,2546.25,2549.5,938476
2017-10-13,2548,2555.5,2547,2552.75,918541
2017-10-16,2552.25,2557.75,2550.75,2556.25,795923
2017-10-17,2555.5,2557.75,2552.25,2557,738739
2017-10-18,2556.5,2562.25,2556.25,2560,753384
2017-10-19,2560,2561.5,2542.5,2560.5,1362805
2017-10-20,2561,2574.5,2559.5,2574,1254054
2017-10-23,2572.75,2577.25,2561.5,2563.5,1272965
2017-10-24,2562.5,2570.25,2562.25,2567.25,1047808
2017-10-25,2564.75,2566.25,2541.5,2558.5,2099172
2017-10-26,2559.5,2565,2555.5,2561.5,1392205
2017-10-27,2561.5,2580.75,2557.5,2578.5,1561074
2017-10-30,2575.5,2578.25,2565.5,2568.25,1237600
2017-10-31,2568,2575.5,2566.75,2572.75,1051279
2017-11-01,2572.75,2585.5,2571,2574.75,1290220
2017-11-02,2571.5,2578.5,2562.25,2576.75,1297222
2017-11-03,2577.5,2585.5,2573.5,2582.75,992681
2017-11-06,2580,2590,2575.5,2588.75,848119
2017-11-07,2587.75,2593.5,2580.75,2586.75,1163840
2017-11-08,2584,2592.5,2579.75,2591,1058023
2017-11-09,2591.25,2594.5,2563.25,2584,2218191
2017-11-10,2582,2585.75,2571.5,2579.5,1193217
2017-11-13,2580.25,2585.5,2570.25,2582,1052173
2017-11-14,2580.25,2582.25,2564.25,2578,1582882
2017-11-15,2576.75,2577,2555.5,2565,1917948
2017-11-16,2564.25,2589.5,2562.25,2585,1528865
2017-11-17,2584.25,2586,2574.75,2576.25,1186958
2017-11-20,2576,2584,2567.75,2582,1000520
2017-11-21,2582,2600.5,2579.25,2596.25,1153787
2017-11-22,2595.75,2600,2592.75,2594.5,536543
2017-11-23,2593.25,2603,2589.5,2601,551196
2017-11-24,2593.25,2603,2589.5,2601,551196
2017-11-27,2601,2605.5,2596.5,2601.75,960112
2017-11-28,2602.25,2627,2597.5,2626,1558414
2017-11-29,2625.5,2634.25,2619.75,2625,1661775
2017-11-30,2625,2658.5,2621.75,2648,2346236
2017-12-01,2640.75,2650.75,2605,2644,2520826
2017-12-04,2654.5,2665.25,2633.75,2638.25,1756938
2017-12-05,2636,2648.75,2627.25,2628.25,1392821
2017-12-06,2626.75,2634.5,2620,2629.25,1307666
2017-12-07,2630.5,2641.25,2626.25,2639.5,1345485
2017-12-08,2639.5,2652.5,2637.75,2651,1154864
2017-12-11,2652,2664.75,2649.25,2661.5,1266601
2017-12-12,2666,2673,2663.25,2667.75,1659061
2017-12-13,2667.75,2675.5,2659.25,2669,1565803
2017-12-14,2668.5,2673.5,2651.75,2656,1467120
2017-12-15,2652.75,2683.25,2652.5,2682,1410847
2017-12-18,2683,2698,2682.5,2694.5,1040769
2017-12-19,2695,2698,2682.5,2684,980483
2017-12-20,2684.75,2695.5,2679,2681.5,981223
2017-12-21,2681.5,2696,2680.75,2687.75,853748
2017-12-22,2686.75,2691.5,2682.25,2686,360430
2017-12-25,2686.75,2689.5,2683.5,2687,376101
2017-12-26,2686.75,2689.5,2683.5,2687,376101
2017-12-27,2687.5,2691,2681.5,2685.5,666329
2017-12-28,2684,2689,2683,2685.75,535624
2017-12-29,2684.75,2698.25,2667.75,2676,1092038
2018-01-01,2675.25,2696,2674.5,2693,996265
2018-01-02,2675.25,2696,2674.5,2693,996265
2018-01-03,2693.75,2714.25,2692.25,2711,1114548
2018-01-04,2710.25,2729,2708.5,2723.75,1166017
2018-01-05,2725,2743.25,2723.75,2742.5,1136500
2018-01-08,2741.75,2748.5,2736.5,2746.75,903544
2018-01-09,2746.5,2760,2742.75,2752.25,1137598
2018-01-10,2749.75,2752,2736.5,2750.5,1289898
2018-01-11,2750,2770.5,2747.75,2769.5,1045414
2018-01-12,2768.75,2790,2766.75,2788.75,1357120
2018-01-15,2789.75,2808.5,2769.25,2782.5,1981469
2018-01-16,2789.75,2808.5,2769.25,2782.5,1981469
2018-01-17,2782.75,2809.5,2779,2803.75,1541873
2018-01-18,2803.25,2808,2793.75,2796.25,1345331
2018-01-19,2797,2815,2791.75,2811,1363990
2018-01-22,2804,2838.25,2802,2835.25,1179414
2018-01-23,2835.25,2844.75,2828.75,2839.5,1282163
2018-01-24,2837,2855.25,2825.5,2841,1885278
2018-01-25,2840,2853.75,2830.75,2841.25,1439217
2018-01-26,2842.25,2876,2841.25,2874.5,1286287
2018-01-29,2874.25,2878.5,2851.5,2853.5,1395078
2018-01-30,2853.25,2858,2818.5,2824.5,2133815
2018-01-31,2823.25,2839.75,2813,2825.75,1841227
2018-02-01,2828.75,2837.25,2809.5,2822.5,1646906
2018-02-02,2826.5,2831,2755.25,2756.75,2532442
2018-02-05,2757,2763,2595.75,2607.75,4009557
2018-02-06,2624,2699.75,2529,2694.25,4806868
2018-02-07,2685.5,2726.75,2660.5,2668.25,2491133
2018-02-08,2664.75,2686.5,2577,2593.5,3121915
2018-02-09,2593.75,2637.75,2530.25,2619,3909443
2018-02-12,2628.25,2671.5,2620,2655.25,2170447
2018-02-13,2653.25,2667.5,2634.25,2661.75,1461104
2018-02-14,2662.5,2701.75,2627,2697,2087016
2018-02-15,2695.5,2736.75,2688.5,2734,1668909
2018-02-16,2734,2754.75,2722.25,2735,1738551
2018-02-19,2734.5,2747.75,2705.75,2714,1447502
2018-02-20,2734.5,2747.75,2705.75,2714,1447502
2018-02-21,2714.5,2747.75,2693.5,2698.75,1661308
2018-02-22,2698.5,2731,2682,2711.5,1623017
2018-02-23,2712.75,2750.25,2710,2748.75,1439642
2018-02-26,2751.5,2786,2742.5,2784.5,1256268
2018-02-27,2783.5,2789.75,2742,2747.5,1717155
2018-02-28,2746.5,2762,2712,2714.5,1876678
2018-03-01,2718.25,2731,2658.5,2678.25,2818966
2018-03-02,2678.75,2696,2647,2690.25,2171819
2018-03-05,2683.25,2727.75,2663.75,2718.5,1781823
2018-03-06,2719,2734.5,2710.25,2724,1450085
2018-03-07,2700,2730.25,2681.25,2723.25,1870360
2018-03-08,2722.5,2740.5,2720,2739.25,1502808
2018-03-09,2736.5,2787,2730,2784,1541679
2018-03-12,2784,2800.5,2779,2784,1232395
2018-03-13,2787,2807.25,2762.5,2772.75,2226645
2018-03-14,2767,2783.5,2748.25,2754,1930552
2018-03-15,2754.75,2767.25,2745,2755.5,1392307
2018-03-16,2757.5,2766.25,2750.25,2756,1142517
2018-03-19,2756.25,2756.5,2697.25,2722.75,1986809
2018-03-20,2721.5,2729,2712.75,2723.5,1099899
2018-03-21,2723.25,2744,2712.5,2718.25,1423759
2018-03-22,2718.25,2726.25,2641.75,2643.25,2548609
2018-03-23,2645.75,2658.75,2586,2597.75,2875654
2018-03-26,2595,2662.75,2591,2659.5,2302375
2018-03-27,2659.5,2679.75,2596,2615.75,2448450
2018-03-28,2612.75,2633.75,2593,2607.5,2802883
2018-03-29,2609.75,2659.5,2601,2643,2042949
2018-04-02,2635,2641.5,2552,2575,2395329
2018-04-03,2581.25,2618.75,2573.5,2613.25,2220246
2018-04-04,2612,2649.75,2559.5,2647,2247386
2018-04-05,2645.75,2672.25,2644,2661.75,1642890
2018-04-06,2663,2664,2584.5,2605.75,2615117
2018-04-09,2607.5,2653.75,2607.5,2619,1762078
2018-04-10,2617.75,2666.25,2612.25,2655,1998582
2018-04-11,2654.5,2661.25,2626,2641,1637350
2018-04-12,2642.5,2675,2639.75,2664,1301132
2018-04-13,2661.75,2680.5,2644.75,2657.25,1711823
2018-04-16,2673.25,2687,2660.75,2681.75,1237183
2018-04-17,2679.25,2713.75,2678.75,2706.5,1251766
2018-04-18,2704.5,2718.5,2703.75,2709.75,1044851
2018-04-19,2711.75,2713.25,2681.5,2693,1577913
2018-04-20,2692.5,2698.25,2659.75,2671.5,1604973
2018-04-23,2683,2684.75,2657.25,2671.25,1239828
2018-04-24,2672,2688.5,2616,2635.25,2329880
2018-04-25,2635.25,2648.25,2611.25,2644.5,1902899
2018-04-26,2648.25,2677.5,2639.5,2674.5,1279539
2018-04-27,2675.5,2676.25,2657.75,2671.5,1142350
2018-04-30,2670.5,2682.25,2645,2647,1341086
2018-05-01,2646.25,2658,2623.25,2652.25,1323628
2018-05-02,2655.5,2658.5,2624.25,2627.5,1427995
2018-05-03,2626.75,2636.25,2591.25,2631.75,2146587
2018-05-04,2631.75,2669.5,2612.25,2663,1699202
2018-05-07,2662.75,2681.5,2661.25,2670,1148919
2018-05-08,2668,2674.25,2652.25,2670.25,1281751
2018-05-09,2669.75,2700,2666.5,2696,1251722
2018-05-10,2696,2725,2692.75,2718.75,1173629
2018-05-11,2716.25,2732.5,2716.25,2729.5,1066248
2018-05-14,2727.25,2741.25,2724.25,2731,945963
2018-05-15,2728.5,2731.25,2700.5,2709,1519108
2018-05-16,2711.25,2728,2704.5,2723,1057687
2018-05-17,2721.75,2732,2711,2718.75,1071506
2018-05-18,2718.75,2727,2708.75,2713,1013073
2018-05-21,2728.75,2739.25,2724.25,2733,951913
2018-05-22,2731.25,2741.75,2721.5,2726,891511
2018-05-23,2724.5,2733,2704.5,2730.75,1295885
2018-05-24,2729.75,2733.25,2705.75,2727.5,1277264
2018-05-25,2726.75,2737.75,2713.75,2718.25,993783
2018-05-28,2721.25,2724.25,2675,2692.25,1989677
2018-05-29,2721.25,2724.25,2675,2692.25,1989677
2018-05-30,2693.25,2729.25,2685.75,2724.5,1424364
2018-05-31,2720.25,2728.25,2699.75,2705.5,1665452
2018-06-01,2707.5,2737,2706,2733.75,1241171
2018-06-04,2731,2749.25,2729,2745.5,857850
2018-06-05,2746,2753.25,2739,2751.5,1027609
2018-06-06,2751,2774.75,2748,2772.25,1326401
2018-06-07,2773.25,2779.75,2760,2772.25,1773923
2018-06-08,2771,2779.75,2752,2778.75,1367033
2018-06-11,2771,2790.5,2770.5,2783,1218834
2018-06-12,2785,2794,2782.25,2788.25,1496135
2018-06-13,2792,2796,2778.5,2779,1384101
2018-06-14,2777.75,2794,2772.25,2788.5,1275141
2018-06-15,2787,2788.5,2765.5,2784.5,1512061
2018-06-18,2780,2786.75,2761.25,2779.75,993118
2018-06-19,2778.25,2780.25,2735.75,2766.25,1657081
2018-06-20,2765.25,2778.25,2757.25,2772,1082802
2018-06-21,2771.75,2785.25,2747,2752.5,1493235
2018-06-22,2750.5,2768.5,2749.25,2759.5,1108771
2018-06-25,2757,2758,2700.5,2722.25,2206994
2018-06-26,2721.75,2735.25,2714.75,2728.5,1399067
2018-06-27,2726.5,2748,2701,2705,2117686
2018-06-28,2705,2726.25,2693.25,2719.5,1678667
2018-06-29,2720,2745.5,2716.75,2721.5,1641889
2018-07-02,2721,2728.5,2698.5,2727.25,1213215
2018-07-03,2727.25,2741.5,2712,2713.25,860533
2018-07-04,2713,2739.75,2710.75,2738.5,1165235
2018-07-05,2713,2739.75,2710.75,2738.5,1165235
2018-07-06,2737,2766.25,2731.25,2763,1287758
2018-07-09,2762,2788,2761.75,2787.5,970337
2018-07-10,2787.5,2797.75,2780.5,2796.75,925706
2018-07-11,2780.75,2787.75,2765.75,2774,1369176
2018-07-12,2776.75,2801,2773.75,2798.5,1120424
2018-07-13,2798.5,2807.25,2793.25,2803.25,952307
2018-07-16,2804.75,2809,2795,2796.5,801608
2018-07-17,2795.75,2815.75,2789.75,2811.25,1059163
2018-07-18,2813,2818.25,2806.75,2816,860523
2018-07-19,2814.5,2818,2800.25,2805.25,1082645
2018-07-20,2805.5,2810.5,2793,2800.75,1013663
2018-07-23,2805.25,2812.5,2792.5,2812,812481
2018-07-24,2810.5,2831.25,2810.25,2821,1347688
2018-07-25,2819.25,2849.5,2814,2841.25,1302896
2018-07-26,2835.25,2846.5,2833.25,2842.5,1039552
2018-07-27,2840.25,2847,2808.75,2817.5,1492056
2018-07-30,2816,2821.75,2798.25,2803.25,1169457
2018-07-31,2805.5,2827.75,2802.75,2817,1366896
2018-08-01,2824.25,2825.75,2805.5,2810.75,1098291
2018-08-02,2814,2831.25,2791,2828.5,1238138
2018-08-03,2830.75,2841.5,2824.75,2839.5,922242
2018-08-06,2841.5,2853.5,2835,2850,797324
2018-08-07,2849.25,2863.75,2848.25,2859.75,780222
2018-08-08,2860.5,2862.5,2852.5,2855.25,745412
2018-08-09,2853.5,2862.75,2850.5,2853.75,696695
2018-08-10,2852.5,2852.75,2826,2836.75,1416182
2018-08-13,2835.75,2843.75,2820,2825.5,1282874
2018-08-14,2826.75,2843.5,2825.75,2841,1022577
2018-08-15,2841.75,2843,2803,2821.25,1871800
2018-08-16,2822.25,2851.75,2817.5,2844.75,1271529
2018-08-17,2843.5,2857,2835,2852.25,1202980
2018-08-20,2851.75,2860.75,2850.25,2858.5,817383
2018-08-21,2856.75,2874,2852,2861.75,1055051
2018-08-22,2853,2868.25,2846.25,2861.25,996434
2018-08-23,2861.75,2869.75,2854.75,2858,1050042
2018-08-24,2858.25,2877.5,2856.25,2876.75,1058571
2018-08-27,2877.75,2899.5,2876.75,2898.5,961496
2018-08-28,2899,2906.25,2894.25,2899.25,902705
2018-08-29,2900.5,2917.5,2897.5,2914.75,1113797
2018-08-30,2915.75,2916.25,2895.5,2902,1331841
2018-08-31,2898,2907.5,2891.75,2902,1323038
2018-09-03,2906.5,2912.5,2885.5,2898.25,1605954
2018-09-04,2906.5,2912.5,2885.5,2898.25,1605954
2018-09-05,2898.75,2900.5,2877.5,2888.25,1604742
2018-09-06,2888.5,2893,2868,2879,1633946
2018-09-07,2877.75,2885,2865,2874.75,1692240
2018-09-10,2873.75,2888.25,2873.25,2880.25,1248308
2018-09-11,2879.75,2893,2867.25,2889.75,1269254
2018-09-12,2890,2895.25,2879.5,2888.5,1581597
2018-09-13,2887,2907,2884.75,2905.25,1641192
2018-09-14,2904.75,2912.25,2896.75,2906.25,1203335
2018-09-17,2903.5,2906.25,2887.25,2891,1161598
2018-09-18,2895.5,2917.75,2883.5,2911.75,1877029
2018-09-19,2913,2918.75,2905.75,2915,1361242
2018-09-20,2916.5,2940.75,2913.25,2939.5,1474453
2018-09-21,2939.5,2947,2932,2933.75,1489417
2018-09-24,2929.5,2930.25,2917.75,2925.5,1162107
2018-09-25,2926.5,2934.25,2918.25,2921.25,1032045
2018-09-26,2922.5,2936,2907.5,2911.5,1308995
2018-09-27,2911.5,2932,2907.5,2920,1210835
2018-09-28,2922.25,2925.5,2908,2919,1429127
2018-10-01,2922.5,2942,2922.5,2930,1239963
2018-10-02,2929.25,2936,2917.5,2928.5,1132507
2018-10-03,2929,2944.75,2924.75,2931.5,1244514
2018-10-04,2926,2926.25,2887.75,2907.75,2165850
2018-10-05,2910,2915.5,2873.25,2894,2291213
2018-10-08,2897.5,2898.25,2866,2893.75,1760642
2018-10-09,2892.25,2900,2874.5,2888.25,1770753
2018-10-10,2886.75,2891.25,2771.5,2781,3460738
2018-10-11,2776.5,2798.75,2712.25,2745.5,4013855
2018-10-12,2748.5,2785,2732.25,2768.5,2853415
2018-10-15,2770,2778.75,2745.25,2749,1763922
2018-10-16,2747.5,2819,2745.5,2817.75,1780311
2018-10-17,2816.25,2824.25,2783.25,2816.25,1948526
2018-10-18,2813.25,2814.75,2756.5,2772.25,2218738
2018-10-19,2774.75,2800.5,2762.25,2767.5,2023613
2018-10-22,2758,2782,2749.75,2756.5,1665740
2018-10-23,2755.75,2757.5,2692.25,2746.25,2849774
2018-10-24,2745.25,2750,2652.25,2664.25,2856919
2018-10-25,2673.75,2723.75,2658.75,2688.25,2535913
2018-10-26,2678,2692.75,2627.25,2669.5,3509803
2018-10-29,2667,2707,2603,2643.5,2786555
2018-10-30,2639,2690.25,2633.25,2685.25,2503396
2018-10-31,2690.75,2737.25,2682,2711,2469662
2018-11-01,2706,2741.25,2705.5,2738,1820142
2018-11-02,2724,2766.25,2699.5,2724.25,2372699
2018-11-05,2722.5,2743.75,2712.75,2739.5,1311938
2018-11-06,2739,2761,2729.75,2759,1269341
2018-11-07,2756.75,2817.75,2744.75,2816.5,1894012
2018-11-08,2815.75,2818,2795,2808.75,1317225
2018-11-09,2804,2811.25,2764.5,2779,1724880
2018-11-12,2778.75,2795.25,2722.25,2727.75,1921301
2018-11-13,2732,2755.75,2714.5,2727.5,2101869
2018-11-14,2731.25,2748.25,2686.25,2698.5,2295505
2018-11-15,2702,2736.75,2671.25,2734.5,2383852
2018-11-16,2731.75,2748.75,2708.75,2743,1875116
2018-11-19,2733,2748,2681.5,2696.25,1988117
2018-11-20,2696.25,2696.75,2631.75,2640,2533128
2018-11-21,2639.75,2671.25,2632.25,2649,1454916
2018-11-22,2635.5,2647.5,2626,2629.5,872856
2018-11-23,2635.5,2647.5,2626,2629.5,872856
2018-11-26,2633.5,2676.25,2631.5,2670,1374735
2018-11-27,2661,2686.75,2655.25,2683.5,1503048
2018-11-28,2686.25,2745,2681,2741.5,1866115
2018-11-29,2738,2754.5,2723.25,2744.25,1489330
2018-11-30,2742,2764.75,2729,2758.25,1475346
2018-12-03,2793.5,2814,2773.5,2790.75,1909240
2018-12-04,2789.75,2790.5,2696,2701.75,2709938
2018-12-05,2699.5,2720.75,2698,2701.75,184904
2018-12-06,2713.25,2714,2621.25,2691,3308356
2018-12-07,2694.25,2709.75,2623.25,2636,2596155
2018-12-10,2625,2648.5,2583,2643,2564357
2018-12-11,2644,2678,2621.25,2641.25,2265284
2018-12-12,2632.5,2686.5,2631.75,2652.5,1900862
2018-12-13,2653,2671,2637.25,2645.5,2043406
2018-12-14,2646.5,2648.75,2594,2602,1664325
2018-12-17,2594,2613.75,2530.5,2552.5,1602680
2018-12-18,2557.25,2577.75,2530,2538,2700902
2018-12-19,2532,2592,2489.5,2504.5,2865330
2018-12-20,2505,2518,2441.5,2486.25,3686614
2018-12-21,2485,2508,2409.25,2413.5,3016623
2018-12-24,2407.75,2434.5,2340.5,2341.75,1292750
2018-12-26,2348.5,2477.75,2316.75,2471,2015176
2018-12-27,2470.25,2498.75,2397,2495,2283892
2018-12-28,2491.5,2523,2472.75,2486,2011392
2018-12-31,2495.5,2513,2482.75,2505.25,1414594
2019-01-02,2508,2521.25,2452.25,2511,1969697
2019-01-03,2482.25,2493.5,2443.25,2447.75,2257341
2019-01-04,2451.75,2539.25,2438.5,2531.25,2350836
2019-01-07,2537.25,2567.5,2523.25,2550.5,1632131
2019-01-08,2553.25,2581.25,2547.5,2572.5,1664892
2019-01-09,2569.5,2596.75,2568.5,2582.5,1596941
2019-01-10,2580,2599.5,2560.5,2594,1534119
2019-01-11,2594,2597.75,2577,2595,1213026
2019-01-14,2588.5,2592,2567.25,2580.5,1199404
2019-01-15,2581.5,2613.75,2580,2605.5,1532494
2019-01-16,2605.75,2626.25,2602.5,2613.25,1330329
2019-01-17,2614.5,2645.5,2596.5,2635.25,1508869
2019-01-18,2636.75,2677.75,2632.75,2671.5,1753852
2019-01-21,2669.25,2673.5,2616.5,2632,1880446
2019-01-22,2669.25,2673.5,2616.5,2632,1880446
2019-01-23,2630.75,2653.75,2612.5,2638.25,1576181
2019-01-24,2635,2647.5,2626,2634,1266714
2019-01-25,2636.25,2672.5,2634.5,2663.5,1388741
2019-01-28,2660,2663.5,2622.25,2642,1408636
2019-01-29,2640.25,2650,2628.5,2640.25,1261703
2019-01-30,2648.5,2689.75,2636.25,2682.5,1564987
2019-01-31,2683.5,2713,2675.75,2704.5,1935195
2019-02-01,2707.75,2716,2695.5,2704.25,1469597
2019-02-04,2699.25,2725,2697,2721.25,1024581
2019-02-05,2719.5,2737.75,2716.25,2731,1225737
2019-02-06,2730.75,2736.5,2722.25,2729.5,1196377
2019-02-07,2727,2729.25,2685.5,2704,1921663
2019-02-08,2702,2709,2680.75,2706.25,1579544
2019-02-11,2710.75,2721.5,2700.5,2708.25,1110070
2019-02-12,2707,2748,2705.5,2744.75,1307152
2019-02-13,2743.5,2762,2742.75,2749.5,1209879
2019-02-14,2749.25,2763,2730.25,2743.5,1679091
2019-02-15,2741.25,2778.5,2729,2777,1518783
2019-02-18,2777,2787.5,2766,2778.75,1198092
2019-02-19,2777,2787.5,2766,2778.75,1198092
2019-02-20,2777.75,2790.75,2773.25,2787,1284923
2019-02-21,2787,2798,2764.25,2774.25,1426061
2019-02-22,2773.5,2795.5,2770.5,2791.25,1190834
2019-02-25,2799.5,2814,2794.5,2797,1256092
2019-02-26,2795.75,2803.5,2783.25,2791.5,1201641
2019-02-27,2788,2797.25,2775,2795,1138855
2019-02-28,2795.25,2795.75,2781.75,2784.75,1360457
2019-03-01,2785.25,2808.25,2783,2805,1265597
2019-03-04,2814,2819.75,2767.5,2791.5,1791972
2019-03-05,2790.5,2799,2783.25,2791.5,1203448
2019-03-06,2786.5,2792.75,2768.5,2771.5,1509846
2019-03-07,2770.5,2776.25,2738.5,2750,1919820
2019-03-08,2749,2751.5,2722,2747,1380324
2019-03-11,2745.5,2787.5,2736.75,2784,1300372
2019-03-12,2790,2803.25,2785.5,2797.25,1789055
2019-03-13,2797.75,2826.5,2788.25,2819.5,1630657
2019-03-14,2821,2825,2808.5,2812.25,1247105
2019-03-15,2813.5,2836.5,2812.5,2829.75,1382358
2019-03-18,2827,2842,2824,2840.5,1036540
2019-03-19,2841.5,2858.75,2829,2836.5,1497577
2019-03-20,2837.25,2849.25,2817.25,2827,1693207
2019-03-21,2823.75,2866,2813.75,2862.5,1657949
2019-03-22,2859.5,2864.75,2805.25,2810.75,2254842
2019-03-25,2813,2818.5,2789.5,2807,1801326
2019-03-26,2808.5,2835,2806,2823,1461068
2019-03-27,2823.5,2831.75,2791.75,2810.5,1726746
2019-03-28,2807,2824.25,2795,2821,1185882
2019-03-29,2820.5,2840.75,2820.25,2837.75,1491974
2019-04-01,2844.5,2873.5,2844.5,2870.5,1256933
2019-04-02,2868.5,2873.75,2862.25,2867,859942
2019-04-03,2866,2889.25,2865.25,2879.75,1240848
2019-04-04,2880.75,2885.75,2871,2882.75,1045539
2019-04-05,2882.5,2898,2880.5,2896,1221029
2019-04-08,2896.25,2899.75,2884.25,2898.25,978909
2019-04-09,2898.5,2900,2877.25,2882.5,1182395
2019-04-10,2882,2896,2878,2894.5,972310
2019-04-11,2894.75,2900,2885.25,2891.75,968649
2019-04-12,2892,2914.75,2890.75,2912.5,1227893
2019-04-15,2912,2914.5,2900.5,2909.5,955662
2019-04-16,2910.25,2921.25,2904.5,2911.5,1124491
2019-04-17,2910.25,2923.5,2898.5,2900.5,1382265
2019-04-18,2901,2911.75,2889.5,2910,1335778
2019-04-22,2908.75,2915.75,2899,2912.5,706067
2019-04-23,2911.75,2939.75,2908,2938,1193738
2019-04-24,2937.25,2939.75,2927.75,2930.75,1125250
2019-04-25,2930,2935.75,2914.25,2926.25,1376185
2019-04-26,2923.75,2942.75,2917.25,2941.5,1246988
2019-04-29,2939.25,2951.5,2937.75,2943,944846
2019-04-30,2942.5,2956.5,2926,2948.5,1491268
2019-05-01,2955,2961.25,2916,2923,1502201
2019-05-02,2916.5,2932.75,2901,2917.5,1813837
2019-05-03,2918.5,2949.5,2916.5,2947.5,1295606
2019-05-06,2917.75,2938.25,2883.5,2932.5,2037157
2019-05-07,2911.75,2930.5,2862.5,2890.75,2813033
2019-05-08,2889.75,2899.5,2868.75,2887.25,2043325
2019-05-09,2884,2885.5,2836.25,2872.75,2705412
2019-05-10,2869.75,2893,2826,2887,2848095
2019-05-13,2858.5,2869.25,2802,2807,2790074
2019-05-14,2806,2853.75,2799.75,2839.25,1797995
2019-05-15,2840.75,2860,2815,2855,1753507
2019-05-16,2853.5,2894,2840.5,2878.5,1687728
2019-05-17,2879.75,2887.5,2852.5,2862,1926351
2019-05-20,2861.5,2876.5,2832.5,2844,1659139
2019-05-21,2848,2870.75,2846.25,2866,1303238
2019-05-22,2864.75,2869.5,2848.25,2857.5,1258767
2019-05-23,2857.75,2858.5,2805.75,2819.5,2013518
2019-05-24,2821.75,2842,2819.25,2831.75,1201967
2019-05-27,2831,2841.25,2800.5,2805,1633540
2019-05-28,2831,2841.25,2800.5,2805,1633540
2019-05-29,2804.25,2806,2766.25,2780,2087458
2019-05-30,2779.5,2799,2776.5,2790.5,1282029
2019-05-31,2788.75,2791,2750,2752.5,2211587
2019-06-03,2741,2763.75,2728.75,2749.5,2297243
2019-06-04,2754,2806.25,2744,2805,1836910
2019-06-05,2806.5,2829.5,2801,2827.75,1743779
2019-06-06,2820.5,2853,2812.75,2845.75,1566762
2019-06-07,2840,2886.25,2838,2875,1687328
2019-06-10,2893.25,2905.75,2880.5,2889.25,1416247
2019-06-11,2890.25,2911.5,2879.25,2887,1397028
2019-06-12,2887.25,2891,2875.25,2881,1205406
2019-06-13,2882,2896.5,2867.25,2894.5,1437516
2019-06-14,2893.75,2898.75,2880.5,2890.5,1257750
2019-06-17,2890.75,2900.75,2887.75,2892,1157402
2019-06-18,2898,2936.5,2889,2926.25,2257843
2019-06-19,2924.75,2936.75,2915.25,2933.5,1666878
2019-06-20,2930.75,2964.5,2930.5,2960,1876076
2019-06-21,2957.75,2969.25,2947.75,2950.5,1547604
2019-06-24,2948,2961.75,2947.25,2952,910166
2019-06-25,2951,2958.25,2920,2922,1417191
2019-06-26,2922.5,2939,2914.5,2918,1232682
2019-06-27,2914.75,2935.75,2914.75,2931,1060248
2019-06-28,2932.75,2955.25,2930,2944.25,1322759
2019-07-01,2970,2981.75,2955.5,2967.75,1457722
2019-07-02,2968,2980,2958.5,2979.5,1119495
2019-07-03,2979,3001.5,2973.75,3000.25,805258
2019-07-04,3000.75,3006,2971.25,2990.5,1339312
2019-07-05,3000.75,3006,2971.25,2990.5,1339312
2019-07-08,2990.75,2994.75,2973.25,2978.5,1016611
2019-07-09,2977.75,2986.25,2963.5,2982,956650
2019-07-10,2982.25,3007.5,2971.25,2997.5,1422362
2019-07-11,2996,3006.75,2992.5,3004,1181911
2019-07-12,3003,3018,3002.25,3015.5,969956
2019-07-15,3015.25,3023.5,3010.75,3017.25,829936
2019-07-16,3017.25,3021.75,3004.5,3007,939814
2019-07-17,3005.75,3013,2980.5,2985,1039457
2019-07-18,2980.75,3005.25,2974.5,2997.5,1345038
2019-07-19,3003.75,3009.75,2969.5,2977,1482373
2019-07-22,2974.5,2993.5,2972.5,2989,1098399
2019-07-23,2988.75,3008.5,2987.5,3008,1056909
2019-07-24,3003,3022,2996,3021.5,1068766
2019-07-25,3018,3027.75,2998,3006.5,1333721
2019-07-26,3006.5,3029.5,3006,3024.5,961015
2019-07-29,3022,3027.25,3015.5,3021.75,823572
2019-07-30,3022.25,3027.5,3001.5,3012.25,1182050
2019-07-31,3016.25,3020.75,2958,2982.25,1951108
2019-08-01,2970.25,3014.25,2944.5,2952,2736926
2019-08-02,2950.25,2961,2913.5,2932.5,2447014
2019-08-05,2929.25,2933.5,2820.5,2830,3072122
2019-08-06,2816.25,2883.75,2775.75,2876,2601037
2019-08-07,2873.75,2891.5,2823.25,2880.5,2680813
2019-08-08,2879,2940.75,2870.5,2940,1800667
2019-08-09,2928,2935.75,2899,2919.75,2026304
2019-08-12,2918.75,2931,2872.5,2880.25,1710875
2019-08-13,2882.25,2944.25,2866.75,2932,2184012
2019-08-14,2931,2936.5,2835.75,2840.75,2786308
2019-08-15,2836,2871.75,2817.75,2848.5,2495340
2019-08-16,2851,2894.75,2849.5,2891.5,1631175
2019-08-19,2893,2932.25,2892.5,2923.75,1285798
2019-08-20,2921.25,2932.25,2894.25,2898.25,1475214
2019-08-21,2893.25,2932.5,2893,2929.25,1180368
2019-08-22,2931.25,2939.75,2904.25,2922.25,1470309
2019-08-23,2920.25,2936.75,2834,2855.5,2864662
2019-08-26,2831,2888.5,2810.25,2883.25,1850231
2019-08-27,2882.75,2899.5,2860,2865.5,1528362
2019-08-28,2866.25,2890.5,2851.75,2889.75,1489617
2019-08-29,2883.25,2930.75,2875.25,2926.75,1489670
2019-08-30,2923.25,2946.5,2913.25,2924.75,1642516
2019-09-02,2901,2926.5,2889,2906,1999829
2019-09-03,2901,2926.5,2889,2906,1999829
2019-09-04,2903,2939.5,2902,2938.5,1252834
2019-09-05,2938,2986.5,2936.5,2972,1669999
2019-09-06,2970.75,2988.25,2970.25,2980.75,1182287
2019-09-09,2980.25,2991.5,2969.5,2978.25,1199935
2019-09-10,2979.25,2985,2957.25,2978.5,1493346
2019-09-11,2979,3004.25,2972,3002,1423833
2019-09-12,3003,3021.75,3001,3011.75,1745651
2019-09-13,3010,3023.75,3003.5,3006.5,1275710
2019-09-16,2993.5,3003.25,2981.25,2999,1197095
2019-09-17,3004.25,3009,2993.75,3008,1699010
2019-09-18,3008.75,3013.75,2980.75,3008.5,1623840
2019-09-19,3010,3024.5,2991.25,3008,1323245
2019-09-20,3007,3018,2985.25,2989.5,1476593
2019-09-23,2995.75,3008.25,2982,2997,1044218
2019-09-24,3001,3012.25,2958.5,2970.25,1936806
2019-09-25,2971,2991.75,2953.75,2986.25,1501723
2019-09-26,2985.75,2995,2964.25,2980.5,1351351
2019-09-27,2979.75,2993,2946.25,2963.75,1673557
2019-09-30,2976,2986.25,2964.5,2978.5,1155807
2019-10-01,2984,2994.5,2937,2937.75,1601531
2019-10-02,2942.25,2949,2874,2880.5,2126769
2019-10-03,2883.75,2912.5,2855,2911.75,2037970
2019-10-04,2911.5,2953.25,2896.75,2951,1497975
2019-10-07,2929.75,2959.5,2928,2937.5,1266872
2019-10-08,2934.5,2950,2890.5,2892.5,1865325
2019-10-09,2893.5,2934.25,2888.25,2919,1305749
2019-10-10,2920.5,2954,2881.75,2941,1577766
2019-10-11,2949,2994,2941.75,2970.75,1743810
2019-10-14,2968,2982.5,2953.75,2965.5,833670
2019-10-15,2966.75,3003.25,2966.5,2997.75,1181207
2019-10-16,2996.5,2997.75,2984.75,2991.5,1148118
2019-10-17,2992.25,3008,2985.25,2998,1121748
2019-10-18,2997.75,3001.25,2975,2988.25,1335276
2019-10-21,2984.75,3007.5,2983.75,3006.5,886557
2019-10-22,3006.5,3014.25,2988.25,2994.5,1125601
2019-10-23,2992,3006,2982,3005.75,1055958
2019-10-24,3006,3015.25,2998.75,3004.25,1061278
2019-10-25,3003.75,3026.5,3000,3020.25,1098391
2019-10-28,3023,3042.75,3022.75,3036.25,1041931
2019-10-29,3038.25,3046.25,3029.5,3035.75,1040149
2019-10-30,3036.5,3055,3023.25,3047.75,1179153
2019-10-31,3051.75,3052,3020.25,3035.75,1766536
2019-11-01,3036,3065,3033,3063.25,1279508
2019-11-04,3064.75,3083.75,3064.75,3075.75,1179714
2019-11-05,3076.75,3085.75,3069.75,3072,1124217
2019-11-06,3071.5,3078,3063,3075.5,1076833
2019-11-07,3077.25,3097,3070.25,3086,1353330
2019-11-08,3086.25,3092.5,3072.5,3090.5,1080147
2019-11-11,3090.5,3092.25,3074.5,3087.5,844597
2019-11-12,3087.75,3102,3081.25,3092,1101243
2019-11-13,3091.25,3097,3075.75,3095.5,1251057
2019-11-14,3096.25,3099.75,3081.75,3097,1105353
2019-11-15,3097,3119.5,3095.75,3118.25,1251167
2019-11-18,3119,3127.75,3111,3121.75,1034214
2019-11-19,3121.5,3132.5,3112.75,3118.5,1195901
2019-11-20,3116.5,3118.5,3090.75,3109,1693828
2019-11-21,3097.25,3114.5,3091.25,3104,1434552
2019-11-22,3104,3114.5,3097.75,3111.5,995416
2019-11-25,3119,3133.5,3116.5,3132.75,947831
2019-11-26,3131.25,3145,3128,3143.75,1068011
2019-11-27,3143.75,3155,3141.75,3153.75,928792
2019-11-28,3154.75,3155,3139.5,3143.75,902189
2019-11-29,3154.75,3155,3139.5,3143.75,902189
2019-12-02,3146.25,3158,3110.25,3114.25,1927030
2019-12-03,3114.25,3121.75,3069.5,3091,2146620
2019-12-04,3091.75,3119.5,3081.75,3111,1485940
2019-12-05,3111,3124.75,3103.25,3117.75,1318780
2019-12-06,3117.75,3151,3117,3146,1300299
2019-12-09,3146.5,3149.5,3131.25,3134.5,1145426
2019-12-10,3133.5,3143,3116.25,3136,1425723
2019-12-11,3135.5,3144.5,3129.5,3143,1225764
2019-12-12,3144,3177.5,3137.25,3168,2379008
2019-12-13,3175.75,3185,3156.75,3172,1834941
2019-12-16,3176.5,3198.75,3173.75,3194.25,1413219
2019-12-17,3196.5,3203.5,3192,3195.5,1615320
2019-12-18,3192.5,3203,3192,3199.25,1181642
2019-12-19,3199.5,3213.75,3194.5,3211.75,1137443
2019-12-20,3213.5,3229.5,3208.5,3225.75,1320006
2019-12-23,3227,3234.25,3224.25,3227.25,665895
2019-12-24,3228.25,3231.25,3222.5,3225.75,297971
2019-12-26,3227.5,3244.75,3227,3244.5,464639
2019-12-27,3242,3254,3235.5,3237.5,984389
2019-12-30,3238.25,3244.25,3217.25,3223.5,1124598
2019-12-31,3223.25,3236.25,3213,3231,1157924
2020-01-02,3237,3261.75,3234.25,3259,1416241
2020-01-03,3261,3263.5,3206.75,3235.5,1755057
2020-01-06,3220.25,3249.5,3208.75,3243.5,1502748
2020-01-07,3243.5,3254.5,3226,3235.25,1293494
2020-01-08,3231.75,3267.75,3181,3260.25,2279138
2020-01-09,3261.25,3276.75,3257.75,3276,1297679
2020-01-10,3275.5,3287,3260.75,3264.75,1533121
2020-01-13,3265.75,3291,3265.5,3289.75,1008998
2020-01-14,3289.25,3296.75,3275.25,3288,1694799
2020-01-15,3287.75,3299,3277.75,3293.75,1468347
2020-01-16,3294.25,3318,3294,3316.5,1335246
2020-01-17,3316.75,3330.25,3316,3325,1312253
2020-01-20,3325,3329.75,3307.25,3319.5,1573187
2020-01-21,3325,3329.75,3307.25,3319.5,1573187
2020-01-22,3321.25,3337.5,3315.25,3319.75,1505107
2020-01-23,3317.25,3327,3301.25,3326,1717046
2020-01-24,3326.5,3337,3280.5,3293.5,2515168
2020-01-27,3269.75,3269.75,3233,3239.5,2581636
2020-01-28,3239.5,3285,3238.75,3278.25,1910878
2020-01-29,3281.75,3292.75,3265.25,3272.5,1665382
2020-01-30,3271.5,3295.25,3239.75,3289.75,2421276
2020-01-31,3292,3297.5,3212.75,3224,3152069
2020-02-03,3222.75,3267.25,3222,3245.5,1919477
2020-02-04,3244.25,3305.25,3236,3299.5,1698403
2020-02-05,3300.25,3338,3288.25,3335,2046111
2020-02-06,3337,3357.75,3332.5,3345.25,1462323
2020-02-07,3349,3350,3320.75,3325.5,1698940
2020-02-10,3322.25,3353.5,3303.5,3353,1399815
2020-02-11,3351,3374.5,3349.25,3357.5,1486164
2020-02-12,3360.5,3381.5,3355.5,3380.5,1229231
2020-02-13,3381.25,3384.75,3348.5,3377.5,1772784
2020-02-14,3379.5,3388.5,3365.25,3381,1334897
2020-02-17,3382.25,3392.5,3355.25,3369.25,1735931
2020-02-18,3382.25,3392.5,3355.25,3369.25,1735931
2020-02-19,3372,3393.75,3370.75,3387.25,1163426
2020-02-20,3391.75,3397.5,3339.25,3369.25,2073749
2020-02-21,3367,3369.25,3328,3339.25,2293728
2020-02-24,3309,3312,3213.75,3226.25,3636687
2020-02-25,3223,3259.5,3117.25,3132.5,4375530
2020-02-26,3138,3182,3091,3110.25,3889097
2020-02-27,3100.25,3117,2944.5,2957,4734434
2020-02-28,2950,2996,2853.25,2951,5715227
2020-03-02,2900,3093.25,2889.25,3065,3689149
2020-03-03,3077,3137,2973,2997,3754363
2020-03-04,2988.25,3129.5,2976.5,3114.75,2590464
2020-03-05,3109.25,3113.75,2996.5,3015.5,2807262
2020-03-06,3024.25,3037,2898,2964,3163400
2020-03-09,2916,2916,2715,2747.75,2672753
2020-03-10,2733,2884.75,2695.25,2865.75,3423140
2020-03-11,2859.5,2869.5,2702.75,2740.25,2992894
2020-03-12,2738,2774,2442.5,2469,4366577
2020-03-13,2429.5,2707.75,2393.5,2696,3423449
2020-03-16,2673.75,2675,2360.25,2416.25,2378284
2020-03-17,2407,2542.75,2352,2485.5,3788132
2020-03-18,2467.5,2486.25,2262,2401.5,3255696
2020-03-19,2402.5,2460,2275,2389,3127808
2020-03-20,2351,2499,2260,2288.5,3075997
2020-03-23,2220.25,2386,2174,2220.5,3076791
2020-03-24,2233.25,2447.75,2230.5,2438,2639522
2020-03-25,2442.75,2560.75,2386,2467,3037767
2020-03-26,2471,2625.75,2402.25,2608,2413913
2020-03-27,2627.75,2634.5,2505.25,2524,2320755
2020-03-30,2459,2621.75,2445,2611.25,1837692
2020-03-31,2613.25,2635.75,2555.75,2569.75,2248012
2020-04-01,2562,2562.25,2434.25,2448,2091378
2020-04-02,2459,2525,2424.75,2516.5,2145458
2020-04-03,2513.75,2529.5,2449,2482.75,1763886
2020-04-06,2485,2668.5,2484.75,2644.5,2034419
2020-04-07,2645.5,2750,2623.5,2642,2486524
2020-04-08,2640.5,2752.5,2620.75,2735,1920688
2020-04-09,2737.75,2809.5,2701,2779.75,2342733
2020-04-13,2811,2819.5,2711,2759.25,1571402
2020-04-14,2760,2846,2752.5,2843,1716496
2020-04-15,2843.75,2845.5,2751.25,2775,1831570
2020-04-16,2767.75,2831.5,2746,2787.5,1749108
2020-04-17,2863,2885,2821,2870,1924019
2020-04-20,2861.5,2875.5,2804.25,2806.5,1566934
2020-04-21,2807,2833.25,2717.25,2732,1969844
2020-04-22,2737.25,2808,2717.25,2788.5,1369529
2020-04-23,2790.5,2836.75,2772.75,2780.75,1703918
2020-04-24,2777,2835,2755.25,2829.5,1293756
2020-04-27,2829,2881.25,2812.75,2869,1224445
2020-04-28,2867.75,2913.5,2851,2867.25,1614021
2020-04-29,2870.5,2959.75,2860.75,2941,1737371
2020-04-30,2956.5,2965,2878,2902.5,2027924
2020-05-01,2871.5,2879.75,2811.75,2821.75,1647259
2020-05-04,2789,2835.75,2771,2825.25,1510680
2020-05-05,2827,2889.75,2824.5,2858.25,1474765
2020-05-06,2857.75,2886.25,2832,2833.5,1466641
2020-05-07,2832,2895,2823,2880,1494330
2020-05-08,2882,2933,2879.75,2928.5,1326254
2020-05-11,2920.75,2947,2889.75,2922.75,1528302
2020-05-12,2919.25,2939.25,2838,2852.5,1824303
2020-05-13,2839.75,2876.75,2786,2813,2591379
2020-05-14,2820.25,2853.75,2760.25,2847,2501222
2020-05-15,2846.25,2863.5,2809.5,2846.5,1897194
2020-05-18,2859.75,2964.75,2850,2948,1775433
2020-05-19,2945,2976.25,2914.25,2918.75,1567224
2020-05-20,2913.5,2975.75,2908.5,2968.5,1532404
2020-05-21,2972.25,2973.5,2933,2937,1608225
2020-05-22,2936.75,2957.5,2903.75,2953,1377263
2020-05-25,2948.5,3019.75,2947.5,2994.5,1797241
2020-05-26,2948.5,3019.75,2947.5,2994.5,1797241
2020-05-27,2994,3039.5,2965.5,3035.5,2109332
2020-05-28,3035,3065.5,3019.5,3038,1881295
2020-05-29,3036,3058.25,2992,3042,2258009
2020-06-01,3029.75,3059,3008,3054,1277803
2020-06-02,3052.75,3079,3035,3077,1458830
2020-06-03,3078,3129.5,3074.25,3117.75,1623708
2020-06-04,3117.75,3126.75,3087.5,3110.5,1830904
2020-06-05,3113.25,3210.5,3106.5,3186.75,2444330
2020-06-08,3192.5,3231.25,3183.25,3227.5,1602601
2020-06-09,3227.75,3231,3190,3205.5,1695764
2020-06-10,3204.75,3227.25,3179.75,3186,1996065
2020-06-11,3183.75,3188.5,2996.25,3010.25,3528726
2020-06-12,3011.75,3087.75,2982,3034.75,2872339
2020-06-15,2992.75,3079.25,2935,3073,1947459
2020-06-16,3065.25,3156.25,3060.25,3118.25,2997253
2020-06-17,3111.75,3147,3094.5,3107,1850300
2020-06-18,3104,3120,3064.5,3098,1636217
2020-06-19,3096.75,3144.75,3056.75,3059.5,1952273
2020-06-22,3040.25,3114.25,3027.25,3110.75,1392325
2020-06-23,3111.75,3145.75,3060,3118.5,1528485
2020-06-24,3113.25,3128.5,3019.75,3049,2387916
2020-06-25,3046.75,3079.5,3005,3070.75,1967245
2020-06-26,3071.25,3082,2992.5,3007,2208418
2020-06-29,2986.25,3051.25,2983.5,3047.75,1585146
2020-06-30,3046,3101.25,3030.25,3090.25,1724164
2020-07-01,3085.25,3117.75,3062.75,3103,1537321
2020-07-02,3101.75,3156.5,3095.5,3129,1552517
2020-07-03,3125.25,3174.5,3105.75,3172,1459512
2020-07-06,3125.25,3174.5,3105.75,3172,1459512
2020-07-07,3170,3184,3132.5,3136.5,1333466
2020-07-08,3135.25,3166.25,3125.5,3163.5,1527612
2020-07-09,3166.25,3170.75,3105.25,3141,1881833
2020-07-10,3142.25,3181.25,3111.5,3178.5,1408591
2020-07-13,3183.5,3226.25,3140.5,3148.25,2074726
2020-07-14,3149.75,3192.25,3119,3183.5,2256766
2020-07-15,3204,3233.25,3192,3219.5,1937696
2020-07-16,3223.25,3228.5,3188.5,3194.5,1471311
2020-07-17,3198.5,3225.25,3194.75,3214,1261113
2020-07-20,3214.5,3250.5,3190.25,3245.25,1401168
2020-07-21,3243.75,3273.25,3239.25,3251.25,1463931
2020-07-22,3249.25,3271.75,3227.25,3265.5,1354244
2020-07-23,3267.75,3284.5,3214.25,3227.5,1704453
2020-07-24,3230,3239,3191.5,3204,1761346
2020-07-27,3210.75,3235,3192,3232.25,1299512
2020-07-28,3235,3246.75,3208,3213,1375293
2020-07-29,3215,3257,3204.25,3252.5,1218031
2020-07-30,3256.75,3269,3195,3248.75,2000721
2020-07-31,3269.25,3273.75,3212.5,3263.5,2282794
2020-08-03,3272,3295.5,3254.75,3288.5,1250449
2020-08-04,3290.75,3300.5,3271,3300,1145269
2020-08-05,3300.75,3323.25,3292,3316,1116787
2020-08-06,3317,3345.5,3300.5,3344.25,1346665
2020-08-07,3343.75,3347.75,3322.25,3344.75,1615367
2020-08-10,3347,3357.25,3329,3352.75,1201751
2020-08-11,3350.25,3379,3319.5,3330,1733040
2020-08-12,3339.5,3382.5,3326.25,3370,1408718
2020-08-13,3367.75,3382,3357.5,3367.75,1205758
2020-08-14,3369.25,3380.5,3350,3361.5,1084771
2020-08-17,3366,3382.75,3364.75,3379.75,759304
2020-08-18,3379.25,3390.75,3365.25,3387,1019552
2020-08-19,3388.75,3395.75,3365.5,3372.75,1368420
2020-08-20,3370.25,3387,3344.75,3380.75,1203334
2020-08-21,3383.5,3396.25,3356.75,3392.5,1221450
2020-08-24,3398.75,3429.5,3393.5,3427.5,1282950
2020-08-25,3427,3448.75,3421.75,3443,1133837
2020-08-26,3444.75,3483.5,3436.75,3480.25,1277539
2020-08-27,3479.5,3498.25,3464.75,3485.25,1633581
2020-08-28,3488,3509.5,3480.75,3504.5,1248430
2020-08-31,3508.5,3524.5,3490,3499,1439600
2020-09-01,3493.25,3530,3484.25,3527,1283622
2020-09-02,3529,3587,3526.25,3579.25,1853078
2020-09-03,3578.75,3586.5,3424.5,3461.5,2872337
2020-09-04,3454.75,3484.25,3347.75,3417.5,2994363
2020-09-07,3420.5,3447,3327.5,3335.5,2732946
2020-09-08,3420.5,3447,3327.5,3335.5,2732946
2020-09-09,3315.25,3424,3295.5,3400.25,2011132
2020-09-10,3396,3424.25,3327.25,3340.5,2332667
2020-09-11,3345.25,3375,3308.75,3333.75,1876451
2020-09-14,3350,3402.75,3345.5,3382.5,1378626
2020-09-15,3369.75,3409,3366.25,3395,1903406
2020-09-16,3395.75,3419.5,3373.75,3379.5,1787505
2020-09-17,3381.5,3386.5,3310.25,3351,2676297
2020-09-18,3345,3363,3280.75,3316.25,2365554
2020-09-21,3314.5,3326.25,3217.75,3275,2507980
2020-09-22,3271.5,3309.5,3256.5,3299.25,1576319
2020-09-23,3303.75,3319.75,3221,3231.25,1979661
2020-09-24,3228,3268.25,3198,3238,2277010
2020-09-25,3243.5,3296.25,3206.5,3287.25,1697090
2020-09-28,3291,3351.25,3287.5,3346,1495804
2020-09-29,3348.75,3363,3316.5,3333.75,1326597
2020-09-30,3330,3384,3291.25,3352,2170601
2020-10-01,3344.75,3388,3343.25,3367.75,1517912
2020-10-02,3367,3375.5,3300.25,3339.25,2028921
2020-10-05,3360,3400,3346.5,3393,1077474
2020-10-06,3392,3421.75,3330.5,3353.25,1701062
2020-10-07,3338,3416.75,3332.25,3406.75,1400616
2020-10-08,3406.25,3447.25,3405.5,3437.5,1104986
2020-10-09,3447.25,3480,3445.25,3473.25,1185272
2020-10-12,3467.5,3541,3464.25,3532.75,1401063
2020-10-13,3534,3535.75,3491.5,3504.75,1617226
2020-10-14,3502,3524,3472,3481,1539718
2020-10-15,3479.25,3486.5,3431.5,3475.5,1650150
2020-10-16,3478.5,3508.5,3461.25,3462.25,1398947
2020-10-19,3471,3496.5,3410.75,3422.75,1645853
2020-10-20,3436,3469.75,3418.75,3432.25,1702183
2020-10-21,3437,3458,3420.5,3432.5,1681275
2020-10-22,3430.25,3453,3402.5,3449.25,1501259
2020-10-23,3455.75,3462.5,3431.5,3451.75,1216313
2020-10-26,3445.75,3446.25,3356,3393.5,1957780
2020-10-27,3394.25,3410,3368.25,3383,1566246
2020-10-28,3369,3370.25,3260.75,3263.5,2627180
2020-10-29,3279,3333.75,3250.25,3302.25,1965277
2020-10-30,3268,3296.25,3225,3264.75,2494925
2020-11-02,3260,3323.5,3243.25,3300.5,1849320
2020-11-03,3304,3382.75,3301.25,3361.5,1664690
2020-11-04,3362.75,3480,3319,3435,2813083
2020-11-05,3448,3522.5,3428.25,3504.75,1671417
2020-11-06,3508.75,3519,3456.75,3500.75,1640000
2020-11-09,3522.5,3668,3515.75,3544,2605322
2020-11-10,3549.5,3562.75,3506.5,3541,2160319
2020-11-11,3546.25,3576.75,3531,3568,1324983
2020-11-12,3574.5,3574.5,3513,3532.5,1685890
2020-11-13,3537.5,3590,3518,3582,1334530
2020-11-16,3587,3637,3586.5,3623,1303941
2020-11-17,3625.5,3630,3584.25,3606.75,1268206
2020-11-18,3604.5,3623.25,3556.5,3565,1325309
2020-11-19,3562,3582.75,3542.25,3580,1291117
2020-11-20,3560,3582.5,3542.75,3554.25,1189621
2020-11-23,3546.5,3588,3545.5,3576,1204848
2020-11-24,3576,3640,3575.25,3632.75,1288993
2020-11-25,3635.5,3655,3615.25,3627.25,1016343
2020-11-26,3630.25,3642.75,3612.75,3636.5,639268
2020-11-27,3630.25,3642.75,3612.75,3636.5,639268
2020-11-30,3643.75,3652,3592.25,3623.25,1712274
2020-12-01,3631,3677.5,3626,3660.5,1365328
2020-12-02,3661.25,3672.75,3642.25,3667.25,1106696
2020-12-03,3671,3682,3655.25,3664.5,1124033
2020-12-04,3668.25,3700,3665.5,3698,991860
2020-12-07,3694.75,3705,3672.25,3690.75,1078372
2020-12-08,3682.75,3708,3664.25,3702,1119000
2020-12-09,3707.75,3714.75,3659.5,3672.5,1792176
2020-12-10,3669.5,3681.25,3644,3668.5,1601203
2020-12-11,3670,3674.75,3628.25,3661.25,1538362
2020-12-14,3677.75,3698,3642.75,3646.5,1486250
2020-12-15,3647,3688.5,3636.25,3687,1909018
2020-12-16,3689.75,3704.5,3680,3693.75,1509876
2020-12-17,3697,3717.5,3692,3712.75,1227753
2020-12-18,3713,3723,3677.25,3706.25,1731161
2020-12-21,3718.25,3724,3596,3685.75,1837575
2020-12-22,3685,3695,3663.75,3677.25,1104998
2020-12-23,3674.25,3701.75,3651,3681.5,1021819
2020-12-24,3685.25,3696,3678.5,3695,369650
2020-12-28,3682,3732.25,3676,3727.5,760654
2020-12-29,3731,3747.75,3714.5,3720,992636
2020-12-30,3724.5,3738.25,3716.5,3724.25,769995
2020-12-31,3725,3753,3715,3748.75,993343
2021-01-04,3748.75,3773.25,3652.5,3692.25,2037616
2021-01-05,3695,3730,3673.25,3718.25,1414022
2021-01-06,3717.5,3774.75,3685.5,3740.5,2127155
2021-01-07,3752.5,3804,3742,3795.5,1302021
2021-01-08,3797.75,3824.5,3775,3817.5,1619438
2021-01-11,3815.5,3820.75,3776.5,3792,1292422
2021-01-12,3794.25,3806.75,3768,3794.5,1216214
2021-01-13,3792,3813.5,3776.5,3803.75,1049186
2021-01-14,3808.5,3817.75,3786.25,3791.25,1170812
2021-01-15,3793,3797.75,3741.5,3762.25,1781463
2021-01-18,3750,3797,3740.5,3790.5,1315580
2021-01-19,3750,3797,3740.5,3790.5,1315580
2021-01-20,3796.75,3852.5,3788.5,3845,1248787
2021-01-21,3841.5,3859.75,3836.5,3846,1068271
2021-01-22,3846.75,3849,3813.25,3834.25,1186856
2021-01-25,3835.5,3853.25,3788.5,3848.5,1763898
2021-01-26,3845,3862.25,3821.5,3842.5,1172461
2021-01-27,3845.25,3853,3706.5,3744.25,2572020
2021-01-28,3735.25,3823.5,3703.5,3779.25,2149910
2021-01-29,3770.25,3777.25,3685.5,3705.25,2691820
2021-02-01,3692.25,3777,3656.5,3765.75,1687396
2021-02-02,3764.75,3835.75,3760,3818.25,1419765
2021-02-03,3829.5,3843.5,3807.75,3823.5,1285692
2021-02-04,3832.75,3869.75,3811.25,3864.5,1136404
2021-02-05,3864.25,3888.25,3860,3880.25,1138874
2021-02-08,3889,3911.25,3885.5,3908,972437
2021-02-09,3910.5,3913.25,3895,3905.5,881922
2021-02-10,3912.25,3928.5,3878.25,3903,1560824
2021-02-11,3907,3920.5,3884.5,3912,1296054
2021-02-12,3905.25,3936.25,3890.25,3931,1050298
2021-02-15,3936.5,3959.25,3918.75,3927.75,1450425
2021-02-16,3936.5,3959.25,3918.75,3927.75,1450425
2021-02-17,3929,3932.25,3896.5,3928,1382825
2021-02-18,3928.25,3936,3880.5,3909.5,1536949
2021-02-19,3910.5,3931,3890.25,3903,1427294
2021-02-22,3905.5,3914.5,3861.25,3873.5,1514278
2021-02-23,3878,3896,3804.75,3878,2282940
2021-02-24,3876.25,3927.75,3851.75,3922.5,1944661
2021-02-25,3923.5,3934.5,3810.25,3828,2863387
2021-02-26,3823.25,3858.5,3785,3809.25,3010481
2021-03-01,3817.25,3912,3812.5,3898.75,1692835
2021-03-02,3903.25,3906.5,3865.5,3867.5,1641396
2021-03-03,3867.5,3898,3813,3816.75,2203398
2021-03-04,3818,3842.25,3720.5,3765.5,3192468
2021-03-05,3765.5,3850,3728.5,3839,2948117
2021-03-08,3854.75,3878.75,3796.25,3819.25,2198363
2021-03-09,3831.25,3901.25,3826.25,3873.25,1704837
2021-03-10,3878.5,3916.25,3856.25,3896.5,1845205
2021-03-11,3907.75,3958.5,3893,3936.75,1599748
2021-03-12,3937.5,3947.5,3910.25,3942.25,1448886
2021-03-15,3945.75,3969.75,3922.25,3967.5,1295099
2021-03-16,3957.75,3970.75,3942.75,3952.5,1973548
2021-03-17,3957.25,3973.5,3925,3963.5,1941883
2021-03-18,3962,3978.5,3900.5,3906,2124392
2021-03-19,3910.75,3923.5,3875,3899.75,2047619
2021-03-22,3893.5,3944.5,3885,3930,1325987
2021-03-23,3933.25,3938.75,3890.5,3899.75,1877976
2021-03-24,3905.75,3931.5,3877.5,3880.75,2063480
2021-03-25,3882.75,3909.5,3843.25,3900.5,2279488
2021-03-26,3907.5,3968,3900.75,3964.75,1984060
2021-03-29,3962.25,3971.25,3928.75,3959,2003052
2021-03-30,3965.25,3968.5,3933.75,3947.75,1590486
2021-03-31,3949.5,3983.75,3941.5,3967.5,1642169
2021-04-01,3967.5,4015.25,3964.5,4010,1245846
2021-04-02,4014.5,4038,4012.5,4027.25,64290
2021-04-05,4030,4073.75,4021,4067.75,1250666
2021-04-06,4069.75,4076,4052.25,4064,1252163
2021-04-07,4067,4075.5,4056.5,4070,1101579
2021-04-08,4074.25,4098.5,4072.5,4089,988346
2021-04-09,4098,4121.5,4081,4119.5,1090560
2021-04-12,4114.25,4124.5,4104.5,4120.25,1089291
2021-04-13,4122.75,4139.75,4101.25,4132.75,1081282
2021-04-14,4134.75,4144,4113,4118,1529562
2021-04-15,4123.5,4166.5,4119.5,4162.5,1277980
2021-04-16,4162.75,4183.5,4154.25,4176.25,1304078
2021-04-19,4165,4174.75,4141.75,4155.5,1618649
2021-04-20,4156.25,4167.25,4110.5,4126.5,1700883
2021-04-21,4121.25,4167.25,4113,4164.75,1505474
2021-04-22,4157.5,4171.75,4115.25,4127.75,1944942
2021-04-23,4129,4186.75,4127.5,4171.5,1509514
2021-04-26,4170.75,4186,4163.75,4179.5,1019731
2021-04-27,4181.5,4192.5,4166.75,4179,992029
2021-04-28,4180.25,4193.75,4172.75,4176.25,1282972
2021-04-29,4184.75,4211,4168,4203.5,1746965
2021-04-30,4200.75,4201.5,4167.25,4174.5,1898434
2021-05-03,4181.5,4202.5,4181,4185.75,1256240
2021-05-04,4184.25,4185.5,4120.5,4158.25,2003587
2021-05-05,4158.25,4180,4153,4160,1418246
2021-05-06,4158.75,4197.25,4140.5,4194.25,1751616
2021-05-07,4197.5,4232.25,4191.75,4225.25,1652592
2021-05-10,4226.75,4238.25,4172,4183.5,1662210
2021-05-11,4176.75,4185.5,4103.75,4146.25,2520859
2021-05-12,4140,4150.5,4051,4058.75,2629953
2021-05-13,4053.5,4126.75,4029.25,4107,2381081
2021-05-14,4112.5,4178.25,4105.25,4169,1513171
2021-05-17,4169,4178.75,4136.5,4157.75,1480730
2021-05-18,4159,4179.5,4111.5,4123,1285520
2021-05-19,4114,4123,4055.5,4111.5,2313119
2021-05-20,4107.75,4169.25,4084.5,4154.25,1486599
2021-05-21,4152.5,4185,4147,4151.75,1466725
2021-05-24,4151.5,4206.25,4142.5,4193.75,1046500
2021-05-25,4199.25,4212.75,4179.25,4185.5,1221701
2021-05-26,4188,4204.25,4180.5,4193,1051147
2021-05-27,4193,4211.5,4177.75,4199,1179928
2021-05-28,4211.25,4217.5,4201,4202.5,1110833
2021-05-31,4206.5,4230,4190,4198.5,1366344
2021-06-01,4206.5,4230,4190,4198.5,1366344
2021-06-02,4198.5,4215,4190.75,4206.25,1059938
2021-06-03,4208,4213.25,4165.25,4191.25,1384271
2021-06-04,4190.75,4232,4177,4228.25,1051573
2021-06-07,4232.25,4232.5,4214,4225.5,934681
2021-06-08,4227.5,4236.75,4205.75,4225.75,1305814
2021-06-09,4225.5,4235,4217,4218.5,1057216
2021-06-10,4222.25,4249,4207,4238,1563728
2021-06-11,4239.5,4247.75,4230.75,4245.75,1084830
2021-06-14,4248,4257.5,4233.5,4254.75,1116773
2021-06-15,4246.25,4258.25,4228.25,4236.5,1671493
2021-06-16,4238,4241.5,4190.25,4213,1612367
2021-06-17,4204.25,4222.75,4183,4212.25,1746318
2021-06-18,4216,4220,4140.75,4153.5,1951342
2021-06-21,4142.5,4219.75,4126.75,4213.75,1425623
2021-06-22,4219.25,4245.5,4205.75,4236.25,1063749
2021-06-23,4237.5,4248.25,4230.5,4231.5,938299
2021-06-24,4233.75,4263.75,4231.75,4256,878788
2021-06-25,4262,4276.75,4253.5,4271.25,906160
2021-06-28,4275,4282,4264.25,4280.5,823723
2021-06-29,4280.5,4291,4271.75,4282,741471
2021-06-30,4284.75,4294.25,4269.25,4288.5,1100062
2021-07-01,4294.25,4312,4286,4310.75,985190
2021-07-02,4309.75,4347,4308,4342.75,999780
2021-07-05,4341,4348,4305.25,4334,1368133
2021-07-06,4341,4348,4305.25,4334,1368133
2021-07-07,4328,4353.25,4320.25,4349.75,1221078
2021-07-08,4352.25,4352.25,4279.25,4313,1991636
2021-07-09,4310.25,4364,4293.25,4360,1311506
2021-07-12,4362,4379.25,4341.75,4376.5,1055739
2021-07-13,4377,4383.75,4356.5,4361.25,1249893
2021-07-14,4359.5,4384.5,4350,4367.75,1308582
2021-07-15,4366.5,4370.25,4332.5,4352,1611726
2021-07-16,4347.75,4368,4314.25,4318.5,1636065
2021-07-19,4320,4320.75,4224,4251.25,2599774
2021-07-20,4262.75,4329,4252.75,4315.5,1844380
2021-07-21,4318.75,4355.25,4310,4350.5,1191429
2021-07-22,4355,4371.5,4341.5,4359.5,981969
2021-07-23,4371.5,4408.25,4367.25,4403,1173337
2021-07-26,4400.5,4416.75,4375.5,4414.25,938628
2021-07-27,4415.75,4416,4364.75,4394.5,1575473
2021-07-28,4380,4407.75,4377.5,4393.75,1221313
2021-07-29,4393.75,4422.5,4380.5,4411.75,1009496
2021-07-30,4394.25,4405,4370.75,4389.5,1376982
2021-08-02,4396.5,4419.75,4377.25,4379.75,1193301
2021-08-03,4383.75,4417,4365.25,4415,1296856
2021-08-04,4409.75,4415,4391.25,4394.75,1047251
2021-08-05,4396.25,4422.75,4393.75,4421.5,763343
2021-08-06,4420.25,4433.25,4416,4429.5,951045
2021-08-09,4428,4432,4412.25,4425.75,789726
2021-08-10,4427.25,4438.25,4416.5,4430,950320
2021-08-11,4429.25,4443.25,4420.75,4440.5,1001054
2021-08-12,4440,4456.25,4430.25,4454.5,850527
2021-08-13,4455.75,4463.25,4451,4462.5,789104
2021-08-16,4456.25,4476.5,4432.5,4474,1239520
2021-08-17,4472,4472.25,4411.75,4443.5,1789568
2021-08-18,4436.75,4449.75,4381.5,4394.5,1546011
2021-08-19,4389.75,4414.75,4347.75,4401.5,1924058
2021-08-20,4403.75,4440.5,4371.75,4437,1328852
2021-08-23,4435,4485.75,4433.5,4475.5,997026
2021-08-24,4481,4492,4476.75,4482.5,787503
2021-08-25,4483.5,4498,4476.25,4493,801106
2021-08-26,4493.75,4494.25,4465,4466.5,1306718
2021-08-27,4470,4510,4462.25,4505.5,1216414
2021-08-30,4508.75,4534.5,4500.75,4525.25,975807
2021-08-31,4529.5,4542.25,4512.5,4520.5,1378199
2021-09-01,4527.75,4540,4519.25,4521.25,1061414
2021-09-02,4522.5,4544,4516,4535.25,1016806
2021-09-03,4536.75,4549.5,4519.25,4534.5,1156146
2021-09-06,4533,4548,4510.75,4519.25,1277938
2021-09-07,4533,4548,4510.75,4519.25,1277938
2021-09-08,4517.5,4524.75,4492,4512.5,1606757
2021-09-09,4511,4529.5,4485.5,4492.25,1696301
2021-09-10,4491.25,4518.25,4456.5,4458.25,1721413
2021-09-13,4461,4492.75,4444.75,4469,1534719
2021-09-14,4465.75,4479.5,4425.25,4434.75,2152610
2021-09-15,4437,4477.75,4427.5,4472,1640051
2021-09-16,4476,4478.5,4433.25,4464.25,1489822
2021-09-17,4459.25,4472.5,4406.5,4421.75,1968041
2021-09-20,4411.75,4418,4293.75,4348.25,2711340
2021-09-21,4342.5,4395.75,4329.25,4343.25,1941006
2021-09-22,4336.5,4406.5,4321.25,4384,1767853
2021-09-23,4386,4455,4385.75,4438,1447395
2021-09-24,4439,4453,4410.75,4445.75,1182037
2021-09-27,4446,4472,4425,4433,1306188
2021-09-28,4429.75,4442,4334.75,4343.5,2307037
2021-09-29,4347.5,4378.75,4344.25,4349.75,1815726
2021-09-30,4360,4389,4294.25,4297.75,2373423
2021-10-01,4301,4365.75,4260,4343.75,2269695
2021-10-04,4349,4362,4267.5,4291.25,2135338
2021-10-05,4295.75,4359.75,4269,4334,1650217
2021-10-06,4334,4357.5,4273.75,4354,2202805
2021-10-07,4355.25,4421.5,4355,4390,1406808
2021-10-08,4390.5,4407.75,4376.25,4382.25,1428160
2021-10-11,4381,4407.5,4344,4351,1245705
2021-10-12,4347.75,4365,4317.25,4340.75,1295686
2021-10-13,4327.5,4364.75,4318.75,4355,1372482
2021-10-14,4354.75,4437.25,4354,4429,1264458
2021-10-15,4433,4467.5,4426.25,4462.5,1185108
2021-10-18,4465.5,4479.75,4436.25,4477.5,1095216
2021-10-19,4475.75,4517.5,4471.75,4511.25,1018177
2021-10-20,4516,4532.25,4504,4528,1006857
2021-10-21,4525,4543.25,4510.25,4541.75,938565
2021-10-22,4530,4551.5,4515.25,4536.5,1315668
2021-10-25,4528.75,4566.25,4522.5,4558,1031431
2021-10-26,4564.75,4590,4560.75,4565.25,1257346
2021-10-27,4563.75,4576.75,4543.75,4544.5,1263181
2021-10-28,4548.75,4589.75,4545.25,4587.5,1195785
2021-10-29,4577,4603.5,4559.25,4597,1418280
2021-11-01,4608,4619.5,4586.5,4605.75,1071118
2021-11-02,4605.75,4627,4593.25,4623.5,980833
2021-11-03,4621.25,4657,4613,4652.25,1074650
2021-11-04,4651.5,4676.25,4650.75,4673.25,1169886
2021-11-05,4671.75,4711.75,4667.5,4690.25,1459142
2021-11-08,4678.5,4707,4676.25,4694,1000404
2021-11-09,4690.75,4700.5,4663.25,4678.25,1289857
2021-11-10,4674.75,4680.25,4625.25,4642,1639098
2021-11-11,4645,4661.5,4638,4643,936857
2021-11-12,4647,4685.5,4643.75,4678.25,1155591
2021-11-15,4684.75,4697.5,4667,4679,1047123
2021-11-16,4680.75,4709.75,4670.75,4696,1043587
2021-11-17,4696.5,4701,4679.25,4686.25,1056696
2021-11-18,4685.25,4706.5,4668,4701.5,1168195
2021-11-19,4705.25,4723.5,4684.25,4694.5,1344893
2021-11-22,4701,4740.5,4674.25,4679.75,1685386
2021-11-23,4686,4695.5,4649,4688.5,1872492
2021-11-24,4686.25,4702.25,4656.25,4699,1408571
2021-11-25,4700.5,4717,4577.25,4595.75,2068167
2021-11-26,4700.5,4717,4577.25,4595.75,2068167
2021-11-29,4589,4669.75,4588.75,4651,2014967
2021-11-30,4657.25,4667.5,4557,4566.25,2845560
2021-12-01,4587.5,4650.75,4497.75,4508.5,2670344
2021-12-02,4514.75,4593.75,4505.5,4575.75,2587324
2021-12-03,4587.25,4606.5,4492,4537.5,2747667
2021-12-06,4542.25,4611.75,4531.5,4590,2031995
2021-12-07,4594.25,4697.25,4587.25,4685,1771947
2021-12-08,4695.25,4712,4671.75,4699,1418355
2021-12-09,4697.25,4706,4662.25,4667,1593325
2021-12-10,4669.25,4712.75,4664.25,4711,1585049
2021-12-13,4711.25,4731,4664.75,4668.75,1605196
2021-12-14,4663,4676.75,4596.25,4628,2297097
2021-12-15,4629,4705.75,4602,4700.5,2096181
2021-12-16,4702.75,4743.25,4642,4659.25,2151049
2021-12-17,4664,4668,4590,4610,2472118
2021-12-20,4612,4621.5,4520.25,4558.5,2097624
2021-12-21,4567.75,4643,4565.75,4640.75,1493880
2021-12-22,4641.75,4690.5,4622.25,4686,1104688
2021-12-23,4689,4731.25,4684.25,4715.75,978022
2021-12-27,4717,4784.25,4713.25,4782.25,898698
2021-12-28,4780.5,4798,4770.5,4778.5,954520
2021-12-29,4781,4796,4770,4784.5,876030
2021-12-30,4784.75,4799.75,4767.25,4772.25,753935
2021-12-31,4773.75,4778.5,4750.5,4758.5,954083
2022-01-03,4771,4791.25,4747.5,4786,1322362
2022-01-04,4785.25,4808.25,4764.5,4784.25,1392809
2022-01-05,4783.5,4788.25,4689.5,4692.5,1856376
2022-01-06,4692,4715.75,4662,4687.5,1862918
2022-01-07,4695,4705.75,4653.75,4667.75,1618440
2022-01-10,4671.25,4681.75,4572.75,4662.25,2231980
2022-01-11,4663.5,4707.5,4627.25,4705,1729004
2022-01-12,4704,4739.5,4695,4716.25,1583216
2022-01-13,4719.25,4736.25,4642.5,4652,1824612
2022-01-14,4655,4667,4606,4654.75,2010610
2022-01-17,4666,4671.75,4560,4571.25,2268240
2022-01-18,4666,4671.75,4560,4571.25,2268240
2022-01-19,4577.75,4603,4517.25,4524.25,2001348
2022-01-20,4526,4594.25,4437.75,4474.75,2040704
2022-01-21,4454.25,4487,4381.25,4390,3012106
2022-01-24,4389,4427.5,4212.75,4403.75,3846785
2022-01-25,4402.75,4406.75,4276.5,4349,2483392
2022-01-26,4308.75,4446.25,4294.25,4341.5,2423103
2022-01-27,4345.25,4422,4263.25,4317.75,2295458
2022-01-28,4348,4426,4266.25,4423.25,2251268
2022-01-31,4423.5,4507.75,4395.5,4504.25,1846145
2022-02-01,4493.25,4554.75,4474,4535,1618163
2022-02-02,4552,4586,4535.25,4577.25,1624220
2022-02-03,4545.75,4548.25,4462,4469,1800714
2022-02-04,4518,4532.5,4438.5,4492.5,1957881
2022-02-07,4497,4514.5,4462.75,4475.75,1495143
2022-02-08,4484,4523.75,4456.25,4512.5,1459766
2022-02-09,4519,4585,4517.25,4577.75,1383317
2022-02-10,4582.25,4583.75,4476,4497.5,2403026
2022-02-11,4494.5,4520.5,4393.25,4409.5,2479025
2022-02-14,4411.75,4428,4354,4394,2098618
2022-02-15,4393.5,4468,4381.75,4464.5,1523305
2022-02-16,4458.75,4484.5,4422.75,4470,1426847
2022-02-17,4464.25,4474.75,4367.25,4374.5,1629730
2022-02-18,4374.75,4411.5,4321,4343.5,1824590
2022-02-21,4324.25,4391.25,4250,4300,2589159
2022-02-22,4324.25,4391.25,4250,4300,2589159
2022-02-23,4310.75,4345.5,4212.5,4222,1914227
2022-02-24,4215.5,4290,4101.75,4284,2945330
2022-02-25,4266.75,4384.25,4227.5,4380,1950397
2022-02-28,4299.5,4385.5,4251.5,4368,2189820
2022-03-01,4367.5,4399,4275,4303.75,1869277
2022-03-02,4308.75,4399.25,4278.25,4381.75,1712970
2022-03-03,4373.75,4418.75,4341,4359.25,1547676
2022-03-04,4366.5,4374.5,4281.25,4327.25,1842722
2022-03-07,4308.75,4325.25,4185.25,4198.5,1902001
2022-03-08,4186.5,4275,4138.75,4168.75,2333021
2022-03-09,4153,4298.25,4152,4275.25,1659520
2022-03-10,4279,4282.25,4207,4257.25,1745090
2022-03-11,4258.5,4335.5,4198,4201.5,1645055
2022-03-14,4216,4254.5,4160.75,4172,1438651
2022-03-15,4171.25,4263.25,4129.5,4253.75,2054335
2022-03-16,4249.75,4367.5,4239,4349.5,1980647
2022-03-17,4361,4406.75,4320.25,4402,1442645
2022-03-18,4384.25,4465.75,4364.5,4453.5,1405299
2022-03-21,4460,4473,4415,4452.25,1375090
2022-03-22,4456.75,4514.75,4433,4505,1205860
2022-03-23,4504,4514,4444.75,4447.5,1336967
2022-03-24,4449.25,4517.5,4445.75,4512.5,1221569
2022-03-25,4516.25,4539,4493.25,4536.5,1251078
2022-03-28,4535.25,4572.25,4509.75,4568,1182527
2022-03-29,4570.25,4631,4565.25,4625.5,1353683
2022-03-30,4621.25,4627.5,4574.75,4596,1206203
2022-03-31,4599,4614.25,4526.25,4530.75,1650667
2022-04-01,4541,4555.5,4501.25,4539.25,1441126
2022-04-04,4538.25,4580,4527.75,4577.75,1025558
2022-04-05,4576.25,4588.75,4507.75,4520.25,1303877
2022-04-06,4526.25,4528.75,4444.5,4475.75,1803684
2022-04-07,4471.25,4517.25,4444.5,4496.25,1446250
2022-04-08,4494.75,4519.75,4468.75,4483.5,1358450
2022-04-11,4488.75,4491.25,4403.5,4409,1431371
2022-04-12,4411,4466.75,4375.5,4393,1739771
2022-04-13,4396.75,4449.5,4384,4442.25,1254348
2022-04-14,4438.5,4455.75,4385,4387.5,1396074
2022-04-18,4390,4406.25,4355.5,4386.75,1149765
2022-04-19,4399,4467,4371.75,4459.25,1465764
2022-04-20,4441,4484.25,4432.75,4455.5,1423396
2022-04-21,4468,4509,4380,4390.5,1704137
2022-04-22,4385.75,4393.25,4247.5,4267.25,2039961
2022-04-25,4259,4296.5,4195.25,4292.75,2280374
2022-04-26,4294,4303.5,4136.75,4170.5,2018166
2022-04-27,4149.5,4236.25,4149,4180.25,2035627
2022-04-28,4213,4303.5,4182.5,4283.5,1798644
2022-04-29,4244,4279.75,4118.75,4127.5,2117160
2022-05-02,4144,4165.75,4056,4151,2351404
2022-05-03,4145.5,4195.75,4129,4169.25,1678497
2022-05-04,4171.25,4303,4142.75,4295.25,1783477
2022-05-05,4289.75,4300.75,4099.25,4143.25,2389422
2022-05-06,4146.5,4153.25,4062,4119.5,2310919
2022-05-09,4087.25,4099,3970,3987.5,2139992
2022-05-10,3993.25,4065.5,3953,3996.75,2247750
2022-05-11,3990.5,4050.5,3923.75,3930.25,2157244
2022-05-12,3939.75,3961.75,3855,3927.25,2380563
2022-05-13,3916.25,4036,3915.5,4019.75,1859074
2022-05-16,4025,4043.5,3979.5,4004.75,1695198
2022-05-17,4002,4091.5,4000.5,4084.75,1716498
2022-05-18,4091.25,4095,3905.5,3922.75,2202394
2022-05-19,3916.5,3943.5,3856,3897.75,2317604
2022-05-20,3900.5,3949.5,3807.5,3899.5,2408399
2022-05-23,3910.5,3982.25,3906.5,3971.75,1736162
2022-05-24,3951.75,3954.5,3872,3940.5,2017453
2022-05-25,3950,3997.75,3913.5,3976.75,1744116
2022-05-26,3972.25,4073.5,3960.5,4055.75,1493132
2022-05-27,4047.5,4168.25,4041.25,4155.75,1547507
2022-05-30,4164.5,4202.25,4102.75,4131.25,2222573
2022-05-31,4164.5,4202.25,4102.75,4131.25,2222573
2022-06-01,4138.5,4165,4071.5,4099,1912031
2022-06-02,4097.75,4179,4072.25,4175.25,1513748
2022-06-03,4177.75,4189,4096.75,4107,1532766
2022-06-06,4110.5,4168.25,4104.5,4120.5,1457918
2022-06-07,4122,4164,4076,4158.75,1677883
2022-06-08,4150.75,4160,4105.25,4114,1706628
2022-06-09,4116,4144.25,4014.75,4016.25,2024783
2022-06-10,4025.25,4029.5,3895.25,3899,2117225
2022-06-13,3870.75,3876.5,3732.5,3750.5,2155159
2022-06-14,3760.75,3807.5,3708.5,3740.25,2701717
2022-06-15,3743.5,3843,3723.5,3793.5,2247431
2022-06-16,3799,3833.25,3642,3671.25,2476785
2022-06-17,3680.5,3713.5,3639,3675.75,2207570
2022-06-20,3684,3783.75,3661.5,3767.75,1566039
2022-06-21,3684,3783.75,3661.5,3767.75,1566039
2022-06-22,3766.25,3805.5,3693.25,3762.75,1660579
2022-06-23,3761.25,3805.75,3735,3799.75,1607695
2022-06-24,3785.25,3919.75,3781.25,3916.25,1563128
2022-06-27,3915,3948,3892.5,3903.75,1497368
2022-06-28,3911.25,3950,3821.75,3825.5,1791690
2022-06-29,3828.25,3840,3801.25,3821.25,1717770
2022-06-30,3822.75,3825,3741.25,3789.5,2394361
2022-07-01,3782,3833.5,3744.5,3827.25,1752977
2022-07-04,3828.5,3857.75,3744,3834,2031501
2022-07-05,3828.5,3857.75,3744,3834,2031501
2022-07-06,3838,3875,3808.75,3848.25,1684324
2022-07-07,3853.75,3914.25,3832.5,3905,1314443
2022-07-08,3897,3922,3868,3901.25,1485497
2022-07-11,3900,3900.75,3850,3856.75,1486103
2022-07-12,3862,3876.5,3804.75,3823.75,1640864
2022-07-13,3825,3873,3752,3804.5,2157968
2022-07-14,3795.75,3806.25,3723.75,3793.25,1916260
2022-07-15,3797.75,3868.25,3780.25,3865,1523753
2022-07-18,3878.5,3909.5,3820.25,3833.75,1439590
2022-07-19,3838.5,3948,3834,3937.5,1611604
2022-07-20,3947,3977.25,3922.25,3962.5,1734355
2022-07-21,3954,4004.75,3930.25,4001.25,1821097
2022-07-22,3988,4016.25,3941.5,3965,1736592
2022-07-25,3967.75,3988.75,3946,3970,1493471
2022-07-26,3959,3964.5,3913.25,3923.25,1589161
2022-07-27,3939.25,4042.75,3938.75,4024.5,1740431
2022-07-28,4022,4111,3994.5,4073.5,2014467
2022-07-29,4105,4144,4081,4133.5,1919598
2022-08-01,4137.5,4147.25,4097,4120.5,1776936
2022-08-02,4119.75,4143,4080.5,4093.75,1892241
2022-08-03,4097,4170,4084.5,4156.25,1696602
2022-08-04,4150.25,4173.25,4136,4152.25,1245063
2022-08-05,4152,4166.25,4103.75,4146.75,1722401
2022-08-08,4149.75,4188,4129.25,4141.75,1536449
2022-08-09,4148.5,4155,4113,4124.5,1280085
2022-08-10,4128.75,4213.5,4113.75,4210,1627940
2022-08-11,4210.75,4260.5,4202.75,4209.75,1598130
2022-08-12,4219.25,4282.75,4208.25,4281,1300170
2022-08-15,4277,4304.75,4249,4298.25,1317241
2022-08-16,4294.5,4327.5,4278.75,4307.75,1363248
2022-08-17,4309.25,4315,4255,4276.75,1638797
2022-08-18,4279.5,4295.5,4258,4286.5,1366220
2022-08-19,4287,4288,4220.75,4231.5,1701251
2022-08-22,4221,4221.5,4131.5,4141.25,1724203
2022-08-23,4147,4161.75,4118,4130.5,1575674
2022-08-24,4128.25,4158.5,4110.75,4142.75,1348612
2022-08-25,4148.75,4202.75,4143,4201,1635476
2022-08-26,4198.25,4217.25,4042.75,4059.5,2241117
2022-08-29,4024,4064,4006.75,4031.25,1963446
2022-08-30,4035.75,4072.75,3964.5,3987.5,2555455
2022-08-31,3987.25,4018.25,3953,3956.5,2366488
2022-09-01,3958,3971.25,3903.5,3968.75,2212034
2022-09-02,3967.5,4019.25,3906,3924.5,2510355
2022-09-05,3929,3963.25,3886.75,3910.5,2360326
2022-09-06,3929,3963.25,3886.75,3910.5,2360326
2022-09-07,3907.5,3988.75,3883.5,3980,1956209
2022-09-08,3980,4011.5,3942.75,4005.5,2356008
2022-09-09,4010.25,4077.25,4005.75,4067.25,1677890
2022-09-12,4077.25,4119.75,4062.25,4110.75,1718859
2022-09-13,4137.5,4175,3938.5,3950.25,3207923
2022-09-14,3956.75,3981.25,3929,3965.5,2494976
2022-09-15,3972,3977.5,3905,3919.25,2515924
2022-09-16,3904,3905,3853,3890,2688630
2022-09-19,3889.5,3927,3846.25,3917.25,2100098
2022-09-20,3923,3936.25,3843.25,3872.75,2357296
2022-09-21,3878.75,3925.25,3792,3806.25,2440206
2022-09-22,3794,3833,3763.5,3772,2578314
2022-09-23,3777.25,3783.25,3660.25,3709,2913560
2022-09-26,3705.25,3730.5,3657.5,3670,2899415
2022-09-27,3668,3733,3635.25,3661,2963065
2022-09-28,3668.5,3751.25,3613,3732,2780935
2022-09-29,3730.25,3736,3622,3654.25,2860631
2022-09-30,3656.5,3693.75,3595.25,3601.5,2976179
2022-10-03,3593.25,3711.75,3571.75,3690.25,2315515
2022-10-04,3696.5,3808.75,3686.25,3803.25,2381497
2022-10-05,3801,3820,3734,3794,2089198
2022-10-06,3795.75,3819.5,3750,3756.75,2157569
2022-10-07,3745.75,3770.5,3632.5,3653.25,2238683
2022-10-10,3638.75,3667.5,3600,3625.25,2024447
2022-10-11,3624.75,3653.25,3579,3599.25,2398140
2022-10-12,3607,3635.25,3585.5,3588.5,1948173
2022-10-13,3596.25,3697.75,3502,3681.75,3288646
2022-10-14,3680.25,3733.75,3591.25,3597.5,2730405
2022-10-17,3591,3702.5,3590.5,3689.25,1951998
2022-10-18,3706.25,3777.25,3697.25,3732.75,2746886
2022-10-19,3759.75,3774.25,3676.75,3707.25,2348844
2022-10-20,3708,3748,3666.25,3675.25,2403705
2022-10-21,3677.75,3773.25,3641.5,3764,2681019
2022-10-24,3771,3822,3736.5,3809.25,2109780
2022-10-25,3803.25,3874.25,3790,3870.25,1836723
2022-10-26,3841,3897.5,3824.25,3841,2118534
2022-10-27,3844.25,3870.75,3757.5,3819.5,2211786
2022-10-28,3798.25,3924.25,3776.75,3911.25,2084386
2022-10-31,3911.5,3914.75,3872.25,3883,2002625
2022-11-01,3884,3928,3852.5,3866,1895614
2022-11-02,3863,3907,3760.25,3768.75,2210708
2022-11-03,3766.75,3782.5,3704.25,3727.75,1887557
2022-11-04,3724,3805.5,3711,3779.5,2494788
2022-11-07,3750,3821.75,3738.25,3815.25,1483146
2022-11-08,3812.75,3867,3792.75,3835.25,1878046
2022-11-09,3832.5,3848.75,3750,3755.5,1889153
2022-11-10,3757,3973.5,3751.5,3961,2408104
2022-11-11,3973,4009.75,3951,4000.25,1927068
2022-11-14,3984,4017.5,3964,3966,1592615
2022-11-15,3974.75,4050.75,3960,3999.5,2230543
2022-11-16,3992,4015.75,3962,3968.5,1502501
2022-11-17,3977.25,3990.25,3912.5,3955.25,1560808
2022-11-18,3960.5,3994,3942.5,3974,1534155
2022-11-21,3972.5,3982,3937.5,3958,1178421
2022-11-22,3957.75,4012.5,3945.25,4010.25,1161999
2022-11-23,4010,4039.5,4002,4033,1281153
2022-11-24,4038.75,4049.25,4024.75,4032.5,608795
2022-11-25,4038.75,4049.25,4024.75,4032.5,608795
2022-11-28,4020.25,4024,3960.25,3970.25,1481503
2022-11-29,3972,3990.25,3941.25,3962,1500171
2022-11-30,3962.25,4093.5,3942.75,4081.25,2479997
2022-12-01,4094.5,4110,4054.5,4081.75,1834073
2022-12-02,4077.5,4085.5,4006.75,4075.5,1849784
2022-12-05,4074,4075.75,3987.25,4003.25,1497688
2022-12-06,4005.75,4014.75,3921.5,3945,1869101
2022-12-07,3944.5,3961.5,3914,3936.75,1756473
2022-12-08,3935.75,3977.25,3916,3965.75,1708915
2022-12-09,3964.75,3990,3930,3936.25,1739761
2022-12-12,3933,3992.75,3924.5,3991.75,1619977
2022-12-13,4022.25,4180,4017.5,4055.25,2864043
2022-12-14,4054.5,4090.75,3997,4030.75,1951473
2022-12-15,4037,4043,3908,3927.25,2216621
2022-12-16,3920,3934.5,3855.25,3879,1965701
2022-12-19,3874,3899,3827.25,3845.5,1405774
2022-12-20,3842.75,3866.5,3803.5,3849.25,1541868
2022-12-21,3857.25,3918.75,3855.5,3905.75,1522069
2022-12-22,3915,3919.75,3788.5,3849.25,1842326
2022-12-23,3850,3872.5,3821.25,3869.75,1374913
2022-12-27,3878,3900.5,3837.25,3855,1006414
2022-12-28,3858,3875,3804.5,3807.5,1282810
2022-12-29,3811,3882.75,3806.25,3871.75,1146984
2022-12-30,3869.75,3871,3821.5,3861,1401810
2023-01-03,3895,3906.75,3814.5,3846,1782473
2023-01-04,3842.75,3896.25,3836.5,3874.5,1912155
2023-01-05,3871,3885.5,3822.5,3829,1679973
2023-01-06,3833,3928.75,3819,3915.5,2026154
2023-01-09,3918.5,3973.25,3909.75,3913.75,1697887
2023-01-10,3914.5,3943.75,3891.5,3940.75,1520955
2023-01-11,3941,3992.5,3934.5,3990,1398769
2023-01-12,3991.75,4021.5,3954,4003.5,2102587
2023-01-13,4003,4024.25,3961.75,4018.25,1456784
2023-01-16,4020,4035.25,3996.75,4009.5,1423931
2023-01-17,4020,4035.25,3996.75,4009.5,1423931
2023-01-18,4008.5,4033.5,3943.75,3945.75,1902551
2023-01-19,3945.25,3948.75,3901.75,3915.5,1896890
2023-01-20,3925,3990.5,3911.75,3988.5,1620355
2023-01-23,3987,4056.75,3980.25,4036.5,1594736
2023-01-24,4036.5,4047.5,4005.25,4032.75,1472856
2023-01-25,4039,4040.5,3963.25,4032,1760515
2023-01-26,4031,4077,4027.25,4075.5,1613804
2023-01-27,4065,4109.25,4057.25,4084.25,1587936
2023-01-30,4077,4086,4029.5,4032.5,1786112
2023-01-31,4039.25,4091.25,4007.5,4090,1790751
2023-02-01,4085.75,4163.25,4048.5,4132.25,2000400
2023-02-02,4145.5,4208.5,4136.75,4191.5,2290729
2023-02-03,4176,4194,4132.5,4147.75,2354996
2023-02-06,4134.25,4143,4104,4123.5,1560324
2023-02-07,4123.5,4188.25,4098.25,4175.75,2180936
2023-02-08,4167.25,4179.25,4121.25,4130.5,1804101
2023-02-09,4132.25,4170.25,4078.25,4091.75,1828571
2023-02-10,4098,4104.25,4060.75,4099.75,1744956
2023-02-13,4105,4150.75,4078.75,4147.25,1376325
2023-02-14,4149.75,4186.5,4103.75,4145.5,2379034
2023-02-15,4141.25,4161.75,4113,4158.25,1611550
2023-02-16,4159,4168.5,4095,4099.75,2042993
2023-02-17,4095.5,4096,4055.75,4087.5,2008448
2023-02-20,4083,4089.25,4002,4005.75,1883040
2023-02-21,4083,4089.25,4002,4005.75,1883040
2023-02-22,4007.5,4025,3983.75,3999,1925300
2023-02-23,4010,4034.25,3974.25,4018.75,1955820
2023-02-24,4015.25,4023.25,3947.5,3975.75,2063242
2023-02-27,3976.5,4024.75,3973,3988,1621961
2023-02-28,3991.5,4003.75,3965,3975.5,1847930
2023-03-01,3968.5,3991,3943,3956.5,2042321
2023-03-02,3959.75,3995.25,3925,3984.75,1836555
2023-03-03,3983,4053,3974,4049.75,1665102
2023-03-06,4049.25,4082.5,4041.75,4052.5,1528845
2023-03-07,4053.75,4064.5,3982.5,3989.75,2141615
2023-03-08,3990,4003.25,3971.5,3995,1831712
2023-03-09,3997,4019.75,3909.5,3920,2547423
2023-03-10,3919,3941.75,3846.25,3862.75,3285811
2023-03-13,3887.75,3938.75,3808.75,3856.75,2750477
2023-03-14,3897.25,3972.5,3885,3954.25,3100361
2023-03-15,3953.75,3964,3865,3925,3042061
2023-03-16,3924.75,4000,3895,3994.5,2507937
2023-03-17,3995,4009.25,3932.5,3947,2224268
2023-03-20,3963.75,3989.5,3897.25,3983,1818807
2023-03-21,3986.5,4043.25,3981.75,4035.75,1531670
2023-03-22,4038.75,4073.75,3966.25,3970.5,1802929
2023-03-23,3972.75,4039.5,3948.5,3978,2236954
2023-03-24,3988.75,4010.75,3937,4001.25,1944981
2023-03-27,4008,4034.25,3997.5,4007.25,1304572
2023-03-28,4013.5,4023.75,3980.75,4001.5,1224495
2023-03-29,4006.5,4061.25,4006,4057.5,1389352
2023-03-30,4058,4087.75,4052.5,4080,1328529
2023-03-31,4081,4142.5,4078,4137.75,1695840
2023-04-03,4127,4157.75,4122.75,4153.75,1380286
2023-04-04,4152.5,4171.75,4115.25,4129,1582414
2023-04-05,4134,4135.5,4099,4117.25,1470176
2023-04-06,4113.75,4135.25,4096.5,4132,1299214
2023-04-07,4129,4146.75,4121,4132,73009
2023-04-10,4139,4143,4098.75,4136.25,1167715
2023-04-11,4138.5,4151.75,4128.75,4136.5,1221824
2023-04-12,4137.5,4177.75,4113.5,4119,1853671
2023-04-13,4117.5,4177,4110.25,4172.75,1458785
2023-04-14,4168.75,4189,4138,4163.75,1882896
2023-04-17,4174.25,4180.5,4148,4176.75,1298123
2023-04-18,4177,4198.25,4164.5,4180,1427797
2023-04-19,4176,4187.5,4150.5,4178.5,1292622
2023-04-20,4172.25,4173.5,4137,4152.5,1768379
2023-04-21,4153.75,4161,4135.25,4156.75,1645161
2023-04-24,4150,4164.25,4133.5,4159.5,1328041
2023-04-25,4157.25,4158.5,4091.5,4093.25,1770908
2023-04-26,4110.25,4116.25,4068.75,4076,1814741
2023-04-27,4085.5,4166.5,4080.75,4153.75,1686692
2023-04-28,4151,4193.75,4131.5,4188.5,1753803
2023-05-01,4190,4206.25,4178.5,4185.75,1240490
2023-05-02,4179.5,4191.5,4105.5,4136.75,2034176
2023-05-03,4133.25,4167,4095,4107.5,1658392
2023-05-04,4087,4118,4062.25,4075.75,1994772
2023-05-05,4077.25,4163.25,4076.75,4150.25,1545895
2023-05-08,4151,4161,4137.5,4152.75,1026014
2023-05-09,4150.5,4153,4131,4134,1000924
2023-05-10,4133,4173.25,4112.25,4152,1887587
2023-05-11,4152.75,4168.5,4121.5,4143.75,1473383
2023-05-12,4144.5,4164.5,4111.75,4138,1434601
2023-05-15,4132.25,4156.25,4123,4150,1179165
2023-05-16,4148.25,4151.5,4120,4123,1316691
2023-05-17,4126,4179,4122,4171.5,1584910
2023-05-18,4171.25,4215.75,4161.25,4212,1760668
2023-05-19,4215.5,4227.25,4191.5,4204.75,1713351
2023-05-22,4189,4221.75,4186.5,4205,1302845
2023-05-23,4207.5,4222.75,4153,4158.75,1685056
2023-05-24,4158,4166.25,4114,4126,1911903
2023-05-25,4157,4175.5,4131.5,4159.75,1966626
2023-05-26,4157,4221.25,4146,4213.25,1744425
2023-05-29,4239.75,4243.25,4200,4215,1957579
2023-05-30,4239.75,4243.25,4200,4215,1957579
2023-05-31,4213,4217.75,4174,4190.5,2138566
2023-06-01,4188.5,4239.75,4178,4228,1868363
2023-06-02,4231.75,4297.75,4229,4288,1955603
2023-06-05,4288,4305.75,4273,4281,1668759
2023-06-06,4279.75,4294.75,4268.5,4289.75,1548125
2023-06-07,4292.25,4304.75,4269.25,4274.25,1925195
2023-06-08,4273.25,4302.5,4262.75,4298.25,1664333
2023-06-09,4297.75,4325.5,4284,4304.75,2176645
2023-06-12,4306.5,4346.5,4305.25,4342.75,1665175
2023-06-13,4389.75,4423.25,4381.75,4416.75,2519014
2023-06-14,4417.25,4439.5,4383.5,4418.5,2142634
2023-06-15,4422.75,4485.5,4393.75,4471.25,2023296
2023-06-16,4469,4493.75,4451,4453.75,1895105
2023-06-19,4458,4462,4410.5,4434.75,1540416
2023-06-20,4458,4462,4410.5,4434.75,1540416
2023-06-21,4430.25,4438.5,4403.5,4409.25,1468258
2023-06-22,4410,4427,4393,4423.75,1384002
2023-06-23,4425.75,4426.25,4381.5,4389,1550992
2023-06-26,4390,4403,4368.5,4370.25,1622416
2023-06-27,4375.75,4424.75,4371.5,4418.75,1512256
2023-06-28,4414,4430.25,4399.25,4417.5,1689461
2023-06-29,4423.75,4438,4409.75,4435.75,1628750
2023-06-30,4435.25,4498,4433,4488.25,1774940
2023-07-03,4485.5,4494,4479.5,4492.25,641289
2023-07-04,4492,4493.75,4466.25,4483.75,1193759
2023-07-05,4492,4493.75,4466.25,4483.75,1193759
2023-07-06,4481.75,4483.5,4419.5,4447,1741520
2023-07-07,4441.25,4476,4431.5,4434,1691644
2023-07-10,4437.5,4448.25,4411.25,4444.25,1361155
2023-07-11,4445.75,4478.5,4439,4473.5,1340232
2023-07-12,4471,4523.75,4470,4507.5,1784296
2023-07-13,4510.5,4551.5,4509.25,4543.5,1158193
2023-07-14,4539.5,4560.5,4531,4536.75,1381069
2023-07-17,4536,4565.75,4528,4553.75,1057965
2023-07-18,4550.25,4594.5,4544.75,4587.75,1301460
2023-07-19,4582.75,4609.25,4582.25,4597,1538747
2023-07-20,4593.25,4594.25,4557.25,4565.5,1527727
2023-07-21,4566.25,4590,4561.75,4564.75,1432643
2023-07-24,4564.25,4592.5,4560,4583.5,1203661
2023-07-25,4584.5,4608.75,4579.25,4596,1219737
2023-07-26,4604.75,4610.75,4573.75,4595.25,1372426
2023-07-27,4594.75,4634.5,4553.75,4564.25,1924565
2023-07-28,4566,4616.5,4558,4606.5,1573973
2023-07-31,4608.75,4619.25,4595.25,4614.5,1299434
2023-08-01,4617.75,4621.75,4591,4601.25,1212261
2023-08-02,4580,4593.5,4527.75,4537.25,1917865
2023-08-03,4534.25,4547.5,4505.75,4521.75,1764076
2023-08-04,4523.5,4560.75,4493.75,4498,2044936
2023-08-07,4500.5,4541.75,4500.5,4537.75,1397301
2023-08-08,4539.5,4541,4482,4518.5,1696546
2023-08-09,4516.5,4536.25,4478.25,4485.75,1640285
2023-08-10,4493.25,4544.75,4473.5,4485.75,2227022
2023-08-11,4487.75,4496.25,4459,4480.75,1511048
2023-08-14,4485,4507.75,4465,4506,1277132
2023-08-15,4505.75,4517.75,4447,4454,1492516
2023-08-16,4453.25,4467.25,4417,4420,1499218
2023-08-17,4420.5,4436.75,4377.75,4384.5,1630481
2023-08-18,4379.25,4396,4350,4382.75,1746289
2023-08-21,4382.5,4421,4372.25,4412.5,1361470
2023-08-22,4410.25,4440,4394.25,4399.25,1375651
2023-08-23,4400,4476.25,4399.5,4447,1306640
2023-08-24,4470.5,4485.5,4378.5,4386,1783795
2023-08-25,4384.5,4429,4365.25,4414.25,1853335
2023-08-28,4418,4449.5,4414.5,4442.25,1266414
2023-08-29,4444,4509.5,4433.5,4506.75,1444714
2023-08-30,4508.75,4530.75,4496.25,4524.25,1397669
2023-08-31,4527,4541.25,4512.75,4516,1395751
2023-09-01,4516.75,4547.75,4507.25,4521.5,1416762
2023-09-04,4521.25,4531.25,4499.25,4502.5,1391805
2023-09-05,4521.25,4531.25,4499.25,4502.5,1391805
2023-09-06,4500,4503.75,4447,4471.5,1600128
2023-09-07,4469.5,4471.75,4434.25,4456.25,1602226
2023-09-08,4458.25,4477.5,4443,4461.75,1686158
2023-09-11,4463.5,4493.5,4459.25,4490.25,1714266
2023-09-12,4536.5,4539,4507.25,4513.75,1870977
2023-09-13,4513,4530.25,4495,4517.5,1773153
2023-09-14,4521.25,4562,4519,4555,1640992
2023-09-15,4556.5,4566,4494,4498,1825966
2023-09-18,4499.5,4514.5,4487,4501.5,1155158
2023-09-19,4503.25,4509.5,4462.25,4490,1422950
2023-09-20,4491.25,4508,4443.25,4447,1482206
2023-09-21,4445,4447,4366.5,4372,1998638
2023-09-22,4370.25,4399,4357.25,4361,1736576
2023-09-25,4365,4383.5,4338.25,4378.75,1561595
2023-09-26,4382,4382,4305.5,4314.75,1758048
2023-09-27,4320.25,4336.5,4277,4313.5,1965913
2023-09-28,4323.25,4355.75,4301,4337.5,2012088
2023-09-29,4342,4371.25,4311,4325.5,2106053
2023-10-02,4349,4355.5,4295.5,4324.25,1950463
2023-10-03,4326,4335.75,4251.25,4264.75,2256808
2023-10-04,4262.75,4304,4235.5,4297.75,2168271
2023-10-05,4291.5,4302,4258,4290.75,1673477
2023-10-06,4287.5,4358.5,4242.25,4341.5,2216456
2023-10-09,4315,4375.75,4299.5,4368.75,1485254
2023-10-10,4368.75,4419,4366.25,4391.5,1610271
2023-10-11,4392,4419.75,4377.25,4409.75,1489644
2023-10-12,4417.75,4430.5,4355.5,4380.5,1881573
2023-10-13,4380.75,4407.75,4340.75,4357.25,2159101
2023-10-16,4356.75,4414.25,4354.5,4401,1668948
2023-10-17,4406.25,4423.25,4365.75,4401.75,1879736
2023-10-18,4398,4399.25,4330.75,4342.25,2271572
2023-10-19,4346.5,4366.5,4292.75,4303,2741942
2023-10-20,4295,4304.25,4243.5,4248.5,2328806
2023-10-23,4256.25,4280.75,4213.25,4241.75,1963670
2023-10-24,4250.25,4290.5,4242,4271.25,1807092
2023-10-25,4269.5,4273.5,4203.75,4209.75,1981633
2023-10-26,4202,4205,4146.25,4156.5,2419407
2023-10-27,4167,4185,4122.25,4137.75,2195767
2023-10-30,4148,4197.5,4143.5,4185.75,1904610
2023-10-31,4184.25,4215,4166.75,4212.25,1836212
2023-11-01,4205,4264.75,4191.25,4256,2027080
2023-11-02,4258.5,4339.75,4257.75,4335.75,1819596
2023-11-03,4327.5,4391.75,4325.5,4376,1803552
2023-11-06,4379.25,4389.5,4364.25,4384.25,1348878
2023-11-07,4380,4403.25,4366,4396,1371257
2023-11-08,4397.5,4407.75,4375,4399.5,1390288
2023-11-09,4393.25,4413,4357.75,4362.25,1972630
2023-11-10,4364.5,4435.5,4354.25,4430.5,1752002
2023-11-13,4425.75,4436.75,4407.25,4425.25,1276182
2023-11-14,4427.25,4524.25,4420.25,4511,1901847
2023-11-15,4515.5,4541.25,4510.75,4519.25,1573452
2023-11-16,4514.25,4529.5,4501.75,4523.25,1491734
2023-11-17,4527.75,4539.5,4512.75,4527.5,1331912
2023-11-20,4526.75,4571,4520,4562.25,1220790
2023-11-21,4561.75,4567,4536.75,4551.25,1101669
2023-11-22,4547.75,4580.5,4543,4567.25,1403636
2023-11-23,4564,4574,4562,4568.25,1403636
2023-11-24,4564,4574,4562,4568.25,572702
2023-11-27,4568.5,4570,4552,4561,1124213
2023-11-28,4561.5,4577.25,4547,4563,1441119
2023-11-29,4564,4597,4555.5,4559.25,1592398
2023-11-30,4562.25,4579.5,4544.75,4576.75,2056268
2023-12-01,4571.75,4607.75,4562.5,4600.75,1914151
2023-12-04,4603.25,4604.5,4553.5,4576.5,1818991
2023-12-05,4573,4585.5,4555.5,4575,1890825
2023-12-06,4573.25,4598.5,4552,4556,1837961
2023-12-07,4556,4596,4548.75,4589.5,1832361
2023-12-08,4586.5,4613.75,4561.75,4607.5,2289425
2023-12-11,4607.75,4627.25,4599.5,4626,1663229
2023-12-12,4677.75,4701.75,4662.25,4697.25,1861122
2023-12-13,4700.5,4764.25,4696.75,4760.75,1970985
2023-12-14,4760.75,4791.75,4746.25,4774,2265347
2023-12-15,4767.75,4789,4757.25,4768,1801823
2023-12-18,4770.5,4802.25,4769.5,4793,1139029
2023-12-19,4790.5,4821.5,4787.75,4820.25,1122973
2023-12-20,4818.5,4830.75,4743.25,4749.75,1749145
2023-12-21,4751,4798.25,4751,4796.75,1687065
2023-12-22,4795.75,4821.75,4784.75,4805.25,1326697
2023-12-26,4800.25,4834.5,4800.25,4825,688201
2023-12-27,4827.75,4836.5,4816.5,4833.5,1042284
2023-12-28,4834.5,4841.5,4828,4832.25,927035
2023-12-29,4834.75,4841,4796.75,4820,1281733
2024-01-02,4818,4828,4765.5,4787.25,1678142
2024-01-03,4790.75,4790.75,4741,4746.5,1707174
2024-01-04,4750,4766.5,4727,4729.5,1395366
2024-01-05,4732.75,4760.25,4702,4734.75,1767245
2024-01-08,4735.75,4803.25,4715.25,4801.25,1417728
2024-01-09,4797.75,4804,4767.5,4792.75,1369103
2024-01-10,4790.75,4828.5,4786,4820.25,1377780
2024-01-11,4820.5,4838,4772.75,4815.5,1795564
2024-01-12,4811.25,4836.5,4791.5,4816.5,1519899
2024-01-15,4812,4823,4779.5,4798.5,1905532
2024-01-16,4812,4823,4779.5,4798.5,1905532
2024-01-17,4799.75,4800.75,4746.25,4771.25,1663328
2024-01-18,4768,4817,4763.5,4811.25,1746936
2024-01-19,4811.25,4874.25,4808.5,4869.5,1876757
2024-01-22,4872.5,4898.25,4872.5,4881,1356050
2024-01-23,4881.75,4902,4874.25,4895,1130749
2024-01-24,4900.25,4933.25,4889,4898,1586824
2024-01-25,4899.5,4926.5,4893.25,4923.25,1532026
2024-01-26,4919.25,4934.25,4898.5,4916.25,1363612
2024-01-29,4908.75,4956,4901.75,4954.5,1197989
2024-01-30,4950.25,4957.25,4933,4951,1157425
2024-01-31,4930.25,4938,4866,4870.5,2285993
2024-02-01,4874.5,4963.75,4872.5,4928.5,1835510
2024-02-02,4952.75,4997.75,4925.75,4980.25,1957796
2024-02-05,4976,4980.75,4937.75,4962,1504676
2024-02-06,4959.5,4978.25,4954.5,4974.75,1267419
2024-02-07,4971.5,5020,4970,5015.25,1336172
2024-02-08,5015.75,5020,5003.75,5017.75,997431
2024-02-09,5014.5,5048.5,5013,5044,1212336
2024-02-12,5042.5,5066.5,5031.5,5041.25,1141487
2024-02-13,5034,5040,4936.5,4971.25,2112726
2024-02-14,4974.25,5022.5,4968.75,5018,1632071
2024-02-15,5017.5,5051.75,5011,5046.5,1361757
2024-02-16,5049.5,5059.25,5012.75,5019.75,1527729
2024-02-19,5016.5,5029.5,4968.25,4991.5,1609827
2024-02-20,5016.5,5029.5,4968.25,4991.5,1609827
2024-02-21,4990,5020.5,4959,4996.25,1485687
2024-02-22,5016,5107.75,5015.25,5097.75,1738869
2024-02-23,5094.25,5123.5,5092,5101.5,1340050
2024-02-26,5095,5108,5076.25,5080.25,1094682
2024-02-27,5077.5,5093,5067,5090,1026819
2024-02-28,5090.75,5091.25,5063.25,5081,1201011
2024-02-29,5072,5114.5,5060,5103.75,1790702
2024-03-01,5101.5,5149.25,5089.25,5146,1597331
2024-03-04,5142,5157.75,5132,5138.25,1208040
2024-03-05,5133.75,5135.5,5063,5085.75,1885769
2024-03-06,5091,5134.5,5083.75,5111.75,1996223
2024-03-07,5114.25,5170.5,5086.5,5161.75,1791666
2024-03-08,5159.25,5193,5121.75,5129,2786680
2024-03-11,5132.5,5133.25,5094.75,5123,1840000
2024-03-12,5191.75,5246.75,5176.25,5241.25,2317426
2024-03-13,5238.25,5247.5,5217.5,5232.5,1602402
2024-03-14,5236.5,5253.5,5188,5218,2188953
2024-03-15,5216,5230.75,5167.75,5182.75,1927775
2024-03-18,5185.75,5240.25,5181.75,5214.75,1377276
2024-03-19,5215.25,5244.75,5186,5241.75,1440289
2024-03-20,5239.75,5297.75,5233,5286.75,1404974
2024-03-21,5294.75,5322.75,5293.5,5302.5,1326994
2024-03-22,5306.75,5311.75,5287.75,5293.25,1162606
2024-03-25,5290.5,5295,5272.5,5278.25,920608
2024-03-26,5280.75,5300.5,5263,5265.25,1092706
2024-03-27,5273.25,5313.75,5270.75,5308.25,1487671
2024-03-28,5308,5321,5301,5308.5,1317836
2024-04-01,5314.25,5333.5,5282.25,5295.25,1125234
2024-04-02,5294.5,5296,5235,5260.5,1426691
2024-04-03,5262.5,5280.75,5244.5,5266.5,1402981
2024-04-04,5270.75,5308.5,5192.5,5197.25,1941274
2024-04-05,5199.75,5272.5,5191.5,5253,1908306
2024-04-08,5263.25,5269.25,5236.5,5253.25,1167648
2024-04-09,5258,5274.25,5208.25,5260.25,1651973
2024-04-10,5264.25,5285,5176.5,5207.75,2369864
2024-04-11,5202,5257.5,5173.5,5243.25,1762470
2024-04-12,5244,5248.75,5150,5167.5,2005106
2024-04-15,5166.5,5213.25,5094,5104,2226105
2024-04-16,5101.25,5123.25,5078.75,5092.5,2098015
2024-04-17,5096.25,5120.5,5047,5062.25,1928645
2024-04-18,5063,5095.25,5038.5,5049,1701401
2024-04-19,5047.25,5058,4963.5,5003.75,2357143
2024-04-22,5014.25,5076.75,5006,5047.5,1584393
2024-04-23,5051,5113.5,5037.75,5106.5,1357493
2024-04-24,5115.25,5128.75,5072.25,5107.5,1512469
2024-04-25,5070,5132.75,5022.25,5082.25,1887635
2024-04-26,5132,5146.5,5104.5,5131.5,1455855
2024-04-29,5140.25,5154.25,5118.75,5147,1163440
2024-04-30,5148.5,5148.5,5051,5067,1675335
2024-05-01,5050,5126.75,5037.75,5046.5,1955160
2024-05-02,5057,5113,5036.25,5091.5,1573131
2024-05-03,5110.25,5166.75,5099.25,5154.75,1604172
2024-05-06,5166.75,5207.75,5155.75,5206.5,1019307
2024-05-07,5204.75,5226.75,5202.25,5213.75,1106457
2024-05-08,5211.75,5218,5188.75,5212.75,1013418
2024-05-09,5209.25,5244.75,5195,5239,1094931
2024-05-10,5240.75,5264,5232.75,5246.25,1112925
2024-05-13,5240.5,5264,5233.25,5245.5,922763
2024-05-14,5241.75,5274.25,5216.75,5269.5,1252615
2024-05-15,5268.5,5337.25,5266.25,5333,1391029
2024-05-16,5331.5,5349,5315.5,5320.25,1207843
2024-05-17,5318.25,5328.75,5305.75,5327.25,1052765
2024-05-20,5329.25,5348.25,5323.75,5331.75,1031456
2024-05-21,5331.75,5347.5,5322.5,5345.25,1011849
2024-05-22,5343.5,5349.25,5306.75,5328,1257477
2024-05-23,5339,5368.25,5273.5,5285.25,2012153
2024-05-24,5285.75,5329.25,5285.75,5321.5,1264244
2024-05-27,5321.75,5339,5296.75,5324.75,1387872
2024-05-28,5321.75,5339,5296.75,5324.75,1387872
2024-05-29,5323.75,5324,5268.25,5284,1445855
2024-05-30,5270.5,5277,5238.25,5253,1495148
2024-05-31,5250.5,5307,5205.5,5295.5,2452894
2024-06-03,5299.5,5313.25,5246.75,5297.25,1785532
2024-06-04,5300.25,5312.25,5262,5304,1679093
2024-06-05,5305,5368.25,5302.5,5366,1450596
2024-06-06,5367.75,5373.25,5345.25,5364,1228240
2024-06-07,5362,5385.5,5329,5355.75,1591439
2024-06-10,5351.5,5375.75,5338.25,5371.25,1185881
2024-06-11,5369.75,5386.25,5334.5,5384,1413433
2024-06-12,5384.5,5454.5,5380,5427.5,1899786
2024-06-13,5436.25,5452.75,5408.5,5438.5,1682858
2024-06-14,5436,5443,5397.75,5437.5,1789793
2024-06-17,5500,5561,5489.75,5546.25,2126072
2024-06-18,5548,5562.75,5541.5,5559.75,1561429
2024-06-19,5561.75,5588,5525.5,5544.5,1811776
2024-06-20,5492.75,5518.5,5458.5,5476.75,571332
2024-06-21,5545,5550.75,5519,5534.25,1392213
2024-06-24,5538.5,5558.5,5510.25,5517,1410359
2024-06-25,5516,5539.75,5511,5537,1141183
2024-06-26,5535,5551.75,5516.25,5543.5,1197372
2024-06-27,5533,5555,5515.75,5546,1257121
2024-06-28,5548.25,5585,5510.75,5521.5,1855777
2024-07-01,5534.25,5541,5504.5,5533.75,1432355
2024-07-02,5533.5,5569.75,5502.75,5568.75,1315097
2024-07-03,5563.75,5595.75,5559.75,5590.25,808966
2024-07-04,5591,5626,5585,5621.5,1233173
2024-07-05,5591,5626,5585,5621.5,1233173
2024-07-08,5612,5637.5,5610.75,5625.25,981186
2024-07-09,5627.75,5645.75,5626.25,5631.25,1063568
2024-07-10,5631.75,5690.5,5630.75,5688,1200224
2024-07-11,5684.25,5707.75,5630,5639.75,1970766
2024-07-12,5638.5,5708.25,5621.25,5664.75,1684437
2024-07-15,5681,5718.75,5665.5,5683,1701349
2024-07-16,5688.75,5721.25,5673,5717.25,1485113
2024-07-17,5715,5717.75,5631.75,5639,2059862
2024-07-18,5644,5664,5570.25,5594.5,2528379
2024-07-19,5602.5,5607.5,5542,5553.75,2106581
2024-07-22,5564.5,5616,5553.5,5610.75,1671918
2024-07-23,5607.75,5629.75,5587.75,5599.25,1385653
2024-07-24,5585,5585,5462,5472,2178690
2024-07-25,5482.5,5533.25,5432.5,5441.25,2888086
2024-07-26,5446,5528.25,5445.25,5499,1977698
2024-07-29,5496.5,5534.5,5481,5503,1697647
2024-07-30,5504.5,5527.5,5433,5472.5,2053956
2024-07-31,5454.75,5588.5,5451.5,5558,2156505
2024-08-01,5574.75,5600.75,5444.75,5480.25,2751690
2024-08-02,5464.25,5473.25,5331.75,5376,3239738
2024-08-05,5330,5345.5,5120,5217.5,3436090
2024-08-06,5250,5342,5221.75,5266.25,2172067
2024-08-07,5241.5,5359.25,5196.75,5227.5,2247229
2024-08-08,5208.25,5361,5182,5348.25,1912347
2024-08-09,5348.25,5385.25,5319.5,5370.25,1412017
2024-08-12,5364.25,5396.75,5347.75,5369.75,1219995
2024-08-13,5372.5,5461.25,5367.5,5459,1271171
2024-08-14,5457.5,5487.75,5438.75,5477,1301826
2024-08-15,5481.25,5571.75,5471.75,5567.5,1440377
2024-08-16,5568.5,5586.25,5536.5,5578.25,1183498
2024-08-19,5584,5631.75,5565.25,5630,1010612
2024-08-20,5629.5,5643.75,5607.75,5619.75,1020393
2024-08-21,5619.5,5655.25,5613.5,5641.5,1086814
2024-08-22,5642,5665.25,5582.75,5594,1409474
2024-08-23,5597.75,5662.25,5597.75,5652.5,1415472
2024-08-26,5650.5,5669,5619.75,5637,1090361
2024-08-27,5630,5649.5,5611.5,5644.75,1027658
2024-08-28,5643.75,5650.5,5576,5610.25,1381099
2024-08-29,5580.5,5663.75,5561.25,5610,1571688
2024-08-30,5618.5,5665,5594.25,5661,1558874
2024-09-02,5656.25,5669.75,5516.75,5541.75,1910577
2024-09-03,5656.25,5669.75,5516.75,5541.75,1910577
2024-09-04,5538.5,5565,5506.75,5530,1749591
2024-09-05,5527.5,5557.25,5490,5512.25,1737210
2024-09-06,5513,5532.5,5394,5419.5,2377532
2024-09-09,5410,5493,5405.25,5479.5,2377532
2024-09-10,5488.25,5506,5448.25,5504,1525620
2024-09-11,5499.25,5567.5,5412,5561.25,2309139
2024-09-12,5558,5607,5540.25,5602.25,1726434
2024-09-13,5598.5,5641.5,5597.25,5629.75,1706322
2024-09-16,5622.75,5641.5,5609.25,5638,1588010
2024-09-17,5694.25,5737,5677.75,5700.25,1773538
2024-09-18,5701,5755.75,5675.25,5680,1735285
2024-09-19,5693,5797.5,5691,5778,1739117
2024-09-20,5776,5776.75,5733.5,5762,1623655
2024-09-23,5762,5784.5,5745.25,5776.75,1077941
2024-09-24,5774,5794.25,5754.75,5792,1181221
2024-09-25,5792.25,5798.75,5768,5779,1043665
2024-09-26,5783.5,5830,5778.25,5804.5,1360026
2024-09-27,5804.25,5821.5,5782,5791.25,1280272
2024-09-30,5784,5820.25,5756.25,5814.25,1502729
2024-10-01,5807,5822.5,5733,5759.75,1947177
2024-10-02,5760.25,5773.25,5724,5760.25,1250353
2024-10-03,5769.5,5772.75,5725.75,5749.5,1421429
2024-10-04,5745.75,5804.75,5741,5800,1460645
2024-10-07,5802,5808,5734.25,5744.75,1211368
2024-10-08,5752.5,5806.75,5725.25,5800.5,1172261
2024-10-09,5799.25,5846.5,5780.75,5841.25,1113875
2024-10-10,5836,5844,5811.5,5829,1116046
2024-10-11,5831,5868.25,5816,5859.75,1028816
2024-10-14,5854.5,5918.5,5850,5908.25,919072
2024-10-15,5914.25,5915.5,5850,5862.75,1365310
2024-10-16,5861,5892.75,5853.25,5887,935721
2024-10-17,5882.75,5927.25,5871.25,5887,1236083
2024-10-18,5888.25,5915.5,5876.25,5906,952612
2024-10-21,5911.5,5915.5,5865,5896.25,1063780
2024-10-22,5900.75,5904.25,5861.25,5892.5,1033296
2024-10-23,5887.25,5893.75,5801,5837.75,1468269
2024-10-24,5844,5870,5822.5,5849,1159448
2024-10-25,5853.25,5900.75,5835,5846,1368245
2024-10-28,5857,5884.5,5857,5861.5,1017440
2024-10-29,5867,5883.75,5837.5,5871,1195753
2024-10-30,5883,5893,5840.25,5852,1347170
2024-10-31,5840,5844,5733.25,5738.5,1973513
2024-11-01,5742,5803.75,5732.5,5758.25,1592031
2024-11-04,5741.75,5776.5,5724.25,5743.25,1333685
2024-11-05,5752.25,5823.25,5735,5812.25,1198797
2024-11-06,5820.25,5967,5814.75,5958.25,2023257
2024-11-07,5963.5,6013,5951,6003.75,1285585
2024-11-08,6007.75,6040.5,5990.25,6025.25,1184512
2024-11-11,6030,6053.25,6013.5,6031.75,1069929
2024-11-12,6029.25,6036.5,5986.75,6013,1407120
2024-11-13,6012.25,6035.25,5991.75,6016,1445258
2024-11-14,6017.75,6025.25,5964.25,5978.25,1538927
2024-11-15,5972,5974.25,5876.75,5896.5,2008339
2024-11-18,5899.75,5933,5886.5,5920,1332326
2024-11-19,5919,5947.5,5855,5938.75,1636346
2024-11-20,5937.75,5957.75,5880,5937.75,1597257
2024-11-21,5937.25,5985,5905.25,5970.5,1867101
2024-11-22,5967,5993.5,5940.75,5987,1550734
2024-11-25,6006,6040,5982.5,6006.5,1619917
2024-11-26,6013.25,6044,5976.25,6038.25,1336843
2024-11-27,6041.75,6047,6000.25,6015,1157171
2024-11-28,6015,6060,6014.75,6051.5,847984
2024-11-29,6015,6060,6014.75,6051.5,847984
2024-12-02,6051.5,6068.5,6036,6061.75,989033
2024-12-03,6064,6070.75,6047.5,6063.25,991961
2024-12-04,6067,6102.25,6063,6098.5,1142137
2024-12-05,6095.25,6107.25,6081.5,6088.75,1118784
2024-12-06,6085.5,6111,6076,6099,1167677
2024-12-09,6096.25,6105.75,6060,6065.75,1351194
2024-12-10,6065.25,6075.25,6039.75,6046.25,1350731
2024-12-11,6052.75,6102.5,6045.5,6092.75,1271795
2024-12-12,6087.5,6088.25,6055.5,6060.75,1565731
2024-12-13,6065,6085.25,6041.25,6055.5,1996354
2024-12-16,6055.5,6090.5,6051.5,6080.5,1612199
2024-12-17,6150.25,6152.75,6114.25,6127.25,1874532
2024-12-18,6126.75,6148,5906.5,5940.25,2604006
2024-12-19,5949.5,6005.25,5931.25,5934,2391121
2024-12-20,5944.5,6050.75,5866,6001.75,2340873
2024-12-23,6001.75,6043,5965,6036,1406019
2024-12-24,6037.75,6099.5,6030,6098,634201
2024-12-26,6099.25,6107.5,6063.25,6095.25,911486
2024-12-27,6092,6095.25,5982.75,6027,1641100
2024-12-30,6028.75,6036.25,5918.25,5958.75,1575134
2024-12-31,5955,5983.25,5917.25,5935.75,1382187
2025-01-02,5949.25,5995.25,5874.75,5916.5,1826031
2025-01-03,5921,5996.75,5911.25,5989.5,1206570
2025-01-06,5994.5,6068.25,5980.75,6020.5,1547298
2025-01-07,6028,6045.5,5935,5954.25,1771767
2025-01-08,5955.5,5975,5917,5959.25,1764315
2025-01-09,5955,5957,5929.25,5944.75,113831
2025-01-10,5943.75,5959.25,5845.25,5866.25,2130067
2025-01-13,5864.5,5883.25,5809,5874.5,1755341
2025-01-14,5887.25,5918.5,5842.5,5882.25,1839961
2025-01-15,5891.5,6001.25,5879.5,5989,1657670
2025-01-16,5988.5,6017.5,5961.75,5975.5,1566439
2025-01-17,5970.25,6051.5,5968,6033.5,1417304
2025-01-20,6032.25,6093.25,5994.5,6084.25,1725952
2025-01-21,6032.25,6093.25,5994.5,6084.25,1725952
2025-01-22,6094,6135.75,6087,6120.5,1249850
2025-01-23,6120,6154,6101.5,6152,1136009
2025-01-24,6148,6162.25,6122,6133.25,1254280
2025-01-27,6102.25,6105.25,5948,6046.75,2385614
2025-01-28,6059.5,6105.5,6023.5,6097,2385614
2025-01-29,6090.75,6111.5,6042.25,6067.5,1585216
2025-01-30,6068.5,6116.25,6056.5,6099.25,1606753
2025-01-31,6106,6147.75,6057.75,6067.25,1866467
2025-02-03,5982.25,6062,5935.5,6022.25,2314824
2025-02-04,6069,6069,5987,6063,2314824
2025-02-05,6042.75,6092,6020.25,6086.5,1333376
2025-02-06,6090.25,6108.5,6070,6106,1216433
2025-02-07,6089.75,6123.25,6041.25,6049.5,1683475
2025-02-10,6016,6096,6014,6088.75,1683475
2025-02-11,6085.5,6098.75,6057.75,6092.25,1017366
2025-02-12,6090.75,6098,6020.75,6072.75,1558395
2025-02-13,6079.75,6138,6053.5,6135.25,1558395
2025-02-14,6131.75,6146.75,6121.25,6132,1523953
2025-02-17,6138.25,6157.75,6118.25,6146.75,1200599
2025-02-18,6138.25,6157.75,6118.25,6146.75,1200599
2025-02-19,6143.75,6166.5,6129.25,6163,1200599
2025-02-20,6153.75,6159.5,6102.75,6136.5,1405343
2025-02-21,6132.5,6142.5,6024.5,6029,1940563
2025-02-24,6040.75,6067.5,5994.5,6000.75,1940563
2025-02-25,6006.5,6016,5924,5970,2215332
2025-02-26,5982,6023.75,5945.5,5970.75,2215332
2025-02-27,5980,6014.5,5873,5876.25,2579895
2025-02-28,5883,5971,5848,5963.25,2784347
2025-03-03,5967.5,6000.5,5821.75,5860.75,2784347
2025-03-04,5874,5884,5744,5789.5,3353551
2025-03-05,5832,5869.5,5750.75,5851.25,3353551
2025-03-06,5844.75,5853.5,5720,5746.25,2553819
2025-03-07,5766,5791,5673,5776,2553819
2025-03-10,5753,5757.75,5571.5,5620.75,2590102
2025-03-11,5622,5651.75,5534,5577,2623963
2025-03-12,5580,5675,5550.25,5604.75,2623963
2025-03-13,5596.5,5623,5509.25,5527.5,2163776
2025-03-14,5540,5648.75,5538.75,5640,2191954
2025-03-17,5626.75,5707.5,5599,5680.25,2191954
2025-03-18,5680,5686.25,5600,5618,2086734
2025-03-19,5618.5,5718.5,5606.25,5678.5,1650295
2025-03-20,5680,5714.25,5631.5,5662.5,704394
2025-03-21,5664,5674.25,5597.5,5617.7998,1629871
2025-03-24,5740,5825.5,5739,5815.5,1629871
2025-03-25,5813,5837.25,5802.25,5826.5,1404629
2025-03-26,5831,5836.5,5743,5759.5,1483959
2025-03-27,5737.25,5779.75,5720,5739.25,1575855
2025-03-28,5741.75,5747.75,5602.25,5623,1910914
2025-03-31,5590,5672.75,5533.75,5653.25,2229839
2025-04-01,5644.25,5694.75,5600.25,5674.5,2229839
2025-04-02,5672,5773.25,5566.25,5712.25,2060456
2025-04-03,5550.5,5564.75,5415.25,5432.75,2470412
2025-04-04,5423,5435,5074,5110.25,3678162
2025-04-07,5007,5286.5,4832,5097.25,3678162
2025-04-08,5126.5,5305.25,4940.5,5020.25,3673583
2025-04-09,5006.25,5520,4871.75,5491,3096194
2025-04-10,5502.5,5528.75,5146.75,5302,3096194
2025-04-11,5299.25,5418.25,5206,5391.25,2524214
2025-04-14,5452.5,5497.75,5391,5440.75,1759660
2025-04-15,5431.75,5485,5413,5428.25,1303900
2025-04-16,5403.75,5425,5251,5305.75,1559064
2025-04-17,5308,5371.25,5285.5,5312.75,1559064
2025-04-18,5308,5371.25,5285.5,5312.75,1559064
2025-04-21,5283.75,5306.75,5127.25,5184.75,1381396
2025-04-22,5182.5,5339.25,5171.75,5314.75,1572006
2025-04-23,5379.75,5499.75,5377.75,5401.75,1846494
2025-04-24,5409,5541.5,5355.25,5511.25,1846494
2025-04-25,5529,5562.25,5480.25,5549.75,1411419
2025-04-28,5544,5578.75,5492,5553,1339888
2025-04-29,5543,5597.25,5521.5,5583.75,1227182
2025-04-30,5579.5,5626.25,5455.5,5587,1833646
2025-05-01,5617.5,5682.5,5601.75,5623.25,1833646
2025-05-02,5608.5,5724.75,5601,5709,1388619
2025-05-05,5705,5706.25,5655.25,5671.75,1383367
2025-05-06,5666.25,5673.25,5605,5625.75,1303877
2025-05-07,5608.5,5689.75,5596,5652,1390561
2025-05-08,5643.25,5741,5636.5,5684.5,1428613
2025-05-09,5688.5,5715.25,5662.5,5678,1428613
2025-05-12,5761,5876.25,5734.25,5865,1765593
2025-05-13,5868,5927,5835.75,5904.5,1765593
2025-05-14,5902,5925,5890,5908.5,1335457
2025-05-15,5904,5944.5,5867,5933.25,1291986
2025-05-16,5935,5977.5,5923,5975.5,1291986
2025-05-19,5930.25,5987.5,5892.75,5982.5,1245859
2025-05-20,5980,5993.5,5926.75,5959.75,1245859
2025-05-21,5953.5,5958.25,5847.75,5861.25,1548946
2025-05-22,5858,5895,5828.75,5856.75,1548946
2025-05-23,5869.25,5872,5756.5,5817,1537693
2025-05-26,5820,5941.75,5813,5934.25,1288369
2025-05-27,5820,5941.75,5813,5934.25,1537693
2025-05-28,5940.75,5952.5,5890,5902.75,1288369
2025-05-29,5923.5,6008,5884,5922.75,1414864
2025-05-30,5912.25,5932.75,5853.25,5916,1633334
2025-06-02,5898.75,5955.5,5867.5,5947.25,1633334
2025-06-03,5949,5991.25,5909.25,5981.5,1194125
2025-06-04,5980,5999,5974,5981,1154297
2025-06-05,5974.25,6016.5,5928.75,5946,1278102
2025-06-06,5931.75,6025,5930,6006.75,1278102
2025-06-09,6010,6027.75,5992.25,6010.25,1278102
2025-06-10,6012.25,6049.5,5991.25,6045,1104373
2025-06-11,6038.75,6074.75,6006.25,6029,1610313
2025-06-12,6022.25,6051.25,5987.75,6049.5,1610313
2025-06-13,6045,6045,5927.5,5979.25,2162167
2025-06-16,6001,6109,6000,6089.75,2162167
2025-06-17,6093,6093.5,6030.25,6038.5,1744867
2025-06-18,6030.75,6073.75,6017.75,6034.25,1360954
2025-06-19,6038.25,6071,5969.5,6018,1694443
2025-06-20,5984,6019.25,5918.25,6010.20996,1694443
2025-06-23,5964,6081.5,5959,6077,1694443
2025-06-24,6078,6155.25,6075.25,6146.25,1358034
2025-06-25,6144.75,6160.25,6130.75,6147,1077333
2025-06-26,6144.75,6200,6141.25,6195,1039428
2025-06-27,6197.5,6239,6183.25,6223.75,1353399
2025-06-30,6223.25,6265.5,6223.25,6253.75,1364101
2025-07-01,6245.75,6261.5,6227.25,6248.75,1364101
2025-07-02,6247.75,6279.5,6235.5,6275,1320618
2025-07-03,6276.5,6333.25,6270.5,6324.25,1044261
2025-07-04,6307.75,6315,6246.25,6276,1376613
2025-07-07,6307.75,6315,6246.25,6276,1376613
2025-07-08,6262.5,6289,6254.5,6272,1376613
2025-07-09,6272,6315.25,6260,6307.25,1144723
2025-07-10,6306,6335.5,6287.5,6324.25,1144723
2025-07-11,6323,6330.25,6276.75,6300,1100047
2025-07-14,6274,6315,6259.75,6311,1100047
2025-07-15,6309.5,6343,6272.5,6284,1279068
2025-07-16,6273.75,6308.75,6241,6303.25,1462969
2025-07-17,6299.25,6345.5,6288.25,6340.5,1462969
2025-07-18,6342.5,6357,6323.25,6334.75,1052843
2025-07-21,6335.75,6374,6329.75,6344.75,1050307
2025-07-22,6347,6353.75,6318.75,6346.75,1130356
2025-07-23,6346.5,6407.25,6342.75,6396.25,1203541
2025-07-24,6404,6418.25,6391.5,6401.5,1203541
2025-07-25,6406.75,6431,6401,6425,1073595
2025-07-28,6450,6457.75,6408.75,6422.75,972646
2025-07-29,6424.25,6442.5,6396.25,6406,1122508
2025-07-30,6404,6435.25,6366.75,6396.25,1302795
2025-07-31,6435.5,6468.5,6357.5,6374.25,1857020
2025-08-01,6359.5,6373.5,6239.5,6264.5,2287699
2025-08-04,6257,6370,6251.25,6356,2287699
2025-08-05,6370,6377.5,6315.5,6325.25,1402448
2025-08-06,6323,6379.5,6313.25,6371,1402448
2025-08-07,6371,6426.75,6334.5,6366.5,1458573
2025-08-08,6372.5,6425.75,6369.25,6413.5,1458573
2025-08-11,6422.75,6431.5,6387.5,6399.75,1196497
2025-08-12,6396,6470,6391.25,6468.5,1271180
2025-08-13,6468,6502.5,6461,6488.75,1271180
2025-08-14,6485,6496,6453.25,6490.5,1186070
2025-08-15,6489.25,6508.75,6461.5,6471.5,1186070
2025-08-18,6467,6484.25,6456,6469.25,1122157
2025-08-19,6468.5,6477.5,6419.25,6432.5,1224317
2025-08-20,6433,6438,6362.75,6413.25,1609469
2025-08-21,6414.25,6419,6370.25,6388.25,1609469
2025-08-22,6392,6496.25,6364,6483.25,1420723
2025-08-25,6493,6494,6453,6455.5,1420723
2025-08-26,6460.25,6487.5,6430.75,6482.5,1133761
2025-08-27,6486.75,6505.5,6459.25,6496,1133761
2025-08-28,6485,6523,6471,6517.5,1170397
2025-08-29,6516,6518,6455.5,6472.75,1341493
2025-09-01,6478.75,6491.5,6371.75,6425.5,1802584
2025-09-02,6478.75,6491.5,6371.75,6425.5,1802584
2025-09-03,6448,6464.25,6425.5,6457.25,1802584
2025-09-04,6460,6516.75,6454.5,6510.75,1435997
2025-09-05,6515.75,6541.75,6452,6489.75,1710784
2025-09-08,6483.75,6516.5,6480.25,6506,1710784
2025-09-09,6507.75,6536.25,6489.25,6521.75,1187985
2025-09-10,6532.25,6565.25,6522.5,6539.75,1381759
2025-09-11,6535.75,6600,6535.5,6592.5,1381759
2025-09-12,6596.25,6606,6576,6588.25,1601056
2025-09-15,6588.25,6623.5,6585.25,6621.5,1601056
2025-09-16,6673.25,6696.75,6661.25,6667.5,1539732
2025-09-17,6669.5,6686.5,6611,6658.75,1702085
2025-09-18,6664.5,6719.75,6664,6693.5,1532388
2025-09-19,6700,6731.5,6679.5,6722.5,1369003
2025-09-22,6716,6756.75,6695.25,6752.5,1369003
2025-09-23,6749.5,6756.5,6701.75,6715,1264195
2025-09-24,6717.75,6728.75,6678,6692.25,1264195
2025-09-25,6697.25,6705.25,6624.25,6659.75,1710507
2025-09-26,6662.75,6703.75,6653.25,6696.5,1710507
2025-09-29,6697,6736,6696.25,6713.5,1338413
2025-09-30,6708,6743.5,6693,6738.75,1521737
2025-10-01,6725.5,6769.5,6680,6761.5,1521737
2025-10-02,6757,6782.25,6741.5,6766.75,1312743
2025-10-03,6764.75,6800,6754,6764,1366239
2025-10-06,6768,6797.75,6766.5,6788.75,1366239
2025-10-07,6789.5,6802.75,6747.25,6761.5,1433808
2025-10-08,6766,6807.75,6758.25,6801.25,1433808
2025-10-09,6802.75,6812.25,6760.75,6779.25,1370466
2025-10-10,6779.5,6806.5,6540.25,6595.25,2570043
2025-10-13,6632,6711.5,6632,6694.75,2570043
2025-10-14,6691,6722.5,6593.25,6686.5,2570043
2025-10-15,6684.25,6766.75,6651.5,6715,2147252
2025-10-16,6715.25,6750.5,6632,6668.75,2221351
2025-10-17,6659.25,6718,6571.25,6702.5,2221351
2025-10-20,6721,6783,6694,6773.75,2081456
2025-10-21,6779.5,6789.75,6759.25,6773.25,1285745
2025-10-22,6776,6788.75,6690.75,6737,1905565
2025-10-23,6733.5,6785.75,6717.5,6775,1905565
2025-10-24,6778.25,6841.25,6776.5,6827,1375494
2025-10-27,6881,6916.25,6865.75,6908.25,1279387
2025-10-28,6914,6944.75,6901.5,6925.75,1221838
2025-10-29,6929.25,6952,6882.25,6922.75,1536995
2025-10-30,6906.5,6953.75,6851,6855.5,1817621
2025-10-31,6897,6918.5,6843.5,6874,1817621
2025-11-03,6878,6909.5,6849.5,6882.75,1764133
2025-11-04,6884,6884,6786.25,6801.75,1702971
2025-11-05,6801,6857.75,6748.5,6825.25,1702971
2025-11-06,6828.5,6843.5,6733.5,6747.5,1860279
2025-11-07,6763,6772,6655.5,6753.75,2127595
2025-11-09,6788,6804,6772,6802.75,80748
2025-11-10,6788,6865.75,6772,6856.75,2127595
2025-11-11,6857.25,6880,6830.5,6871.5,1597305
2025-11-12,6874,6900.5,6852,6875.75,1402032
2025-11-13,6873.25,6892.5,6746,6760,2087220
2025-11-14,6762.75,6795.5,6670.5,6755.25,2105234
2025-11-16,6764.75,6787.5,6740.5,6786.5,63051
2025-11-17,6764.75,6801.5,6658.5,6692,2105234
2025-11-18,6696.5,6708.75,6594,6639.75,2514985
2025-11-19,6630.75,6709,6613.25,6661.5,2514985
2025-11-20,6697.5,6791.25,6550.5,6557.5,2987357
2025-11-21,6560,6677.5,6525,6620.25,2987357
2025-11-23,6654.75,6666.5,6637.5,6648.25,59872
2025-11-24,6654.75,6731.75,6625,6721.25,2592859
2025-11-25,6726.25,6792.5,6674.5,6781.5,1656062
2025-11-26,6781,6846.75,6778.25,6828,1459184
2025-11-27,6830.25,6863.75,6824.25,6859.5,460053
2025-11-28,6830.25,6863.75,6824.25,6859.5,460053
2025-11-30,6854.75,6864.5,6810.5,6812.25,89663
2025-12-01,6854.75,6864.5,6802,6826.75,1472111
2025-12-02,6829,6863.5,6812.25,6840.25,1455018
2025-12-03,6843,6873.25,6817.5,6862,1455018
2025-12-04,6866,6880.75,6836.25,6866.75,1323676
2025-12-05,6865.5,6905,6856.75,6878.25,1336540
2025-12-07,6883,6891,6872.75,6890.5,31675
2025-12-08,6883,6893.75,6835.25,6855.75,1336540
2025-12-09,6865,6872.75,6844,6848.25,1257776
2025-12-10,6847.25,6908,6830.75,6891.75,1473707
2025-12-11,6887,6928.75,6817.5,6907.25,1815978
2025-12-12,6914,6915.5,6805,6830.75,2609362
2025-12-14,6831,6850.75,6818.75,6847.75,32567
2025-12-15,6831,6872.5,6806.25,6823,2609362
2025-12-16,6882.75,6892,6817.5,6856.25,2345394
2025-12-17,6849.25,6882.5,6775.5,6778.5,1950248
2025-12-18,6792,6872,6771.5,6830.5,2172610
2025-12-19,6824.75,6895.25,6820,6887.25,1403081
2025-12-21,6906.25,6910,6900.5,6905.5,34071
2025-12-22,6906.25,6936.25,6900.5,6930.25,1403081
2025-12-23,6930.75,6963.75,6913.25,6961,989308
2025-12-24,6959.5,6988,6952.5,6982.5,874601
2025-12-25,6979.5,6990,6979.5,6981,18999
2025-12-26,6979.5,6994,6969,6979.25,636544
2025-12-28,6980.5,6984.75,6972.75,6978.25,26301
2025-12-29,6980.5,6984.75,6936,6955,882739
2025-12-30,6956.5,6961.5,6940.75,6944.25,882739
2025-12-31,6945.5,6951.5,6890.25,6892.5,990179
2026-01-01,6902,6924.5,6897,6922.75,39721
2026-01-02,6902,6939.75,6866.75,6900.5,1571467
2026-01-04,6911.5,6912.75,6899.5,6909,51274
2026-01-05,6911.5,6963.5,6899.5,6943.75,1571467
2026-01-06,6945.5,6991.5,6931,6987.75,1262018
2026-01-07,6988.5,7006.75,6958,6963.25,1264816
2026-01-08,6967.5,6977.75,6935.25,6962,1303097
2026-01-09,6973.25,7017.5,6954.25,7005,1342341
2026-01-11,7007,7008.5,6964.25,6968.25,88397
2026-01-12,7007,7025.25,6950,7016.5,1342341
2026-01-13,7014,7036.25,6976.75,7001.75,1376658
2026-01-14,6998.5,7002.5,6923.25,6966.25,1768305
2026-01-15,6955.75,7017.25,6949.5,6981.75,1768305
2026-01-16,6986.75,7007,6960.5,6976.75,1297479
2026-01-18,6918.25,6935,6911,6916.75,80618
2026-01-19,6918.25,6935,6822.25,6829.5,2391547
2026-01-20,6918.25,6935,6822.25,6829.5,2391547
2026-01-21,6839,6945.25,6814.5,6910,2391547
2026-01-22,6920,6969,6911.25,6945,2200553
2026-01-23,6938,6964,6924.75,6945.75,1336659
2026-01-25,6904,6933.25,6879,6925.5,72297
2026-01-26,6904,6995.5,6879,6981.25,1221966
2026-01-27,6977,7018.5,6972,7008.5,1062544
2026-01-28,7010.25,7043,6977.25,7007.25,1187287
2026-01-29,7021.5,7029.5,6898.25,6992.75,1947645
2026-01-30,6992.75,6995,6917.5,6965.75,2046596
2026-02-01,6938.5,6965.75,6873.5,6897,167008
2026-02-02,6938.5,7017.25,6864.5,7002.5,2046596
2026-02-03,7004.25,7027.25,6886.25,6941.75,1942807
2026-02-04,6934,6965.75,6862.5,6906.25,2145116
2026-02-05,6915.5,6935.25,6785,6820.75,2145116
2026-02-06,6785.5,6965.5,6751.5,6952.75,2107676
2026-02-08,6960.25,6979.75,6956.75,6958.75,62809
2026-02-09,6960.25,7000.5,6921,6983.25,1796075
2026-02-10,6985,7006.5,6957,6961.5,1198044
2026-02-11,6971.5,7011.5,6931,6960.5,1498739
2026-02-12,6964.5,6992.75,6842,6851,2078744
2026-02-13,6865.5,6897.75,6808.75,6850.5,2078744
2026-02-15,6852.5,6871.5,6844.25,6861.5,37089
2026-02-16,6852.5,6885.5,6791,6860.5,1837384
2026-02-17,6852.5,6885.5,6791,6860.5,1837384
2026-02-18,6862.75,6925.75,6848.75,6894.25,1837384
2026-02-19,6891.75,6912.5,6847.75,6877,1346435
2026-02-20,6874.25,6931.5,6847.25,6923.25,1816863
2026-02-22,6918,6923,6868.25,6870.75,78308
2026-02-23,6918,6930.25,6832.75,6851.5,1816863
2026-02-24,6858.25,6912.75,6828.5,6903.75,1462094
2026-02-25,6900.25,6983.75,6892.25,6959.75,1335317
2026-02-26,6965,6970.75,6870.75,6920,1548837
2026-02-27,6899,6915.5,6841.5,6889,1638910
2026-03-01,6820,6857,6809.25,6835.75,157933
2026-03-02,6820,6911.25,6768.5,6888.25,1844835
2026-03-03,6883.5,6886,6718.75,6824.75,2259359
2026-03-04,6813.25,6894,6773.5,6876,2259359
2026-03-05,6883.25,6900.75,6777,6835.25,1948470
2026-03-06,6826,6854,6715.75,6743.75,1948470
2026-03-08,6685.5,6693,6584.5,6605.25,222150
2026-03-09,6685.5,6818.5,6584.5,6801,2265287
2026-03-10,6800.75,6852,6762.5,6787.25,2265287
2026-03-11,6796.75,6822.5,6749.75,6779.5,1893966
2026-03-12,6766,6769.5,6671.75,6677.5,2042016
2026-03-13,6684.25,6737.5,6625,6636,2407679
2026-03-15,6608.5,6673.5,6608.5,6673.5,87156
2026-03-16,6608.5,6734.25,6608.5,6704.75,2407679
2026-03-17,6751.75,6808.5,6715.75,6773.25,2025388
2026-03-18,6774,6814,6654.5,6677,1681048
2026-03-19,6673,6695,6611.75,6660,2044481
2026-03-20,6675.5,6685.5,6523.75,6559,2011431
2026-03-22,6510,6562,6505,6528.75,133697
2026-03-23,6510,6748,6483.5,6634.75,2176195
2026-03-24,6635,6680.5,6573.5,6606,2176195
2026-03-25,6646.5,6684.75,6616.5,6640.75,1924003
2026-03-26,6641.5,6647,6517,6525,1709266
2026-03-27,6536,6568.5,6389,6412.25,1918291
2026-03-29,6380,6410.75,6360.25,6408,134463
2026-03-30,6380,6481.75,6359.5,6388.25,1918291
2026-03-31,6385.25,6583.25,6353.25,6570.75,2363577
2026-04-01,6562,6653.75,6561,6617.75,2363577
2026-04-02,6618.5,6644.5,6503.75,6622.25,1965184
2026-04-03,6622.5,6639,6598.25,6603.75,72058
2026-04-05,6590,6635.5,6567,6611.5,87462
2026-04-06,6590,6661,6567,6651,1103916
2026-04-07,6650.5,6673.5,6572.75,6656.75,1997800
2026-04-08,6689,6847.25,6652.25,6823.75,2199329
2026-04-09,6814.25,6876,6792.5,6863.25,2199329
2026-04-10,6858,6888,6846.25,6855.25,1604541
2026-04-12,6780,6807.75,6767,6802.25,97472
2026-04-13,6780,6928.25,6767,6922.75,1541313
2026-04-14,6925.25,7008,6920.25,7004.75,1541313
2026-04-15,7004,7064.5,6991.75,7060.5,1395387
2026-04-16,7057.25,7089,7046.5,7077,1395387
2026-04-17,7077.25,7185.75,7075.25,7161.5,1847098
2026-04-19,7102.5,7126.75,7085,7119.5,84283
2026-04-20,7102.5,7160.5,7085,7148,1847098
2026-04-21,7150.75,7183,7085,7100,1819102
2026-04-22,7125,7173,7121.25,7171.25,1819102
2026-04-23,7163,7181.5,7079.25,7143.5,1862446
2026-04-24,7143,7200.5,7135.5,7194.75,1862446
2026-04-26,7185,7208.5,7171.5,7203.5,62315
2026-04-27,7185,7211.25,7171.5,7206,1463962
2026-04-28,7204.75,7223.25,7146.25,7171,1361467
2026-04-29,7172.5,7190.75,7131.25,7168,1368362
2026-04-30,7150,7253.5,7133.75,7243.75,1732392
2026-05-01,7256,7300.75,7240.75,7258,1732392
2026-05-03,7276.25,7279.75,7254.25,7266.75,53078
2026-05-04,7276.25,7279.75,7199.5,7230.25,1581015
2026-05-05,7228.75,7304.25,7223.75,7287.25,1581015
2026-05-06,7300.5,7395.75,7293.5,7389.5,1631260
2026-05-07,7380.5,7410.5,7345.5,7363,1753384
2026-05-08,7340,7427.75,7336.25,7419,1753384
2026-05-10,7403.5,7415.25,7390.5,7411.5,67762
2026-05-11,7403.5,7454.75,7390.5,7436.75,1312034
2026-05-12,7435.5,7443.75,7363.25,7426.5,1625151
2026-05-13,7419.25,7483.75,7399,7469.5,1625151
2026-05-14,7477.5,7540,7471,7525.5,1371818
2026-05-15,7522.25,7528.25,7409.25,7432.25,1923350
2026-05-17,7410,7435,7375,7386.5,123654
2026-05-18,7410,7454.25,7373.5,7425.75,1983487
2026-05-19,7423.5,7440.75,7354.25,7378,1983487
2026-05-20,7377,7458,7356,7451.75,1804940
2026-05-21,7432.75,7486.75,7407.5,7466,1738205
2026-05-22,7467,7524,7466.75,7491,1738205
2026-05-24,7519,7559,7517,7555.75,72347
2026-05-25,7519,7569.75,7517,7537,1422109
2026-05-26,7519,7569.75,7517,7537,1422109
2026-05-27,7533,7570.75,7515,7540,1422109
2026-05-28,7553.75,7590.75,7505.75,7581.75,1291159
2026-05-29,7587.5,7611.5,7572.75,7595.75,1581690
2026-05-31,7595,7619.5,7585.25,7613.75,57301
2026-06-01,7595,7632.25,7576.25,7613.25,1581690
2026-06-02,7612,7632,7576.5,7623.75,1392611
2026-06-03,7628,7628.5,7541.75,7571.75,1379991
2026-06-04,7539.75,7611.5,7524.5,7601,1379991
2026-06-05,7589.5,7591,7359,7400.5,2370312
2026-06-07,7368,7423,7355.5,7415.75,146544
2026-06-08,7368,7476.75,7355.5,7416,2370312
2026-06-09,7412.75,7491,7247.25,7392.75,2505679
2026-06-10,7380,7404.75,7256,7278.5,2505679
2026-06-11,7259.25,7420,7232.25,7396,2295133
2026-06-12,7397.5,7461.75,7366.5,7435,2295133
2026-06-14,7543.5,7587,7542,7583.5,56305
2026-06-15,7543.5,7648.75,7542,7626.5,2150856
2026-06-16,7626.5,7636.75,7578,7587.25,1883235
2026-06-17,7581.25,7612.5,7472.25,7492.75,1777601
2026-06-18,7512.5,7583,7504.25,7570.75,1671842
2026-06-19,7543.25,7599.25,7513,7541.25,1582505
2026-06-21,7543.25,7580,7513,7541.25,250157
2026-06-22,7543.25,7599.25,7513,7541.25,1671842
2026-06-23,7541.25,7549.5,7415.25,7437.5,1816290
2026-06-24,7449.25,7496.5,7404.25,7428.25,1864716
2026-06-25,7476.25,7496,7390.5,7423.25,1864716
2026-06-26,7431,7459.5,7357.25,7401.75,1670252
2026-06-28,7398,7455.75,7398,7450.5,77205
2026-06-29,7398,7505,7398,7500.25,1520958
2026-06-30,7495.5,7567.75,7481.75,7548.25,1520958
2026-07-01,7543.25,7579,7505.75,7543.5,1347483
2026-07-02,7536,7593.75,7479.5,7528.25,1766963
2026-07-03,7523.75,7602.5,7523.75,7591.5,1165299
2026-07-05,7562.25,7569.75,7523.75,7568.25,141025
2026-07-06,7562.25,7602.5,7538.25,7591.5,1766963
2026-07-07,7597,7601.25,7529.5,7551.25,1259499
2026-07-08,7545,7563,7468.5,7528.75,1503496
2026-07-09,7517.25,7595,7516.25,7588.75,1503496
2026-07-10,7587.25,7628.75,7552.75,7620.25,1080972
2026-07-12,7607,7612,7591.75,7597.5,21053
2026-07-13,7607,7615.25,7547.25,7563,1272313
2026-07-14,7557,7613.75,7531.5,7591.25,1272313
2026-07-15,7589.75,7626.25,7571.75,7614.75,1313380
2026-07-16,7615,7632,7548.25,7577.75,1323663
2026-07-17,7572.75,7575,7473,7497.75,1710680
2026-07-20,7485,7552,7476.75,7484.25,1710680
2026-07-21,7484,7554,7473,7545.75,1388418
2026-07-22,7545,7563.5,7504,7540.25,1056769
2026-07-23,7530.25,7549.5,7411.75,7445,1650704
2026-07-24,7450.5,7496.5,7431.5,7447.5,1650704
2026-07-27,7490,7524.75,7416.25,7448.25,1468720
2026-07-28,7453,7485.75,7417,7465.25,1468720
2026-07-29,7464,7501,7324,7351.25,2067427
2026-07-30,7338,7498,7331,7472.5,2067427
2026-07-31,7479.5,7541,7427.5,7519.25,1831952
2026-08-03,7550,7637.75,7542.75,7628.25,1831952
2026-08-04,7631,7786,7629,7765.5,1724914
2026-08-05,7772,7820.25,7745.75,7749.5,1724914
2026-08-06,7756.75,7770.75,7724.25,7734.75,1500673
2026-08-07,7735,7786.75,7725.5,7779.75,1253438
2026-08-10,7776.75,7798,7763,7776.75,1236073
2026-08-11,7778.25,7796,7738,7747.5,1010336
2026-08-12,7756,7794,7748.5,7770.5,1010336
2026-08-13,7770,7838.5,7764.25,7822.5,1106913
2026-08-14,7825,7831.75,7796.5,7805,1106913
2026-08-17,7809.25,7824.5,7763.5,7768.75,992564
2026-08-18,7766,7770.5,7710.25,7714,1277258
2026-08-19,7714,7764.75,7698.25,7729,1437865
2026-08-20,7733,7746.5,7657.75,7662.5,1468662
2026-08-21,7669,7714,7661.25,7691.25,1468662
2026-08-24,7693.5,7703.25,7655,7669.75,1194104
2026-08-25,7676,7714,7660.25,7692,1088482
2026-08-26,7691.5,7710.25,7670.75,7690,1083071
2026-08-27,7722,7755.5,7702.75,7742.5,1347688
2026-08-28,7733.75,7782.5,7711.75,7722,1520831
2026-08-31,7723.5,7724,7674.75,7699,1520831
2026-09-01,7701.25,7708,7621.5,7642.75,1599408
2026-09-02,7645,7691.25,7618.5,7676.5,1599408
2026-09-03,7673.5,7766.5,7661.25,7754.75,1466815
2026-09-04,7749.75,7764.5,7711.75,7722,1466815
2026-09-07,7715.5,7728.5,7672.25,7680.5,1541813
2026-09-08,7715.5,7728.5,7672.25,7680.5,1541813
2026-09-09,7681,7691.25,7628.75,7643.75,1541813
2026-09-10,7646.5,7666.25,7585.5,7598.5,1713441
2026-09-11,7599.5,7683.5,7594.25,7659.5,2084922
2026-09-14,7609.25,7652,7593.75,7625,2084922
2026-09-15,7699.25,7701,7643.5,7656,1925420
2026-09-16,7663.25,7678,7658.75,7672.75,124944
