date,open,high,low,close,volume
2007-11-02,0.7581,0.7666,0.7574,0.765,13256
2007-11-05,0.7654,0.7708,0.76188,0.76967,15679
2007-11-06,0.76967,0.78055,0.7694,0.77998,10770
2007-11-07,0.77998,0.7892,0.7745,0.7748,18687
2007-11-08,0.7748,0.78044,0.7663,0.7758,18395
2007-11-09,0.7758,0.78193,0.7631,0.7632,18494
2007-11-12,0.7602,0.7622,0.7435,0.7436,19032
2007-11-13,0.7436,0.76171,0.7436,0.75903,16181
2007-11-14,0.75903,0.7677,0.75514,0.7627,17980
2007-11-15,0.7627,0.76621,0.7531,0.7532,15250
2007-11-16,0.7532,0.7622,0.75217,0.7556,12729
2007-11-19,0.7591,0.76207,0.75264,0.7536,10541
2007-11-20,0.7536,0.7665,0.74908,0.7652,18115
2007-11-21,0.7652,0.7666,0.7456,0.75165,20410
2007-11-22,0.75165,0.758,0.7485,0.7509,9607
2007-11-23,0.7509,0.7594,0.7505,0.7582,7913
2007-11-26,0.76093,0.76288,0.74864,0.75057,17114
2007-11-27,0.75057,0.7615,0.74882,0.7586,18699
2007-11-28,0.7586,0.776,0.7563,0.7748,18291
2007-11-29,0.7748,0.7752,0.7674,0.77076,14992
2007-11-30,0.77076,0.7752,0.75945,0.7621,14126
2007-12-03,0.7621,0.7682,0.76062,0.76361,9542
2007-12-04,0.76361,0.76547,0.7594,0.76305,10677
2007-12-05,0.76305,0.7714,0.75762,0.7696,13433
2007-12-06,0.7696,0.7782,0.7682,0.7774,11303
2007-12-07,0.7774,0.7817,0.7745,0.7757,10299
2007-12-10,0.77355,0.7818,0.7717,0.7812,9789
2007-12-11,0.7812,0.7857,0.7714,0.773,11982
2007-12-12,0.773,0.79367,0.77263,0.7859,16018
2007-12-13,0.7859,0.7877,0.7779,0.78018,13605
2007-12-14,0.78018,0.78543,0.7654,0.7675,11743
2007-12-17,0.7671,0.7694,0.7523,0.75473,11260
2007-12-18,0.75473,0.7586,0.7506,0.7552,11646
2007-12-19,0.7552,0.7588,0.75279,0.75557,9207
2007-12-20,0.75557,0.76071,0.75335,0.7594,8660
2007-12-21,0.7594,0.7677,0.75932,0.7637,6936
2007-12-24,0.76405,0.7673,0.76189,0.7666,2572
2007-12-25,0.76728,0.76752,0.76511,0.7657,0
2007-12-26,0.7666,0.7666,0.7654,0.7656,14
2007-12-27,0.7656,0.7718,0.7656,0.7707,5003
2007-12-28,0.7707,0.775,0.7686,0.7741,6942
2007-12-31,0.77341,0.77885,0.7665,0.7674,4410
2008-01-01,0.76599,0.76953,0.7654,0.76899,0
2008-01-02,0.7674,0.7757,0.7674,0.7751,6869
2008-01-03,0.7751,0.7787,0.7691,0.77035,8002
2008-01-04,0.77035,0.775,0.76516,0.76523,12833
2008-01-07,0.7661,0.77042,0.76112,0.7687,10914
2008-01-08,0.7687,0.77317,0.7672,0.7686,12614
2008-01-09,0.7686,0.77417,0.76712,0.77255,13084
2008-01-10,0.77255,0.78691,0.77216,0.7849,13684
2008-01-11,0.7849,0.7879,0.781,0.7828,11707
2008-01-14,0.7795,0.7914,0.7795,0.7905,8938
2008-01-15,0.7905,0.7932,0.77602,0.7769,12515
2008-01-16,0.7769,0.7807,0.7642,0.7712,21327
2008-01-17,0.7712,0.7762,0.7638,0.7659,16320
2008-01-18,0.7659,0.7687,0.75596,0.7601,21453
2008-01-21,0.7592,0.7616,0.7435,0.74543,16065
2008-01-22,0.74543,0.7673,0.7384,0.7636,26379
2008-01-23,0.7636,0.7688,0.7545,0.7661,22690
2008-01-24,0.7661,0.7743,0.7616,0.7738,15032
2008-01-25,0.7738,0.77495,0.76608,0.7701,12439
2008-01-28,0.7675,0.7775,0.7665,0.7774,10210
2008-01-29,0.7774,0.77952,0.7752,0.7782,8386
2008-01-30,0.7782,0.79145,0.776,0.7842,9574
2008-01-31,0.7842,0.7898,0.7751,0.7876,16320
2008-02-01,0.7876,0.796,0.78576,0.7935,12748
2008-02-04,0.7923,0.79663,0.78988,0.7934,11996
2008-02-05,0.7934,0.7946,0.7782,0.7812,15866
2008-02-06,0.7812,0.7891,0.7789,0.7876,14815
2008-02-07,0.7876,0.79293,0.7824,0.7887,19808
2008-02-08,0.7887,0.79121,0.7838,0.78765,11079
2008-02-11,0.787,0.7914,0.78618,0.7889,12545
2008-02-12,0.7889,0.7956,0.7864,0.7904,11160
2008-02-13,0.7904,0.7909,0.78135,0.7837,15816
2008-02-14,0.7837,0.7919,0.7834,0.7876,15503
2008-02-15,0.7876,0.7915,0.78422,0.7899,15797
2008-02-18,0.78989,0.79543,0.7893,0.795,8619
2008-02-19,0.795,0.8022,0.7948,0.79695,13459
2008-02-20,0.79695,0.79901,0.79022,0.7976,14260
2008-02-21,0.7976,0.8017,0.7971,0.8002,14375
2008-02-22,0.8002,0.8092,0.7987,0.80822,11963
2008-02-25,0.80822,0.8119,0.8058,0.8114,11464
2008-02-26,0.8114,0.8173,0.80656,0.817,15216
2008-02-27,0.817,0.8214,0.81253,0.816,15758
2008-02-28,0.816,0.81854,0.8105,0.8151,17352
2008-02-29,0.8151,0.81691,0.79698,0.79933,20121
2008-03-03,0.79933,0.8082,0.7923,0.8064,20257
2008-03-04,0.8064,0.8078,0.7956,0.801,15460
2008-03-05,0.801,0.8034,0.79219,0.80215,15436
2008-03-06,0.80215,0.805,0.79511,0.79655,14712
2008-03-07,0.79655,0.80135,0.7906,0.79425,16080
2008-03-10,0.79425,0.7961,0.7875,0.7883,14938
2008-03-11,0.7883,0.80421,0.7874,0.8035,15814
2008-03-12,0.8035,0.8085,0.7997,0.8059,15860
2008-03-13,0.8059,0.8183,0.801,0.8182,16743
2008-03-14,0.8182,0.8213,0.8114,0.81297,15604
2008-03-17,0.81297,0.8194,0.792,0.8011,14510
2008-03-18,0.8011,0.81154,0.7977,0.8065,12863
2008-03-19,0.8065,0.81731,0.79693,0.79955,13877
2008-03-20,0.79955,0.8044,0.78654,0.7908,20998
2008-03-21,0.7908,0.7954,0.7894,0.7919,1978
2008-03-24,0.7919,0.79945,0.7883,0.7976,5970
2008-03-25,0.7976,0.80798,0.79683,0.80665,15618
2008-03-26,0.80665,0.81005,0.7987,0.8043,14501
2008-03-27,0.8043,0.80649,0.8,0.8031,10987
2008-03-28,0.8031,0.8066,0.794,0.7965,13356
2008-03-31,0.7965,0.7965,0.7845,0.7859,17427
2008-04-01,0.7859,0.7879,0.7781,0.78667,19627
2008-04-02,0.78667,0.7926,0.7841,0.7897,19517
2008-04-03,0.7897,0.7911,0.7809,0.7852,17415
2008-04-04,0.7852,0.7897,0.7814,0.7887,12975
2008-04-07,0.7887,0.79882,0.7866,0.7957,13636
2008-04-08,0.7957,0.7997,0.7918,0.7994,12921
2008-04-09,0.7994,0.8004,0.79303,0.79711,13503
2008-04-10,0.79711,0.80243,0.79599,0.79859,16644
2008-04-11,0.79859,0.801,0.7924,0.79389,14812
2008-04-14,0.79389,0.79389,0.7852,0.7916,15595
2008-04-15,0.7916,0.7946,0.7826,0.78627,16988
2008-04-16,0.78627,0.7922,0.78306,0.792,17319
2008-04-17,0.792,0.7933,0.7851,0.79065,18220
2008-04-18,0.79065,0.79391,0.785,0.79098,16588
2008-04-21,0.79098,0.797,0.7892,0.79374,12002
2008-04-22,0.79374,0.7986,0.7903,0.79729,15332
2008-04-23,0.79729,0.80332,0.7956,0.79811,16900
2008-04-24,0.79811,0.79859,0.7862,0.7882,15906
2008-04-25,0.7882,0.78853,0.77804,0.7807,17712
2008-04-28,0.7807,0.7879,0.7807,0.78573,11008
2008-04-29,0.78573,0.78583,0.77253,0.7756,19099
2008-04-30,0.7756,0.7853,0.7727,0.782,14700
2008-05-01,0.782,0.7838,0.7738,0.77767,12920
2008-05-02,0.77767,0.7844,0.77545,0.7812,15134
2008-05-05,0.7812,0.7865,0.7789,0.78556,7386
2008-05-06,0.78556,0.7935,0.78414,0.7914,16838
2008-05-07,0.7914,0.7918,0.781,0.78139,13614
2008-05-08,0.78139,0.78242,0.7691,0.7713,20794
2008-05-09,0.7713,0.7748,0.765,0.76878,16772
2008-05-12,0.76878,0.77271,0.7628,0.77144,14225
2008-05-13,0.77144,0.77169,0.7635,0.764,18912
2008-05-14,0.764,0.7648,0.75911,0.7607,15525
2008-05-15,0.7607,0.76422,0.75368,0.76392,19664
2008-05-16,0.76392,0.77438,0.76188,0.7731,18524
2008-05-19,0.7731,0.77742,0.7705,0.7719,14343
2008-05-20,0.7719,0.77725,0.7713,0.7739,16396
2008-05-21,0.7739,0.78075,0.7726,0.77679,14616
2008-05-22,0.77679,0.78957,0.776,0.78235,17768
2008-05-23,0.78235,0.79031,0.78231,0.78557,12201
2008-05-26,0.78557,0.78797,0.7827,0.7868,6169
2008-05-27,0.7868,0.79232,0.7856,0.78927,16402
2008-05-28,0.78927,0.79021,0.7831,0.7857,13506
2008-05-29,0.7857,0.78662,0.7769,0.779,16518
2008-05-30,0.779,0.7846,0.7786,0.78335,14899
2008-06-02,0.78335,0.78668,0.7819,0.78474,13787
2008-06-03,0.78474,0.78916,0.7801,0.7813,14511
2008-06-04,0.7813,0.78408,0.77857,0.7795,17500
2008-06-05,0.7795,0.7798,0.7615,0.76789,20383
2008-06-06,0.76789,0.76955,0.76455,0.76773,15092
2008-06-09,0.76773,0.77033,0.75721,0.7589,14107
2008-06-10,0.7589,0.76027,0.75013,0.7528,22478
2008-06-11,0.7528,0.75811,0.75184,0.75522,16544
2008-06-12,0.75522,0.75668,0.748,0.74954,17431
2008-06-13,0.74954,0.7523,0.7447,0.74922,13868
2008-06-16,0.74922,0.7543,0.74852,0.75329,12367
2008-06-17,0.75329,0.75714,0.751,0.7552,15537
2008-06-18,0.7552,0.7597,0.7536,0.75894,13609
2008-06-19,0.75894,0.76314,0.7568,0.76257,13069
2008-06-20,0.76257,0.76466,0.76011,0.76112,11097
2008-06-23,0.76112,0.76362,0.7558,0.7577,10496
2008-06-24,0.7577,0.75962,0.7553,0.7579,11421
2008-06-25,0.7579,0.76005,0.7545,0.75995,11831
2008-06-26,0.75995,0.76005,0.7542,0.7547,14781
2008-06-27,0.7547,0.76321,0.7531,0.76032,15321
2008-06-30,0.76032,0.76629,0.75898,0.7622,14595
2008-07-01,0.7622,0.76279,0.75566,0.7576,17158
2008-07-02,0.7576,0.76151,0.75628,0.7598,15145
2008-07-03,0.7598,0.76077,0.7551,0.7565,12193
2008-07-04,0.7565,0.76025,0.7542,0.75894,8154
2008-07-07,0.75894,0.76008,0.7503,0.7546,13989
2008-07-08,0.7546,0.7546,0.7484,0.75362,16776
2008-07-09,0.75362,0.76197,0.75144,0.75789,17796
2008-07-10,0.75789,0.76136,0.754,0.75861,14372
2008-07-11,0.75861,0.7648,0.75695,0.7611,13450
2008-07-14,0.7611,0.76478,0.75679,0.7641,12322
2008-07-15,0.7641,0.77605,0.76219,0.7724,20257
2008-07-16,0.7724,0.7736,0.76825,0.77165,16401
2008-07-17,0.77165,0.7728,0.75872,0.7631,15729
2008-07-18,0.7631,0.76605,0.7609,0.76095,13819
2008-07-21,0.76095,0.76335,0.7586,0.7616,14040
2008-07-22,0.7616,0.7633,0.75712,0.75935,14499
2008-07-23,0.75935,0.76322,0.7495,0.74978,20971
2008-07-24,0.74978,0.74978,0.73855,0.74273,23149
2008-07-25,0.74273,0.7468,0.74025,0.74266,19153
2008-07-28,0.74266,0.74525,0.74076,0.7446,12709
2008-07-29,0.7446,0.7466,0.73465,0.74,17549
2008-07-30,0.74,0.74005,0.7315,0.73405,19149
2008-07-31,0.73405,0.73629,0.73095,0.73415,20253
2008-08-01,0.73415,0.73435,0.72455,0.7267,19651
2008-08-04,0.7267,0.73325,0.7267,0.72942,14243
2008-08-05,0.72942,0.72955,0.72205,0.72663,20210
2008-08-06,0.72663,0.72704,0.71645,0.7175,20116
2008-08-07,0.7175,0.72153,0.71308,0.71425,19694
2008-08-08,0.71425,0.71503,0.69823,0.70512,30557
2008-08-11,0.70512,0.70823,0.69744,0.6991,19627
2008-08-12,0.6991,0.70108,0.69258,0.69569,26546
2008-08-13,0.69569,0.70562,0.68239,0.70302,34753
2008-08-14,0.70302,0.7057,0.6969,0.6998,22574
2008-08-15,0.6998,0.70773,0.69445,0.70551,23332
2008-08-18,0.70551,0.71598,0.7031,0.70987,21261
2008-08-19,0.70987,0.71543,0.70385,0.713,21321
2008-08-20,0.713,0.71604,0.7082,0.71285,20496
2008-08-21,0.71285,0.72105,0.71015,0.72075,25036
2008-08-22,0.72075,0.72155,0.70788,0.70893,19028
2008-08-25,0.70893,0.70965,0.70345,0.7035,12559
2008-08-26,0.7035,0.70498,0.68974,0.6973,24412
2008-08-27,0.6973,0.7045,0.69409,0.7015,22259
2008-08-28,0.7015,0.7068,0.70033,0.7017,21316
2008-08-29,0.7017,0.7067,0.6981,0.69976,19123
2008-09-01,0.69976,0.7002,0.69381,0.696,14732
2008-09-02,0.696,0.6962,0.6803,0.6868,30589
2008-09-03,0.6868,0.68966,0.67337,0.6849,27729
2008-09-04,0.6849,0.68818,0.67128,0.67267,27202
2008-09-05,0.67267,0.67285,0.65868,0.66699,32362
2008-09-08,0.66699,0.68413,0.66458,0.67137,26348
2008-09-09,0.67137,0.67897,0.66044,0.66793,29487
2008-09-10,0.66793,0.67205,0.66115,0.6615,25226
2008-09-11,0.6615,0.6615,0.64365,0.65573,33397
2008-09-12,0.65573,0.66828,0.64899,0.66785,26209
2008-09-15,0.66785,0.6717,0.6531,0.65902,25970
2008-09-16,0.65902,0.66325,0.64858,0.6601,25809
2008-09-17,0.6601,0.6683,0.6525,0.66068,22418
2008-09-18,0.66068,0.6788,0.6561,0.67645,19047
2008-09-19,0.67645,0.68924,0.66905,0.6883,18534
2008-09-22,0.6883,0.69526,0.68128,0.6884,21572
2008-09-23,0.6884,0.6921,0.67753,0.681,24334
2008-09-24,0.681,0.68858,0.67855,0.68285,20976
2008-09-25,0.68285,0.69042,0.67955,0.6818,21386
2008-09-26,0.6818,0.68993,0.67935,0.6844,19393
2008-09-29,0.6844,0.68858,0.67025,0.672,19428
2008-09-30,0.672,0.67936,0.6638,0.66955,21728
2008-10-01,0.66955,0.6788,0.66605,0.6703,23144
2008-10-02,0.6703,0.67408,0.6552,0.6565,23705
2008-10-03,0.6565,0.668,0.65515,0.6619,20574
2008-10-06,0.6619,0.6619,0.61643,0.63525,28346
2008-10-07,0.63525,0.64234,0.6194,0.6235,33309
2008-10-08,0.6235,0.6301,0.5784,0.60045,35010
2008-10-09,0.60045,0.62612,0.59006,0.6071,26701
2008-10-10,0.6071,0.60725,0.58833,0.5959,26631
2008-10-13,0.5959,0.62,0.58978,0.6179,21462
2008-10-14,0.6179,0.6346,0.6124,0.61755,30512
2008-10-15,0.61755,0.62756,0.59626,0.59865,31942
2008-10-16,0.59865,0.61947,0.59067,0.61685,29020
2008-10-17,0.61685,0.6216,0.6071,0.6101,21495
2008-10-20,0.6101,0.62601,0.60551,0.6231,23393
2008-10-21,0.6231,0.62395,0.6049,0.60495,23435
2008-10-22,0.60495,0.6116,0.5812,0.5912,31407
2008-10-23,0.5912,0.60142,0.57952,0.5947,29932
2008-10-24,0.5947,0.599,0.549,0.55905,25468
2008-10-27,0.55905,0.5599,0.5349,0.541,18177
2008-10-28,0.541,0.56775,0.54,0.56385,23353
2008-10-29,0.56385,0.5938,0.5635,0.585,24341
2008-10-30,0.585,0.60305,0.57931,0.59145,26002
2008-10-31,0.59145,0.59175,0.57438,0.584,20064
2008-11-03,0.584,0.59715,0.58122,0.59122,18638
2008-11-04,0.59122,0.6128,0.58425,0.60548,23119
2008-11-05,0.60548,0.61054,0.59485,0.5951,22366
2008-11-06,0.5951,0.60404,0.58544,0.586,23401
2008-11-07,0.586,0.5933,0.5787,0.5891,13487
2008-11-10,0.5891,0.60435,0.57748,0.57983,19999
2008-11-11,0.57983,0.58883,0.5685,0.57161,18463
2008-11-12,0.57161,0.58087,0.55503,0.5611,22337
2008-11-13,0.5611,0.57553,0.5508,0.57135,25707
2008-11-14,0.57135,0.57518,0.5552,0.55734,20810
2008-11-17,0.55734,0.56208,0.54625,0.5503,19065
2008-11-18,0.5503,0.55521,0.54568,0.5525,20700
2008-11-19,0.5525,0.5563,0.5404,0.54113,22374
2008-11-20,0.54113,0.5432,0.51875,0.52145,24119
2008-11-21,0.52145,0.53537,0.5187,0.5353,22874
2008-11-24,0.5353,0.54907,0.5285,0.54897,17952
2008-11-25,0.54897,0.55867,0.5345,0.5477,29233
2008-11-26,0.5477,0.55434,0.54413,0.55225,21396
2008-11-27,0.55225,0.55445,0.54618,0.55075,11760
2008-11-28,0.55075,0.55435,0.54507,0.54895,14700
2008-12-01,0.54895,0.54895,0.5265,0.52985,19677
2008-12-02,0.52985,0.53551,0.52472,0.5315,21176
2008-12-03,0.5315,0.53438,0.52498,0.53216,20955
2008-12-04,0.53216,0.53923,0.52815,0.53265,19710
2008-12-05,0.53265,0.53625,0.5202,0.53441,18738
2008-12-08,0.53441,0.54884,0.53191,0.54705,22961
2008-12-09,0.54705,0.54737,0.53608,0.54207,22170
2008-12-10,0.54207,0.55002,0.53918,0.54367,20426
2008-12-11,0.54367,0.55726,0.54277,0.55153,21993
2008-12-12,0.55153,0.55456,0.54178,0.54401,21921
2008-12-15,0.54401,0.55651,0.53977,0.55412,16210
2008-12-16,0.55412,0.57967,0.55251,0.57835,19405
2008-12-17,0.57835,0.59485,0.57632,0.59232,23145
2008-12-18,0.59232,0.60803,0.57765,0.58315,22946
2008-12-19,0.58315,0.58748,0.5708,0.57417,16479
2008-12-22,0.57417,0.5817,0.57115,0.5719,11507
2008-12-23,0.5719,0.58059,0.56576,0.56675,10010
2008-12-24,0.56675,0.5777,0.56575,0.57442,4917
2008-12-25,0.5761,0.5772,0.571,0.57445,0
2008-12-26,0.57442,0.57921,0.57345,0.57738,1273
2008-12-29,0.57738,0.58558,0.57211,0.5751,6507
2008-12-30,0.5751,0.58273,0.57415,0.57775,8199
2008-12-31,0.57775,0.58881,0.57325,0.58363,5791
2009-01-01,0.58032,0.5851,0.5775,0.58422,0
2009-01-02,0.58363,0.58666,0.575,0.58488,4943
2009-01-05,0.58488,0.59172,0.58023,0.58947,20086
2009-01-06,0.58947,0.59905,0.581,0.5984,19098
2009-01-07,0.5984,0.60344,0.58958,0.5914,18681
2009-01-08,0.5914,0.59667,0.58115,0.59602,19991
2009-01-09,0.59602,0.59622,0.5887,0.58998,16406
2009-01-12,0.58998,0.58998,0.57357,0.5754,17565
2009-01-13,0.5754,0.5754,0.54591,0.553,25129
2009-01-14,0.553,0.5596,0.53871,0.5422,24221
2009-01-15,0.5422,0.54548,0.52774,0.53715,25795
2009-01-16,0.53715,0.55288,0.53715,0.54673,19696
2009-01-19,0.54673,0.55452,0.536,0.53613,12647
2009-01-20,0.53613,0.53796,0.51827,0.52145,21174
2009-01-21,0.52145,0.53655,0.5163,0.5311,23808
2009-01-22,0.5311,0.53465,0.52243,0.52618,22061
2009-01-23,0.52618,0.53215,0.51722,0.53215,20359
2009-01-26,0.53215,0.53415,0.5216,0.52635,13471
2009-01-27,0.52635,0.53403,0.52494,0.52835,15076
2009-01-28,0.52835,0.53725,0.51859,0.52405,21210
2009-01-29,0.52405,0.52555,0.51217,0.51386,20705
2009-01-30,0.51386,0.51467,0.5047,0.5076,19835
2009-02-02,0.5076,0.50878,0.49602,0.50371,17866
2009-02-03,0.50371,0.5152,0.5011,0.5136,19856
2009-02-04,0.5136,0.51521,0.50205,0.5073,21755
2009-02-05,0.5073,0.52102,0.505,0.51675,21563
2009-02-06,0.51675,0.53641,0.51105,0.53283,22299
2009-02-09,0.53283,0.54457,0.52407,0.53835,21526
2009-02-10,0.53835,0.5393,0.5179,0.52307,27726
2009-02-11,0.52307,0.5287,0.52107,0.52547,20759
2009-02-12,0.52547,0.53165,0.51365,0.51935,22197
2009-02-13,0.51935,0.5296,0.51935,0.52422,16659
2009-02-16,0.52422,0.52422,0.51612,0.517,10734
2009-02-17,0.517,0.5208,0.50621,0.50725,19258
2009-02-18,0.50725,0.51353,0.5061,0.50875,20018
2009-02-19,0.50875,0.5189,0.5082,0.50825,18679
2009-02-20,0.50825,0.51575,0.50083,0.51151,20227
2009-02-23,0.51151,0.51835,0.5066,0.50728,18364
2009-02-24,0.50728,0.51665,0.5048,0.51358,18125
2009-02-25,0.51358,0.5195,0.50843,0.50912,20027
2009-02-26,0.50912,0.51288,0.50801,0.5081,15361
2009-02-27,0.5081,0.50837,0.49816,0.50069,17799
2009-03-02,0.50069,0.50069,0.49066,0.49235,19064
2009-03-03,0.49235,0.50171,0.49164,0.49451,21232
2009-03-04,0.49451,0.50785,0.4891,0.50531,20122
2009-03-05,0.50531,0.50592,0.49656,0.49825,17453
2009-03-06,0.49825,0.50927,0.49727,0.5016,17415
2009-03-09,0.5016,0.5062,0.49204,0.49265,14592
2009-03-10,0.49265,0.5052,0.49136,0.50292,17993
2009-03-11,0.50292,0.51334,0.49765,0.51324,20989
2009-03-12,0.51324,0.52349,0.50708,0.52014,21772
2009-03-13,0.52014,0.52682,0.51789,0.524,16836
2009-03-16,0.524,0.53446,0.52048,0.52966,17490
2009-03-17,0.52966,0.53259,0.52755,0.53039,15282
2009-03-18,0.53039,0.54676,0.526,0.54424,15828
2009-03-19,0.54424,0.56119,0.53978,0.55314,22302
2009-03-20,0.55314,0.56255,0.55284,0.55807,14728
2009-03-23,0.55807,0.57272,0.55739,0.57134,16107
2009-03-24,0.57134,0.57464,0.56023,0.56259,16037
2009-03-25,0.56259,0.57194,0.55486,0.56584,18802
2009-03-26,0.56584,0.58013,0.56488,0.57491,19718
2009-03-27,0.57491,0.57904,0.56674,0.56929,15957
2009-03-30,0.56929,0.56929,0.55814,0.56299,12716
2009-03-31,0.56299,0.57304,0.55821,0.55914,17121
2009-04-01,0.55914,0.56935,0.55282,0.56744,20330
2009-04-02,0.56744,0.58359,0.56354,0.57719,21557
2009-04-03,0.57719,0.58997,0.57704,0.58666,20125
2009-04-06,0.58666,0.59785,0.58455,0.58794,18527
2009-04-07,0.58794,0.58809,0.57334,0.57549,21141
2009-04-08,0.57549,0.57992,0.56904,0.57939,17154
2009-04-09,0.57939,0.58451,0.57642,0.58271,16429
2009-04-10,0.58271,0.58357,0.5809,0.58223,2328
2009-04-13,0.58223,0.59326,0.58194,0.59204,7278
2009-04-14,0.59204,0.59252,0.58231,0.58294,14028
2009-04-15,0.58294,0.58382,0.57359,0.58094,17336
2009-04-16,0.58094,0.58219,0.56777,0.57204,19621
2009-04-17,0.57204,0.57518,0.56507,0.56547,14359
2009-04-20,0.56547,0.57054,0.54861,0.55199,16364
2009-04-21,0.55199,0.56548,0.55062,0.56349,18838
2009-04-22,0.56349,0.56392,0.55321,0.55489,19334
2009-04-23,0.55489,0.56244,0.55266,0.56154,20159
2009-04-24,0.56154,0.57388,0.55993,0.57233,15802
2009-04-27,0.57233,0.57233,0.56219,0.56544,17941
2009-04-28,0.56544,0.56564,0.55273,0.55855,23260
2009-04-29,0.55855,0.57764,0.55715,0.57199,22417
2009-04-30,0.57199,0.57526,0.56249,0.56489,26851
2009-05-01,0.56489,0.5742,0.56204,0.56974,13048
2009-05-04,0.56974,0.57714,0.56974,0.57559,11138
2009-05-05,0.57559,0.58649,0.57408,0.58009,23199
2009-05-06,0.58009,0.58596,0.57509,0.58334,21522
2009-05-07,0.58334,0.59909,0.58109,0.59084,24944
2009-05-08,0.59084,0.60549,0.58989,0.60256,18120
2009-05-11,0.60256,0.61278,0.59964,0.59974,23646
2009-05-12,0.59974,0.60956,0.5961,0.60564,23549
2009-05-13,0.60564,0.61039,0.58819,0.59164,28804
2009-05-14,0.59164,0.59853,0.58603,0.59654,26031
2009-05-15,0.59654,0.59677,0.58326,0.58597,21543
2009-05-18,0.58597,0.59592,0.58317,0.59494,19822
2009-05-19,0.59494,0.60621,0.59362,0.60099,24379
2009-05-20,0.60099,0.61124,0.59863,0.60559,25124
2009-05-21,0.60559,0.61088,0.60155,0.61049,24667
2009-05-22,0.61049,0.62373,0.61014,0.62041,22953
2009-05-25,0.62041,0.62101,0.61424,0.62039,8004
2009-05-26,0.62039,0.62613,0.60899,0.62409,23137
2009-05-27,0.62409,0.62481,0.61414,0.61434,24968
2009-05-28,0.61434,0.62724,0.61179,0.62279,28394
2009-05-29,0.62279,0.64159,0.6225,0.64083,23683
2009-06-01,0.64083,0.65647,0.63643,0.64919,23532
2009-06-02,0.64919,0.65925,0.64459,0.65614,26174
2009-06-03,0.65614,0.65639,0.62697,0.63414,31436
2009-06-04,0.63414,0.63769,0.62194,0.63389,27066
2009-06-05,0.63389,0.6419,0.62527,0.62614,24389
2009-06-08,0.62614,0.62837,0.61513,0.62004,26544
2009-06-09,0.62004,0.62944,0.61657,0.62674,32550
2009-06-10,0.62674,0.63659,0.62129,0.62129,25558
2009-06-11,0.62129,0.64695,0.62129,0.64315,28990
2009-06-12,0.64315,0.64665,0.63576,0.64244,16243
2009-06-15,0.64244,0.64244,0.62774,0.63074,18113
2009-06-16,0.63074,0.63944,0.6238,0.62974,22320
2009-06-17,0.62974,0.63657,0.62426,0.63309,27163
2009-06-18,0.63309,0.64422,0.62922,0.63744,19823
2009-06-19,0.63744,0.64837,0.63374,0.6438,13844
2009-06-22,0.6438,0.6438,0.62834,0.62889,15048
2009-06-23,0.62889,0.64169,0.62539,0.63944,22138
2009-06-24,0.63944,0.64865,0.63702,0.63899,19999
2009-06-25,0.63899,0.64586,0.6346,0.64494,20101
2009-06-26,0.64494,0.64783,0.64068,0.64555,17463
2009-06-29,0.64555,0.65226,0.64179,0.65084,13581
2009-06-30,0.65084,0.65495,0.64367,0.64544,19777
2009-07-01,0.64544,0.64739,0.63856,0.63894,22700
2009-07-02,0.63894,0.64152,0.62801,0.62814,27934
2009-07-03,0.62814,0.63476,0.62614,0.62976,12695
2009-07-06,0.62976,0.63781,0.62414,0.63634,22253
2009-07-07,0.63634,0.63934,0.62854,0.62875,21673
2009-07-08,0.62875,0.63127,0.61938,0.62574,28184
2009-07-09,0.62574,0.63389,0.62376,0.62919,24505
2009-07-10,0.62919,0.63299,0.62333,0.62729,26057
2009-07-13,0.62729,0.63361,0.6194,0.63212,20511
2009-07-14,0.63212,0.6397,0.63175,0.63842,22288
2009-07-15,0.63842,0.65125,0.63842,0.64852,17775
2009-07-16,0.64852,0.6503,0.63854,0.64832,22041
2009-07-17,0.64832,0.64875,0.64165,0.6428,16213
2009-07-20,0.6428,0.65795,0.6428,0.65727,15099
2009-07-21,0.65727,0.66106,0.6489,0.65727,19293
2009-07-22,0.65727,0.66307,0.65275,0.65807,18698
2009-07-23,0.65807,0.66279,0.65115,0.65327,18842
2009-07-24,0.65327,0.65885,0.65287,0.6556,14968
2009-07-27,0.6556,0.66148,0.65282,0.65642,18435
2009-07-28,0.65642,0.6634,0.65371,0.65752,20568
2009-07-29,0.65752,0.65943,0.65224,0.65652,24660
2009-07-30,0.65652,0.65652,0.64763,0.65197,22262
2009-07-31,0.65197,0.6627,0.65107,0.66197,21160
2009-08-03,0.66197,0.66883,0.65894,0.66792,19901
2009-08-04,0.66792,0.67465,0.6645,0.67347,21749
2009-08-05,0.67347,0.67615,0.67059,0.67147,20535
2009-08-06,0.67147,0.6745,0.66855,0.66997,21672
2009-08-07,0.66997,0.682,0.6688,0.67207,19981
2009-08-10,0.67207,0.67785,0.66832,0.67632,18839
2009-08-11,0.67632,0.67698,0.66616,0.66672,18771
2009-08-12,0.66672,0.6766,0.6599,0.67152,23635
2009-08-13,0.67152,0.68138,0.66912,0.67857,21832
2009-08-14,0.67857,0.68865,0.67425,0.67623,21047
2009-08-17,0.67623,0.67623,0.6642,0.66741,24054
2009-08-18,0.66741,0.67605,0.66675,0.67446,26452
2009-08-19,0.67446,0.67725,0.66641,0.67344,34187
2009-08-20,0.67344,0.67805,0.67262,0.67689,25478
2009-08-21,0.67689,0.68678,0.6711,0.68159,29721
2009-08-24,0.68159,0.6885,0.68139,0.68467,23907
2009-08-25,0.68467,0.68967,0.68325,0.68445,21186
2009-08-26,0.68445,0.68946,0.67875,0.68124,24828
2009-08-27,0.68124,0.68955,0.67735,0.68691,25838
2009-08-28,0.68691,0.68943,0.68354,0.68459,22798
2009-08-31,0.68459,0.68679,0.6792,0.68509,16793
2009-09-01,0.68509,0.68875,0.67203,0.67485,29951
2009-09-02,0.67485,0.67786,0.66845,0.67298,27909
2009-09-03,0.67298,0.68309,0.67205,0.67711,24967
2009-09-04,0.67711,0.68967,0.67689,0.687,22749
2009-09-07,0.687,0.69347,0.687,0.69255,9427
2009-09-08,0.69255,0.69841,0.69065,0.69584,25723
2009-09-09,0.69584,0.70075,0.69334,0.69682,24919
2009-09-10,0.69682,0.7044,0.69224,0.70387,28408
2009-09-11,0.70387,0.70887,0.70121,0.70561,26717
2009-09-14,0.70561,0.70571,0.69633,0.70059,19521
2009-09-15,0.70059,0.70645,0.69785,0.70464,17451
2009-09-16,0.70464,0.71535,0.70415,0.71367,15113
2009-09-17,0.71367,0.71575,0.70803,0.71048,16579
2009-09-18,0.71048,0.71255,0.70745,0.70841,15604
2009-09-21,0.70814,0.70945,0.7016,0.70669,15638
2009-09-22,0.70669,0.72431,0.70509,0.71869,19547
2009-09-23,0.71869,0.73115,0.71787,0.71944,22701
2009-09-24,0.71944,0.727,0.71499,0.71527,19405
2009-09-25,0.71527,0.7214,0.71051,0.71711,23514
2009-09-28,0.71694,0.72234,0.71125,0.71604,19446
2009-09-29,0.71604,0.72265,0.71279,0.71394,23156
2009-09-30,0.71394,0.72525,0.71394,0.72269,21740
2009-10-01,0.72269,0.7248,0.71342,0.71464,24195
2009-10-02,0.71464,0.72109,0.70775,0.71557,23617
2009-10-05,0.71557,0.73145,0.71376,0.73034,21600
2009-10-06,0.73034,0.73781,0.72859,0.73414,21118
2009-10-07,0.73414,0.73976,0.73195,0.73594,19841
2009-10-08,0.73594,0.7453,0.73549,0.74219,20526
2009-10-09,0.74219,0.74299,0.73015,0.73425,20821
2009-10-12,0.73425,0.73625,0.72514,0.73294,17229
2009-10-13,0.73294,0.7416,0.7312,0.73904,17947
2009-10-14,0.73904,0.7434,0.73577,0.73944,17812
2009-10-15,0.73944,0.74865,0.73899,0.74414,21394
2009-10-16,0.74414,0.74956,0.73501,0.73917,21319
2009-10-19,0.73917,0.7575,0.73664,0.75644,19248
2009-10-20,0.75644,0.75744,0.744,0.74934,16764
2009-10-21,0.74934,0.76346,0.74639,0.76009,21229
2009-10-22,0.76009,0.7602,0.74985,0.75744,24238
2009-10-23,0.75744,0.75965,0.75222,0.75379,23000
2009-10-26,0.75379,0.75675,0.74509,0.74724,21600
2009-10-27,0.74724,0.75165,0.74105,0.74384,22608
2009-10-28,0.74384,0.7463,0.71957,0.72074,30407
2009-10-29,0.72074,0.7368,0.71611,0.73199,29702
2009-10-30,0.73199,0.73347,0.71545,0.71712,26864
2009-11-02,0.71712,0.72684,0.70807,0.71774,27706
2009-11-03,0.71774,0.7238,0.7094,0.71989,29368
2009-11-04,0.71989,0.73105,0.71676,0.72389,23444
2009-11-05,0.72389,0.72449,0.71589,0.72094,19735
2009-11-06,0.72094,0.72764,0.71929,0.72431,18778
2009-11-09,0.72431,0.74357,0.72431,0.74274,21292
2009-11-10,0.74274,0.74614,0.73745,0.74314,23979
2009-11-11,0.74314,0.74392,0.73805,0.73864,19101
2009-11-12,0.73864,0.74427,0.7307,0.73264,23123
2009-11-13,0.73264,0.74432,0.73102,0.74412,18405
2009-11-16,0.74412,0.75227,0.73951,0.74804,16807
2009-11-17,0.74804,0.7502,0.74075,0.74509,24313
2009-11-18,0.74509,0.74985,0.743,0.74569,16687
2009-11-19,0.74569,0.7463,0.72716,0.73089,25900
2009-11-20,0.73089,0.7326,0.71999,0.72441,27476
2009-11-23,0.72441,0.73665,0.72,0.73239,21975
2009-11-24,0.73239,0.73355,0.722,0.72554,23192
2009-11-25,0.72554,0.7331,0.7248,0.73204,21316
2009-11-26,0.73204,0.73305,0.71278,0.71559,18775
2009-11-27,0.71559,0.71661,0.69884,0.7096,29326
2009-11-30,0.7096,0.72195,0.7096,0.71532,24952
2009-12-01,0.71532,0.72935,0.71404,0.72509,22043
2009-12-02,0.72509,0.72955,0.7204,0.722,19248
2009-12-03,0.722,0.73005,0.72089,0.7213,19581
2009-12-04,0.7213,0.72713,0.71327,0.71519,18594
2009-12-07,0.71519,0.71898,0.70805,0.71294,24791
2009-12-08,0.71294,0.71715,0.7047,0.70674,26720
2009-12-09,0.70674,0.72075,0.70426,0.71864,24892
2009-12-10,0.71864,0.73185,0.71839,0.72844,22330
2009-12-11,0.72844,0.729,0.7222,0.7248,18576
2009-12-14,0.7248,0.72979,0.72105,0.72754,20524
2009-12-15,0.72754,0.72799,0.71905,0.72139,18285
2009-12-16,0.72139,0.72252,0.71545,0.71979,21551
2009-12-17,0.71979,0.72064,0.70835,0.70994,20422
2009-12-18,0.70994,0.71325,0.70635,0.71038,21913
2009-12-21,0.71038,0.71168,0.70425,0.70497,14208
2009-12-22,0.70497,0.70749,0.69897,0.70001,15211
2009-12-23,0.70001,0.70645,0.69706,0.70434,13182
2009-12-24,0.70434,0.70825,0.70289,0.7045,5940
2009-12-25,0.70791,0.70822,0.70582,0.70661,0
2009-12-28,0.7045,0.70946,0.7045,0.70792,7083
2009-12-29,0.70792,0.72143,0.70696,0.71703,11984
2009-12-30,0.71703,0.72276,0.71437,0.7215,12364
2009-12-31,0.7215,0.729,0.72099,0.72542,11496
2010-01-01,0.72632,0.72632,0.72448,0.72448,0
2010-01-04,0.72542,0.73535,0.71939,0.73415,15476
2010-01-05,0.73415,0.73903,0.73155,0.73439,19012
2010-01-06,0.73439,0.73851,0.73015,0.73764,17870
2010-01-07,0.73764,0.74295,0.73149,0.73187,18549
2010-01-08,0.73187,0.73795,0.72865,0.7366,16902
2010-01-11,0.7366,0.74365,0.7366,0.74212,13029
2010-01-12,0.74212,0.74322,0.7363,0.73827,17514
2010-01-13,0.73827,0.7425,0.73709,0.73984,15182
2010-01-14,0.73984,0.74435,0.7383,0.74249,15114
2010-01-15,0.74249,0.74364,0.73584,0.73804,15072
2010-01-18,0.73804,0.74022,0.73287,0.73849,8334
2010-01-19,0.73849,0.74085,0.73333,0.73474,16250
2010-01-20,0.73474,0.73551,0.71859,0.72154,24596
2010-01-21,0.72154,0.72335,0.70961,0.70978,24846
2010-01-22,0.70978,0.71775,0.7091,0.71346,17921
2010-01-25,0.71346,0.71695,0.7112,0.71374,15824
2010-01-26,0.71374,0.71695,0.70207,0.7078,24177
2010-01-27,0.7078,0.71065,0.70296,0.70614,23200
2010-01-28,0.70614,0.71385,0.7036,0.70452,23134
2010-01-29,0.70452,0.7089,0.7013,0.70141,25710
2010-02-01,0.70141,0.70952,0.69886,0.7081,20361
2010-02-02,0.7081,0.7127,0.70395,0.71197,24888
2010-02-03,0.71197,0.71517,0.70019,0.7018,19546
2010-02-04,0.7018,0.70261,0.68469,0.68655,29544
2010-02-05,0.68655,0.69325,0.68075,0.68709,29624
2010-02-08,0.68709,0.69213,0.68254,0.68275,20669
2010-02-09,0.68275,0.69675,0.68167,0.69578,26676
2010-02-10,0.69578,0.69681,0.68935,0.69244,22797
2010-02-11,0.69244,0.70245,0.69212,0.69862,24183
2010-02-12,0.69862,0.69935,0.68984,0.69579,24162
2010-02-15,0.69579,0.69889,0.69505,0.69621,9725
2010-02-16,0.69621,0.70794,0.69621,0.70664,16268
2010-02-17,0.70664,0.70785,0.7018,0.70287,16051
2010-02-18,0.70287,0.70621,0.69612,0.69807,20255
2010-02-19,0.69807,0.69951,0.693,0.69827,25210
2010-02-22,0.69827,0.7037,0.69827,0.70147,16238
2010-02-23,0.70147,0.70581,0.68935,0.69187,23556
2010-02-24,0.69187,0.69537,0.68714,0.69287,23578
2010-02-25,0.69287,0.6945,0.68469,0.6919,26370
2010-02-26,0.6919,0.7019,0.69036,0.6979,23599
2010-03-01,0.6979,0.70165,0.69299,0.69949,20653
2010-03-02,0.69949,0.70064,0.69242,0.69597,23376
2010-03-03,0.69597,0.69863,0.68916,0.69415,24702
2010-03-04,0.69415,0.69469,0.68508,0.68652,24448
2010-03-05,0.68652,0.69722,0.68535,0.69698,19217
2010-03-08,0.69698,0.7035,0.69515,0.7007,17000
2010-03-09,0.7007,0.70355,0.69609,0.7025,19075
2010-03-10,0.7025,0.70975,0.70091,0.70185,20753
2010-03-11,0.70185,0.70246,0.69629,0.6996,19156
2010-03-12,0.6996,0.70491,0.69839,0.70109,19305
2010-03-15,0.70109,0.70543,0.69861,0.702,17816
2010-03-16,0.702,0.71287,0.70111,0.71188,18590
2010-03-17,0.71188,0.71787,0.71018,0.71375,17499
2010-03-18,0.71375,0.7174,0.71177,0.71455,16524
2010-03-19,0.71455,0.71572,0.70645,0.70827,16401
2010-03-22,0.70827,0.70827,0.70004,0.70627,15822
2010-03-23,0.70627,0.70793,0.7029,0.70735,14186
2010-03-24,0.70735,0.70754,0.69925,0.70139,19635
2010-03-25,0.70139,0.71012,0.70097,0.7035,18846
2010-03-26,0.7035,0.70916,0.70145,0.70399,18902
2010-03-29,0.70399,0.71166,0.70336,0.70922,13331
2010-03-30,0.70922,0.71315,0.70811,0.70972,13410
2010-03-31,0.70972,0.71155,0.70699,0.71027,16471
2010-04-01,0.71027,0.71136,0.70347,0.70832,16879
2010-04-02,0.70832,0.70836,0.70473,0.70541,3975
2010-04-05,0.70541,0.7072,0.70195,0.7029,5444
2010-04-06,0.7029,0.70731,0.69644,0.70639,16818
2010-04-07,0.70639,0.70945,0.70262,0.70673,13804
2010-04-08,0.70673,0.70755,0.70065,0.70647,13441
2010-04-09,0.70647,0.71735,0.70627,0.7153,14677
2010-04-12,0.7153,0.7194,0.71095,0.71191,13957
2010-04-13,0.71191,0.71466,0.70945,0.71345,12969
2010-04-14,0.71345,0.7153,0.70845,0.71428,15686
2010-04-15,0.71428,0.71606,0.71021,0.71154,13888
2010-04-16,0.71154,0.71555,0.70645,0.70864,18583
2010-04-19,0.70864,0.7111,0.70525,0.71084,16827
2010-04-20,0.71084,0.71443,0.70627,0.71127,16357
2010-04-21,0.71127,0.71315,0.7075,0.70942,16897
2010-04-22,0.70942,0.71395,0.70694,0.71045,19302
2010-04-23,0.71045,0.71674,0.70846,0.71612,22102
2010-04-26,0.71612,0.72549,0.71603,0.723,23386
2010-04-27,0.723,0.72343,0.70986,0.71126,25364
2010-04-28,0.71126,0.72168,0.71011,0.72048,28378
2010-04-29,0.72048,0.72425,0.7151,0.72331,21018
2010-04-30,0.72331,0.73252,0.7232,0.72676,21588
2010-05-03,0.72676,0.73236,0.72633,0.73052,14748
2010-05-04,0.73052,0.73124,0.71876,0.72005,22792
2010-05-05,0.72005,0.72186,0.71424,0.7169,28311
2010-05-06,0.7169,0.72761,0.69971,0.70915,39056
2010-05-07,0.70915,0.71663,0.70378,0.71313,44074
2010-05-10,0.71313,0.72959,0.70708,0.72241,27948
2010-05-11,0.72241,0.72265,0.71554,0.71597,25558
2010-05-12,0.71597,0.71987,0.71046,0.71295,25775
2010-05-13,0.71295,0.71926,0.71223,0.71455,20485
2010-05-14,0.71455,0.71533,0.706,0.70654,23613
2010-05-17,0.70654,0.70768,0.69155,0.69665,31694
2010-05-18,0.69665,0.70403,0.69195,0.69325,30750
2010-05-19,0.69325,0.69325,0.66577,0.67745,46289
2010-05-20,0.67745,0.68759,0.66189,0.66448,47861
2010-05-21,0.66448,0.68164,0.66357,0.67813,44196
2010-05-24,0.67813,0.6788,0.66867,0.66896,28507
2010-05-25,0.66896,0.67255,0.65603,0.67006,33489
2010-05-26,0.67006,0.67431,0.66045,0.66267,33378
2010-05-27,0.66267,0.68592,0.66251,0.68348,31788
2010-05-28,0.68348,0.68635,0.67529,0.67862,29288
2010-05-31,0.67862,0.6846,0.66997,0.68037,14065
2010-06-01,0.68037,0.6838,0.67005,0.67471,32918
2010-06-02,0.67471,0.68231,0.67182,0.68129,31383
2010-06-03,0.68129,0.68985,0.67835,0.68449,24174
2010-06-04,0.68449,0.68645,0.66813,0.66966,26303
2010-06-07,0.66966,0.6713,0.65805,0.65902,31384
2010-06-08,0.65902,0.66842,0.65725,0.6668,32825
2010-06-09,0.6668,0.67482,0.66115,0.66676,27088
2010-06-10,0.66676,0.6876,0.66676,0.68669,34362
2010-06-11,0.68669,0.69105,0.68018,0.69063,27342
2010-06-14,0.69063,0.70195,0.69015,0.69421,19144
2010-06-15,0.69421,0.69936,0.68859,0.69868,23879
2010-06-16,0.69868,0.70025,0.69304,0.69781,23396
2010-06-17,0.69781,0.70445,0.69475,0.70421,23110
2010-06-18,0.70421,0.70715,0.70177,0.70568,194691
2010-06-21,0.70568,0.71524,0.70568,0.708,21082
2010-06-22,0.708,0.7119,0.70377,0.70377,24583
2010-06-23,0.70377,0.71602,0.70266,0.71345,35153
2010-06-24,0.71345,0.71442,0.70361,0.70776,27031
2010-06-25,0.70776,0.71559,0.69937,0.71407,27154
2010-06-28,0.71407,0.71539,0.70593,0.70807,21967
2010-06-29,0.70807,0.70852,0.69093,0.69175,32556
2010-06-30,0.69175,0.69543,0.68413,0.68453,32444
2010-07-01,0.68453,0.69166,0.67937,0.69039,37545
2010-07-02,0.69039,0.69706,0.68721,0.68918,28802
2010-07-05,0.68918,0.69395,0.6852,0.68739,14586
2010-07-06,0.68739,0.6975,0.68248,0.69366,27988
2010-07-07,0.69366,0.70523,0.6886,0.70314,26616
2010-07-08,0.70314,0.7103,0.70215,0.70927,24805
2010-07-09,0.70927,0.71155,0.7062,0.71104,21895
2010-07-12,0.71104,0.71178,0.70562,0.71158,19393
2010-07-13,0.71158,0.7206,0.70755,0.71938,27130
2010-07-14,0.71938,0.72544,0.71581,0.72393,23896
2010-07-15,0.72393,0.73035,0.71742,0.72941,30853
2010-07-16,0.72941,0.72941,0.70976,0.71095,29359
2010-07-19,0.71095,0.71131,0.70286,0.70573,25502
2010-07-20,0.70573,0.71756,0.7034,0.71681,27839
2010-07-21,0.71681,0.7195,0.71189,0.71222,25069
2010-07-22,0.71222,0.72725,0.7096,0.72454,25424
2010-07-23,0.72454,0.72894,0.72263,0.7268,26773
2010-07-26,0.7268,0.73535,0.72496,0.73356,23789
2010-07-27,0.73356,0.73958,0.73125,0.73299,23113
2010-07-28,0.73299,0.7339,0.72512,0.72587,29701
2010-07-29,0.72587,0.72862,0.72005,0.72361,32455
2010-07-30,0.72361,0.72679,0.71905,0.72551,28594
2010-08-02,0.72551,0.73406,0.72517,0.73258,20293
2010-08-03,0.73258,0.73554,0.72981,0.7339,29002
2010-08-04,0.7339,0.73557,0.72969,0.73461,26115
2010-08-05,0.73461,0.73552,0.72467,0.73058,27192
2010-08-06,0.73058,0.73445,0.727,0.73247,23057
2010-08-09,0.73247,0.73396,0.72663,0.72873,19059
2010-08-10,0.72873,0.72916,0.71665,0.72382,32622
2010-08-11,0.72382,0.72412,0.71424,0.71443,31725
2010-08-12,0.71443,0.716,0.70645,0.70863,34746
2010-08-13,0.70863,0.71826,0.70496,0.70521,29992
2010-08-16,0.70521,0.71045,0.69927,0.70686,27576
2010-08-17,0.70686,0.71476,0.7039,0.71191,26875
2010-08-18,0.71191,0.71923,0.7102,0.71423,26213
2010-08-19,0.71423,0.71556,0.70555,0.70692,35377
2010-08-20,0.70692,0.70822,0.70025,0.70705,28640
2010-08-23,0.70705,0.71232,0.70415,0.7066,21581
2010-08-24,0.7066,0.70795,0.7006,0.70235,31482
2010-08-25,0.70235,0.7063,0.69471,0.69954,34617
2010-08-26,0.69954,0.70885,0.69824,0.70264,27956
2010-08-27,0.70264,0.71305,0.70154,0.71232,23623
2010-08-30,0.71232,0.71356,0.70638,0.70691,17018
2010-08-31,0.70691,0.70738,0.6965,0.69886,30552
2010-09-01,0.69886,0.71305,0.69779,0.71184,25303
2010-09-02,0.71184,0.71784,0.7097,0.71448,23742
2010-09-03,0.71448,0.72186,0.713,0.72063,21887
2010-09-06,0.72063,0.72572,0.71744,0.72291,13991
2010-09-07,0.72291,0.72398,0.71865,0.71945,23605
2010-09-08,0.71945,0.72389,0.7158,0.72257,24705
2010-09-09,0.72257,0.72876,0.72,0.7244,22150
2010-09-10,0.7244,0.73008,0.72263,0.72781,21211
2010-09-13,0.72781,0.73453,0.72781,0.73404,18275
2010-09-14,0.73404,0.73943,0.72677,0.73411,23725
2010-09-15,0.73411,0.73579,0.72967,0.73153,25320
2010-09-16,0.73153,0.73153,0.72145,0.7238,29575
2010-09-17,0.7238,0.73324,0.72365,0.7254,23878
2010-09-20,0.7254,0.73207,0.72472,0.73033,17727
2010-09-21,0.73033,0.73522,0.72583,0.73491,22912
2010-09-22,0.73491,0.74164,0.73178,0.73831,28315
2010-09-23,0.73831,0.73927,0.72631,0.72901,26931
2010-09-24,0.72901,0.73606,0.7272,0.73416,21500
2010-09-27,0.73416,0.73736,0.73257,0.73436,18116
2010-09-28,0.73436,0.74045,0.73041,0.73923,26057
2010-09-29,0.73923,0.74074,0.73567,0.73784,25224
2010-09-30,0.73784,0.74082,0.73043,0.73413,30980
2010-10-01,0.73413,0.74627,0.73274,0.74408,24306
2010-10-04,0.74408,0.7445,0.73946,0.74156,21983
2010-10-05,0.74156,0.74973,0.73555,0.74903,42077
2010-10-06,0.74903,0.75485,0.74581,0.75221,37916
2010-10-07,0.75221,0.75919,0.74682,0.75024,44172
2010-10-08,0.75024,0.75513,0.74089,0.75456,35455
2010-10-11,0.75456,0.75734,0.75063,0.75163,30702
2010-10-12,0.75163,0.75605,0.74794,0.75496,67040
2010-10-13,0.75496,0.76328,0.75426,0.7605,57100
2010-10-14,0.7605,0.76437,0.75551,0.75906,63229
2010-10-15,0.75906,0.76176,0.75326,0.75393,61231
2010-10-18,0.75393,0.75967,0.74996,0.75531,49654
2010-10-19,0.75531,0.76011,0.74281,0.74401,82719
2010-10-20,0.74401,0.75687,0.74262,0.7548,57264
2010-10-21,0.7548,0.75506,0.74345,0.74556,52853
2010-10-22,0.74556,0.75086,0.7437,0.74646,38367
2010-10-25,0.74646,0.75614,0.7439,0.75197,38796
2010-10-26,0.75197,0.75426,0.74706,0.74892,54533
2010-10-27,0.74892,0.7501,0.74047,0.74506,54880
2010-10-28,0.74506,0.75557,0.74446,0.75372,45048
2010-10-29,0.75372,0.76507,0.75041,0.76208,55210
2010-11-01,0.76208,0.76928,0.76208,0.76695,34018
2010-11-02,0.76695,0.7742,0.76337,0.77135,51565
2010-11-03,0.77135,0.7805,0.76911,0.77985,50082
2010-11-04,0.77985,0.79757,0.7775,0.79432,54875
2010-11-05,0.79432,0.79715,0.78767,0.79677,50215
2010-11-08,0.79677,0.79677,0.78412,0.78826,31844
2010-11-09,0.78826,0.79128,0.77596,0.77755,57444
2010-11-10,0.77755,0.785,0.77373,0.78272,65243
2010-11-11,0.78272,0.78735,0.77723,0.78012,50926
2010-11-12,0.78012,0.78107,0.76978,0.77421,61838
2010-11-15,0.77421,0.77766,0.7682,0.77273,43131
2010-11-16,0.77273,0.77563,0.76522,0.76756,62360
2010-11-17,0.76756,0.77262,0.76314,0.77047,50299
2010-11-18,0.77047,0.77869,0.76944,0.7785,45644
2010-11-19,0.7785,0.78004,0.77465,0.77915,43487
2010-11-22,0.77915,0.78355,0.76942,0.77181,39590
2010-11-23,0.77181,0.77307,0.75773,0.75869,61130
2010-11-24,0.75869,0.76442,0.7582,0.7597,57448
2010-11-25,0.7597,0.76277,0.75588,0.75984,39034
2010-11-26,0.75984,0.76215,0.74796,0.75015,42987
2010-11-29,0.75015,0.75356,0.74285,0.74571,51703
2010-11-30,0.74571,0.74712,0.73969,0.74249,59845
2010-12-01,0.74249,0.75113,0.74005,0.74878,62361
2010-12-02,0.74878,0.75639,0.74545,0.75508,56404
2010-12-03,0.75508,0.76678,0.7544,0.76583,48039
2010-12-06,0.76583,0.76583,0.75862,0.7614,38568
2010-12-07,0.7614,0.76662,0.7563,0.75721,49888
2010-12-08,0.75721,0.75782,0.74342,0.74743,58724
2010-12-09,0.74743,0.75159,0.74514,0.74855,55840
2010-12-10,0.74855,0.75293,0.74701,0.74809,35017
2010-12-13,0.74809,0.75762,0.74592,0.75111,30352
2010-12-14,0.75111,0.75756,0.74911,0.75162,47539
2010-12-15,0.75162,0.75225,0.73726,0.73948,49779
2010-12-16,0.73948,0.74075,0.73432,0.74024,42943
2010-12-17,0.74024,0.74257,0.73502,0.73726,38334
2010-12-20,0.73726,0.74365,0.73457,0.74193,36976
2010-12-21,0.74193,0.74838,0.74021,0.74401,41729
2010-12-22,0.74401,0.74508,0.73783,0.74008,36615
2010-12-23,0.74008,0.75016,0.7396,0.74713,31149
2010-12-24,0.74713,0.74902,0.74624,0.74867,4833
2010-12-27,0.74867,0.75079,0.74542,0.74975,13410
2010-12-28,0.74975,0.76049,0.74893,0.75529,30199
2010-12-29,0.75529,0.76845,0.75366,0.76823,32314
2010-12-30,0.76823,0.77262,0.76608,0.77045,35718
2010-12-31,0.77045,0.78135,0.77025,0.77796,15927
2011-01-03,0.77796,0.77796,0.77276,0.77325,7117
2011-01-04,0.77325,0.77418,0.76404,0.76643,42653
2011-01-05,0.76643,0.76812,0.75608,0.75701,48744
2011-01-06,0.75701,0.7604,0.75538,0.75649,46334
2011-01-07,0.75649,0.7638,0.75499,0.76105,46259
2011-01-10,0.76105,0.76462,0.75722,0.7632,38370
2011-01-11,0.7632,0.7638,0.75612,0.76042,49831
2011-01-12,0.76042,0.76423,0.75628,0.76372,52227
2011-01-13,0.76372,0.77124,0.76093,0.77124,50557
2011-01-14,0.77124,0.7727,0.76348,0.76681,48310
2011-01-17,0.76681,0.77361,0.76681,0.77223,1273
2011-01-18,0.77223,0.77419,0.76925,0.77183,45639
2011-01-19,0.77183,0.77872,0.7683,0.76893,46305
2011-01-20,0.76893,0.76893,0.7532,0.75708,52789
2011-01-21,0.75708,0.75932,0.7525,0.75819,34934
2011-01-24,0.75819,0.76572,0.7565,0.76278,27687
2011-01-25,0.76278,0.76926,0.76222,0.76877,52842
2011-01-26,0.76877,0.77272,0.76428,0.77249,44239
2011-01-27,0.77249,0.77465,0.76717,0.77198,45529
2011-01-28,0.77198,0.77936,0.77053,0.77208,43302
2011-01-31,0.77208,0.77432,0.76843,0.77262,45724
2011-02-01,0.77262,0.78248,0.77115,0.7811,49875
2011-02-02,0.7811,0.78242,0.77167,0.77345,45254
2011-02-03,0.77345,0.7749,0.76897,0.77307,47680
2011-02-04,0.77307,0.77478,0.76661,0.76825,50581
2011-02-07,0.76825,0.77251,0.76776,0.76995,42385
2011-02-08,0.76995,0.77868,0.76957,0.77494,51607
2011-02-09,0.77494,0.77562,0.7702,0.77218,47305
2011-02-10,0.77218,0.77225,0.76246,0.76408,50073
2011-02-11,0.76408,0.76408,0.75533,0.76001,49023
2011-02-14,0.76001,0.76001,0.7544,0.7564,38592
2011-02-15,0.7564,0.75865,0.75057,0.75156,48176
2011-02-16,0.75156,0.75658,0.7507,0.75442,50540
2011-02-17,0.75442,0.76063,0.75375,0.7585,43498
2011-02-18,0.7585,0.7656,0.75827,0.76123,40467
2011-02-21,0.76123,0.76527,0.76062,0.76348,29403
2011-02-22,0.76348,0.764,0.7451,0.74615,58257
2011-02-23,0.74615,0.75128,0.74281,0.74534,53109
2011-02-24,0.74534,0.75097,0.7429,0.74698,55170
2011-02-25,0.74698,0.75278,0.74673,0.75128,41770
2011-02-28,0.75128,0.7554,0.74951,0.7521,39471
2011-03-01,0.7521,0.75324,0.74675,0.7469,43660
2011-03-02,0.7469,0.7482,0.73837,0.74288,45954
2011-03-03,0.74288,0.74733,0.73884,0.7407,43549
2011-03-04,0.7407,0.74075,0.7338,0.73831,38215
2011-03-07,0.73831,0.7402,0.73505,0.7365,34247
2011-03-08,0.7365,0.74179,0.73635,0.7392,42912
2011-03-09,0.7392,0.74164,0.73249,0.7364,38755
2011-03-10,0.7364,0.7379,0.73225,0.7352,51202
2011-03-11,0.7352,0.74555,0.73267,0.74349,49666
2011-03-14,0.74349,0.74349,0.73626,0.73927,42373
2011-03-15,0.73927,0.74055,0.72659,0.73158,73915
2011-03-16,0.73158,0.7358,0.72511,0.72755,65747
2011-03-17,0.72755,0.72755,0.71091,0.71757,58944
2011-03-18,0.71757,0.73209,0.71757,0.7311,51455
2011-03-21,0.7311,0.73604,0.72893,0.7354,29797
2011-03-22,0.7354,0.74471,0.73371,0.7397,46423
2011-03-23,0.7397,0.74332,0.73751,0.74045,45050
2011-03-24,0.74045,0.7521,0.73953,0.7486,48183
2011-03-25,0.7486,0.75756,0.74839,0.75309,42881
2011-03-28,0.75309,0.75538,0.74894,0.7511,34623
2011-03-29,0.7511,0.75815,0.74945,0.75607,41084
2011-03-30,0.75607,0.76368,0.75479,0.76223,39884
2011-03-31,0.76223,0.7647,0.75827,0.76138,42923
2011-04-01,0.76138,0.76825,0.75813,0.76752,38903
2011-04-04,0.76752,0.77043,0.76605,0.76785,36468
2011-04-05,0.76785,0.77237,0.76707,0.76835,40308
2011-04-06,0.76835,0.78075,0.76697,0.77935,45620
2011-04-07,0.77935,0.78069,0.77365,0.7787,46988
2011-04-08,0.7787,0.7835,0.77634,0.78253,42763
2011-04-11,0.78253,0.78475,0.77845,0.77969,34523
2011-04-12,0.77969,0.78844,0.77465,0.78266,56202
2011-04-13,0.78266,0.79288,0.7825,0.78907,46948
2011-04-14,0.78907,0.79569,0.78652,0.79365,53672
2011-04-15,0.79365,0.79964,0.79255,0.79919,41401
2011-04-18,0.79919,0.80015,0.78401,0.791,53769
2011-04-19,0.791,0.791,0.78224,0.78858,50007
2011-04-20,0.78858,0.80084,0.788,0.79735,49556
2011-04-21,0.79735,0.80377,0.79536,0.80028,47041
2011-04-22,0.80028,0.80362,0.7993,0.80132,9580
2011-04-25,0.80132,0.80368,0.79741,0.79905,8960
2011-04-26,0.79905,0.80716,0.7976,0.80315,32634
2011-04-27,0.80315,0.81068,0.80034,0.8068,48465
2011-04-28,0.8068,0.80828,0.79705,0.80213,51155
2011-04-29,0.80213,0.81078,0.80014,0.80946,31955
2011-05-02,0.80946,0.81211,0.8031,0.8062,36530
2011-05-03,0.8062,0.8065,0.79708,0.79852,46265
2011-05-04,0.79852,0.79948,0.78658,0.78933,63640
2011-05-05,0.78933,0.79412,0.78149,0.78409,67041
2011-05-06,0.78409,0.79738,0.78329,0.79033,81699
2011-05-09,0.79033,0.79598,0.78872,0.79494,59899
2011-05-10,0.79494,0.79615,0.78896,0.79464,61536
2011-05-11,0.79464,0.79738,0.78714,0.7885,65442
2011-05-12,0.7885,0.79918,0.78414,0.79544,82328
2011-05-13,0.79544,0.79657,0.78358,0.78722,58346
2011-05-16,0.78722,0.78722,0.77556,0.77955,60966
2011-05-17,0.77955,0.78485,0.77646,0.7848,72840
2011-05-18,0.7848,0.79121,0.7787,0.78888,64514
2011-05-19,0.78888,0.79378,0.78612,0.79077,62377
2011-05-20,0.79077,0.79991,0.7905,0.79714,57052
2011-05-23,0.79714,0.79714,0.78586,0.79009,67930
2011-05-24,0.79009,0.80154,0.78831,0.79605,61000
2011-05-25,0.79605,0.80124,0.7902,0.79855,66422
2011-05-26,0.79855,0.81237,0.79664,0.8112,64535
2011-05-27,0.8112,0.81977,0.80696,0.8161,55248
2011-05-30,0.8161,0.8218,0.81519,0.81617,15932
2011-05-31,0.81617,0.82635,0.816,0.82359,60122
2011-06-01,0.82359,0.8259,0.81316,0.81453,66369
2011-06-02,0.81453,0.81808,0.8109,0.81486,64261
2011-06-03,0.81486,0.8194,0.80727,0.81455,57960
2011-06-06,0.81455,0.81825,0.81196,0.8144,48897
2011-06-07,0.8144,0.82313,0.81338,0.8203,53358
2011-06-08,0.8203,0.82135,0.814,0.81425,60321
2011-06-09,0.81425,0.8301,0.81398,0.82475,57211
2011-06-10,0.82475,0.82818,0.82057,0.82123,55916
2011-06-13,0.82123,0.8219,0.81146,0.81527,54749
2011-06-14,0.81527,0.82145,0.81383,0.81778,55055
2011-06-15,0.81778,0.82065,0.80315,0.80637,63565
2011-06-16,0.80637,0.80726,0.79723,0.80451,72679
2011-06-17,0.80451,0.81384,0.80143,0.8119,60651
2011-06-20,0.8119,0.8119,0.80449,0.8097,29253
2011-06-21,0.8097,0.81465,0.80805,0.81247,43173
2011-06-22,0.81247,0.81944,0.81123,0.81447,47873
2011-06-23,0.81447,0.81778,0.8082,0.8136,55649
2011-06-24,0.8136,0.81739,0.80942,0.81049,51394
2011-06-27,0.81049,0.81049,0.80086,0.80545,49348
2011-06-28,0.80545,0.81244,0.8025,0.812,50550
2011-06-29,0.812,0.82621,0.81005,0.82505,50303
2011-06-30,0.82505,0.83188,0.82457,0.82907,46370
2011-07-01,0.82907,0.82932,0.8241,0.82759,42490
2011-07-04,0.82759,0.83111,0.82695,0.82961,32401
2011-07-05,0.82961,0.8332,0.82331,0.82511,40696
2011-07-06,0.82511,0.83019,0.82371,0.82684,44904
2011-07-07,0.82684,0.83437,0.82556,0.83338,42488
2011-07-08,0.83338,0.8376,0.82893,0.83729,41327
2011-07-11,0.83729,0.83729,0.82736,0.82887,50435
2011-07-12,0.82887,0.83028,0.81105,0.81777,72917
2011-07-13,0.81777,0.83845,0.81537,0.83715,66128
2011-07-14,0.83715,0.85056,0.83386,0.84127,64214
2011-07-15,0.84127,0.84686,0.83799,0.8466,50467
2011-07-18,0.8466,0.84902,0.84108,0.84475,49949
2011-07-19,0.84475,0.85729,0.84293,0.85556,48130
2011-07-20,0.85556,0.85683,0.85266,0.85599,40802
2011-07-21,0.85599,0.86428,0.85379,0.8627,44897
2011-07-22,0.8627,0.86748,0.85825,0.86422,38551
2011-07-25,0.86422,0.86768,0.86162,0.86389,37022
2011-07-26,0.86389,0.87428,0.86118,0.87045,44291
2011-07-27,0.87045,0.87654,0.86796,0.86897,46940
2011-07-28,0.86897,0.87533,0.86742,0.87105,45400
2011-07-29,0.87105,0.87952,0.86218,0.87895,49582
2011-08-01,0.87895,0.88425,0.87328,0.87625,38426
2011-08-02,0.87625,0.87845,0.86599,0.86625,55826
2011-08-03,0.86625,0.86784,0.85754,0.8633,63218
2011-08-04,0.8633,0.86677,0.83494,0.83603,67552
2011-08-05,0.83603,0.84662,0.82732,0.84395,77879
2011-08-08,0.84395,0.84395,0.82021,0.8205,73690
2011-08-09,0.8205,0.83891,0.7964,0.83667,86183
2011-08-10,0.83667,0.84157,0.80615,0.81087,37812
2011-08-11,0.81087,0.8334,0.80729,0.8313,38095
2011-08-12,0.8313,0.83425,0.81799,0.83216,27709
2011-08-15,0.83216,0.83898,0.82725,0.83251,19888
2011-08-16,0.83251,0.83811,0.82714,0.8356,27023
2011-08-17,0.8356,0.84251,0.83118,0.83703,22648
2011-08-18,0.83703,0.83782,0.81951,0.82113,27745
2011-08-19,0.82113,0.82894,0.81711,0.8183,28612
2011-08-22,0.8183,0.82786,0.81587,0.82343,24472
2011-08-23,0.82343,0.83677,0.82121,0.83577,25894
2011-08-24,0.83577,0.836,0.82615,0.82821,24971
2011-08-25,0.82821,0.83289,0.8256,0.82615,24132
2011-08-26,0.82615,0.84175,0.82602,0.83976,25329
2011-08-29,0.83976,0.84681,0.83846,0.84595,14826
2011-08-30,0.84595,0.85588,0.8457,0.85275,23224
2011-08-31,0.85275,0.85718,0.85028,0.85386,21310
2011-09-01,0.85386,0.854,0.84731,0.85065,22461
2011-09-02,0.85065,0.85446,0.84279,0.84572,23216
2011-09-05,0.84572,0.84572,0.82918,0.83197,19370
2011-09-06,0.83197,0.83884,0.82056,0.82265,33225
2011-09-07,0.82265,0.8325,0.82172,0.83175,23091
2011-09-08,0.83175,0.83827,0.8304,0.83073,25362
2011-09-09,0.83073,0.83718,0.81911,0.82169,28254
2011-09-12,0.82169,0.82427,0.8118,0.82284,36472
2011-09-13,0.82284,0.82714,0.81791,0.8227,31759
2011-09-14,0.8227,0.82647,0.81412,0.8226,36718
2011-09-15,0.8226,0.82807,0.81199,0.82342,33116
2011-09-16,0.82342,0.83411,0.8204,0.82873,32612
2011-09-19,0.82873,0.82873,0.81708,0.82469,29076
2011-09-20,0.82469,0.8265,0.81627,0.82412,33690
2011-09-21,0.82412,0.82454,0.79941,0.80114,34448
2011-09-22,0.80114,0.80641,0.77515,0.77991,56308
2011-09-23,0.77991,0.78932,0.77236,0.77455,47465
2011-09-26,0.77455,0.78077,0.76372,0.77999,59790
2011-09-27,0.77999,0.79583,0.77663,0.78825,36668
2011-09-28,0.78825,0.79015,0.77586,0.77664,49455
2011-09-29,0.77664,0.7833,0.76506,0.77081,55467
2011-09-30,0.77081,0.7709,0.76067,0.76214,47534
2011-10-03,0.76214,0.76418,0.75235,0.75247,49607
2011-10-04,0.75247,0.763,0.74682,0.75947,63603
2011-10-05,0.75947,0.76702,0.75519,0.76603,49602
2011-10-06,0.76603,0.77272,0.76246,0.77138,50897
2011-10-07,0.77138,0.7797,0.76743,0.77057,45117
2011-10-10,0.77057,0.78577,0.76745,0.78375,36823
2011-10-11,0.78375,0.78477,0.77607,0.77959,42978
2011-10-12,0.77959,0.79957,0.77419,0.79548,40015
2011-10-13,0.79548,0.79663,0.78896,0.79504,43938
2011-10-14,0.79504,0.80521,0.79077,0.80503,38571
2011-10-17,0.80503,0.80675,0.79075,0.79137,40110
2011-10-18,0.79137,0.80086,0.78602,0.79534,49017
2011-10-19,0.79534,0.80069,0.78993,0.79161,44651
2011-10-20,0.79161,0.79905,0.78723,0.79265,52836
2011-10-21,0.79265,0.80311,0.78998,0.80305,39031
2011-10-24,0.80305,0.8109,0.7992,0.80717,33139
2011-10-25,0.80717,0.80776,0.79409,0.79697,45144
2011-10-26,0.79697,0.80107,0.79139,0.80074,47480
2011-10-27,0.80074,0.82302,0.79838,0.82251,47936
2011-10-28,0.82251,0.82416,0.81652,0.8226,36647
2011-10-31,0.8226,0.82273,0.80594,0.80658,36633
2011-11-01,0.80658,0.81061,0.79196,0.79509,50866
2011-11-02,0.79509,0.7981,0.78658,0.79065,44228
2011-11-03,0.79065,0.7968,0.78057,0.79535,55675
2011-11-04,0.79535,0.79658,0.78823,0.79494,39889
2011-11-07,0.79494,0.79979,0.79161,0.79709,36629
2011-11-08,0.79709,0.79909,0.79226,0.79805,43492
2011-11-09,0.79805,0.79867,0.78074,0.78133,49121
2011-11-10,0.78133,0.78214,0.77318,0.77711,53389
2011-11-11,0.77711,0.78715,0.77452,0.78587,36146
2011-11-14,0.78587,0.79259,0.77611,0.77997,56544
2011-11-15,0.77997,0.78077,0.76704,0.77115,67993
2011-11-16,0.77115,0.77235,0.76255,0.76555,76116
2011-11-17,0.76555,0.76849,0.75661,0.75814,83925
2011-11-18,0.75814,0.76495,0.75521,0.75627,72297
2011-11-21,0.75627,0.75764,0.74484,0.74646,71335
2011-11-22,0.74646,0.75139,0.74405,0.74741,67337
2011-11-23,0.74741,0.7504,0.73857,0.73978,72474
2011-11-24,0.73978,0.7455,0.7392,0.7412,50419
2011-11-25,0.7412,0.74417,0.73705,0.73894,58609
2011-11-28,0.73894,0.75742,0.73894,0.755,64026
2011-11-29,0.755,0.76519,0.75106,0.76057,70856
2011-11-30,0.76057,0.78223,0.75766,0.77992,75808
2011-12-01,0.77992,0.78137,0.77233,0.77927,68896
2011-12-02,0.77927,0.784,0.77621,0.77773,47453
2011-12-05,0.77773,0.78365,0.77613,0.77972,55397
2011-12-06,0.77972,0.78179,0.77387,0.7797,59855
2011-12-07,0.7797,0.78311,0.77502,0.7796,54000
2011-12-08,0.7796,0.78788,0.77106,0.77225,69009
2011-12-09,0.77225,0.77592,0.7637,0.77524,71074
2011-12-12,0.77524,0.77524,0.76097,0.76267,60477
2011-12-13,0.76267,0.76746,0.7552,0.75664,72113
2011-12-14,0.75664,0.75785,0.74873,0.75017,67637
2011-12-15,0.75017,0.75552,0.74612,0.75277,53598
2011-12-16,0.75277,0.76455,0.75277,0.76082,53040
2011-12-19,0.76082,0.76399,0.75421,0.75538,53643
2011-12-20,0.75538,0.77168,0.75502,0.7678,46339
2011-12-21,0.7678,0.77752,0.76527,0.77028,63990
2011-12-22,0.77028,0.77512,0.76654,0.7733,44003
2011-12-23,0.7733,0.77571,0.77177,0.77402,19736
2011-12-26,0.77402,0.77468,0.77288,0.7739,7062
2011-12-27,0.7739,0.77451,0.7704,0.77192,14985
2011-12-28,0.77192,0.7782,0.76724,0.76766,34025
2011-12-29,0.76766,0.77187,0.76507,0.77079,37903
2011-12-30,0.77079,0.78113,0.77071,0.77718,26516
2012-01-02,0.77718,0.78033,0.77099,0.77797,5678
2012-01-03,0.77797,0.79078,0.77794,0.78975,30714
2012-01-04,0.78975,0.79059,0.78531,0.78753,54688
2012-01-05,0.78753,0.78795,0.77922,0.77949,65541
2012-01-06,0.77949,0.78378,0.7774,0.7795,61004
2012-01-09,0.7795,0.78874,0.77753,0.78685,54774
2012-01-10,0.78685,0.7965,0.78648,0.79423,51312
2012-01-11,0.79423,0.79748,0.79247,0.79676,53061
2012-01-12,0.79676,0.7981,0.79089,0.79359,60302
2012-01-13,0.79359,0.7955,0.78651,0.79361,71680
2012-01-16,0.79361,0.79661,0.79106,0.7933,45231
2012-01-17,0.7933,0.80313,0.79286,0.79976,67502
2012-01-18,0.79976,0.80819,0.79965,0.80428,75619
2012-01-19,0.80428,0.80435,0.80012,0.80284,64371
2012-01-20,0.80284,0.80635,0.79954,0.80597,41658
2012-01-23,0.80597,0.81418,0.80454,0.80927,52492
2012-01-24,0.80927,0.81197,0.80551,0.8118,65672
2012-01-25,0.8118,0.81935,0.80409,0.8166,72809
2012-01-26,0.8166,0.82357,0.81495,0.82177,61181
2012-01-27,0.82177,0.82499,0.81883,0.82449,68492
2012-01-30,0.82449,0.82449,0.81551,0.8191,64062
2012-01-31,0.8191,0.83015,0.81754,0.82656,68174
2012-02-01,0.82656,0.83566,0.82131,0.83239,60282
2012-02-02,0.83239,0.83698,0.83105,0.83305,64957
2012-02-03,0.83305,0.83794,0.82951,0.83541,66279
2012-02-06,0.83541,0.83541,0.82864,0.83413,60801
2012-02-07,0.83413,0.83733,0.8314,0.83556,71782
2012-02-08,0.83556,0.8407,0.83253,0.83417,59130
2012-02-09,0.83417,0.83779,0.83204,0.83392,70856
2012-02-10,0.83392,0.83423,0.82492,0.82629,62060
2012-02-13,0.82629,0.83753,0.82629,0.83403,58167
2012-02-14,0.83403,0.83517,0.82732,0.83348,74903
2012-02-15,0.83348,0.84215,0.83237,0.83263,70184
2012-02-16,0.83263,0.83419,0.82448,0.83273,72541
2012-02-17,0.83273,0.8384,0.83161,0.83165,49090
2012-02-20,0.83165,0.84286,0.83165,0.83961,36829
2012-02-21,0.83961,0.84043,0.83262,0.83374,64093
2012-02-22,0.83374,0.83579,0.82635,0.82907,64891
2012-02-23,0.82907,0.8365,0.82638,0.8363,64023
2012-02-24,0.8363,0.83965,0.83491,0.83548,57730
2012-02-27,0.83548,0.84178,0.83224,0.8401,62024
2012-02-28,0.8401,0.8418,0.83493,0.83777,57842
2012-02-29,0.83777,0.84711,0.83305,0.83395,76948
2012-03-01,0.83395,0.84065,0.83226,0.83935,65895
2012-03-02,0.83935,0.8403,0.82856,0.82876,58181
2012-03-05,0.82876,0.8307,0.82025,0.82062,57627
2012-03-06,0.82062,0.8224,0.81002,0.81228,70104
2012-03-07,0.81228,0.82018,0.81157,0.81637,70017
2012-03-08,0.81637,0.82805,0.81399,0.82407,69474
2012-03-09,0.82407,0.8276,0.8193,0.82079,64175
2012-03-12,0.82079,0.82079,0.81366,0.81787,55244
2012-03-13,0.81787,0.8247,0.81767,0.82312,58659
2012-03-14,0.82312,0.82325,0.80685,0.80925,60978
2012-03-15,0.80925,0.82145,0.80607,0.81895,70099
2012-03-16,0.81895,0.8258,0.81781,0.82395,52865
2012-03-19,0.82395,0.8288,0.82332,0.82615,39571
2012-03-20,0.82615,0.82682,0.81378,0.81698,51825
2012-03-21,0.81698,0.8218,0.81169,0.81553,56595
2012-03-22,0.81553,0.81553,0.80585,0.80937,64107
2012-03-23,0.80937,0.81893,0.80907,0.81764,58770
2012-03-26,0.81764,0.82374,0.8142,0.82315,51498
2012-03-27,0.82315,0.82638,0.81975,0.82055,47675
2012-03-28,0.82055,0.8215,0.81501,0.81632,62065
2012-03-29,0.81632,0.81953,0.81159,0.81703,61061
2012-03-30,0.81703,0.82288,0.81635,0.81773,63907
2012-04-02,0.81773,0.82558,0.81773,0.82296,58975
2012-04-03,0.82296,0.82628,0.81662,0.81865,63665
2012-04-04,0.81865,0.81981,0.81243,0.81457,66801
2012-04-05,0.81457,0.8188,0.81248,0.81582,58891
2012-04-06,0.81582,0.82046,0.81406,0.81947,20393
2012-04-09,0.81947,0.82373,0.81512,0.8215,19612
2012-04-10,0.8215,0.824,0.81202,0.81483,61189
2012-04-11,0.81483,0.82205,0.81394,0.818,63782
2012-04-12,0.818,0.82798,0.81723,0.82786,67148
2012-04-13,0.82786,0.83183,0.82218,0.82218,67466
2012-04-16,0.82218,0.82506,0.81719,0.81986,73188
2012-04-17,0.81986,0.82348,0.81498,0.82053,62169
2012-04-18,0.82053,0.82275,0.81462,0.81583,64322
2012-04-19,0.81583,0.81984,0.81217,0.81331,76719
2012-04-20,0.81331,0.81844,0.81192,0.81807,58722
2012-04-23,0.81807,0.81885,0.80884,0.8134,56294
2012-04-24,0.8134,0.81585,0.80978,0.813,58679
2012-04-25,0.813,0.81525,0.81057,0.81252,62316
2012-04-26,0.81252,0.81898,0.81251,0.81483,56683
2012-04-27,0.81483,0.82325,0.81059,0.82121,65394
2012-04-30,0.82121,0.82349,0.81618,0.81843,47865
2012-05-01,0.81843,0.81885,0.81212,0.81498,40851
2012-05-02,0.81498,0.81535,0.80871,0.8106,51507
2012-05-03,0.8106,0.81065,0.79877,0.79963,53117
2012-05-04,0.79963,0.80193,0.79374,0.79514,51740
2012-05-07,0.79514,0.79685,0.79066,0.79457,55750
2012-05-08,0.79457,0.79732,0.7859,0.78757,60725
2012-05-09,0.78757,0.78824,0.78132,0.78405,65761
2012-05-10,0.78405,0.7902,0.78287,0.7851,73732
2012-05-11,0.7851,0.78791,0.78107,0.78222,74439
2012-05-14,0.78233,0.78243,0.77578,0.77657,66332
2012-05-15,0.77657,0.77975,0.76817,0.76918,71894
2012-05-16,0.76918,0.76964,0.76238,0.76421,91856
2012-05-17,0.76421,0.76813,0.76222,0.76348,94246
2012-05-18,0.76348,0.7651,0.75217,0.75575,95076
2012-05-21,0.75575,0.76577,0.75415,0.76485,81541
2012-05-22,0.76485,0.76768,0.75212,0.75415,85737
2012-05-23,0.75415,0.75516,0.74575,0.74979,100446
2012-05-24,0.74979,0.75746,0.74818,0.75315,97503
2012-05-25,0.75315,0.75855,0.75138,0.75303,82880
2012-05-28,0.75303,0.76459,0.75303,0.76149,60608
2012-05-29,0.76149,0.76485,0.7578,0.76283,100266
2012-05-30,0.76283,0.76324,0.75262,0.75303,119358
2012-05-31,0.75303,0.7576,0.75002,0.75331,115985
2012-06-01,0.75331,0.75678,0.74554,0.75365,94704
2012-06-04,0.75365,0.75949,0.75006,0.7564,93384
2012-06-05,0.7564,0.76038,0.75204,0.75582,106023
2012-06-06,0.75582,0.77097,0.7558,0.77063,116908
2012-06-07,0.77063,0.77534,0.76668,0.767,105900
2012-06-08,0.767,0.77203,0.76182,0.76975,119519
2012-06-11,0.76975,0.77856,0.76883,0.76897,110115
2012-06-12,0.76897,0.77778,0.767,0.77697,121847
2012-06-13,0.77697,0.78095,0.77213,0.7727,120598
2012-06-14,0.7727,0.7833,0.7727,0.78247,117047
2012-06-15,0.78247,0.79015,0.78091,0.78717,90944
2012-06-18,0.78717,0.7944,0.78717,0.79166,107046
2012-06-19,0.79166,0.79898,0.79082,0.79797,123650
2012-06-20,0.79797,0.79859,0.79155,0.79605,121060
2012-06-21,0.79605,0.80162,0.78527,0.78617,129919
2012-06-22,0.78617,0.79191,0.78464,0.78985,105249
2012-06-25,0.78985,0.78986,0.78439,0.78707,87253
2012-06-26,0.78707,0.7932,0.78662,0.79082,107149
2012-06-27,0.79082,0.79219,0.78755,0.79155,86738
2012-06-28,0.79155,0.79633,0.78397,0.78802,116617
2012-06-29,0.78802,0.80414,0.78488,0.80074,128222
2012-07-02,0.80074,0.80503,0.79997,0.80363,94753
2012-07-03,0.80363,0.8062,0.80138,0.80332,76248
2012-07-04,0.80332,0.80642,0.80239,0.8035,59986
2012-07-05,0.8035,0.80757,0.80055,0.80316,104113
2012-07-06,0.80316,0.80477,0.79565,0.79764,93449
2012-07-09,0.79764,0.79792,0.79285,0.79521,79743
2012-07-10,0.79521,0.79878,0.79297,0.79384,78349
2012-07-11,0.79384,0.79985,0.79315,0.79572,86696
2012-07-12,0.79572,0.79804,0.78613,0.78949,84840
2012-07-13,0.78949,0.7966,0.78889,0.79482,88800
2012-07-16,0.79482,0.79836,0.79394,0.79396,36180
2012-07-17,0.79396,0.80048,0.79303,0.7972,91245
2012-07-18,0.7972,0.80062,0.79242,0.80015,83382
2012-07-19,0.80015,0.80546,0.79922,0.80307,102520
2012-07-20,0.80307,0.8036,0.79782,0.79914,103539
2012-07-23,0.79914,0.79914,0.78665,0.78709,73373
2012-07-24,0.78709,0.79227,0.78392,0.78398,81076
2012-07-25,0.78398,0.79165,0.78066,0.78813,89859
2012-07-26,0.78813,0.80299,0.78807,0.80188,98343
2012-07-27,0.80188,0.81049,0.79909,0.80927,104585
2012-07-30,0.80927,0.81085,0.80715,0.80869,82116
2012-07-31,0.80869,0.81214,0.8078,0.80861,82524
2012-08-01,0.80861,0.81438,0.80679,0.80727,93174
2012-08-02,0.80727,0.81729,0.80678,0.80917,119804
2012-08-03,0.80917,0.81983,0.80862,0.8183,94237
2012-08-06,0.8183,0.8224,0.81627,0.81935,68119
2012-08-07,0.81935,0.82205,0.81466,0.81561,63831
2012-08-08,0.81561,0.81632,0.81183,0.81576,79220
2012-08-09,0.81576,0.81613,0.80982,0.81102,71201
2012-08-10,0.81102,0.81397,0.80832,0.81249,73685
2012-08-13,0.81249,0.81305,0.80767,0.80789,60378
2012-08-14,0.80789,0.81142,0.80435,0.8048,64812
2012-08-15,0.8048,0.80756,0.80371,0.80638,65851
2012-08-16,0.80638,0.81183,0.80552,0.80941,64228
2012-08-17,0.80941,0.81241,0.80615,0.80682,58767
2012-08-20,0.80682,0.81055,0.80589,0.80747,51207
2012-08-21,0.80747,0.81438,0.80742,0.81009,60904
2012-08-22,0.81009,0.81445,0.80764,0.81243,80667
2012-08-23,0.81243,0.81867,0.812,0.812,71914
2012-08-24,0.812,0.81411,0.80813,0.81051,62556
2012-08-27,0.81051,0.81263,0.80762,0.808,44098
2012-08-28,0.808,0.8088,0.80335,0.80399,62875
2012-08-29,0.80399,0.8057,0.79963,0.79985,62560
2012-08-30,0.79985,0.80314,0.79692,0.79761,60625
2012-08-31,0.79761,0.80428,0.79742,0.80283,77121
2012-09-03,0.80283,0.80283,0.79599,0.79599,46288
2012-09-04,0.79599,0.79964,0.79213,0.79428,63491
2012-09-05,0.79428,0.7959,0.79147,0.79463,80971
2012-09-06,0.79463,0.80313,0.79367,0.80133,84816
2012-09-07,0.80133,0.81254,0.80019,0.81175,88450
2012-09-10,0.81175,0.81335,0.80783,0.80785,51132
2012-09-11,0.80785,0.81947,0.80785,0.81658,74669
2012-09-12,0.81658,0.82373,0.81658,0.82,96213
2012-09-13,0.82,0.83248,0.81883,0.83104,76455
2012-09-14,0.83104,0.83533,0.82859,0.82897,78619
2012-09-17,0.82897,0.83047,0.82503,0.82608,64426
2012-09-18,0.82608,0.82852,0.82334,0.82695,75287
2012-09-19,0.82695,0.82951,0.8256,0.82676,68881
2012-09-20,0.82676,0.83029,0.82079,0.82895,81319
2012-09-21,0.82895,0.83369,0.82803,0.82818,75541
2012-09-24,0.82818,0.83055,0.81836,0.82282,57005
2012-09-25,0.82282,0.82837,0.82021,0.82149,73645
2012-09-26,0.82149,0.82488,0.81848,0.82428,81552
2012-09-27,0.82428,0.83257,0.82411,0.83163,82907
2012-09-28,0.83163,0.83561,0.82766,0.83003,84358
2012-10-01,0.83003,0.83235,0.82654,0.82765,60423
2012-10-02,0.82765,0.83371,0.82568,0.82734,77099
2012-10-03,0.82734,0.82737,0.8174,0.8192,73856
2012-10-04,0.8192,0.82337,0.81657,0.82184,76064
2012-10-05,0.82184,0.82659,0.81525,0.8176,62459
2012-10-08,0.8176,0.82232,0.81491,0.81911,66010
2012-10-09,0.81911,0.8238,0.81598,0.81769,73962
2012-10-10,0.81769,0.82065,0.81452,0.81659,66003
2012-10-11,0.81659,0.81907,0.81534,0.81716,63429
2012-10-12,0.81716,0.82097,0.81568,0.81615,61826
2012-10-15,0.81615,0.81955,0.81293,0.81854,51508
2012-10-16,0.81854,0.81869,0.81094,0.81431,45402
2012-10-17,0.81431,0.82264,0.81378,0.82171,46975
2012-10-18,0.82171,0.82303,0.81762,0.81833,44519
2012-10-19,0.81833,0.8206,0.81486,0.81561,42428
2012-10-22,0.81561,0.81886,0.81463,0.81756,47597
2012-10-23,0.81756,0.81838,0.81011,0.81169,52192
2012-10-24,0.81169,0.82094,0.81062,0.82043,52634
2012-10-25,0.82043,0.82427,0.81567,0.81771,45929
2012-10-26,0.81771,0.82367,0.81701,0.82262,52416
2012-10-29,0.82262,0.82305,0.81819,0.81919,44051
2012-10-30,0.81919,0.8234,0.81853,0.82059,42203
2012-10-31,0.82059,0.82286,0.81992,0.82244,58938
2012-11-01,0.82244,0.828,0.82112,0.82704,66301
2012-11-02,0.82704,0.82883,0.82389,0.8252,73679
2012-11-05,0.8252,0.82654,0.82306,0.82518,56065
2012-11-06,0.82518,0.82915,0.82484,0.82707,63325
2012-11-07,0.82707,0.83088,0.81807,0.81821,78391
2012-11-08,0.81821,0.82,0.81441,0.81547,68885
2012-11-09,0.81547,0.81768,0.81236,0.8141,54922
2012-11-12,0.8141,0.8186,0.81388,0.81763,38915
2012-11-13,0.81763,0.82033,0.81571,0.81586,51367
2012-11-14,0.81586,0.81814,0.80873,0.81039,51575
2012-11-15,0.81039,0.81302,0.80793,0.80918,48625
2012-11-16,0.80918,0.81275,0.80526,0.81248,50296
2012-11-19,0.81248,0.82028,0.81206,0.8199,44457
2012-11-20,0.8199,0.82004,0.81452,0.81702,49103
2012-11-21,0.81702,0.81749,0.81123,0.81454,46967
2012-11-22,0.81454,0.81657,0.81343,0.81545,32041
2012-11-23,0.81545,0.82503,0.81524,0.82339,38034
2012-11-26,0.82339,0.82465,0.82135,0.82193,38240
2012-11-27,0.82193,0.82383,0.81929,0.82037,48986
2012-11-28,0.82037,0.82402,0.81924,0.82362,51197
2012-11-29,0.82362,0.82676,0.82084,0.82264,48466
2012-11-30,0.82264,0.82374,0.81742,0.82007,48289
2012-12-03,0.82007,0.82252,0.81708,0.82082,43709
2012-12-04,0.82082,0.82603,0.82011,0.82377,44502
2012-12-05,0.82377,0.82936,0.82329,0.82868,42740
2012-12-06,0.82868,0.83492,0.82824,0.83259,51923
2012-12-07,0.83259,0.83357,0.83099,0.8327,41220
2012-12-10,0.8327,0.83541,0.83172,0.83476,34854
2012-12-11,0.83476,0.83974,0.83349,0.83917,39961
2012-12-12,0.83917,0.84534,0.83863,0.84355,42229
2012-12-13,0.84355,0.846,0.84215,0.84298,36882
2012-12-14,0.84298,0.84764,0.83952,0.84613,41250
2012-12-17,0.84613,0.84747,0.84255,0.84489,37716
2012-12-18,0.84489,0.8453,0.84009,0.84146,39343
2012-12-19,0.84146,0.84225,0.83323,0.83397,45269
2012-12-20,0.83397,0.83666,0.83184,0.83388,43802
2012-12-21,0.83388,0.83457,0.82138,0.8222,43836
2012-12-24,0.8222,0.82512,0.82115,0.82245,21400
2012-12-25,0.82284,0.82305,0.82163,0.82237,0
2012-12-26,0.82245,0.82294,0.81559,0.81953,21497
2012-12-27,0.81953,0.8227,0.81631,0.82075,33782
2012-12-28,0.82075,0.82265,0.81809,0.81969,34981
2012-12-31,0.81969,0.82696,0.8179,0.82679,24673
2013-01-01,0.82912,0.82912,0.82638,0.82912,0
2013-01-02,0.82679,0.8393,0.82679,0.83403,37677
2013-01-03,0.83403,0.83515,0.82719,0.828,43988
2013-01-04,0.828,0.83235,0.82135,0.8317,46002
2013-01-07,0.8317,0.83762,0.82865,0.83716,42011
2013-01-08,0.83716,0.83815,0.8335,0.83655,48295
2013-01-09,0.83655,0.84094,0.83505,0.83963,49310
2013-01-10,0.83963,0.84582,0.83839,0.8458,58011
2013-01-11,0.8458,0.84602,0.83625,0.83637,56233
2013-01-14,0.83637,0.84401,0.83621,0.84295,48897
2013-01-15,0.84295,0.84391,0.83728,0.83966,56470
2013-01-16,0.83966,0.843,0.83673,0.84101,48711
2013-01-17,0.84101,0.84267,0.8323,0.83603,46752
2013-01-18,0.83603,0.83817,0.83352,0.83622,42685
2013-01-21,0.83622,0.83731,0.83334,0.83593,21912
2013-01-22,0.83593,0.84298,0.83553,0.84078,43862
2013-01-23,0.84078,0.84405,0.8391,0.8422,33994
2013-01-24,0.8422,0.84469,0.83748,0.83774,47464
2013-01-25,0.83774,0.83938,0.83545,0.83753,40819
2013-01-28,0.83753,0.83753,0.82803,0.83396,39064
2013-01-29,0.83396,0.83963,0.83259,0.83935,40651
2013-01-30,0.83935,0.83935,0.82945,0.83594,42807
2013-01-31,0.83594,0.84225,0.83434,0.83891,46200
2013-02-01,0.83891,0.84709,0.83745,0.84471,53633
2013-02-04,0.84796,0.84802,0.84244,0.84313,41777
2013-02-05,0.84313,0.84653,0.84114,0.84502,50295
2013-02-06,0.84502,0.84608,0.83826,0.83888,46460
2013-02-07,0.83888,0.84013,0.82973,0.83307,53232
2013-02-08,0.83307,0.83889,0.83255,0.83576,42827
2013-02-11,0.83641,0.83791,0.83098,0.83498,38398
2013-02-12,0.83498,0.84372,0.83331,0.84047,43047
2013-02-13,0.84047,0.84577,0.83944,0.845,41881
2013-02-14,0.845,0.85158,0.84494,0.85111,49960
2013-02-15,0.85111,0.85338,0.84335,0.84405,41099
2013-02-18,0.84409,0.84643,0.84191,0.84519,33442
2013-02-19,0.84519,0.84893,0.84043,0.8469,40222
2013-02-20,0.8469,0.84697,0.83273,0.83568,47124
2013-02-21,0.83568,0.8363,0.83139,0.83387,46024
2013-02-22,0.83387,0.83976,0.83335,0.83753,40952
2013-02-25,0.83636,0.84172,0.83209,0.83238,57732
2013-02-26,0.83238,0.8353,0.82238,0.82495,62742
2013-02-27,0.82495,0.82855,0.8226,0.82771,51463
2013-02-28,0.82771,0.83241,0.82392,0.82471,50400
2013-03-01,0.82471,0.82948,0.82157,0.82504,46868
2013-03-04,0.82312,0.82788,0.81929,0.82757,36982
2013-03-05,0.82757,0.83325,0.82563,0.83095,41375
2013-03-06,0.83095,0.83497,0.82741,0.8283,41987
2013-03-07,0.8283,0.83138,0.82606,0.82829,45640
2013-03-08,0.82829,0.82943,0.81872,0.8214,44159
2013-03-11,0.81989,0.82846,0.8192,0.82799,35187
2013-03-12,0.82799,0.82805,0.82317,0.8268,41385
2013-03-13,0.8268,0.82763,0.81621,0.8182,56062
2013-03-14,0.8182,0.82352,0.81654,0.82192,69578
2013-03-15,0.82192,0.82793,0.81932,0.8274,56085
2013-03-18,0.82232,0.8268,0.82175,0.8266,59391
2013-03-19,0.8266,0.82693,0.82279,0.82457,63672
2013-03-20,0.82457,0.82536,0.82104,0.82207,60901
2013-03-21,0.82207,0.83451,0.81913,0.83158,72790
2013-03-22,0.83158,0.83626,0.83074,0.83532,64913
2013-03-25,0.8342,0.8371,0.83353,0.83493,78957
2013-03-26,0.83493,0.83945,0.83365,0.83901,65897
2013-03-27,0.83901,0.83965,0.83433,0.83687,58601
2013-03-28,0.83687,0.83853,0.83513,0.83673,57106
2013-03-29,0.83673,0.83771,0.8358,0.83599,26998
2013-04-01,0.83557,0.83848,0.83509,0.83689,23238
2013-04-02,0.83689,0.84453,0.83658,0.84167,53011
2013-04-03,0.84167,0.84486,0.83972,0.84164,51842
2013-04-04,0.84164,0.84374,0.83636,0.84214,64793
2013-04-05,0.84214,0.84364,0.8374,0.84337,67624
2013-04-08,0.8405,0.84752,0.8404,0.84587,59189
2013-04-09,0.84587,0.85367,0.8454,0.85241,48360
2013-04-10,0.85241,0.85788,0.85148,0.8574,48414
2013-04-11,0.8574,0.86763,0.8561,0.8631,56060
2013-04-12,0.8631,0.86429,0.85473,0.85848,47066
2013-04-15,0.85615,0.85815,0.83774,0.8405,78351
2013-04-16,0.8405,0.85079,0.83985,0.84944,71098
2013-04-17,0.84944,0.851,0.84274,0.84385,67605
2013-04-18,0.84385,0.8469,0.8402,0.84116,74448
2013-04-19,0.84116,0.84912,0.84028,0.8416,64276
2013-04-22,0.83987,0.84615,0.83931,0.84217,57675
2013-04-23,0.84217,0.84323,0.83609,0.83939,71433
2013-04-24,0.83939,0.84879,0.83939,0.8475,67605
2013-04-25,0.8475,0.8563,0.84667,0.84984,61159
2013-04-26,0.84984,0.85385,0.84693,0.84773,62917
2013-04-29,0.84774,0.85757,0.8475,0.85652,55646
2013-04-30,0.85652,0.85861,0.85419,0.85626,59847
2013-05-01,0.85626,0.85828,0.84811,0.8498,62223
2013-05-02,0.8498,0.85119,0.84552,0.84935,64085
2013-05-03,0.84935,0.85497,0.84739,0.85314,49504
2013-05-06,0.85221,0.85563,0.84852,0.85131,43659
2013-05-07,0.85131,0.85239,0.84234,0.84561,55963
2013-05-08,0.84561,0.84661,0.83608,0.84012,61572
2013-05-09,0.84012,0.84817,0.8352,0.83905,74862
2013-05-10,0.83905,0.84183,0.82589,0.83032,84449
2013-05-13,0.82772,0.83182,0.82288,0.82488,106510
2013-05-14,0.82488,0.83021,0.8181,0.81957,103510
2013-05-15,0.81957,0.82558,0.81745,0.82371,112302
2013-05-16,0.82371,0.82718,0.81392,0.81533,124057
2013-05-17,0.81533,0.8178,0.80605,0.80639,104089
2013-05-20,0.80822,0.81802,0.80785,0.81699,71414
2013-05-21,0.81699,0.82127,0.81182,0.81682,73471
2013-05-22,0.81682,0.82053,0.80568,0.80746,89146
2013-05-23,0.80746,0.8172,0.80063,0.81323,92526
2013-05-24,0.81323,0.81479,0.80668,0.80856,72526
2013-05-27,0.80994,0.81097,0.80622,0.80774,53050
2013-05-28,0.80774,0.81271,0.80607,0.80781,75827
2013-05-29,0.80781,0.81626,0.80495,0.8094,85306
2013-05-30,0.8094,0.81253,0.80043,0.80711,92633
2013-05-31,0.80711,0.81035,0.79386,0.79406,93781
2013-06-03,0.79649,0.8119,0.79426,0.80869,90831
2013-06-04,0.80869,0.81051,0.79678,0.80136,85862
2013-06-05,0.80136,0.80613,0.79281,0.79676,98442
2013-06-06,0.79676,0.81029,0.7903,0.80299,102759
2013-06-07,0.80299,0.80299,0.78585,0.78769,109011
2013-06-10,0.78179,0.7924,0.78168,0.79011,87517
2013-06-11,0.79011,0.79109,0.77606,0.78681,113312
2013-06-12,0.78681,0.80235,0.7861,0.79756,100166
2013-06-13,0.79756,0.81106,0.78946,0.80969,108841
2013-06-14,0.80969,0.81369,0.8038,0.80406,88070
2013-06-17,0.80409,0.80994,0.79673,0.79895,65518
2013-06-18,0.79895,0.80216,0.79486,0.79802,73171
2013-06-19,0.79802,0.80536,0.78556,0.78899,80381
2013-06-20,0.78899,0.78955,0.77121,0.7755,116624
2013-06-21,0.7755,0.7807,0.77,0.77421,98925
2013-06-24,0.77445,0.779,0.76831,0.7749,110343
2013-06-25,0.7749,0.77957,0.76972,0.77299,91441
2013-06-26,0.77299,0.78612,0.77177,0.77825,89936
2013-06-27,0.77825,0.78529,0.77693,0.77919,86382
2013-06-28,0.77919,0.78213,0.77072,0.77374,100880
2013-07-01,0.77085,0.78309,0.77085,0.78134,83935
2013-07-02,0.78134,0.78299,0.77365,0.77483,92045
2013-07-03,0.77483,0.77905,0.77103,0.77777,102025
2013-07-04,0.77777,0.78586,0.77614,0.78293,86747
2013-07-05,0.78293,0.78419,0.76878,0.7698,82453
2013-07-08,0.76907,0.782,0.76907,0.77978,58064
2013-07-09,0.77978,0.78848,0.77621,0.78477,76395
2013-07-10,0.78477,0.78835,0.77795,0.78354,81529
2013-07-11,0.78354,0.79698,0.77648,0.78511,110420
2013-07-12,0.78511,0.78787,0.7752,0.77699,75172
2013-07-15,0.77699,0.78267,0.77314,0.78062,68208
2013-07-16,0.78062,0.78999,0.77889,0.7891,77634
2013-07-17,0.7891,0.79393,0.78412,0.79051,91344
2013-07-18,0.79051,0.79236,0.78485,0.78981,76051
2013-07-19,0.78981,0.799,0.78797,0.79242,73062
2013-07-22,0.78904,0.79763,0.78904,0.79665,75764
2013-07-23,0.79665,0.80087,0.79547,0.79944,85753
2013-07-24,0.79944,0.80127,0.79053,0.79304,95837
2013-07-25,0.79304,0.81065,0.79304,0.80779,96853
2013-07-26,0.80779,0.81047,0.80544,0.80771,80482
2013-07-29,0.80682,0.80989,0.80378,0.80394,55110
2013-07-30,0.80317,0.80385,0.79575,0.79839,81036
2013-07-31,0.79839,0.80152,0.79314,0.79842,103903
2013-08-01,0.79842,0.79858,0.78525,0.78896,80782
2013-08-02,0.78896,0.79349,0.78164,0.78362,81468
2013-08-05,0.77462,0.78273,0.77366,0.78193,77612
2013-08-06,0.78193,0.79181,0.78156,0.79,75957
2013-08-07,0.79,0.79977,0.788,0.79676,84474
2013-08-08,0.79676,0.80473,0.79336,0.80074,88000
2013-08-09,0.80074,0.8057,0.79839,0.80258,74740
2013-08-12,0.80232,0.80574,0.79925,0.80084,59443
2013-08-13,0.80084,0.80112,0.79346,0.79604,78442
2013-08-14,0.79604,0.80511,0.79584,0.80258,69955
2013-08-15,0.80258,0.81038,0.79951,0.80727,96042
2013-08-16,0.80727,0.81281,0.80499,0.80935,74783
2013-08-19,0.81074,0.81631,0.80578,0.80636,70163
2013-08-20,0.80636,0.80748,0.79526,0.7977,80489
2013-08-21,0.7977,0.79821,0.78415,0.78435,88103
2013-08-22,0.78435,0.78655,0.78044,0.78274,84387
2013-08-23,0.78274,0.78584,0.77614,0.78015,70531
2013-08-26,0.77968,0.78735,0.7784,0.78507,55182
2013-08-27,0.78507,0.78594,0.77652,0.7796,74978
2013-08-28,0.7796,0.78079,0.77438,0.77977,75748
2013-08-29,0.77977,0.784,0.77503,0.77675,68609
2013-08-30,0.77675,0.77969,0.77196,0.77209,64322
2013-09-02,0.77572,0.78325,0.77382,0.78071,54981
2013-09-03,0.78071,0.78403,0.77761,0.77962,76612
2013-09-04,0.77962,0.79276,0.77934,0.79055,67662
2013-09-05,0.79055,0.7915,0.78554,0.78804,60277
2013-09-06,0.78804,0.80223,0.78804,0.79959,63273
2013-09-09,0.79928,0.80314,0.79609,0.80159,52583
2013-09-10,0.80159,0.8076,0.80072,0.80655,61435
2013-09-11,0.80655,0.80907,0.80373,0.80731,59214
2013-09-12,0.80731,0.81574,0.80731,0.81372,68844
2013-09-13,0.81372,0.81696,0.80954,0.8122,57115
2013-09-16,0.82109,0.82261,0.81559,0.8169,59618
2013-09-17,0.8169,0.82486,0.81572,0.82363,52227
2013-09-18,0.82363,0.83826,0.8206,0.83659,59345
2013-09-19,0.83659,0.84357,0.83263,0.8374,71234
2013-09-20,0.8374,0.84008,0.83544,0.83573,54216
2013-09-23,0.83444,0.83902,0.83437,0.83729,52963
2013-09-24,0.83729,0.83747,0.8256,0.82795,57208
2013-09-25,0.82795,0.82815,0.82169,0.82402,57618
2013-09-26,0.82402,0.83017,0.82328,0.82906,56891
2013-09-27,0.82906,0.83196,0.82476,0.82762,58820
2013-09-30,0.82699,0.83336,0.82508,0.82959,66798
2013-10-01,0.82959,0.83416,0.82398,0.82731,71259
2013-10-02,0.82731,0.83324,0.81926,0.83282,69550
2013-10-03,0.83282,0.83414,0.82761,0.82921,63506
2013-10-04,0.82921,0.83507,0.82798,0.83079,53583
2013-10-07,0.83072,0.83365,0.82706,0.83014,47014
2013-10-08,0.83014,0.83331,0.82697,0.82877,57495
2013-10-09,0.82877,0.83199,0.82725,0.82931,61245
2013-10-10,0.82931,0.8309,0.82319,0.82809,61380
2013-10-11,0.82809,0.83548,0.82671,0.83091,57526
2013-10-14,0.82972,0.83812,0.82972,0.83548,45342
2013-10-15,0.83548,0.84053,0.83377,0.83699,56770
2013-10-16,0.83699,0.84452,0.83699,0.84251,59336
2013-10-17,0.84251,0.8525,0.8408,0.84841,66866
2013-10-18,0.84841,0.85131,0.84477,0.85034,52021
2013-10-21,0.8483,0.85083,0.84376,0.84508,43211
2013-10-22,0.84508,0.85441,0.84315,0.85138,45638
2013-10-23,0.85138,0.85188,0.83574,0.839,66300
2013-10-24,0.839,0.84455,0.83198,0.83529,61357
2013-10-25,0.83529,0.83585,0.8269,0.8269,54351
2013-10-28,0.82745,0.83325,0.8272,0.82993,43788
2013-10-29,0.82993,0.83047,0.82341,0.82465,62003
2013-10-30,0.82465,0.82865,0.81925,0.82639,59167
2013-10-31,0.82639,0.83104,0.82308,0.82585,68454
2013-11-01,0.82585,0.82859,0.82104,0.82522,54019
2013-11-04,0.82492,0.83128,0.8248,0.82798,47229
2013-11-05,0.82798,0.83665,0.82594,0.83635,61488
2013-11-06,0.83635,0.84149,0.83518,0.83763,50367
2013-11-07,0.83763,0.83959,0.8307,0.8319,71645
2013-11-08,0.8319,0.8349,0.82249,0.82392,76027
2013-11-11,0.82562,0.82883,0.8228,0.82512,44711
2013-11-12,0.82512,0.82612,0.81678,0.82203,63966
2013-11-13,0.82203,0.82924,0.81949,0.82854,59295
2013-11-14,0.82854,0.83564,0.82315,0.82731,70183
2013-11-15,0.82731,0.83429,0.82654,0.83407,50559
2013-11-18,0.83494,0.84054,0.8329,0.83327,54065
2013-11-19,0.83327,0.83737,0.83094,0.83691,52566
2013-11-20,0.83691,0.8394,0.82536,0.827,66513
2013-11-21,0.827,0.82767,0.8175,0.82048,73724
2013-11-22,0.82048,0.82437,0.81244,0.81829,63144
2013-11-25,0.81692,0.8229,0.81692,0.82019,56548
2013-11-26,0.82019,0.82652,0.81535,0.81919,61237
2013-11-27,0.81919,0.82114,0.81154,0.81471,61048
2013-11-28,0.81471,0.81771,0.81134,0.81165,51879
2013-11-29,0.81165,0.81654,0.80845,0.81266,56904
2013-12-02,0.81492,0.82242,0.81485,0.81848,110631
2013-12-03,0.81848,0.82602,0.81562,0.8242,115584
2013-12-04,0.8242,0.82434,0.81661,0.81919,143357
2013-12-05,0.81919,0.82288,0.8152,0.82175,140208
2013-12-06,0.82175,0.82924,0.81396,0.8272,141939
2013-12-09,0.82837,0.83213,0.82573,0.8281,106911
2013-12-10,0.8281,0.83348,0.8271,0.83102,104100
2013-12-11,0.83102,0.83128,0.82007,0.82575,126299
2013-12-12,0.82575,0.83202,0.82223,0.82486,139502
2013-12-13,0.82486,0.82708,0.81792,0.82611,104613
2013-12-16,0.82596,0.82876,0.82441,0.82582,90964
2013-12-17,0.82582,0.82877,0.8239,0.82688,95105
2013-12-18,0.82688,0.8289,0.81727,0.82364,136021
2013-12-19,0.82364,0.82373,0.81518,0.81904,114947
2013-12-20,0.81904,0.82235,0.81491,0.81913,115784
2013-12-23,0.8201,0.82163,0.8188,0.81965,83387
2013-12-24,0.81965,0.81984,0.81715,0.81834,45609
2013-12-25,0.81961,0.82176,0.81793,0.8188,0
2013-12-26,0.81834,0.81834,0.815,0.81601,44056
2013-12-27,0.81601,0.81939,0.81413,0.81449,100258
2013-12-30,0.81549,0.82232,0.81169,0.82017,72167
2013-12-31,0.82017,0.82434,0.8196,0.82281,36402
2014-01-01,0.82271,0.82291,0.82142,0.82271,0
2014-01-02,0.82281,0.82302,0.81391,0.81833,59538
2014-01-03,0.81833,0.83172,0.81778,0.82709,106304
2014-01-06,0.82682,0.83064,0.82516,0.82903,110676
2014-01-07,0.82903,0.8303,0.82537,0.82826,113341
2014-01-08,0.82826,0.83183,0.82512,0.82622,120862
2014-01-09,0.82622,0.82728,0.8232,0.82534,110869
2014-01-10,0.82534,0.83082,0.82031,0.82994,117837
2014-01-13,0.82854,0.83897,0.82837,0.83748,113559
2014-01-14,0.83748,0.84326,0.83587,0.83808,107909
2014-01-15,0.83808,0.83909,0.83238,0.83361,106986
2014-01-16,0.83361,0.8361,0.82964,0.83523,115668
2014-01-17,0.83523,0.83572,0.82439,0.82439,93891
2014-01-20,0.82454,0.83254,0.82123,0.83238,89519
2014-01-21,0.83238,0.83415,0.82963,0.83134,95722
2014-01-22,0.83134,0.83464,0.82967,0.83075,88727
2014-01-23,0.83075,0.83385,0.82618,0.82988,124421
2014-01-24,0.82988,0.83121,0.82159,0.82165,120621
2014-01-27,0.82185,0.82613,0.81967,0.82293,108779
2014-01-28,0.82293,0.8304,0.82204,0.82557,99671
2014-01-29,0.82557,0.82987,0.81777,0.82123,127235
2014-01-30,0.82123,0.82182,0.81259,0.81646,110152
2014-01-31,0.81646,0.8181,0.80622,0.80759,119821
2014-02-03,0.8097,0.81374,0.80775,0.80775,107948
2014-02-04,0.80775,0.82567,0.80516,0.8239,123452
2014-02-05,0.8239,0.82516,0.81878,0.82099,102174
2014-02-06,0.82099,0.82828,0.8209,0.82435,90878
2014-02-07,0.82435,0.82965,0.82122,0.82899,90301
2014-02-10,0.82759,0.82873,0.82568,0.82648,60591
2014-02-11,0.82648,0.8344,0.82617,0.83198,82481
2014-02-12,0.83198,0.83684,0.83038,0.83185,73138
2014-02-13,0.83185,0.83576,0.82927,0.83409,87570
2014-02-14,0.83409,0.83848,0.83195,0.83649,71841
2014-02-17,0.83641,0.83923,0.83525,0.83645,60253
2014-02-18,0.83645,0.83811,0.83014,0.83017,97103
2014-02-19,0.83017,0.8343,0.8269,0.82717,99390
2014-02-20,0.82717,0.83153,0.82426,0.83009,101496
2014-02-21,0.83009,0.83152,0.8265,0.82729,71914
2014-02-24,0.82838,0.83419,0.82605,0.83294,76818
2014-02-25,0.83294,0.83449,0.83173,0.83279,69809
2014-02-26,0.83279,0.83454,0.82815,0.83132,74410
2014-02-27,0.83132,0.83919,0.82917,0.83672,92178
2014-02-28,0.83672,0.84258,0.83593,0.83795,81682
2014-03-03,0.83549,0.83846,0.83429,0.83709,74292
2014-03-04,0.83709,0.84002,0.83509,0.83879,72685
2014-03-05,0.83879,0.84324,0.83752,0.84144,76560
2014-03-06,0.84144,0.85034,0.84067,0.84749,79753
2014-03-07,0.84749,0.85231,0.8445,0.84583,70433
2014-03-10,0.84549,0.84808,0.84406,0.84679,61127
2014-03-11,0.84679,0.8506,0.84605,0.84679,66068
2014-03-12,0.84679,0.85244,0.84343,0.85229,86967
2014-03-13,0.85229,0.86054,0.85117,0.85409,101790
2014-03-14,0.85409,0.8564,0.85241,0.85279,80195
2014-03-17,0.85279,0.85823,0.85246,0.85639,63387
2014-03-18,0.85639,0.86401,0.85415,0.86217,83218
2014-03-19,0.86217,0.86362,0.85296,0.85579,95216
2014-03-20,0.85579,0.85724,0.8501,0.85299,82884
2014-03-21,0.85299,0.85682,0.8519,0.85309,63321
2014-03-24,0.85409,0.85669,0.85154,0.85349,80873
2014-03-25,0.85349,0.85888,0.85325,0.85689,71704
2014-03-26,0.85689,0.86206,0.85687,0.85887,76537
2014-03-27,0.85887,0.86859,0.85865,0.86709,94611
2014-03-28,0.86709,0.86968,0.86502,0.86509,78163
2014-03-31,0.86609,0.86845,0.86414,0.86669,98782
2014-04-01,0.86669,0.87018,0.86359,0.86359,62376
2014-04-02,0.86359,0.86379,0.85467,0.85709,76949
2014-04-03,0.85709,0.85807,0.85144,0.85429,71333
2014-04-04,0.85429,0.86037,0.85311,0.85999,76163
2014-04-07,0.85752,0.86153,0.85726,0.86019,67798
2014-04-08,0.86019,0.86816,0.85899,0.86699,89491
2014-04-09,0.86699,0.87252,0.86455,0.87079,89839
2014-04-10,0.87079,0.87458,0.86769,0.86779,97129
2014-04-11,0.86779,0.8706,0.86241,0.86875,93415
2014-04-14,0.86739,0.86936,0.86306,0.86849,89873
2014-04-15,0.86849,0.86949,0.86257,0.86424,98326
2014-04-16,0.86424,0.86483,0.85783,0.86231,104837
2014-04-17,0.86231,0.86483,0.85621,0.85669,78010
2014-04-18,0.85669,0.8592,0.85649,0.85689,28949
2014-04-21,0.85664,0.86009,0.85553,0.85679,40976
2014-04-22,0.85679,0.86205,0.85609,0.85949,74479
2014-04-23,0.85949,0.86196,0.85655,0.85765,80855
2014-04-24,0.85765,0.8637,0.85464,0.85652,80547
2014-04-25,0.85652,0.85934,0.85524,0.85699,62412
2014-04-28,0.85728,0.85876,0.85254,0.85361,74693
2014-04-29,0.85361,0.85569,0.85166,0.85479,78792
2014-04-30,0.85479,0.86331,0.85452,0.86156,88515
2014-05-01,0.86156,0.86399,0.86004,0.86309,63824
2014-05-02,0.86309,0.867,0.85921,0.86659,95431
2014-05-05,0.86607,0.8687,0.86481,0.86749,66427
2014-05-06,0.86749,0.87795,0.86749,0.87378,98777
2014-05-07,0.87378,0.87441,0.86568,0.86579,106887
2014-05-08,0.86579,0.86719,0.86254,0.86439,119145
2014-05-09,0.86439,0.86517,0.8604,0.86139,79154
2014-05-12,0.86225,0.86378,0.86082,0.86169,72114
2014-05-13,0.86169,0.8669,0.86162,0.86249,75764
2014-05-14,0.86249,0.8678,0.86086,0.86664,80364
2014-05-15,0.86664,0.86957,0.86266,0.86399,89117
2014-05-16,0.86399,0.86552,0.86164,0.86164,67721
2014-05-19,0.86364,0.86548,0.86203,0.86249,62444
2014-05-20,0.86249,0.86351,0.85608,0.85729,85638
2014-05-21,0.85729,0.85948,0.85378,0.85739,89934
2014-05-22,0.85739,0.85888,0.85514,0.85619,81592
2014-05-23,0.85619,0.85743,0.85309,0.85379,83092
2014-05-26,0.85414,0.85573,0.85268,0.85449,83720
2014-05-27,0.85449,0.85793,0.853,0.85609,84402
2014-05-28,0.85609,0.85715,0.84702,0.84934,100994
2014-05-29,0.84934,0.85085,0.84517,0.84841,96013
2014-05-30,0.84841,0.85165,0.84723,0.84855,85153
2014-06-02,0.84873,0.84975,0.84409,0.84499,82164
2014-06-03,0.84499,0.8477,0.84183,0.84299,99355
2014-06-04,0.84299,0.84419,0.84023,0.84199,99030
2014-06-05,0.84199,0.85139,0.84177,0.84983,124328
2014-06-06,0.84983,0.85542,0.84811,0.84915,112331
2014-06-09,0.84907,0.85309,0.84803,0.84899,82597
2014-06-10,0.84899,0.85272,0.84899,0.85229,90973
2014-06-11,0.85229,0.8575,0.85223,0.85343,114501
2014-06-12,0.85343,0.87004,0.85175,0.86872,125932
2014-06-13,0.86872,0.86923,0.86449,0.86606,92100
2014-06-16,0.86664,0.86997,0.86576,0.86737,115500
2014-06-17,0.86737,0.86832,0.86423,0.86589,95459
2014-06-18,0.86589,0.87355,0.86521,0.87289,104604
2014-06-19,0.87289,0.87359,0.87034,0.87129,109710
2014-06-20,0.87129,0.87231,0.86813,0.86902,97100
2014-06-23,0.86963,0.87486,0.86924,0.87089,92733
2014-06-24,0.87089,0.87234,0.86704,0.86705,92809
2014-06-25,0.86705,0.8741,0.86619,0.87369,83436
2014-06-26,0.87369,0.87882,0.87273,0.87779,82952
2014-06-27,0.87779,0.87936,0.87537,0.87678,70774
2014-06-30,0.8775,0.87819,0.87278,0.87559,80115
2014-07-01,0.87559,0.8791,0.87501,0.87731,97458
2014-07-02,0.87731,0.87753,0.87475,0.87711,113995
2014-07-03,0.87711,0.87777,0.87175,0.8752,127995
2014-07-04,0.8752,0.87572,0.87312,0.8735,79563
2014-07-07,0.87466,0.87678,0.87138,0.87559,97941
2014-07-08,0.87559,0.88058,0.8739,0.8786,98007
2014-07-09,0.8786,0.88288,0.87814,0.88218,107994
2014-07-10,0.88218,0.88361,0.87942,0.88189,117615
2014-07-11,0.88189,0.8833,0.87991,0.88026,101871
2014-07-14,0.88021,0.88228,0.87945,0.88029,89742
2014-07-15,0.88029,0.88181,0.87499,0.87649,124026
2014-07-16,0.87649,0.877,0.86896,0.87095,126929
2014-07-17,0.87095,0.87198,0.86657,0.86675,131541
2014-07-18,0.86675,0.86942,0.86492,0.8679,112211
2014-07-21,0.86905,0.87198,0.86849,0.86869,85626
2014-07-22,0.86869,0.86971,0.8653,0.86656,82468
2014-07-23,0.86656,0.87082,0.86582,0.86989,78572
2014-07-24,0.86989,0.86997,0.85675,0.85712,96384
2014-07-25,0.85712,0.85861,0.85389,0.85447,89591
2014-07-28,0.8552,0.85609,0.85297,0.85463,93689
2014-07-29,0.85463,0.85572,0.84939,0.85028,114237
2014-07-30,0.85028,0.85148,0.8463,0.84902,151719
2014-07-31,0.84902,0.85187,0.84721,0.84962,137861
2014-08-01,0.84962,0.8535,0.84615,0.85058,140653
2014-08-04,0.84997,0.85276,0.8496,0.85214,93354
2014-08-05,0.85214,0.85309,0.84518,0.8463,121881
2014-08-06,0.8463,0.8487,0.84232,0.84733,106109
2014-08-07,0.84733,0.84946,0.8452,0.8471,92938
2014-08-08,0.8471,0.84897,0.84316,0.84605,93491
2014-08-11,0.84586,0.8475,0.84554,0.84573,63171
2014-08-12,0.84573,0.8463,0.84085,0.84344,77841
2014-08-13,0.84344,0.84792,0.84191,0.84545,84459
2014-08-14,0.84545,0.85146,0.84545,0.84913,83442
2014-08-15,0.84913,0.85019,0.84671,0.84792,76649
2014-08-18,0.84851,0.85007,0.84678,0.84773,58246
2014-08-19,0.84773,0.84839,0.84152,0.84152,92118
2014-08-20,0.84152,0.84349,0.8366,0.83719,110738
2014-08-21,0.83719,0.84131,0.83476,0.8404,91652
2014-08-22,0.8404,0.84303,0.83808,0.83941,98875
2014-08-25,0.83923,0.8395,0.83342,0.8342,100385
2014-08-26,0.8342,0.83499,0.83111,0.83308,105936
2014-08-27,0.83308,0.83813,0.83277,0.83729,109453
2014-08-28,0.83729,0.84077,0.83631,0.83816,113724
2014-08-29,0.83816,0.83978,0.83476,0.83476,86651
2014-09-01,0.83481,0.8389,0.83398,0.83768,87161
2014-09-02,0.83768,0.83906,0.82915,0.83134,108645
2014-09-03,0.83134,0.83325,0.82873,0.83226,114775
2014-09-04,0.83226,0.83507,0.82968,0.8303,133378
2014-09-05,0.8303,0.83479,0.82697,0.83167,123542
2014-09-08,0.83009,0.83289,0.82612,0.82723,115875
2014-09-09,0.82723,0.82852,0.82234,0.82426,161826
2014-09-10,0.82426,0.82667,0.8208,0.82179,156001
2014-09-11,0.82179,0.82235,0.81612,0.81839,154919
2014-09-12,0.81839,0.8196,0.81336,0.81336,121677
2014-09-15,0.81424,0.81808,0.81232,0.81745,100799
2014-09-16,0.81745,0.823,0.81453,0.81969,145581
2014-09-17,0.81969,0.82037,0.80773,0.80872,168221
2014-09-18,0.80872,0.81568,0.80769,0.81485,154285
2014-09-19,0.81485,0.81783,0.81105,0.81157,151069
2014-09-22,0.81409,0.817,0.80984,0.81186,124323
2014-09-23,0.81186,0.81464,0.80412,0.80474,142951
2014-09-24,0.80474,0.80933,0.80443,0.80708,124153
2014-09-25,0.80708,0.80784,0.79124,0.79199,178705
2014-09-26,0.79199,0.79564,0.78591,0.78635,147041
2014-09-29,0.78615,0.78685,0.77075,0.77589,181543
2014-09-30,0.77589,0.78307,0.77385,0.78076,169113
2014-10-01,0.78076,0.78604,0.77599,0.77824,184530
2014-10-02,0.77824,0.79286,0.77661,0.79013,210509
2014-10-03,0.79013,0.79121,0.77376,0.77635,151250
2014-10-06,0.77635,0.78663,0.7714,0.78325,148616
2014-10-07,0.78325,0.78729,0.77823,0.78309,201478
2014-10-08,0.78309,0.79146,0.7783,0.79061,200734
2014-10-09,0.79061,0.7974,0.78448,0.7862,165879
2014-10-10,0.7862,0.78782,0.77999,0.78062,159217
2014-10-13,0.78224,0.78978,0.77951,0.78887,167081
2014-10-14,0.78887,0.7917,0.78205,0.78382,154418
2014-10-15,0.78382,0.79955,0.7806,0.79858,246291
2014-10-16,0.79858,0.79968,0.78858,0.79494,270574
2014-10-17,0.79494,0.79684,0.78764,0.79117,182735
2014-10-20,0.79255,0.79804,0.79149,0.79657,136039
2014-10-21,0.79657,0.80345,0.79449,0.79541,172317
2014-10-22,0.79541,0.79904,0.79173,0.79287,147137
2014-10-23,0.79287,0.79297,0.78092,0.78225,158857
2014-10-24,0.78225,0.78813,0.7793,0.78507,124881
2014-10-27,0.78464,0.79026,0.78437,0.78934,106521
2014-10-28,0.78934,0.79585,0.78834,0.7919,122202
2014-10-29,0.7919,0.79774,0.77683,0.78011,154462
2014-10-30,0.78011,0.78601,0.77654,0.78387,177284
2014-10-31,0.78387,0.788,0.77755,0.7783,188857
2014-11-03,0.77697,0.7793,0.76977,0.77177,158112
2014-11-04,0.77177,0.78129,0.77096,0.78092,173411
2014-11-05,0.78092,0.78416,0.76848,0.77281,201282
2014-11-06,0.77281,0.77588,0.7668,0.76892,213684
2014-11-07,0.76892,0.77679,0.76603,0.77517,222139
2014-11-10,0.77645,0.78233,0.774,0.77471,138345
2014-11-11,0.77471,0.78419,0.77128,0.78075,179716
2014-11-12,0.78075,0.79058,0.77975,0.78761,214662
2014-11-13,0.78761,0.79286,0.78407,0.78793,175842
2014-11-14,0.78793,0.79397,0.78234,0.7906,207024
2014-11-17,0.7948,0.79749,0.79004,0.79063,163736
2014-11-18,0.79063,0.7974,0.79063,0.79225,162072
2014-11-19,0.79225,0.79255,0.78378,0.78514,181675
2014-11-20,0.78514,0.78815,0.78068,0.78595,207808
2014-11-21,0.78595,0.79465,0.78469,0.78776,189879
2014-11-24,0.78765,0.7911,0.78461,0.7853,122801
2014-11-25,0.7853,0.78658,0.77661,0.78087,213555
2014-11-26,0.78087,0.78933,0.78018,0.78661,184718
2014-11-27,0.78661,0.79267,0.78573,0.78666,154945
2014-11-28,0.78666,0.78686,0.78262,0.78309,156788
2014-12-01,0.78109,0.79116,0.77765,0.78577,186563
2014-12-02,0.78577,0.78908,0.77841,0.78043,157715
2014-12-03,0.78043,0.78078,0.77367,0.77573,164915
2014-12-04,0.77573,0.78216,0.77294,0.77791,185650
2014-12-05,0.77791,0.77837,0.76997,0.77047,168933
2014-12-08,0.76989,0.7704,0.76234,0.76482,194714
2014-12-09,0.76482,0.77618,0.76085,0.7677,272203
2014-12-10,0.7677,0.78324,0.76614,0.78121,246671
2014-12-11,0.78121,0.78709,0.77778,0.78164,278825
2014-12-12,0.78164,0.78407,0.77573,0.77676,200793
2014-12-15,0.77753,0.77927,0.7727,0.77416,202649
2014-12-16,0.77416,0.78491,0.77205,0.77961,251511
2014-12-17,0.77961,0.78001,0.76854,0.76957,240169
2014-12-18,0.76957,0.77671,0.76811,0.77561,198887
2014-12-19,0.77561,0.77959,0.77286,0.77286,174713
2014-12-22,0.77475,0.77702,0.77145,0.77211,111645
2014-12-23,0.77211,0.7756,0.76939,0.77066,102799
2014-12-24,0.77066,0.77359,0.77043,0.77181,78327
2014-12-25,0.77328,0.77477,0.77328,0.77328,0
2014-12-26,0.77181,0.77624,0.77181,0.77512,79464
2014-12-29,0.77564,0.77994,0.77428,0.77862,133698
2014-12-30,0.77862,0.78483,0.77707,0.78292,132871
2014-12-31,0.78292,0.78472,0.77918,0.77918,85735
2015-01-01,0.78009,0.78009,0.78009,0.78009,0
2015-01-02,0.77918,0.77918,0.76888,0.76899,112965
2015-01-05,0.76852,0.77193,0.76184,0.76825,165645
2015-01-06,0.76825,0.78095,0.7678,0.77586,212000
2015-01-07,0.77586,0.77947,0.77136,0.77759,193591
2015-01-08,0.77759,0.78292,0.77622,0.7821,173571
2015-01-09,0.7821,0.78506,0.77891,0.78257,191194
2015-01-12,0.78458,0.78653,0.77361,0.77823,162240
2015-01-13,0.77823,0.7803,0.77121,0.7737,184617
2015-01-14,0.7737,0.77801,0.76895,0.77109,216996
2015-01-15,0.77109,0.78899,0.76934,0.78213,276566
2015-01-16,0.78213,0.78562,0.77461,0.77815,189952
2015-01-19,0.77816,0.78081,0.77695,0.77724,311553
2015-01-20,0.77724,0.77818,0.76213,0.76375,245231
2015-01-21,0.76375,0.77101,0.75497,0.75506,250332
2015-01-22,0.75506,0.75836,0.74797,0.75033,267785
2015-01-23,0.75033,0.75274,0.74315,0.74387,264578
2015-01-26,0.74326,0.74689,0.7398,0.74243,199031
2015-01-27,0.74243,0.74778,0.74086,0.74455,203439
2015-01-28,0.74455,0.74943,0.73138,0.7316,210463
2015-01-29,0.7316,0.7348,0.72336,0.72598,213491
2015-01-30,0.72598,0.72952,0.72151,0.724,177765
2015-02-02,0.72382,0.7324,0.7238,0.72959,142648
2015-02-03,0.72959,0.74376,0.71762,0.73533,205597
2015-02-04,0.73533,0.74501,0.72879,0.73568,192656
2015-02-05,0.73568,0.7428,0.73416,0.7387,132994
2015-02-06,0.7387,0.74448,0.73328,0.73431,132809
2015-02-09,0.73547,0.74395,0.73335,0.74037,110513
2015-02-10,0.74037,0.74394,0.73835,0.74025,122837
2015-02-11,0.74025,0.74466,0.73517,0.73586,115772
2015-02-12,0.73586,0.74856,0.73133,0.74229,148110
2015-02-13,0.74229,0.74714,0.74114,0.74321,97593
2015-02-16,0.74798,0.75283,0.74698,0.74943,124760
2015-02-17,0.74943,0.75555,0.74818,0.7539,137787
2015-02-18,0.7539,0.75741,0.75019,0.75314,134810
2015-02-19,0.75314,0.75725,0.75067,0.75125,117077
2015-02-20,0.75125,0.75537,0.75096,0.75096,120389
2015-02-23,0.75204,0.75474,0.74871,0.75173,98823
2015-02-24,0.75173,0.75353,0.74215,0.74908,146332
2015-02-25,0.74908,0.75625,0.74745,0.75494,108622
2015-02-26,0.75494,0.76135,0.75155,0.75289,117898
2015-02-27,0.75289,0.75702,0.75136,0.75642,95429
2015-03-02,0.755,0.75628,0.75034,0.75055,84397
2015-03-03,0.75055,0.75736,0.74981,0.75425,90368
2015-03-04,0.75425,0.76102,0.75405,0.75825,98998
2015-03-05,0.75825,0.75965,0.74539,0.74748,99373
2015-03-06,0.74748,0.75153,0.73442,0.73442,117785
2015-03-09,0.73629,0.73901,0.73224,0.73508,96149
2015-03-10,0.73508,0.7359,0.72535,0.7271,147608
2015-03-11,0.7271,0.7307,0.71621,0.72919,173988
2015-03-12,0.72919,0.74449,0.72729,0.73837,165421
2015-03-13,0.73837,0.74083,0.73124,0.73218,109121
2015-03-16,0.73169,0.74097,0.73151,0.73614,115035
2015-03-17,0.73614,0.74043,0.72997,0.73043,104372
2015-03-18,0.73043,0.75464,0.72752,0.74775,163471
2015-03-19,0.74775,0.75378,0.73728,0.74068,186448
2015-03-20,0.74068,0.75919,0.74024,0.75635,153607
2015-03-23,0.75658,0.76754,0.75485,0.76519,192491
2015-03-24,0.76519,0.76972,0.76122,0.76517,165078
2015-03-25,0.76517,0.76922,0.75868,0.76025,133799
2015-03-26,0.76025,0.76639,0.75552,0.75918,160739
2015-03-27,0.75918,0.76119,0.7543,0.75619,133561
2015-03-30,0.75501,0.75666,0.74873,0.74904,109486
2015-03-31,0.74904,0.75107,0.7456,0.74615,122579
2015-04-01,0.74615,0.74909,0.73912,0.74481,141413
2015-04-02,0.74481,0.75171,0.74245,0.75048,126427
2015-04-03,0.75048,0.76303,0.7497,0.75868,81130
2015-04-06,0.75776,0.76224,0.75179,0.754,62576
2015-04-07,0.754,0.75602,0.74864,0.74917,123905
2015-04-08,0.74917,0.76076,0.74814,0.75499,133660
2015-04-09,0.75499,0.76074,0.75261,0.75615,113798
2015-04-10,0.75615,0.75981,0.75135,0.75182,96157
2015-04-13,0.75154,0.75377,0.74217,0.74529,118844
2015-04-14,0.74529,0.75529,0.7436,0.75162,139744
2015-04-15,0.75162,0.76176,0.7486,0.75848,149147
2015-04-16,0.75848,0.76982,0.75779,0.76638,177155
2015-04-17,0.76638,0.77405,0.76454,0.76725,157635
2015-04-20,0.76964,0.77239,0.76422,0.76553,126503
2015-04-21,0.76553,0.77128,0.76341,0.76703,137585
2015-04-22,0.76703,0.77378,0.76574,0.7665,148860
2015-04-23,0.7665,0.7665,0.75363,0.75899,171557
2015-04-24,0.75899,0.76093,0.75429,0.75897,173174
2015-04-27,0.75838,0.76654,0.75838,0.76396,166716
2015-04-28,0.76396,0.77412,0.76163,0.77108,147718
2015-04-29,0.77108,0.77444,0.76712,0.76777,207525
2015-04-30,0.76777,0.76777,0.75749,0.76141,204166
2015-05-01,0.76141,0.76276,0.75071,0.7531,132591
2015-05-04,0.75228,0.75575,0.75077,0.75331,103232
2015-05-05,0.75331,0.75773,0.74898,0.75557,160845
2015-05-06,0.75557,0.75687,0.74589,0.7494,186510
2015-05-07,0.7494,0.75289,0.74255,0.74484,182656
2015-05-08,0.74484,0.75008,0.7421,0.74898,175464
2015-05-11,0.7471,0.7471,0.73326,0.73329,136648
2015-05-12,0.73329,0.74021,0.7328,0.73587,157483
2015-05-13,0.73587,0.7506,0.73169,0.74821,187729
2015-05-14,0.74821,0.75641,0.74761,0.74956,184201
2015-05-15,0.74956,0.75024,0.74299,0.74657,146268
2015-05-18,0.74504,0.74583,0.73712,0.73869,123582
2015-05-19,0.73869,0.74446,0.73375,0.73425,162434
2015-05-20,0.73425,0.7372,0.72817,0.73067,174767
2015-05-21,0.73067,0.73459,0.72924,0.73441,150366
2015-05-22,0.73441,0.73951,0.72971,0.73,148178
2015-05-25,0.73079,0.73161,0.72926,0.73076,72121
2015-05-26,0.73076,0.73221,0.72206,0.72206,154054
2015-05-27,0.72206,0.72689,0.72121,0.72653,163549
2015-05-28,0.72653,0.72719,0.71288,0.71763,213209
2015-05-29,0.71763,0.71946,0.70807,0.71031,171159
2015-06-01,0.70821,0.71497,0.70765,0.70877,139792
2015-06-02,0.70877,0.72011,0.70849,0.71805,199122
2015-06-03,0.71805,0.71929,0.7117,0.71487,186027
2015-06-04,0.71487,0.7168,0.71033,0.71292,166832
2015-06-05,0.71292,0.71567,0.70246,0.704,157806
2015-06-08,0.70393,0.71573,0.70388,0.71401,132829
2015-06-09,0.71401,0.71793,0.70866,0.71273,153791
2015-06-10,0.71273,0.72318,0.71071,0.71917,195133
2015-06-11,0.71917,0.71917,0.69658,0.70085,172718
2015-06-12,0.70085,0.7027,0.69426,0.69797,129629
2015-06-15,0.69811,0.70092,0.69593,0.69977,142455
2015-06-16,0.69977,0.70093,0.69719,0.69828,104578
2015-06-17,0.69828,0.70113,0.68717,0.69827,196434
2015-06-18,0.69827,0.6991,0.68801,0.69231,196578
2015-06-19,0.69231,0.69382,0.68898,0.691,159028
2015-06-22,0.69023,0.69299,0.68603,0.68629,154471
2015-06-23,0.68629,0.68742,0.68149,0.68501,141318
2015-06-24,0.68501,0.6907,0.68456,0.68853,152253
2015-06-25,0.68853,0.6924,0.68777,0.69006,153529
2015-06-26,0.69006,0.69082,0.68177,0.68322,135760
2015-06-29,0.68305,0.68824,0.67842,0.68492,209228
2015-06-30,0.68492,0.68509,0.67472,0.67631,189937
2015-07-01,0.67631,0.68106,0.67293,0.67319,176698
2015-07-02,0.67319,0.67356,0.66549,0.67169,175133
2015-07-03,0.67169,0.67315,0.6677,0.66849,142249
2015-07-06,0.66646,0.67146,0.66496,0.66853,143963
2015-07-07,0.66853,0.66858,0.66202,0.66465,211650
2015-07-08,0.66465,0.67503,0.66216,0.67271,233225
2015-07-09,0.67271,0.67545,0.66986,0.6737,178566
2015-07-10,0.6737,0.67708,0.66836,0.6715,165538
2015-07-13,0.6697,0.67532,0.66805,0.66906,189285
2015-07-14,0.66906,0.67424,0.66674,0.67069,150720
2015-07-15,0.67069,0.67233,0.65829,0.659,196094
2015-07-16,0.659,0.66023,0.6498,0.65076,191546
2015-07-17,0.65076,0.65561,0.6503,0.65131,158699
2015-07-20,0.65165,0.66008,0.65049,0.65569,195429
2015-07-21,0.65569,0.66537,0.65558,0.6617,238833
2015-07-22,0.6617,0.66444,0.65582,0.65722,189333
2015-07-23,0.65722,0.66953,0.65612,0.66064,192360
2015-07-24,0.66064,0.66243,0.65549,0.65721,154674
2015-07-27,0.65639,0.66392,0.65626,0.6604,160307
2015-07-28,0.6604,0.67086,0.65982,0.66839,192127
2015-07-29,0.66839,0.67385,0.66574,0.6664,192792
2015-07-30,0.6664,0.66685,0.65661,0.66011,203697
2015-07-31,0.66011,0.66736,0.65351,0.65881,224882
2015-08-03,0.66034,0.66134,0.6557,0.65625,176046
2015-08-04,0.65625,0.66161,0.6525,0.65372,206938
2015-08-05,0.65372,0.65655,0.64908,0.65068,199883
2015-08-06,0.65068,0.65576,0.65056,0.65492,171553
2015-08-07,0.65492,0.66371,0.6529,0.662,193074
2015-08-10,0.66109,0.66266,0.65565,0.66157,169609
2015-08-11,0.66157,0.6633,0.65199,0.65333,216825
2015-08-12,0.65333,0.66496,0.64672,0.66166,249756
2015-08-13,0.66166,0.66411,0.65504,0.65671,204336
2015-08-14,0.65671,0.65729,0.65139,0.6533,206450
2015-08-17,0.65347,0.65839,0.65281,0.65718,171053
2015-08-18,0.65718,0.6605,0.65566,0.66011,213870
2015-08-19,0.66011,0.66237,0.65497,0.65987,213831
2015-08-20,0.65987,0.66466,0.65789,0.66232,223932
2015-08-21,0.66232,0.67083,0.66063,0.66789,219811
2015-08-24,0.66578,0.66861,0.61968,0.64776,314827
2015-08-25,0.64776,0.65609,0.64267,0.64702,206872
2015-08-26,0.64702,0.65162,0.64091,0.6432,196651
2015-08-27,0.6432,0.64902,0.64305,0.64641,198126
2015-08-28,0.64641,0.65052,0.6436,0.64525,144968
2015-08-31,0.64593,0.64671,0.63203,0.63361,185577
2015-09-01,0.63361,0.63887,0.63166,0.63255,214959
2015-09-02,0.63255,0.63686,0.63118,0.63413,204431
2015-09-03,0.63413,0.64146,0.63303,0.63973,233270
2015-09-04,0.63973,0.64025,0.62698,0.62786,184496
2015-09-07,0.62994,0.63005,0.62437,0.6258,147539
2015-09-08,0.6258,0.63557,0.62574,0.63384,158193
2015-09-09,0.63384,0.64252,0.6338,0.63829,170444
2015-09-10,0.63829,0.63829,0.62559,0.62869,206126
2015-09-11,0.62869,0.63269,0.62829,0.6314,135179
2015-09-14,0.6305,0.63443,0.6293,0.63253,112000
2015-09-15,0.63253,0.63686,0.62928,0.63544,137203
2015-09-16,0.63544,0.63787,0.63333,0.6364,140213
2015-09-17,0.6364,0.64458,0.63111,0.63409,202253
2015-09-18,0.63409,0.64565,0.63366,0.63886,178517
2015-09-21,0.63925,0.63998,0.62991,0.63108,158413
2015-09-22,0.63108,0.63323,0.62717,0.62876,143322
2015-09-23,0.62876,0.63052,0.62363,0.62722,150606
2015-09-24,0.62722,0.63739,0.62623,0.63506,179233
2015-09-25,0.63506,0.63903,0.62948,0.63766,155060
2015-09-28,0.63574,0.64024,0.63251,0.63274,170332
2015-09-29,0.63274,0.63936,0.62888,0.6345,168539
2015-09-30,0.6345,0.6407,0.63329,0.63962,148994
2015-10-01,0.63962,0.64498,0.63858,0.63938,167252
2015-10-02,0.63938,0.64554,0.63836,0.64361,171622
2015-10-05,0.64571,0.65313,0.64374,0.64841,215121
2015-10-06,0.64841,0.6556,0.64785,0.65426,202832
2015-10-07,0.65426,0.66473,0.65338,0.66087,203159
2015-10-08,0.66087,0.66988,0.65856,0.66616,206570
2015-10-09,0.66616,0.67215,0.66558,0.66939,198877
2015-10-12,0.66775,0.67403,0.66721,0.67158,165946
2015-10-13,0.67158,0.67161,0.66187,0.6638,201411
2015-10-14,0.6638,0.6815,0.66182,0.67843,224960
2015-10-15,0.67843,0.68974,0.67828,0.68501,222660
2015-10-16,0.68501,0.68877,0.67844,0.68055,200506
2015-10-19,0.68001,0.682,0.67825,0.67852,139919
2015-10-20,0.67852,0.68461,0.67352,0.67521,148908
2015-10-21,0.67521,0.67592,0.66983,0.67051,164327
2015-10-22,0.67051,0.68215,0.67001,0.67917,196010
2015-10-23,0.67917,0.68652,0.67348,0.67417,190475
2015-10-26,0.67435,0.68057,0.67379,0.67854,172825
2015-10-27,0.67854,0.6813,0.67384,0.67601,180709
2015-10-28,0.67601,0.67759,0.66213,0.66992,236239
2015-10-29,0.66992,0.67135,0.6648,0.66917,210333
2015-10-30,0.66917,0.67917,0.66857,0.67677,225968
2015-11-02,0.67299,0.67857,0.67245,0.67384,202690
2015-11-03,0.67384,0.67793,0.66513,0.66626,210776
2015-11-04,0.66626,0.66677,0.65735,0.65893,215573
2015-11-05,0.65893,0.66424,0.65808,0.66099,169753
2015-11-06,0.66099,0.66254,0.64986,0.65199,173295
2015-11-09,0.65125,0.65667,0.6509,0.65325,121008
2015-11-10,0.65325,0.6556,0.65007,0.65274,112275
2015-11-11,0.65274,0.6588,0.65252,0.65546,103588
2015-11-12,0.65546,0.65789,0.64999,0.65397,169543
2015-11-13,0.65397,0.65539,0.65084,0.65344,115089
2015-11-16,0.65458,0.65475,0.6469,0.64896,116687
2015-11-17,0.64896,0.64958,0.64522,0.64682,125707
2015-11-18,0.64682,0.649,0.64285,0.64699,137446
2015-11-19,0.64699,0.65929,0.64657,0.65644,164205
2015-11-20,0.65644,0.66055,0.65513,0.65563,138188
2015-11-23,0.65591,0.6561,0.64931,0.6517,126232
2015-11-24,0.6517,0.6559,0.65029,0.65537,121807
2015-11-25,0.65537,0.65827,0.65467,0.65761,138433
2015-11-26,0.65761,0.6597,0.6562,0.65681,114059
2015-11-27,0.65681,0.65782,0.65208,0.6525,99677
2015-11-30,0.65318,0.65908,0.65143,0.65801,128738
2015-12-01,0.65801,0.66881,0.65777,0.66729,169908
2015-12-02,0.66729,0.66801,0.66132,0.66349,177985
2015-12-03,0.66349,0.67059,0.66077,0.66848,244085
2015-12-04,0.66848,0.67874,0.66348,0.67428,233158
2015-12-07,0.67358,0.67414,0.66271,0.6642,175872
2015-12-08,0.6642,0.66582,0.66114,0.66419,167611
2015-12-09,0.66419,0.67593,0.65718,0.67182,202911
2015-12-10,0.67182,0.67823,0.67174,0.67529,171292
2015-12-11,0.67529,0.67815,0.67028,0.67085,158267
2015-12-14,0.67149,0.67898,0.66911,0.67535,147940
2015-12-15,0.67535,0.68257,0.67408,0.67595,189754
2015-12-16,0.67595,0.68343,0.67109,0.67928,213276
2015-12-17,0.67928,0.68,0.66879,0.66943,213810
2015-12-18,0.66943,0.67524,0.6681,0.67222,173183
2015-12-21,0.67238,0.678,0.67195,0.67594,98431
2015-12-22,0.67594,0.68359,0.67577,0.68048,129573
2015-12-23,0.68048,0.68293,0.67618,0.67892,117263
2015-12-24,0.67892,0.68425,0.67797,0.68375,61400
2015-12-25,0.68241,0.6847,0.68241,0.68306,0
2015-12-28,0.68279,0.68538,0.68238,0.68428,86179
2015-12-29,0.68428,0.6883,0.68428,0.68671,87465
2015-12-30,0.68671,0.68723,0.68301,0.68369,120456
2015-12-31,0.68369,0.68671,0.68226,0.68286,106682
2016-01-01,0.68414,0.68414,0.68414,0.68414,0
2016-01-04,0.68279,0.68351,0.67192,0.67486,156759
2016-01-05,0.67486,0.67575,0.66764,0.6703,138772
2016-01-06,0.6703,0.67079,0.6626,0.66348,189603
2016-01-07,0.66348,0.66667,0.65906,0.66189,229103
2016-01-08,0.66189,0.66777,0.65367,0.65411,225668
2016-01-11,0.65517,0.65798,0.65086,0.65557,192008
2016-01-12,0.65557,0.65686,0.65148,0.65306,189239
2016-01-13,0.65306,0.65907,0.65105,0.65109,182725
2016-01-14,0.65109,0.65145,0.64185,0.6473,231556
2016-01-15,0.6473,0.64912,0.63811,0.6461,242518
2016-01-18,0.64048,0.64798,0.64048,0.64476,197194
2016-01-19,0.64476,0.65137,0.6402,0.64078,233994
2016-01-20,0.64078,0.64377,0.6347,0.64286,249041
2016-01-21,0.64286,0.65591,0.6411,0.65255,252023
2016-01-22,0.65255,0.65511,0.64662,0.64815,185628
2016-01-25,0.6489,0.65326,0.64494,0.64499,198195
2016-01-26,0.64499,0.65118,0.64248,0.64968,203263
2016-01-27,0.64968,0.65311,0.64167,0.6428,275048
2016-01-28,0.6428,0.65139,0.64181,0.64792,228489
2016-01-29,0.64792,0.65433,0.64586,0.6478,245940
2016-02-01,0.64849,0.65581,0.64479,0.65434,185350
2016-02-02,0.65434,0.65541,0.64619,0.65127,202504
2016-02-03,0.65127,0.66975,0.65064,0.66606,259056
2016-02-04,0.66606,0.67476,0.66412,0.67205,224492
2016-02-05,0.67205,0.67494,0.66154,0.662,225638
2016-02-08,0.66128,0.66593,0.65926,0.66241,237330
2016-02-09,0.66241,0.66688,0.65628,0.66318,323771
2016-02-10,0.66318,0.66949,0.66046,0.6683,330900
2016-02-11,0.6683,0.67345,0.65851,0.67139,373443
2016-02-12,0.67139,0.67388,0.66115,0.66202,260943
2016-02-15,0.6611,0.66761,0.66091,0.66475,298277
2016-02-16,0.66475,0.66757,0.65449,0.65756,303547
2016-02-17,0.65756,0.66493,0.65533,0.66274,280041
2016-02-18,0.66274,0.66681,0.66056,0.66401,256718
2016-02-19,0.66401,0.66451,0.65651,0.66279,208347
2016-02-22,0.66432,0.67257,0.6622,0.66959,224353
2016-02-23,0.66959,0.67145,0.66369,0.66369,203911
2016-02-24,0.66369,0.66736,0.65865,0.66539,227160
2016-02-25,0.66539,0.67298,0.66421,0.67201,221148
2016-02-26,0.67201,0.67747,0.66177,0.66249,208337
2016-02-29,0.65886,0.66202,0.65649,0.65895,233020
2016-03-01,0.65895,0.66399,0.6571,0.66215,237812
2016-03-02,0.66215,0.66781,0.65931,0.66719,255656
2016-03-03,0.66719,0.67559,0.6655,0.67199,232226
2016-03-04,0.67199,0.68189,0.67137,0.68109,227244
2016-03-07,0.67793,0.6815,0.67497,0.68005,211082
2016-03-08,0.68005,0.68019,0.67341,0.67428,205779
2016-03-09,0.67428,0.68097,0.66421,0.66517,270446
2016-03-10,0.66517,0.67093,0.66184,0.66653,323671
2016-03-11,0.66653,0.67735,0.66535,0.67421,248150
2016-03-14,0.67203,0.67554,0.66569,0.66738,230529
2016-03-15,0.66738,0.66844,0.6587,0.65983,220352
2016-03-16,0.65983,0.67399,0.65751,0.67199,246483
2016-03-17,0.67199,0.68591,0.67119,0.68475,299761
2016-03-18,0.68475,0.6874,0.6783,0.67857,261275
2016-03-21,0.67829,0.67918,0.67463,0.6757,193184
2016-03-22,0.6757,0.67761,0.67205,0.67509,220813
2016-03-23,0.67509,0.67701,0.66825,0.66985,207646
2016-03-24,0.66985,0.67218,0.66713,0.66988,178073
2016-03-25,0.66988,0.67147,0.6673,0.66799,69419
2016-03-28,0.66752,0.67358,0.66681,0.67201,86002
2016-03-29,0.67201,0.68666,0.67156,0.68429,223791
2016-03-30,0.68429,0.69655,0.68409,0.69168,295677
2016-03-31,0.69168,0.69661,0.68815,0.69052,256428
2016-04-01,0.69052,0.6937,0.6835,0.68979,233987
2016-04-04,0.68848,0.69038,0.6829,0.68303,193367
2016-04-05,0.68303,0.68353,0.67589,0.6803,239746
2016-04-06,0.6803,0.68446,0.67735,0.68189,250568
2016-04-07,0.68189,0.68625,0.67625,0.67741,254353
2016-04-08,0.67741,0.68297,0.67707,0.67992,166415
2016-04-11,0.6802,0.68784,0.6791,0.68561,207767
2016-04-12,0.68561,0.69259,0.68512,0.69238,204951
2016-04-13,0.69238,0.69522,0.68978,0.6919,224928
2016-04-14,0.6919,0.69197,0.68236,0.68397,225468
2016-04-15,0.68397,0.69273,0.68397,0.69159,184102
2016-04-18,0.68775,0.69573,0.6843,0.69486,205110
2016-04-19,0.69486,0.7054,0.69473,0.70391,187796
2016-04-20,0.70391,0.70489,0.69718,0.69739,177585
2016-04-21,0.69739,0.6983,0.68999,0.69077,217618
2016-04-22,0.69077,0.69358,0.68348,0.68514,182657
2016-04-25,0.68483,0.68777,0.6836,0.68535,140728
2016-04-26,0.68535,0.69103,0.68516,0.6892,163865
2016-04-27,0.6892,0.69058,0.68065,0.68227,231345
2016-04-28,0.68227,0.69901,0.68227,0.69571,223698
2016-04-29,0.69571,0.6999,0.69509,0.69783,204357
2016-05-02,0.6975,0.70242,0.69707,0.70183,186746
2016-05-03,0.70183,0.70536,0.69104,0.6913,256373
2016-05-04,0.6913,0.69407,0.68597,0.68761,270373
2016-05-05,0.68761,0.69174,0.68714,0.68824,216981
2016-05-06,0.68824,0.68911,0.68069,0.6832,210384
2016-05-09,0.68236,0.68479,0.6764,0.67673,214029
2016-05-10,0.67673,0.67783,0.6716,0.67527,226859
2016-05-11,0.67527,0.68456,0.6751,0.6816,227086
2016-05-12,0.6816,0.68477,0.68045,0.6815,216171
2016-05-13,0.6815,0.68303,0.67555,0.67618,219071
2016-05-16,0.67572,0.6809,0.67463,0.67886,144843
2016-05-17,0.67886,0.68426,0.67786,0.68094,173411
2016-05-18,0.68094,0.68111,0.67284,0.67383,201552
2016-05-19,0.67383,0.67648,0.67099,0.67402,238628
2016-05-20,0.67402,0.67812,0.67361,0.67582,167259
2016-05-23,0.6762,0.68066,0.6748,0.67608,182813
2016-05-24,0.67608,0.67676,0.67051,0.67361,185195
2016-05-25,0.67361,0.67732,0.67255,0.67326,187962
2016-05-26,0.67326,0.67663,0.6692,0.67385,190305
2016-05-27,0.67385,0.67582,0.66871,0.66901,172544
2016-05-30,0.669,0.67059,0.6675,0.66927,113978
2016-05-31,0.66927,0.67759,0.66879,0.6762,197198
2016-06-01,0.6762,0.683,0.67597,0.68144,219265
2016-06-02,0.68144,0.6834,0.67791,0.68067,194151
2016-06-03,0.68067,0.69603,0.68007,0.69519,217627
2016-06-06,0.6945,0.69491,0.6903,0.69195,203813
2016-06-07,0.69195,0.6982,0.68929,0.6977,178190
2016-06-08,0.6977,0.70279,0.69441,0.70124,178031
2016-06-09,0.70124,0.71475,0.70124,0.71018,240745
2016-06-10,0.71018,0.71228,0.704,0.70502,197023
2016-06-13,0.7052,0.70816,0.7031,0.70596,185622
2016-06-14,0.70596,0.70601,0.69914,0.69924,186125
2016-06-15,0.69924,0.70709,0.69633,0.70334,220691
2016-06-16,0.70334,0.70932,0.69685,0.70433,267125
2016-06-17,0.70433,0.70721,0.70322,0.70441,185913
2016-06-20,0.70695,0.71304,0.70499,0.71194,172302
2016-06-21,0.71194,0.71691,0.71019,0.71203,167713
2016-06-22,0.71203,0.71883,0.7119,0.71554,149844
2016-06-23,0.71554,0.72549,0.71507,0.72406,278326
2016-06-24,0.72406,0.72984,0.69699,0.71189,322880
2016-06-27,0.70711,0.7114,0.69803,0.69945,227890
2016-06-28,0.69945,0.70853,0.69855,0.70419,159776
2016-06-29,0.70419,0.71363,0.70409,0.71116,185439
2016-06-30,0.71116,0.71413,0.70572,0.71299,216242
2016-07-01,0.71299,0.71975,0.71181,0.71699,146443
2016-07-04,0.71587,0.72406,0.71587,0.72272,121307
2016-07-05,0.72272,0.7234,0.71391,0.71532,172448
2016-07-06,0.71532,0.71561,0.70795,0.71291,233551
2016-07-07,0.71291,0.72358,0.71158,0.72271,201904
2016-07-08,0.72271,0.73065,0.72123,0.72969,200522
2016-07-11,0.72899,0.73046,0.7216,0.722,152032
2016-07-12,0.722,0.73247,0.72105,0.72959,218232
2016-07-13,0.72959,0.73176,0.72385,0.72756,214858
2016-07-14,0.72756,0.72948,0.7175,0.71979,244026
2016-07-15,0.71979,0.72013,0.71068,0.71151,227578
2016-07-18,0.71397,0.71538,0.70685,0.71152,165541
2016-07-19,0.71152,0.71153,0.70101,0.70518,173217
2016-07-20,0.70518,0.70677,0.70158,0.70219,158463
2016-07-21,0.70219,0.70219,0.69514,0.69957,224993
2016-07-22,0.69957,0.70162,0.69741,0.70007,156471
2016-07-25,0.69866,0.70163,0.69567,0.69953,141522
2016-07-26,0.69953,0.70862,0.69836,0.70527,166176
2016-07-27,0.70527,0.70852,0.70041,0.70766,237329
2016-07-28,0.70766,0.71214,0.7062,0.70677,170273
2016-07-29,0.70677,0.72292,0.70677,0.72086,213011
2016-08-01,0.72006,0.72296,0.71669,0.71718,137082
2016-08-02,0.71718,0.72564,0.71574,0.72421,207013
2016-08-03,0.72421,0.72462,0.71408,0.71584,187715
2016-08-04,0.71584,0.7201,0.71464,0.71717,201590
2016-08-05,0.71717,0.72192,0.71216,0.7137,175605
2016-08-08,0.71292,0.71442,0.70869,0.71367,124504
2016-08-09,0.71367,0.71805,0.71105,0.71634,149418
2016-08-10,0.71634,0.72649,0.71586,0.71802,196500
2016-08-11,0.71802,0.73386,0.71802,0.72065,197070
2016-08-12,0.72065,0.72547,0.71854,0.71892,198955
2016-08-15,0.71829,0.72268,0.71646,0.72068,133490
2016-08-16,0.72068,0.73042,0.71989,0.7277,234632
2016-08-17,0.7277,0.73216,0.72013,0.7248,254351
2016-08-18,0.7248,0.73108,0.7248,0.7284,249408
2016-08-19,0.7284,0.72915,0.72409,0.72689,205231
2016-08-22,0.72449,0.72936,0.72092,0.72681,182475
2016-08-23,0.72681,0.73445,0.72604,0.72868,186706
2016-08-24,0.72868,0.73346,0.72688,0.73081,200709
2016-08-25,0.73081,0.73363,0.72861,0.7295,151471
2016-08-26,0.7295,0.73805,0.72208,0.72309,272173
2016-08-29,0.72209,0.72642,0.72102,0.72511,186493
2016-08-30,0.72511,0.72649,0.72041,0.72171,183256
2016-08-31,0.72171,0.72657,0.72154,0.72485,190961
2016-09-01,0.72485,0.7295,0.7227,0.72789,209508
2016-09-02,0.72789,0.73601,0.7268,0.72869,265071
2016-09-05,0.7278,0.73434,0.72772,0.73034,137792
2016-09-06,0.73034,0.7422,0.73016,0.74163,211247
2016-09-07,0.74163,0.74854,0.7397,0.74497,203750
2016-09-08,0.74497,0.74823,0.73838,0.73985,242786
2016-09-09,0.73985,0.74133,0.73144,0.73187,220700
2016-09-12,0.73198,0.73569,0.7291,0.73523,265630
2016-09-13,0.73523,0.73642,0.72348,0.72506,287687
2016-09-14,0.72506,0.73129,0.72375,0.72812,270154
2016-09-15,0.72812,0.7325,0.72409,0.73137,369162
2016-09-16,0.73137,0.73308,0.72538,0.72629,261167
2016-09-19,0.72559,0.73256,0.72549,0.72917,181079
2016-09-20,0.72917,0.73583,0.7288,0.73139,168127
2016-09-21,0.73139,0.73662,0.72784,0.73381,226609
2016-09-22,0.73381,0.737,0.72924,0.73111,175003
2016-09-23,0.73111,0.73152,0.72237,0.72397,165359
2016-09-26,0.72419,0.72872,0.72203,0.72733,197898
2016-09-27,0.72733,0.73302,0.72597,0.72995,217091
2016-09-28,0.72995,0.7305,0.72327,0.72837,208988
2016-09-29,0.72837,0.73031,0.72365,0.72516,268933
2016-09-30,0.72516,0.72977,0.72286,0.72829,232994
2016-10-03,0.72721,0.72905,0.72535,0.72721,124747
2016-10-04,0.72721,0.73108,0.71983,0.72078,189598
2016-10-05,0.72078,0.72111,0.71485,0.71715,165097
2016-10-06,0.71715,0.71789,0.71353,0.71636,206848
2016-10-07,0.71636,0.72004,0.71098,0.71659,345893
2016-10-10,0.71795,0.7183,0.71219,0.71348,162263
2016-10-11,0.71348,0.71422,0.70472,0.70536,245707
2016-10-12,0.70536,0.70945,0.70445,0.70603,252568
2016-10-13,0.70603,0.7102,0.70345,0.70956,237640
2016-10-14,0.70956,0.7133,0.7077,0.70845,183000
2016-10-17,0.70917,0.71411,0.7077,0.71332,147987
2016-10-18,0.71332,0.7218,0.71287,0.71896,158857
2016-10-19,0.71896,0.72489,0.71893,0.72299,165717
2016-10-20,0.72299,0.72659,0.71818,0.71913,185014
2016-10-21,0.71913,0.71943,0.71436,0.7163,117973
2016-10-24,0.71545,0.71764,0.71243,0.71375,120036
2016-10-25,0.71375,0.71729,0.71092,0.71623,147302
2016-10-26,0.71623,0.71838,0.71467,0.71528,170073
2016-10-27,0.71528,0.7167,0.71081,0.71201,172140
2016-10-28,0.71201,0.71724,0.71134,0.71653,267751
2016-10-31,0.71535,0.71666,0.71376,0.71505,198487
2016-11-01,0.71505,0.71908,0.71475,0.7184,245006
2016-11-02,0.7184,0.73101,0.71804,0.7288,292155
2016-11-03,0.7288,0.73402,0.72783,0.73366,243020
2016-11-04,0.73366,0.73386,0.7299,0.73239,258660
2016-11-07,0.73461,0.73479,0.72927,0.73435,217034
2016-11-08,0.73435,0.74028,0.73178,0.73857,210407
2016-11-09,0.73857,0.73933,0.72625,0.72783,649460
2016-11-10,0.72783,0.73071,0.71764,0.72125,405366
2016-11-11,0.72125,0.72284,0.71083,0.71107,438754
2016-11-14,0.71396,0.71408,0.70699,0.71166,364875
2016-11-15,0.71166,0.71444,0.7071,0.71014,333645
2016-11-16,0.71014,0.71141,0.70354,0.70698,322529
2016-11-17,0.70698,0.71102,0.70133,0.70252,305175
2016-11-18,0.70252,0.70606,0.70006,0.70067,360207
2016-11-21,0.69915,0.70772,0.69845,0.70652,358968
2016-11-22,0.70652,0.70857,0.70318,0.70615,290127
2016-11-23,0.70615,0.70797,0.69941,0.70005,295712
2016-11-24,0.70005,0.70116,0.69713,0.69999,280228
2016-11-25,0.69999,0.70623,0.6984,0.70419,322477
2016-11-28,0.70443,0.71016,0.70323,0.70725,283995
2016-11-29,0.70725,0.71323,0.7066,0.7126,285701
2016-11-30,0.7126,0.71695,0.70698,0.70823,328686
2016-12-01,0.70823,0.71051,0.7043,0.70889,280377
2016-12-02,0.70889,0.71484,0.70854,0.71392,254654
2016-12-05,0.71255,0.71567,0.70693,0.71397,277695
2016-12-06,0.71397,0.71607,0.70932,0.71195,198549
2016-12-07,0.71195,0.71679,0.7102,0.71645,145497
2016-12-08,0.71645,0.72226,0.71461,0.71738,244091
2016-12-09,0.71738,0.71889,0.71254,0.71284,159698
2016-12-12,0.71276,0.72073,0.7115,0.71863,257989
2016-12-13,0.71863,0.72323,0.71803,0.72038,301483
2016-12-14,0.72038,0.72387,0.71046,0.71169,408390
2016-12-15,0.71169,0.71231,0.701,0.70379,398790
2016-12-16,0.70379,0.705,0.69309,0.69569,255536
2016-12-19,0.69666,0.6989,0.69257,0.69283,312957
2016-12-20,0.69283,0.69335,0.68826,0.69156,252823
2016-12-21,0.69156,0.69477,0.6893,0.68991,238130
2016-12-22,0.68991,0.69254,0.68879,0.69026,266990
2016-12-23,0.69026,0.69125,0.68621,0.68783,167399
2016-12-26,0.68852,0.69396,0.6879,0.68856,0
2016-12-27,0.68783,0.6904,0.68783,0.689,182612
2016-12-28,0.689,0.69305,0.68869,0.69196,187476
2016-12-29,0.69196,0.69705,0.69158,0.69657,245414
2016-12-30,0.69657,0.69795,0.69195,0.69195,402356
2017-01-02,0.69343,0.69575,0.69166,0.69343,0
2017-01-03,0.69195,0.69744,0.68845,0.69165,265424
2017-01-04,0.69165,0.6975,0.68895,0.69659,301672
2017-01-05,0.69659,0.70365,0.69535,0.70258,416282
2017-01-06,0.70258,0.70434,0.69539,0.69539,289298
2017-01-09,0.6964,0.70323,0.69487,0.70155,180320
2017-01-10,0.70155,0.70476,0.69585,0.69889,292844
2017-01-11,0.69889,0.70875,0.6961,0.70538,426281
2017-01-12,0.70538,0.71445,0.70459,0.70938,330699
2017-01-13,0.70938,0.7141,0.70709,0.71259,315565
2017-01-16,0.71046,0.71485,0.7076,0.71025,242289
2017-01-17,0.71025,0.72196,0.70959,0.7214,378003
2017-01-18,0.7214,0.72162,0.71223,0.71253,280961
2017-01-19,0.71253,0.72008,0.71172,0.71887,357920
2017-01-20,0.71887,0.72253,0.71291,0.71641,357870
2017-01-23,0.71623,0.72378,0.71589,0.72331,311477
2017-01-24,0.72331,0.72771,0.72088,0.72469,260080
2017-01-25,0.72469,0.73067,0.72237,0.72976,304034
2017-01-26,0.72976,0.73122,0.72223,0.72426,274913
2017-01-27,0.72426,0.72846,0.72317,0.72621,258683
2017-01-30,0.7266,0.72957,0.72364,0.72838,260357
2017-01-31,0.72838,0.73502,0.72702,0.73115,337430
2017-02-01,0.73115,0.73121,0.72406,0.72799,295937
2017-02-02,0.72799,0.73376,0.72428,0.72851,300160
2017-02-03,0.72851,0.7331,0.72409,0.73099,303757
2017-02-06,0.73056,0.73271,0.72849,0.7321,241111
2017-02-07,0.7321,0.73756,0.72785,0.7301,248980
2017-02-08,0.7301,0.73334,0.72447,0.72644,235140
2017-02-09,0.72644,0.72658,0.71729,0.71865,205320
2017-02-10,0.71865,0.72103,0.71738,0.71991,151287
2017-02-13,0.72002,0.72183,0.71558,0.71762,143816
2017-02-14,0.71762,0.71975,0.7134,0.71681,199575
2017-02-15,0.71681,0.72305,0.7146,0.72231,194777
2017-02-16,0.72231,0.72424,0.72059,0.72144,216580
2017-02-17,0.72144,0.72203,0.71792,0.71819,238282
2017-02-20,0.71897,0.71931,0.71698,0.7187,632050
2017-02-21,0.7187,0.7187,0.71298,0.71613,288528
2017-02-22,0.71613,0.71991,0.71409,0.71899,302705
2017-02-23,0.71899,0.72467,0.71708,0.72299,305282
2017-02-24,0.72299,0.7238,0.71908,0.71908,206166
2017-02-27,0.71961,0.72275,0.71863,0.71902,263847
2017-02-28,0.71902,0.72371,0.7177,0.71909,272154
2017-03-01,0.71909,0.71933,0.70997,0.71455,309498
2017-03-02,0.71455,0.715,0.705,0.7062,281975
2017-03-03,0.7062,0.70662,0.69966,0.7043,209412
2017-03-06,0.70192,0.70453,0.6991,0.69932,222997
2017-03-07,0.69932,0.7018,0.69519,0.69545,189779
2017-03-08,0.69545,0.6978,0.69047,0.69144,196592
2017-03-09,0.69144,0.69174,0.689,0.68987,207732
2017-03-10,0.68987,0.69475,0.68909,0.69215,137564
2017-03-13,0.69362,0.69495,0.69133,0.69236,232993
2017-03-14,0.69236,0.69399,0.68936,0.69185,193510
2017-03-15,0.69185,0.70492,0.69171,0.70429,224021
2017-03-16,0.70429,0.70451,0.69684,0.69861,234476
2017-03-17,0.69861,0.70407,0.69755,0.70154,211256
2017-03-20,0.70102,0.70731,0.70095,0.70531,218413
2017-03-21,0.70531,0.70899,0.70323,0.70416,200038
2017-03-22,0.70416,0.70727,0.70161,0.70437,203460
2017-03-23,0.70437,0.70552,0.70238,0.70294,249420
2017-03-24,0.70294,0.70426,0.69944,0.70283,181941
2017-03-27,0.70241,0.70678,0.70241,0.70417,265479
2017-03-28,0.70417,0.70491,0.70063,0.70146,240705
2017-03-29,0.70146,0.70391,0.69922,0.7032,162882
2017-03-30,0.7032,0.70437,0.69912,0.69943,190104
2017-03-31,0.69943,0.70171,0.69758,0.70049,232205
2017-04-03,0.70049,0.70152,0.69855,0.70143,218324
2017-04-04,0.70143,0.70221,0.69695,0.69733,173396
2017-04-05,0.69733,0.69838,0.6935,0.69626,175406
2017-04-06,0.69626,0.699,0.69605,0.69703,201238
2017-04-07,0.69703,0.69923,0.69302,0.69335,206810
2017-04-10,0.69312,0.69655,0.69206,0.69611,228619
2017-04-11,0.69611,0.69694,0.69302,0.69572,224668
2017-04-12,0.69572,0.69748,0.69093,0.69685,236775
2017-04-13,0.69685,0.70151,0.69622,0.70014,264502
2017-04-14,0.70014,0.70093,0.69735,0.70015,2097420
2017-04-17,0.70015,0.7036,0.69896,0.70105,220223
2017-04-18,0.70105,0.7043,0.69997,0.70401,234769
2017-04-19,0.70401,0.70529,0.69962,0.7004,228601
2017-04-20,0.7004,0.70519,0.69994,0.70107,173763
2017-04-21,0.70107,0.70357,0.69828,0.70294,199116
2017-04-24,0.70373,0.70472,0.701,0.70161,207140
2017-04-25,0.70161,0.70161,0.69409,0.695,225799
2017-04-26,0.695,0.69564,0.68721,0.68915,301190
2017-04-27,0.68915,0.69206,0.6848,0.68762,285392
2017-04-28,0.68762,0.68905,0.68515,0.68587,260064
2017-05-01,0.68625,0.69232,0.68515,0.69099,447635
2017-05-02,0.69099,0.69405,0.69008,0.69356,275583
2017-05-03,0.69356,0.69684,0.68669,0.68779,270565
2017-05-04,0.68779,0.68937,0.68392,0.68693,328419
2017-05-05,0.68693,0.69276,0.68599,0.69157,317088
2017-05-08,0.68978,0.69456,0.68881,0.69072,515986
2017-05-09,0.69072,0.69265,0.688,0.68945,329721
2017-05-10,0.68945,0.69509,0.68892,0.69262,315596
2017-05-11,0.69262,0.69262,0.68176,0.68491,292985
2017-05-12,0.68491,0.68704,0.68266,0.68542,273415
2017-05-15,0.68542,0.69184,0.68497,0.68803,352846
2017-05-16,0.68803,0.69063,0.68625,0.68831,252545
2017-05-17,0.68831,0.6945,0.68774,0.69399,332381
2017-05-18,0.69399,0.69493,0.68866,0.68989,320042
2017-05-19,0.68989,0.69389,0.68812,0.69236,258211
2017-05-22,0.69201,0.69981,0.69139,0.69969,282279
2017-05-23,0.69969,0.70467,0.69882,0.70096,216679
2017-05-24,0.70096,0.70585,0.69885,0.70499,284149
2017-05-25,0.70499,0.70548,0.70162,0.70224,303900
2017-05-26,0.70224,0.70767,0.70065,0.70626,216942
2017-05-29,0.70626,0.70882,0.70367,0.70537,605893
2017-05-30,0.70537,0.71016,0.70351,0.70961,300387
2017-05-31,0.70961,0.7122,0.70769,0.70825,236398
2017-06-01,0.70825,0.70893,0.70579,0.70618,256629
2017-06-02,0.70618,0.71467,0.70574,0.71448,187086
2017-06-05,0.71252,0.71494,0.71138,0.71374,303422
2017-06-06,0.71374,0.72052,0.71261,0.71836,253682
2017-06-07,0.71836,0.72064,0.7169,0.71971,298311
2017-06-08,0.71971,0.72226,0.71872,0.72138,270683
2017-06-09,0.72138,0.72199,0.71901,0.72085,284370
2017-06-12,0.72012,0.72131,0.71706,0.7199,271844
2017-06-13,0.7199,0.72275,0.71899,0.72203,208181
2017-06-14,0.72203,0.7319,0.71984,0.72704,358996
2017-06-15,0.72704,0.72704,0.71854,0.72089,267521
2017-06-16,0.72089,0.7259,0.71942,0.72472,225356
2017-06-19,0.72502,0.72984,0.72265,0.7229,272978
2017-06-20,0.7229,0.72673,0.72197,0.72404,311452
2017-06-21,0.72404,0.72502,0.72061,0.72146,285942
2017-06-22,0.72146,0.72739,0.72146,0.72651,259173
2017-06-23,0.72651,0.72966,0.72493,0.72793,234867
2017-06-26,0.72797,0.73105,0.72618,0.72883,303876
2017-06-27,0.72883,0.73443,0.72657,0.72687,269513
2017-06-28,0.72687,0.73141,0.72535,0.73041,335550
2017-06-29,0.73041,0.73319,0.72756,0.7298,310310
2017-06-30,0.7298,0.73461,0.72915,0.7331,329221
2017-07-03,0.73252,0.73449,0.72728,0.72951,432213
2017-07-04,0.72951,0.72994,0.72621,0.72856,851603
2017-07-05,0.72856,0.72971,0.72506,0.72895,356727
2017-07-06,0.72895,0.72919,0.72439,0.72754,308071
2017-07-07,0.72754,0.73103,0.72606,0.72783,267091
2017-07-10,0.72762,0.72831,0.72628,0.72749,265826
2017-07-11,0.72749,0.72772,0.72016,0.72247,268317
2017-07-12,0.72247,0.72805,0.7216,0.72593,213458
2017-07-13,0.72593,0.73685,0.72463,0.73198,207653
2017-07-14,0.73198,0.73658,0.72992,0.73454,318495
2017-07-17,0.73402,0.73607,0.73113,0.73187,348406
2017-07-18,0.73187,0.73729,0.72605,0.73487,299119
2017-07-19,0.73487,0.73876,0.73406,0.73558,224168
2017-07-20,0.73558,0.74152,0.73339,0.73997,163321
2017-07-21,0.73997,0.74588,0.73941,0.74529,146709
2017-07-24,0.74529,0.74563,0.74219,0.7437,141911
2017-07-25,0.7437,0.74509,0.74007,0.74159,153739
2017-07-26,0.74159,0.75291,0.74092,0.75212,207743
2017-07-27,0.75212,0.7558,0.74799,0.74859,195702
2017-07-28,0.74859,0.75246,0.74604,0.7512,185585
2017-07-31,0.7512,0.75224,0.74676,0.75149,138000
2017-08-01,0.75149,0.7524,0.74617,0.74683,165041
2017-08-02,0.74683,0.74735,0.74103,0.74295,156082
2017-08-03,0.74295,0.74512,0.73907,0.74342,152934
2017-08-04,0.74342,0.74551,0.73926,0.7413,156801
2017-08-07,0.73993,0.74164,0.7348,0.73629,123240
2017-08-08,0.73629,0.73701,0.73182,0.73285,134088
2017-08-09,0.73285,0.7343,0.73085,0.7336,150195
2017-08-10,0.7336,0.73676,0.72518,0.72768,177636
2017-08-11,0.72768,0.73281,0.72523,0.73137,161996
2017-08-14,0.73033,0.73302,0.7281,0.72851,174557
2017-08-15,0.72851,0.73118,0.72292,0.72352,165113
2017-08-16,0.72352,0.7318,0.72233,0.7312,190521
2017-08-17,0.7312,0.73351,0.72808,0.72818,222080
2017-08-18,0.72818,0.73354,0.72756,0.73096,189335
2017-08-21,0.73096,0.73373,0.73046,0.73263,140547
2017-08-22,0.73263,0.7335,0.72729,0.72777,144662
2017-08-23,0.72777,0.72827,0.7197,0.7223,222765
2017-08-24,0.7223,0.72358,0.71918,0.72073,176015
2017-08-25,0.72073,0.72586,0.71971,0.72402,182698
2017-08-28,0.72375,0.72633,0.72308,0.72559,132017
2017-08-29,0.72559,0.72986,0.72177,0.72493,218840
2017-08-30,0.72493,0.72777,0.7189,0.7199,181565
2017-08-31,0.7199,0.72099,0.71315,0.71763,217831
2017-09-01,0.71763,0.72071,0.71457,0.7154,213292
2017-09-04,0.7144,0.71825,0.71439,0.71611,170147
2017-09-05,0.71611,0.72635,0.71581,0.72351,216191
2017-09-06,0.72351,0.72613,0.71864,0.71989,211779
2017-09-07,0.71989,0.72419,0.71722,0.72325,210542
2017-09-08,0.72325,0.73375,0.72278,0.726,273169
2017-09-11,0.72578,0.72946,0.72251,0.72519,193294
2017-09-12,0.72519,0.73207,0.72166,0.72879,232630
2017-09-13,0.72879,0.73034,0.72202,0.72427,254097
2017-09-14,0.72427,0.72622,0.71829,0.72206,272434
2017-09-15,0.72206,0.73105,0.72118,0.72888,234236
2017-09-18,0.72779,0.73437,0.72476,0.72605,240749
2017-09-19,0.72605,0.73265,0.72556,0.73169,218825
2017-09-20,0.73169,0.74341,0.73029,0.73554,316721
2017-09-21,0.73554,0.7364,0.72982,0.73063,242700
2017-09-22,0.73063,0.7344,0.728,0.73324,177342
2017-09-25,0.72999,0.73271,0.72518,0.72636,234020
2017-09-26,0.72636,0.72778,0.71677,0.7207,242867
2017-09-27,0.7207,0.72396,0.71768,0.71988,236590
2017-09-28,0.71988,0.72395,0.71666,0.7235,228055
2017-09-29,0.7235,0.72439,0.71974,0.71994,196053
2017-10-02,0.72111,0.72261,0.71671,0.71946,251174
2017-10-03,0.71946,0.71978,0.7148,0.71574,203632
2017-10-04,0.71574,0.72056,0.71466,0.71679,199862
2017-10-05,0.71679,0.71679,0.71113,0.71113,177063
2017-10-06,0.71113,0.71179,0.7059,0.70908,223050
2017-10-09,0.70618,0.70857,0.7057,0.70646,121626
2017-10-10,0.70646,0.70878,0.70559,0.70691,163337
2017-10-11,0.70691,0.70987,0.70624,0.70807,167696
2017-10-12,0.70807,0.71459,0.70737,0.71289,194663
2017-10-13,0.71289,0.71969,0.71212,0.71705,214816
2017-10-16,0.71715,0.7196,0.71622,0.71691,147012
2017-10-17,0.71691,0.72068,0.7147,0.71705,185909
2017-10-18,0.71705,0.71783,0.71192,0.71493,176409
2017-10-19,0.71493,0.71716,0.70091,0.70309,258600
2017-10-20,0.70309,0.70367,0.69538,0.69557,199164
2017-10-23,0.6951,0.699,0.69311,0.6965,176272
2017-10-24,0.6965,0.70043,0.68861,0.69022,192301
2017-10-25,0.69022,0.69122,0.68608,0.68868,206469
2017-10-26,0.68868,0.69036,0.68332,0.68366,205155
2017-10-27,0.68366,0.68756,0.68182,0.6873,226924
2017-10-30,0.68784,0.68877,0.68333,0.68756,174559
2017-10-31,0.68756,0.68817,0.6831,0.68461,162664
2017-11-01,0.68461,0.69307,0.68382,0.68856,201318
2017-11-02,0.68856,0.69418,0.6883,0.69124,205289
2017-11-03,0.69124,0.69504,0.68977,0.69027,169898
2017-11-06,0.69043,0.69583,0.68748,0.69445,139537
2017-11-07,0.69445,0.69537,0.68912,0.68978,173278
2017-11-08,0.68978,0.69735,0.68958,0.69634,173661
2017-11-09,0.69634,0.69799,0.69331,0.69466,223717
2017-11-10,0.69466,0.69576,0.6921,0.6927,180420
2017-11-13,0.69219,0.69373,0.68935,0.69024,139778
2017-11-14,0.69024,0.69024,0.68447,0.68749,180010
2017-11-15,0.68749,0.6919,0.68619,0.68752,212643
2017-11-16,0.68752,0.68776,0.68357,0.68499,199669
2017-11-17,0.68499,0.68833,0.67804,0.68112,238120
2017-11-20,0.68046,0.68397,0.67941,0.68092,176968
2017-11-21,0.68092,0.68403,0.67892,0.6826,193499
2017-11-22,0.6826,0.6894,0.682,0.68829,191065
2017-11-23,0.68829,0.69052,0.68664,0.68904,250304
2017-11-24,0.68904,0.68944,0.68658,0.68764,200752
2017-11-27,0.68773,0.69261,0.68533,0.69119,280405
2017-11-28,0.69119,0.69454,0.6896,0.68986,257463
2017-11-29,0.68986,0.69294,0.68765,0.68804,317090
2017-11-30,0.68804,0.68888,0.68302,0.68315,288205
2017-12-01,0.68315,0.6912,0.68165,0.68877,330894
2017-12-04,0.68613,0.68711,0.68398,0.68584,224180
2017-12-05,0.68584,0.69075,0.68511,0.68751,278164
2017-12-06,0.68751,0.69168,0.68702,0.68812,249542
2017-12-07,0.68812,0.68886,0.68234,0.68296,233594
2017-12-08,0.68296,0.68702,0.68225,0.68354,205879
2017-12-11,0.68351,0.69304,0.68349,0.69108,234190
2017-12-12,0.69108,0.6953,0.69011,0.69336,196268
2017-12-13,0.69336,0.70283,0.69314,0.70236,248081
2017-12-14,0.70236,0.70243,0.69782,0.69826,254272
2017-12-15,0.69826,0.70339,0.69789,0.69885,273260
2017-12-18,0.69983,0.70282,0.69914,0.69943,196765
2017-12-19,0.69943,0.70189,0.69661,0.69724,205307
2017-12-20,0.69724,0.7014,0.6954,0.70113,205983
2017-12-21,0.70113,0.70198,0.69864,0.70171,212175
2017-12-22,0.70171,0.70279,0.70013,0.70208,296659
2017-12-25,0.70151,0.70457,0.70131,0.70151,0
2017-12-26,0.70208,0.70427,0.70099,0.70376,568475
2017-12-27,0.70376,0.70763,0.70286,0.70579,277705
2017-12-28,0.70579,0.70987,0.70536,0.70842,361122
2017-12-29,0.70842,0.71242,0.70808,0.70935,309024
2018-01-01,0.70935,0.71046,0.70931,0.71046,42
2018-01-02,0.71046,0.71308,0.70766,0.71014,266678
2018-01-03,0.71014,0.71106,0.70732,0.70911,271910
2018-01-04,0.70911,0.71633,0.70729,0.71541,272487
2018-01-05,0.71541,0.71865,0.71445,0.71678,269615
2018-01-08,0.71605,0.71842,0.71552,0.7175,286291
2018-01-09,0.7175,0.7197,0.716,0.71608,242183
2018-01-10,0.71608,0.72299,0.71398,0.71975,298607
2018-01-11,0.71975,0.72624,0.71824,0.72605,306313
2018-01-12,0.72605,0.72762,0.72194,0.72533,337873
2018-01-15,0.72375,0.73147,0.72363,0.72998,398502
2018-01-16,0.72998,0.73073,0.7259,0.72673,323626
2018-01-17,0.72673,0.73314,0.72348,0.72724,306471
2018-01-18,0.72724,0.73208,0.72455,0.7301,306358
2018-01-19,0.7301,0.73235,0.72718,0.72744,342648
2018-01-22,0.72843,0.73292,0.72675,0.73271,284586
2018-01-23,0.73271,0.73648,0.7306,0.73545,281858
2018-01-24,0.73545,0.74359,0.73326,0.73361,299352
2018-01-25,0.73361,0.73925,0.73138,0.73252,447466
2018-01-26,0.73252,0.73746,0.72908,0.7358,321167
2018-01-29,0.73426,0.73641,0.73014,0.73215,316579
2018-01-30,0.73215,0.73553,0.72794,0.73296,308915
2018-01-31,0.73296,0.742,0.73269,0.7364,398396
2018-02-01,0.7364,0.74036,0.73338,0.73962,397989
2018-02-02,0.73962,0.74057,0.7295,0.73025,368818
2018-02-05,0.72882,0.73305,0.72598,0.72643,411363
2018-02-06,0.72643,0.73504,0.72568,0.73408,396233
2018-02-07,0.73408,0.73458,0.72099,0.72371,354534
2018-02-08,0.72371,0.72425,0.71765,0.72171,434840
2018-02-09,0.72171,0.72592,0.71982,0.72537,422202
2018-02-12,0.72438,0.7277,0.72319,0.72621,440054
2018-02-13,0.72621,0.73148,0.72471,0.72733,488371
2018-02-14,0.72733,0.73792,0.72398,0.73656,467612
2018-02-15,0.73656,0.74116,0.7363,0.74069,501712
2018-02-16,0.74069,0.7437,0.73736,0.73898,462601
2018-02-19,0.73763,0.74096,0.73532,0.73708,439387
2018-02-20,0.73708,0.73745,0.7336,0.73465,433761
2018-02-21,0.73465,0.73861,0.73163,0.73177,489722
2018-02-22,0.73177,0.73651,0.73068,0.73383,438885
2018-02-23,0.73383,0.73447,0.72708,0.72925,266572
2018-02-26,0.72928,0.73452,0.72766,0.73019,230128
2018-02-27,0.73019,0.73048,0.72311,0.72336,325629
2018-02-28,0.72336,0.72428,0.72058,0.72088,294586
2018-03-01,0.72088,0.72634,0.71862,0.72469,342623
2018-03-02,0.72469,0.72795,0.72187,0.72398,286598
2018-03-05,0.72334,0.72447,0.72027,0.7226,304407
2018-03-06,0.7226,0.73109,0.72214,0.7291,316531
2018-03-07,0.7291,0.73004,0.72541,0.72836,288624
2018-03-08,0.72836,0.72975,0.72452,0.72618,295747
2018-03-09,0.72618,0.72978,0.72493,0.72787,302863
2018-03-12,0.72959,0.73233,0.72857,0.7294,160151
2018-03-13,0.7294,0.73546,0.72901,0.73243,242082
2018-03-14,0.73243,0.7354,0.73178,0.7331,269865
2018-03-15,0.7331,0.73343,0.72672,0.72757,274917
2018-03-16,0.72757,0.72801,0.7208,0.72155,327099
2018-03-19,0.72185,0.72603,0.71959,0.72425,316010
2018-03-20,0.72425,0.72489,0.71766,0.71826,243737
2018-03-21,0.71826,0.72456,0.71532,0.72273,287165
2018-03-22,0.72273,0.72629,0.72051,0.72059,256333
2018-03-23,0.72059,0.7274,0.72019,0.72353,322672
2018-03-26,0.72328,0.73007,0.72294,0.72976,229552
2018-03-27,0.72976,0.73033,0.72581,0.7267,255589
2018-03-28,0.7267,0.72745,0.72032,0.72119,306630
2018-03-29,0.72119,0.72342,0.71881,0.72332,344099
2018-03-30,0.72332,0.72479,0.72198,0.72407,1180525
2018-04-02,0.72407,0.72407,0.72104,0.72128,552341
2018-04-03,0.72128,0.72709,0.7195,0.7256,283446
2018-04-04,0.7256,0.73109,0.72525,0.73034,245905
2018-04-05,0.73034,0.73222,0.72622,0.72734,288509
2018-04-06,0.72734,0.72823,0.72413,0.72718,325511
2018-04-09,0.72755,0.73242,0.72661,0.73056,294713
2018-04-10,0.73056,0.73759,0.73034,0.73585,313629
2018-04-11,0.73585,0.73785,0.73445,0.73586,405093
2018-04-12,0.73586,0.73894,0.73491,0.73749,371324
2018-04-13,0.73749,0.73954,0.73453,0.73514,255332
2018-04-16,0.73557,0.73708,0.73336,0.73624,313272
2018-04-17,0.73624,0.73725,0.73264,0.73417,306891
2018-04-18,0.73417,0.73444,0.73037,0.73162,329044
2018-04-19,0.73162,0.73416,0.726,0.72712,296570
2018-04-20,0.72712,0.72715,0.72007,0.7208,271867
2018-04-23,0.7215,0.72184,0.71457,0.71474,222344
2018-04-24,0.71474,0.71578,0.71054,0.71186,276952
2018-04-25,0.71186,0.71194,0.70577,0.70671,288862
2018-04-26,0.70671,0.70953,0.70559,0.70622,253938
2018-04-27,0.70622,0.70957,0.70392,0.70847,208688
2018-04-30,0.70803,0.70891,0.70334,0.70354,234604
2018-05-01,0.70354,0.70411,0.69903,0.70043,265523
2018-05-02,0.70043,0.70315,0.6985,0.69949,279768
2018-05-03,0.69949,0.70472,0.69893,0.70411,279933
2018-05-04,0.70411,0.70528,0.69942,0.70208,247462
2018-05-07,0.70197,0.70413,0.69948,0.70124,285120
2018-05-08,0.70124,0.70306,0.69534,0.69709,247165
2018-05-09,0.69709,0.6997,0.6949,0.69799,240622
2018-05-10,0.69799,0.69815,0.69027,0.69619,257973
2018-05-11,0.69619,0.69868,0.6954,0.69624,166580
2018-05-14,0.69624,0.69744,0.69111,0.69128,183970
2018-05-15,0.69128,0.69247,0.68541,0.68614,248182
2018-05-16,0.68614,0.69172,0.6851,0.68966,291262
2018-05-17,0.68966,0.69376,0.68715,0.6876,244521
2018-05-18,0.6876,0.69222,0.68729,0.6919,268129
2018-05-21,0.69182,0.69498,0.68839,0.69454,213204
2018-05-22,0.69454,0.69745,0.69203,0.69322,226478
2018-05-23,0.69322,0.69446,0.68842,0.69162,298532
2018-05-24,0.69162,0.69373,0.69062,0.69258,285964
2018-05-25,0.69258,0.6938,0.69057,0.69125,227036
2018-05-28,0.6922,0.69596,0.6914,0.69416,354892
2018-05-29,0.69416,0.69491,0.68896,0.69024,272559
2018-05-30,0.69024,0.69982,0.68825,0.69873,310063
2018-05-31,0.69873,0.70237,0.69687,0.69991,282577
2018-06-01,0.69991,0.70201,0.69603,0.69863,265644
2018-06-04,0.6979,0.70484,0.69771,0.70279,241767
2018-06-05,0.70279,0.70446,0.69977,0.70231,193238
2018-06-06,0.70231,0.706,0.702,0.70331,261035
2018-06-07,0.70331,0.70564,0.70221,0.70276,235705
2018-06-08,0.70276,0.70424,0.70083,0.70284,226055
2018-06-11,0.70228,0.70536,0.70156,0.70229,195385
2018-06-12,0.70229,0.70461,0.69967,0.70061,236666
2018-06-13,0.70061,0.70528,0.69743,0.70238,245908
2018-06-14,0.70238,0.70446,0.69716,0.6976,229452
2018-06-15,0.6976,0.6976,0.69277,0.69418,264498
2018-06-18,0.69336,0.69558,0.69201,0.69341,246661
2018-06-19,0.69341,0.69437,0.68849,0.69035,255489
2018-06-20,0.69035,0.6917,0.68597,0.686,206639
2018-06-21,0.686,0.6883,0.68259,0.68644,322940
2018-06-22,0.68644,0.69205,0.68589,0.69076,239184
2018-06-25,0.69136,0.69217,0.68853,0.68961,326385
2018-06-26,0.68961,0.69017,0.68472,0.68501,188832
2018-06-27,0.68501,0.68595,0.67783,0.67954,272954
2018-06-28,0.67954,0.68103,0.67461,0.67571,250747
2018-06-29,0.67571,0.67845,0.67362,0.67764,218786
2018-07-02,0.679,0.6791,0.66896,0.67151,204060
2018-07-03,0.67151,0.67596,0.66879,0.67542,163993
2018-07-04,0.67542,0.67832,0.67442,0.67613,181715
2018-07-05,0.67613,0.67976,0.67506,0.67856,174710
2018-07-06,0.67856,0.68442,0.67818,0.68375,191719
2018-07-09,0.68385,0.68589,0.68295,0.68361,173987
2018-07-10,0.68361,0.68571,0.68063,0.68371,149154
2018-07-11,0.68371,0.68385,0.67543,0.6758,194222
2018-07-12,0.6758,0.67862,0.67482,0.67774,167545
2018-07-13,0.67774,0.67866,0.67254,0.67653,177656
2018-07-16,0.6759,0.6793,0.67582,0.67769,122642
2018-07-17,0.67769,0.68406,0.6755,0.6783,180429
2018-07-18,0.6783,0.68051,0.67425,0.67929,181227
2018-07-19,0.67929,0.68056,0.67138,0.67408,226265
2018-07-20,0.67408,0.68175,0.67198,0.68062,217978
2018-07-23,0.6795,0.68244,0.67765,0.67835,142776
2018-07-24,0.67835,0.68187,0.6769,0.67994,156234
2018-07-25,0.67994,0.68423,0.67855,0.68358,174182
2018-07-26,0.68358,0.68508,0.67794,0.67828,186952
2018-07-27,0.67828,0.68005,0.67624,0.67896,158300
2018-07-30,0.6791,0.68346,0.6791,0.68212,162496
2018-07-31,0.68212,0.6832,0.68009,0.68175,205358
2018-08-01,0.68175,0.68203,0.67818,0.67906,203279
2018-08-02,0.67906,0.67982,0.6739,0.67423,157814
2018-08-03,0.67423,0.67662,0.67203,0.67433,172585
2018-08-06,0.67459,0.67557,0.67243,0.6732,124593
2018-08-07,0.6732,0.67557,0.67248,0.67325,139904
2018-08-08,0.67325,0.67636,0.67225,0.67469,141531
2018-08-09,0.67469,0.67469,0.66119,0.66144,216286
2018-08-10,0.66144,0.66212,0.65704,0.65782,229591
2018-08-13,0.65709,0.65948,0.6561,0.65797,238396
2018-08-14,0.65797,0.661,0.65683,0.65725,162469
2018-08-15,0.65725,0.65769,0.65443,0.65657,168176
2018-08-16,0.65657,0.66084,0.65556,0.65861,220466
2018-08-17,0.65861,0.6637,0.65794,0.66341,189779
2018-08-20,0.66381,0.66492,0.66107,0.66375,133047
2018-08-21,0.66375,0.67013,0.66363,0.669,183627
2018-08-22,0.669,0.67209,0.66816,0.6697,171736
2018-08-23,0.6697,0.6701,0.66306,0.66331,169048
2018-08-24,0.66331,0.66963,0.66198,0.66881,201230
2018-08-27,0.66836,0.67024,0.66701,0.66924,154315
2018-08-28,0.66924,0.6727,0.66768,0.67079,186021
2018-08-29,0.67079,0.67195,0.66851,0.67135,227797
2018-08-30,0.67135,0.67171,0.66342,0.66567,239057
2018-08-31,0.66567,0.66622,0.66071,0.66187,240994
2018-09-03,0.66142,0.66226,0.65933,0.65999,144180
2018-09-04,0.65999,0.66071,0.65402,0.6554,197870
2018-09-05,0.6554,0.65996,0.65299,0.65912,207376
2018-09-06,0.65912,0.66162,0.65722,0.65856,254290
2018-09-07,0.65856,0.65936,0.65281,0.6533,212364
2018-09-10,0.65324,0.65471,0.65125,0.65246,157231
2018-09-11,0.65246,0.65408,0.65009,0.6525,178857
2018-09-12,0.6525,0.65656,0.65024,0.6558,171135
2018-09-13,0.6558,0.65898,0.65429,0.65688,185105
2018-09-14,0.65688,0.65956,0.65431,0.65443,162463
2018-09-17,0.6555,0.65904,0.65386,0.65757,168704
2018-09-18,0.65757,0.6608,0.65616,0.65832,252372
2018-09-19,0.65832,0.66227,0.65726,0.6614,230647
2018-09-20,0.6614,0.66932,0.66012,0.66849,221442
2018-09-21,0.66849,0.66992,0.66673,0.66783,192928
2018-09-24,0.66684,0.66885,0.66408,0.66437,176290
2018-09-25,0.66437,0.66589,0.66301,0.66477,157362
2018-09-26,0.66477,0.66962,0.66345,0.66562,176252
2018-09-27,0.66562,0.668,0.66104,0.66114,206824
2018-09-28,0.66114,0.66396,0.65985,0.66151,157583
2018-10-01,0.66242,0.66286,0.65996,0.66169,156197
2018-10-02,0.66169,0.66169,0.65752,0.65933,187008
2018-10-03,0.65933,0.65935,0.65107,0.65137,198904
2018-10-04,0.65137,0.65197,0.6474,0.64772,162139
2018-10-05,0.64772,0.6486,0.64323,0.64363,142963
2018-10-08,0.6441,0.64552,0.64244,0.64543,124176
2018-10-09,0.64543,0.64754,0.64273,0.64706,162677
2018-10-10,0.64706,0.64967,0.64421,0.6446,190506
2018-10-11,0.6446,0.65318,0.6445,0.65239,239951
2018-10-12,0.65239,0.65333,0.64998,0.65066,181599
2018-10-15,0.65,0.65565,0.64942,0.65509,180412
2018-10-16,0.65509,0.6597,0.65429,0.65811,191257
2018-10-17,0.65811,0.66015,0.65459,0.655,193154
2018-10-18,0.655,0.65779,0.65342,0.65429,211558
2018-10-19,0.65429,0.66072,0.65235,0.65914,212767
2018-10-22,0.6608,0.66106,0.65436,0.65515,198200
2018-10-23,0.65515,0.65689,0.65347,0.65515,206160
2018-10-24,0.65515,0.65673,0.65181,0.65216,217033
2018-10-25,0.65216,0.65443,0.65023,0.65181,234039
2018-10-26,0.65181,0.65329,0.64649,0.65204,275164
2018-10-29,0.6523,0.65556,0.65145,0.65214,224117
2018-10-30,0.65214,0.6573,0.65203,0.65533,204545
2018-10-31,0.65533,0.65709,0.65132,0.6517,189046
2018-11-01,0.6517,0.66625,0.6514,0.66526,222120
2018-11-02,0.66526,0.66896,0.66339,0.66449,222305
2018-11-05,0.6634,0.66761,0.66325,0.66621,153897
2018-11-06,0.66621,0.67407,0.66459,0.67379,175598
2018-11-07,0.67379,0.6819,0.67122,0.67837,269799
2018-11-08,0.67837,0.67968,0.67413,0.6754,217410
2018-11-09,0.6754,0.67656,0.67275,0.67351,216859
2018-11-12,0.6725,0.67574,0.67058,0.67092,229023
2018-11-13,0.67092,0.67678,0.67069,0.67629,245752
2018-11-14,0.67629,0.68089,0.67541,0.67925,268100
2018-11-15,0.67925,0.68399,0.67871,0.68266,309676
2018-11-16,0.68266,0.68835,0.67983,0.68772,251426
2018-11-19,0.6862,0.68739,0.68161,0.68375,243695
2018-11-20,0.68375,0.68696,0.67879,0.67896,258179
2018-11-21,0.67896,0.68538,0.67816,0.68333,224281
2018-11-22,0.68333,0.68341,0.6789,0.68133,280254
2018-11-23,0.68133,0.68203,0.67671,0.67785,312545
2018-11-26,0.6758,0.6816,0.6755,0.67694,200232
2018-11-27,0.67694,0.68102,0.67536,0.67905,208117
2018-11-28,0.67905,0.6887,0.67839,0.68692,234648
2018-11-29,0.68692,0.68842,0.68379,0.68584,187349
2018-11-30,0.68584,0.68856,0.68516,0.6879,187403
2018-12-03,0.69154,0.69399,0.68888,0.69262,197489
2018-12-04,0.69262,0.69694,0.69176,0.69286,229545
2018-12-05,0.69286,0.69441,0.68893,0.68973,155930
2018-12-06,0.68973,0.69006,0.68564,0.68762,253018
2018-12-07,0.68762,0.68987,0.68463,0.68577,183915
2018-12-10,0.6869,0.69044,0.68404,0.68693,202639
2018-12-11,0.68693,0.69116,0.68622,0.68733,201356
2018-12-12,0.68733,0.69004,0.68246,0.68567,199948
2018-12-13,0.68567,0.68795,0.6842,0.6854,158616
2018-12-14,0.6854,0.68621,0.67777,0.67926,137413
2018-12-17,0.6795,0.68178,0.67846,0.68027,145546
2018-12-18,0.68027,0.688,0.67982,0.68453,211306
2018-12-19,0.68453,0.68704,0.67634,0.67661,235209
2018-12-20,0.67661,0.67906,0.67248,0.67735,257809
2018-12-21,0.67735,0.67902,0.67047,0.67084,261899
2018-12-24,0.6724,0.67439,0.67105,0.67226,286515
2018-12-25,0.6729,0.67522,0.67281,0.67358,0
2018-12-26,0.67226,0.67461,0.6716,0.67296,469967
2018-12-27,0.67296,0.6741,0.66931,0.66974,366023
2018-12-28,0.66974,0.67202,0.66924,0.67026,213412
2018-12-31,0.67111,0.67222,0.66913,0.67047,314189
2019-01-01,0.6725,0.67259,0.67092,0.6725,0
2019-01-02,0.67047,0.67204,0.66521,0.66543,204663
2019-01-03,0.66543,0.66998,0.65857,0.66919,405191
2019-01-04,0.66919,0.67519,0.66688,0.67331,285036
2019-01-07,0.67436,0.67671,0.6726,0.67536,201179
2019-01-08,0.67536,0.6758,0.67073,0.67218,232917
2019-01-09,0.67218,0.68121,0.67208,0.67878,263992
2019-01-10,0.67878,0.67945,0.67711,0.67799,210368
2019-01-11,0.67799,0.68439,0.67781,0.68316,245020
2019-01-14,0.68248,0.68324,0.67965,0.6821,215786
2019-01-15,0.6821,0.68488,0.67999,0.6816,189354
2019-01-16,0.6816,0.68306,0.6755,0.67763,204665
2019-01-17,0.67763,0.67867,0.67279,0.67623,186292
2019-01-18,0.67623,0.67845,0.6737,0.67396,157056
2019-01-21,0.6746,0.6753,0.67136,0.67295,108941
2019-01-22,0.67295,0.67538,0.67069,0.67502,145114
2019-01-23,0.67502,0.67981,0.67423,0.67877,185524
2019-01-24,0.67877,0.68069,0.6756,0.67622,214445
2019-01-25,0.67622,0.68507,0.6747,0.68392,173711
2019-01-28,0.68303,0.68722,0.68263,0.68291,148697
2019-01-29,0.68291,0.6862,0.68154,0.68339,175780
2019-01-30,0.68339,0.69116,0.68207,0.68909,222824
2019-01-31,0.68909,0.69388,0.68864,0.69147,180845
2019-02-01,0.69147,0.69419,0.68903,0.68908,177242
2019-02-04,0.68953,0.69057,0.687,0.68835,179919
2019-02-05,0.68835,0.69059,0.68712,0.68952,138368
2019-02-06,0.68952,0.69051,0.6766,0.67743,183426
2019-02-07,0.67743,0.6778,0.67441,0.67479,183068
2019-02-08,0.67479,0.67665,0.67295,0.67401,148430
2019-02-11,0.67403,0.67733,0.67271,0.67325,138706
2019-02-12,0.67325,0.67439,0.67196,0.67354,136216
2019-02-13,0.67354,0.6852,0.67264,0.67964,196914
2019-02-14,0.67964,0.68559,0.67928,0.68367,169473
2019-02-15,0.68367,0.68743,0.68093,0.68614,166457
2019-02-18,0.68555,0.68933,0.68392,0.68471,139291
2019-02-19,0.68471,0.68874,0.68147,0.68826,191294
2019-02-20,0.68826,0.68846,0.68499,0.68566,184995
2019-02-21,0.68566,0.68768,0.6797,0.68009,211085
2019-02-22,0.68009,0.68538,0.67575,0.68433,197549
2019-02-25,0.6861,0.69019,0.68524,0.68834,212495
2019-02-26,0.68834,0.69031,0.68711,0.68862,195599
2019-02-27,0.68862,0.69019,0.68347,0.6846,212368
2019-02-28,0.6846,0.68532,0.6796,0.68073,205581
2019-03-01,0.68073,0.68391,0.67939,0.67945,191675
2019-03-04,0.6825,0.68278,0.67961,0.68176,209564
2019-03-05,0.68176,0.68271,0.67687,0.67943,163710
2019-03-06,0.67943,0.68016,0.67529,0.67685,205898
2019-03-07,0.67685,0.67922,0.67448,0.67539,195717
2019-03-08,0.67539,0.68104,0.67491,0.68022,226511
2019-03-11,0.67895,0.68359,0.67873,0.68295,165759
2019-03-12,0.68295,0.68728,0.68267,0.68608,174892
2019-03-13,0.68608,0.68615,0.68289,0.68577,180838
2019-03-14,0.68577,0.68651,0.68085,0.68205,209968
2019-03-15,0.68205,0.68588,0.68197,0.6844,184857
2019-03-18,0.6846,0.68742,0.68397,0.68527,153289
2019-03-19,0.68527,0.68712,0.68406,0.68545,195238
2019-03-20,0.68545,0.69178,0.68276,0.68821,184544
2019-03-21,0.68821,0.69385,0.6857,0.68766,285521
2019-03-22,0.68766,0.68975,0.68655,0.68734,230621
2019-03-25,0.687,0.69188,0.68692,0.69089,249615
2019-03-26,0.69089,0.69246,0.68944,0.69065,228339
2019-03-27,0.69065,0.69142,0.67869,0.67968,295493
2019-03-28,0.67968,0.68283,0.67743,0.67762,273537
2019-03-29,0.67762,0.68235,0.67739,0.68052,216639
2019-04-01,0.68197,0.68374,0.68017,0.68019,215490
2019-04-02,0.68019,0.68019,0.67386,0.67567,264708
2019-04-03,0.67567,0.68001,0.67437,0.67779,265135
2019-04-04,0.67779,0.67996,0.67482,0.67519,207789
2019-04-05,0.67519,0.67653,0.67183,0.67307,253270
2019-04-08,0.67307,0.67535,0.6722,0.67396,224316
2019-04-09,0.67396,0.67585,0.67366,0.67411,203156
2019-04-10,0.67411,0.67741,0.67379,0.67653,268869
2019-04-11,0.67653,0.67712,0.67227,0.67269,196065
2019-04-12,0.67269,0.67816,0.67135,0.67604,242429
2019-04-15,0.6761,0.67826,0.67504,0.67625,191670
2019-04-16,0.67625,0.67694,0.67408,0.67618,210484
2019-04-17,0.67618,0.67759,0.6665,0.67263,211296
2019-04-18,0.67263,0.67299,0.66728,0.66809,228877
2019-04-19,0.66809,0.66942,0.66768,0.66901,586632
2019-04-22,0.66901,0.66901,0.66725,0.66783,173527
2019-04-23,0.66783,0.6684,0.66293,0.66561,187699
2019-04-24,0.66561,0.66572,0.65817,0.65924,180048
2019-04-25,0.65924,0.66297,0.658,0.6625,178786
2019-04-26,0.6625,0.6682,0.66187,0.66559,150105
2019-04-29,0.66504,0.66807,0.66504,0.66653,128325
2019-04-30,0.66653,0.6685,0.66546,0.66734,138301
2019-05-01,0.66734,0.66772,0.66161,0.6617,144888
2019-05-02,0.6617,0.66396,0.66079,0.66148,178645
2019-05-03,0.66148,0.6653,0.66059,0.66429,203291
2019-05-06,0.66027,0.66294,0.6601,0.66053,188299
2019-05-07,0.66053,0.6631,0.65882,0.66006,183771
2019-05-08,0.66006,0.6604,0.6525,0.65747,195116
2019-05-09,0.65747,0.65978,0.65692,0.65897,178895
2019-05-10,0.65897,0.66143,0.65826,0.65967,291747
2019-05-13,0.6594,0.66033,0.65639,0.65673,186970
2019-05-14,0.65673,0.65914,0.65622,0.65748,115831
2019-05-15,0.65748,0.65778,0.65506,0.65637,140925
2019-05-16,0.65637,0.65826,0.65321,0.65357,176311
2019-05-17,0.65357,0.65472,0.65138,0.65139,150204
2019-05-20,0.65246,0.65464,0.65203,0.65335,125128
2019-05-21,0.65335,0.65429,0.65003,0.65035,143592
2019-05-22,0.65035,0.65106,0.6492,0.64939,135970
2019-05-23,0.64939,0.65262,0.64816,0.65193,140701
2019-05-24,0.65193,0.65557,0.65122,0.65499,148264
2019-05-27,0.655,0.65593,0.65402,0.65453,189740
2019-05-28,0.65453,0.65585,0.65399,0.65404,135927
2019-05-29,0.65404,0.65524,0.65043,0.65112,129501
2019-05-30,0.65112,0.65277,0.64948,0.65104,102018
2019-05-31,0.65104,0.65475,0.64977,0.65338,158554
2019-06-03,0.65277,0.66042,0.6526,0.65971,156212
2019-06-04,0.65971,0.66194,0.65753,0.66049,190986
2019-06-05,0.66049,0.66667,0.66027,0.66174,193205
2019-06-06,0.66174,0.66443,0.66151,0.66202,178790
2019-06-07,0.66202,0.66815,0.66141,0.66618,160689
2019-06-10,0.66589,0.66616,0.66044,0.66054,148377
2019-06-11,0.66054,0.66115,0.65684,0.65816,130131
2019-06-12,0.65816,0.65927,0.65661,0.65744,125517
2019-06-13,0.65744,0.65878,0.65559,0.65665,113757
2019-06-14,0.65665,0.65733,0.64874,0.64885,129832
2019-06-17,0.64947,0.65147,0.64907,0.64941,95919
2019-06-18,0.64941,0.65379,0.64903,0.6528,143012
2019-06-19,0.6528,0.65628,0.65138,0.65361,139678
2019-06-20,0.65361,0.65959,0.65339,0.6584,170810
2019-06-21,0.6584,0.66041,0.65543,0.6585,152915
2019-06-24,0.65885,0.66267,0.65853,0.66189,104704
2019-06-25,0.66189,0.66613,0.66121,0.66394,185867
2019-06-26,0.66394,0.66929,0.65927,0.66806,164941
2019-06-27,0.66806,0.67018,0.66713,0.66984,175683
2019-06-28,0.66984,0.6721,0.66904,0.67178,132224
2019-07-01,0.67196,0.67268,0.66646,0.66723,142292
2019-07-02,0.66723,0.66814,0.66563,0.66711,129338
2019-07-03,0.66711,0.67195,0.66665,0.67057,139903
2019-07-04,0.67057,0.67201,0.66772,0.66866,74662
2019-07-05,0.66866,0.66944,0.66021,0.6623,139368
2019-07-08,0.66259,0.66531,0.66195,0.66213,89714
2019-07-09,0.66213,0.66316,0.66005,0.66049,94802
2019-07-10,0.66049,0.66572,0.65653,0.66438,150937
2019-07-11,0.66438,0.66891,0.66401,0.66604,141369
2019-07-12,0.66604,0.66985,0.66546,0.66889,136112
2019-07-15,0.66867,0.67346,0.66836,0.67194,121176
2019-07-16,0.67194,0.67381,0.66939,0.67001,124798
2019-07-17,0.67001,0.67465,0.66962,0.67312,121349
2019-07-18,0.67312,0.67869,0.67238,0.67828,151083
2019-07-19,0.67828,0.67906,0.67582,0.67608,134538
2019-07-22,0.67625,0.67872,0.67553,0.67553,99632
2019-07-23,0.67553,0.67596,0.6701,0.67023,103109
2019-07-24,0.67023,0.67233,0.66917,0.67053,96612
2019-07-25,0.67053,0.67074,0.6654,0.66639,140705
2019-07-26,0.66639,0.66648,0.6626,0.66329,129683
2019-07-29,0.663,0.66417,0.6616,0.66313,51977
2019-07-30,0.66313,0.66344,0.66023,0.6613,93580
2019-07-31,0.6613,0.66191,0.65428,0.65554,241869
2019-08-01,0.65554,0.65775,0.65341,0.65497,189429
2019-08-02,0.65497,0.65606,0.65052,0.65369,200189
2019-08-05,0.65277,0.65447,0.64882,0.65232,213525
2019-08-06,0.65232,0.65905,0.65083,0.65236,244177
2019-08-07,0.65236,0.65574,0.63766,0.64451,386744
2019-08-08,0.64451,0.64918,0.64335,0.64795,223711
2019-08-09,0.64795,0.64986,0.64563,0.64653,104532
2019-08-12,0.6465,0.6475,0.64377,0.64461,109435
2019-08-13,0.64461,0.64714,0.64216,0.64514,183196
2019-08-14,0.64514,0.64687,0.6421,0.64343,172878
2019-08-15,0.64343,0.64587,0.64274,0.64468,180404
2019-08-16,0.64468,0.64477,0.64224,0.64244,138224
2019-08-19,0.6426,0.64412,0.64032,0.64055,107106
2019-08-20,0.64055,0.64295,0.64031,0.64151,119838
2019-08-21,0.64151,0.64227,0.6395,0.64036,102151
2019-08-22,0.64036,0.64077,0.63616,0.63647,109034
2019-08-23,0.63647,0.64097,0.6363,0.63936,189182
2019-08-26,0.63829,0.64035,0.63407,0.63891,206607
2019-08-27,0.63891,0.63984,0.63574,0.6361,131536
2019-08-28,0.6361,0.63666,0.6326,0.63358,128192
2019-08-29,0.63358,0.63474,0.63043,0.63099,132169
2019-08-30,0.63099,0.63202,0.62832,0.63086,132700
2019-09-02,0.62995,0.63183,0.62893,0.63081,79239
2019-09-03,0.63081,0.63391,0.6269,0.63364,127854
2019-09-04,0.63364,0.63647,0.63251,0.63598,94293
2019-09-05,0.63598,0.63956,0.63541,0.6373,113026
2019-09-06,0.6373,0.64439,0.63635,0.6423,105756
2019-09-09,0.6414,0.64446,0.64123,0.64219,82668
2019-09-10,0.64219,0.64419,0.64092,0.64231,72040
2019-09-11,0.64231,0.64393,0.64071,0.64124,76675
2019-09-12,0.64124,0.64507,0.6399,0.64048,94948
2019-09-13,0.64048,0.64095,0.63722,0.63775,75154
2019-09-16,0.6369,0.63916,0.63413,0.63435,76391
2019-09-17,0.63435,0.63594,0.63219,0.63579,79651
2019-09-18,0.63579,0.63621,0.62999,0.63148,97039
2019-09-19,0.63148,0.63325,0.62984,0.63002,124139
2019-09-20,0.63002,0.63049,0.6255,0.62575,107631
2019-09-23,0.6262,0.62991,0.6258,0.62919,92241
2019-09-24,0.62919,0.63314,0.62873,0.63235,110793
2019-09-25,0.63235,0.63485,0.62662,0.62689,111027
2019-09-26,0.62689,0.6327,0.6267,0.62963,120315
2019-09-27,0.62963,0.631,0.62791,0.6294,128754
2019-09-30,0.62855,0.62945,0.62493,0.62628,107176
2019-10-01,0.62628,0.62714,0.62037,0.62432,122658
2019-10-02,0.62432,0.62721,0.62191,0.62677,105282
2019-10-03,0.62677,0.63162,0.62552,0.62991,111769
2019-10-04,0.62991,0.63367,0.62957,0.63136,121088
2019-10-07,0.63016,0.63219,0.62833,0.62889,109000
2019-10-08,0.62889,0.63271,0.62852,0.6297,112381
2019-10-09,0.6297,0.63253,0.62895,0.62926,97013
2019-10-10,0.62926,0.63352,0.6277,0.63193,114163
2019-10-11,0.63193,0.63541,0.63136,0.63354,118456
2019-10-14,0.63288,0.63358,0.62811,0.62981,87435
2019-10-15,0.62981,0.63147,0.62586,0.62933,99383
2019-10-16,0.62933,0.6321,0.62408,0.62909,107730
2019-10-17,0.62909,0.6355,0.62824,0.63464,102023
2019-10-18,0.63464,0.63905,0.63426,0.63837,75375
2019-10-21,0.63769,0.64162,0.63703,0.64064,77161
2019-10-22,0.64064,0.64358,0.63994,0.64054,86448
2019-10-23,0.64054,0.64265,0.63859,0.64223,75012
2019-10-24,0.64223,0.64248,0.63744,0.63832,87302
2019-10-25,0.63832,0.63834,0.63473,0.63477,70238
2019-10-28,0.6351,0.636,0.63339,0.63495,72789
2019-10-29,0.63495,0.63754,0.63387,0.63555,90417
2019-10-30,0.63555,0.63915,0.63333,0.63875,112656
2019-10-31,0.63875,0.64329,0.63847,0.6413,124275
2019-11-01,0.6413,0.64565,0.64067,0.64252,124293
2019-11-04,0.64333,0.64658,0.63903,0.64014,90510
2019-11-05,0.64014,0.64313,0.63677,0.63742,134180
2019-11-06,0.63742,0.63891,0.636,0.63686,91219
2019-11-07,0.63686,0.63862,0.63419,0.63658,108027
2019-11-08,0.63658,0.6382,0.6322,0.63239,84889
2019-11-11,0.6332,0.63725,0.63262,0.63589,63764
2019-11-12,0.63589,0.63681,0.63249,0.63308,90292
2019-11-13,0.63308,0.6416,0.63279,0.64112,111763
2019-11-14,0.64112,0.64186,0.63589,0.63811,91856
2019-11-15,0.63811,0.64101,0.63719,0.6401,77317
2019-11-18,0.64034,0.64121,0.63899,0.63979,76381
2019-11-19,0.63979,0.64317,0.63818,0.64305,74535
2019-11-20,0.64305,0.64359,0.64039,0.64171,91198
2019-11-21,0.64171,0.64372,0.63971,0.64025,107392
2019-11-22,0.64025,0.64253,0.63984,0.64022,84124
2019-11-25,0.64074,0.64278,0.63945,0.64178,74379
2019-11-26,0.64178,0.64312,0.64058,0.64275,91085
2019-11-27,0.64275,0.64333,0.64131,0.6419,76220
2019-11-28,0.6419,0.64305,0.64022,0.64184,67732
2019-11-29,0.64184,0.64381,0.64091,0.64179,68297
2019-12-02,0.6431,0.65111,0.64241,0.65025,90787
2019-12-03,0.65025,0.65334,0.64934,0.65189,91962
2019-12-04,0.65189,0.65406,0.65033,0.65283,102519
2019-12-05,0.65283,0.6562,0.65197,0.65431,92087
2019-12-06,0.65431,0.6576,0.65409,0.65632,94436
2019-12-09,0.6555,0.65674,0.65451,0.65461,87952
2019-12-10,0.65461,0.6568,0.65285,0.65447,114433
2019-12-11,0.65447,0.66034,0.65226,0.65855,129069
2019-12-12,0.65855,0.66005,0.65742,0.65971,298470
2019-12-13,0.65971,0.66359,0.65817,0.65909,206247
2019-12-16,0.66018,0.66143,0.65879,0.6597,113283
2019-12-17,0.6597,0.66052,0.65647,0.65735,113065
2019-12-18,0.65735,0.66135,0.65542,0.65883,97196
2019-12-19,0.65883,0.66088,0.65727,0.66075,108056
2019-12-20,0.66075,0.66139,0.65889,0.66045,91225
2019-12-23,0.65974,0.66387,0.65968,0.66358,100773
2019-12-24,0.66358,0.66483,0.66222,0.6637,102204
2019-12-25,0.6642,0.66576,0.6632,0.6643,0
2019-12-26,0.6637,0.66765,0.6637,0.66694,17421
2019-12-27,0.66694,0.67106,0.66655,0.66994,107455
2019-12-30,0.66963,0.67368,0.66949,0.67278,112521
2019-12-31,0.67278,0.67556,0.67135,0.67334,95902
2020-01-01,0.67858,0.67858,0.6723,0.67858,0
2020-01-02,0.67334,0.67334,0.66844,0.66957,66110
2020-01-03,0.66957,0.67018,0.66442,0.66646,123188
2020-01-06,0.66576,0.66801,0.66443,0.66722,122879
2020-01-07,0.66722,0.66791,0.6625,0.66408,105308
2020-01-08,0.66408,0.66723,0.66175,0.66465,177925
2020-01-09,0.66465,0.66584,0.66001,0.66148,91851
2020-01-10,0.66148,0.6645,0.66018,0.66379,101139
2020-01-13,0.66379,0.66529,0.66202,0.66304,99431
2020-01-14,0.66304,0.66342,0.66033,0.66135,102629
2020-01-15,0.66135,0.66206,0.65839,0.66168,86860
2020-01-16,0.66168,0.66653,0.66155,0.66358,97678
2020-01-17,0.66358,0.66508,0.66071,0.6613,87664
2020-01-20,0.66113,0.66246,0.6592,0.66072,57967
2020-01-21,0.66072,0.6615,0.65877,0.6596,91769
2020-01-22,0.6596,0.66105,0.65814,0.65916,79098
2020-01-23,0.65916,0.66223,0.65809,0.66159,106441
2020-01-24,0.66159,0.66293,0.6599,0.66073,81418
2020-01-27,0.6582,0.65971,0.65421,0.65435,87177
2020-01-28,0.65435,0.65502,0.65208,0.6546,81470
2020-01-29,0.6546,0.65521,0.65057,0.65269,84682
2020-01-30,0.65269,0.653,0.64799,0.64853,100112
2020-01-31,0.64853,0.64951,0.64539,0.64647,103017
2020-02-03,0.6468,0.64771,0.64528,0.64611,117618
2020-02-04,0.64611,0.65018,0.64496,0.6489,109602
2020-02-05,0.6489,0.65031,0.6469,0.64736,112961
2020-02-06,0.64736,0.64841,0.6454,0.64583,94589
2020-02-07,0.64583,0.64644,0.63979,0.64001,93886
2020-02-10,0.64019,0.64174,0.63818,0.63837,104582
2020-02-11,0.63837,0.64213,0.63784,0.64017,93547
2020-02-12,0.64017,0.64879,0.63996,0.64634,102574
2020-02-13,0.64634,0.6467,0.64286,0.64369,105664
2020-02-14,0.64369,0.64443,0.64231,0.64338,71309
2020-02-17,0.64426,0.64476,0.64204,0.64353,58403
2020-02-18,0.64353,0.64416,0.63814,0.63853,87259
2020-02-19,0.63853,0.64108,0.63708,0.63851,78030
2020-02-20,0.63851,0.63949,0.6325,0.63314,110688
2020-02-21,0.63314,0.63567,0.63031,0.6349,109310
2020-02-24,0.6311,0.63562,0.63035,0.63392,135923
2020-02-25,0.63392,0.63583,0.6311,0.63175,123724
2020-02-26,0.63175,0.63217,0.62873,0.62905,151939
2020-02-27,0.62905,0.63346,0.62831,0.63069,169555
2020-02-28,0.63069,0.63184,0.61912,0.62444,243035
2020-03-02,0.62006,0.62792,0.6196,0.62608,190741
2020-03-03,0.62608,0.63255,0.62467,0.62745,208999
2020-03-04,0.62745,0.63056,0.62635,0.6298,128621
2020-03-05,0.6298,0.63342,0.62804,0.63015,103528
2020-03-06,0.63015,0.63726,0.62943,0.63549,167459
2020-03-09,0.63134,0.64478,0.60083,0.63366,332867
2020-03-10,0.63366,0.63594,0.62424,0.62667,251068
2020-03-11,0.62667,0.63438,0.62536,0.62686,183774
2020-03-12,0.62686,0.62758,0.60829,0.60895,388761
2020-03-13,0.60895,0.61605,0.60172,0.60658,308082
2020-03-16,0.59937,0.61497,0.59847,0.60425,328456
2020-03-17,0.60425,0.60961,0.59155,0.59386,257541
2020-03-18,0.59386,0.59681,0.56947,0.57367,338922
2020-03-19,0.57367,0.59168,0.54691,0.56629,475744
2020-03-20,0.56629,0.58813,0.56068,0.57095,384971
2020-03-23,0.56725,0.57382,0.55862,0.57168,412125
2020-03-24,0.57168,0.58395,0.56841,0.58254,322181
2020-03-25,0.58254,0.59125,0.57873,0.58475,261949
2020-03-26,0.58475,0.59883,0.57769,0.59576,295276
2020-03-27,0.59576,0.60689,0.59096,0.60401,273547
2020-03-30,0.60302,0.60631,0.59835,0.60102,274548
2020-03-31,0.60102,0.60387,0.59091,0.59607,334511
2020-04-01,0.59607,0.59776,0.58791,0.59147,218341
2020-04-02,0.59147,0.59734,0.58802,0.59128,208434
2020-04-03,0.59128,0.59222,0.58433,0.58574,189231
2020-04-06,0.58709,0.59635,0.58501,0.59282,186286
2020-04-07,0.59282,0.60157,0.59188,0.59742,201609
2020-04-08,0.59742,0.60312,0.594,0.60044,181008
2020-04-09,0.60044,0.6096,0.59853,0.60839,168125
2020-04-10,0.60839,0.61033,0.60561,0.60845,83627
2020-04-13,0.60845,0.61113,0.60594,0.60875,99826
2020-04-14,0.60875,0.61305,0.60651,0.61054,135543
2020-04-15,0.61054,0.61088,0.59551,0.59931,159609
2020-04-16,0.59931,0.59992,0.59218,0.59624,188263
2020-04-17,0.59624,0.60513,0.59601,0.60283,185891
2020-04-20,0.60283,0.60919,0.60088,0.60346,133415
2020-04-21,0.60346,0.60448,0.59336,0.59614,171097
2020-04-22,0.59614,0.60039,0.594,0.59473,138648
2020-04-23,0.59473,0.60417,0.59104,0.60072,151668
2020-04-24,0.60072,0.60186,0.59756,0.60134,101941
2020-04-27,0.60134,0.60753,0.60083,0.60469,103992
2020-04-28,0.60469,0.60731,0.59923,0.60555,121940
2020-04-29,0.60555,0.61337,0.60487,0.61326,107374
2020-04-30,0.61326,0.61761,0.61071,0.61265,148684
2020-05-01,0.61265,0.61265,0.60468,0.6058,111956
2020-05-04,0.6053,0.60601,0.60084,0.60431,121748
2020-05-05,0.60431,0.60771,0.60328,0.60494,109013
2020-05-06,0.60494,0.60731,0.60037,0.60048,111482
2020-05-07,0.60048,0.60925,0.59945,0.60859,125400
2020-05-08,0.60859,0.61478,0.60838,0.61362,113514
2020-05-11,0.61448,0.61562,0.60541,0.60753,123510
2020-05-12,0.60753,0.61236,0.6041,0.60764,132794
2020-05-13,0.60764,0.60984,0.59798,0.59913,198645
2020-05-14,0.59913,0.60049,0.59571,0.59969,160938
2020-05-15,0.59969,0.60162,0.59209,0.5931,146799
2020-05-18,0.59389,0.60435,0.5924,0.60407,118668
2020-05-19,0.60407,0.61195,0.60327,0.60714,127651
2020-05-20,0.60714,0.61579,0.60628,0.61417,135225
2020-05-21,0.61417,0.61498,0.61059,0.61198,161839
2020-05-22,0.61198,0.61297,0.6081,0.60943,142212
2020-05-25,0.60943,0.61085,0.60835,0.61016,80231
2020-05-26,0.61016,0.62284,0.60944,0.61971,146494
2020-05-27,0.61971,0.62325,0.61491,0.61863,215145
2020-05-28,0.61863,0.62283,0.61697,0.62068,203423
2020-05-29,0.62068,0.62399,0.61686,0.6205,252821
2020-06-01,0.61965,0.6299,0.61851,0.62891,188010
2020-06-02,0.62891,0.63717,0.62629,0.63698,204720
2020-06-03,0.63698,0.64437,0.63566,0.64196,261095
2020-06-04,0.64196,0.64781,0.64039,0.6462,225630
2020-06-05,0.6462,0.65281,0.64547,0.65071,234373
2020-06-08,0.65031,0.65671,0.65007,0.65595,169072
2020-06-09,0.65595,0.65804,0.64688,0.6513,227463
2020-06-10,0.6513,0.65849,0.64949,0.65353,299378
2020-06-11,0.65353,0.65418,0.6411,0.64307,333344
2020-06-12,0.64307,0.64771,0.63938,0.64454,352261
2020-06-15,0.64417,0.64843,0.63808,0.64738,341270
2020-06-16,0.64738,0.65069,0.64121,0.64504,327003
2020-06-17,0.64504,0.64762,0.64293,0.64574,241046
2020-06-18,0.64574,0.6478,0.64183,0.64286,264279
2020-06-19,0.64286,0.64576,0.64006,0.6405,264531
2020-06-22,0.63826,0.64946,0.63826,0.64782,197796
2020-06-23,0.64782,0.65332,0.64366,0.64915,269754
2020-06-24,0.64915,0.65143,0.64048,0.64088,261010
2020-06-25,0.64088,0.64426,0.6399,0.64291,276305
2020-06-26,0.64291,0.64505,0.64024,0.6419,198603
2020-06-29,0.6419,0.64432,0.64042,0.64201,204202
2020-06-30,0.64201,0.64616,0.63851,0.64541,219211
2020-07-01,0.64541,0.64894,0.64403,0.64763,182330
2020-07-02,0.64763,0.65369,0.64714,0.65097,194114
2020-07-03,0.65097,0.65367,0.64997,0.65312,118620
2020-07-06,0.65227,0.65663,0.6517,0.65543,178846
2020-07-07,0.65543,0.65804,0.65195,0.65456,196903
2020-07-08,0.65456,0.65796,0.65297,0.65751,204661
2020-07-09,0.65751,0.66007,0.65512,0.65694,219343
2020-07-10,0.65694,0.65884,0.65461,0.65674,191712
2020-07-13,0.65778,0.65936,0.65373,0.65395,200210
2020-07-14,0.65395,0.65438,0.65027,0.65305,243153
2020-07-15,0.65305,0.6584,0.65292,0.65705,199814
2020-07-16,0.65705,0.65783,0.65278,0.65334,183981
2020-07-17,0.65334,0.65658,0.65295,0.6553,124968
2020-07-20,0.65493,0.65769,0.65385,0.65762,106444
2020-07-21,0.65762,0.66497,0.65592,0.66418,157853
2020-07-22,0.66418,0.66892,0.66323,0.66618,189803
2020-07-23,0.66618,0.66899,0.66255,0.66344,196044
2020-07-24,0.66344,0.66539,0.66145,0.66378,192531
2020-07-27,0.66378,0.66933,0.6624,0.66841,175227
2020-07-28,0.66841,0.67026,0.66333,0.66601,194473
2020-07-29,0.66601,0.66796,0.66411,0.6668,186442
2020-07-30,0.6668,0.67017,0.662,0.66988,194776
2020-07-31,0.66988,0.67156,0.66234,0.66255,272872
2020-08-03,0.66283,0.66426,0.65752,0.66123,168850
2020-08-04,0.66123,0.66267,0.65893,0.66217,140223
2020-08-05,0.66217,0.66737,0.66132,0.66469,158577
2020-08-06,0.66469,0.66893,0.66284,0.66867,178551
2020-08-07,0.66867,0.66905,0.65888,0.65951,176763
2020-08-10,0.66049,0.6612,0.65777,0.65903,112267
2020-08-11,0.65903,0.66268,0.65712,0.65764,176283
2020-08-12,0.65764,0.66003,0.6524,0.6578,186481
2020-08-13,0.6578,0.65986,0.65367,0.65473,161597
2020-08-14,0.65473,0.65595,0.65263,0.65378,131811
2020-08-17,0.65429,0.65737,0.65193,0.65569,134668
2020-08-18,0.65569,0.66094,0.65342,0.6601,172521
2020-08-19,0.6601,0.66513,0.65542,0.6556,220872
2020-08-20,0.6556,0.65712,0.64887,0.65349,211881
2020-08-21,0.65349,0.65493,0.65168,0.6535,197596
2020-08-24,0.65292,0.65648,0.65218,0.65265,157884
2020-08-25,0.65265,0.65584,0.6515,0.65475,158100
2020-08-26,0.65475,0.66231,0.65411,0.66209,166303
2020-08-27,0.66209,0.66752,0.66002,0.6638,244365
2020-08-28,0.6638,0.67441,0.66351,0.67396,207182
2020-08-31,0.67279,0.67635,0.6719,0.67333,182541
2020-09-01,0.67333,0.67791,0.6727,0.67568,218366
2020-09-02,0.67568,0.6789,0.67416,0.67713,174679
2020-09-03,0.67713,0.67732,0.66933,0.67114,199337
2020-09-04,0.67114,0.67354,0.66676,0.67163,219202
2020-09-07,0.67149,0.67221,0.66903,0.66906,107923
2020-09-08,0.66906,0.6707,0.66124,0.66186,180567
2020-09-09,0.66186,0.66875,0.66011,0.66839,168384
2020-09-10,0.66839,0.67088,0.66391,0.665,180609
2020-09-11,0.665,0.66951,0.66392,0.66641,140963
2020-09-14,0.66566,0.6718,0.66566,0.67001,111592
2020-09-15,0.67001,0.67366,0.66837,0.67128,119723
2020-09-16,0.67128,0.67592,0.67025,0.67316,182570
2020-09-17,0.67316,0.6759,0.66749,0.6755,204278
2020-09-18,0.6755,0.67978,0.67433,0.67497,163138
2020-09-21,0.67528,0.67782,0.66516,0.6667,177166
2020-09-22,0.6667,0.66875,0.66223,0.66302,182795
2020-09-23,0.66302,0.66479,0.65356,0.65454,182790
2020-09-24,0.65454,0.65619,0.65116,0.65404,175425
2020-09-25,0.65404,0.65921,0.65276,0.65419,152861
2020-09-28,0.6541,0.65678,0.65395,0.65503,134151
2020-09-29,0.65503,0.66027,0.65479,0.6582,118696
2020-09-30,0.6582,0.66264,0.65693,0.66122,158312
2020-10-01,0.66122,0.66572,0.66077,0.6646,137495
2020-10-02,0.6646,0.6655,0.66133,0.66322,176436
2020-10-05,0.66322,0.66545,0.66295,0.66411,95037
2020-10-06,0.66411,0.66582,0.6582,0.6582,143648
2020-10-07,0.6582,0.66005,0.6571,0.65769,111157
2020-10-08,0.65769,0.65967,0.65471,0.65747,97605
2020-10-09,0.65747,0.66731,0.65723,0.66671,87770
2020-10-12,0.66528,0.66705,0.6642,0.66461,82049
2020-10-13,0.66461,0.66709,0.66285,0.66449,108117
2020-10-14,0.66449,0.66823,0.66435,0.66563,121453
2020-10-15,0.66563,0.66627,0.65762,0.65971,133879
2020-10-16,0.65971,0.66193,0.65868,0.66012,115101
2020-10-19,0.66098,0.66463,0.6601,0.66047,93230
2020-10-20,0.66047,0.66065,0.65529,0.65789,104118
2020-10-21,0.65789,0.66776,0.6573,0.66523,127677
2020-10-22,0.66523,0.66888,0.66323,0.66755,116865
2020-10-23,0.66755,0.67048,0.66563,0.66843,108012
2020-10-26,0.66843,0.66975,0.66703,0.66754,124295
2020-10-27,0.66754,0.67242,0.66703,0.67075,98262
2020-10-28,0.67075,0.67199,0.66286,0.66385,148222
2020-10-29,0.66385,0.666,0.65968,0.66282,150958
2020-10-30,0.66282,0.66711,0.65979,0.66105,167827
2020-11-02,0.66098,0.66354,0.65893,0.66298,138803
2020-11-03,0.66298,0.67177,0.66214,0.66686,136260
2020-11-04,0.66686,0.67439,0.66136,0.66909,351044
2020-11-05,0.66909,0.6778,0.6679,0.67533,219364
2020-11-06,0.67533,0.68021,0.67502,0.67699,189620
2020-11-09,0.67858,0.68551,0.67833,0.68192,243715
2020-11-10,0.68192,0.68401,0.68037,0.68198,178504
2020-11-11,0.68198,0.69042,0.6809,0.68815,159727
2020-11-12,0.68815,0.69144,0.6835,0.68375,119743
2020-11-13,0.68375,0.68488,0.68106,0.68414,104325
2020-11-16,0.68403,0.69072,0.68403,0.6904,117372
2020-11-17,0.6904,0.69189,0.68753,0.68912,111288
2020-11-18,0.68912,0.69453,0.68757,0.69242,118824
2020-11-19,0.69242,0.69284,0.68787,0.69088,123407
2020-11-20,0.69088,0.69507,0.6904,0.69279,140561
2020-11-23,0.69249,0.69678,0.6897,0.69226,115951
2020-11-24,0.69226,0.70051,0.69158,0.69731,134089
2020-11-25,0.69731,0.70149,0.69601,0.70044,122092
2020-11-26,0.70044,0.70141,0.69927,0.70006,72570
2020-11-27,0.70006,0.70395,0.70006,0.70182,86967
2020-11-30,0.70292,0.7051,0.70095,0.7013,125805
2020-12-01,0.7013,0.7068,0.70081,0.70609,118960
2020-12-02,0.70609,0.70843,0.70317,0.70658,124522
2020-12-03,0.70658,0.71043,0.70508,0.70724,114239
2020-12-04,0.70724,0.70796,0.70277,0.7035,124270
2020-12-07,0.70409,0.70641,0.70056,0.70394,114672
2020-12-08,0.70394,0.70537,0.70233,0.70409,115172
2020-12-09,0.70409,0.70947,0.7011,0.70153,114979
2020-12-10,0.70153,0.70995,0.70104,0.70953,133800
2020-12-11,0.70953,0.71134,0.7074,0.70833,115264
2020-12-14,0.70833,0.712,0.70765,0.70769,96869
2020-12-15,0.70769,0.70983,0.70592,0.70859,105101
2020-12-16,0.70859,0.71207,0.70539,0.71109,119837
2020-12-17,0.71109,0.71716,0.71021,0.71463,98672
2020-12-18,0.71463,0.71527,0.71102,0.7134,111128
2020-12-21,0.71117,0.71236,0.70021,0.70969,201563
2020-12-22,0.70969,0.71055,0.70311,0.70368,140977
2020-12-23,0.70368,0.71045,0.703,0.70927,137624
2020-12-24,0.70927,0.71181,0.70818,0.71119,89737
2020-12-25,0.71285,0.71993,0.7105,0.71375,0
2020-12-28,0.71119,0.71394,0.70835,0.70962,106758
2020-12-29,0.70962,0.71645,0.70962,0.71462,109003
2020-12-30,0.71462,0.72116,0.71372,0.7199,113484
2020-12-31,0.7199,0.72409,0.71821,0.71872,112979
2021-01-01,0.7194,0.74929,0.7182,0.7182,0
2021-01-04,0.71893,0.72309,0.71528,0.71722,191272
2021-01-05,0.71722,0.72592,0.71636,0.72464,200016
2021-01-06,0.72464,0.73152,0.72356,0.72875,271594
2021-01-07,0.72875,0.73057,0.72248,0.72535,215224
2021-01-08,0.72535,0.72814,0.72042,0.72323,240704
2021-01-11,0.72293,0.72336,0.71463,0.71605,198766
2021-01-12,0.71605,0.72323,0.71543,0.72124,178116
2021-01-13,0.72124,0.72396,0.71661,0.71761,197539
2021-01-14,0.71761,0.72403,0.71709,0.72203,165069
2021-01-15,0.72203,0.72295,0.71184,0.7125,180760
2021-01-18,0.71373,0.71396,0.70962,0.71051,132064
2021-01-19,0.71051,0.71408,0.71023,0.71162,148355
2021-01-20,0.71162,0.71745,0.71143,0.71691,154170
2021-01-21,0.71691,0.72232,0.71675,0.72102,163195
2021-01-22,0.72102,0.72254,0.71665,0.71749,161827
2021-01-25,0.71745,0.7217,0.71705,0.71962,188023
2021-01-26,0.71962,0.72476,0.71673,0.72311,141842
2021-01-27,0.72311,0.72453,0.71465,0.71563,253871
2021-01-28,0.71563,0.71957,0.71053,0.71698,232293
2021-01-29,0.71698,0.72258,0.71507,0.71768,282187
2021-02-01,0.71529,0.72031,0.71502,0.71564,226012
2021-02-02,0.71564,0.71964,0.7135,0.71912,187275
2021-02-03,0.71912,0.72257,0.71837,0.7208,169777
2021-02-04,0.7208,0.72253,0.7147,0.71566,152551
2021-02-05,0.71566,0.72065,0.7136,0.71998,149827
2021-02-08,0.71869,0.72325,0.71781,0.72181,141049
2021-02-09,0.72181,0.72546,0.72153,0.72404,168475
2021-02-10,0.72404,0.72454,0.71995,0.72139,188741
2021-02-11,0.72139,0.72508,0.72043,0.72264,137398
2021-02-12,0.72264,0.72326,0.71756,0.72159,115607
2021-02-15,0.72036,0.72494,0.72029,0.72244,103331
2021-02-16,0.72244,0.72684,0.71976,0.72101,176740
2021-02-17,0.72101,0.72136,0.71576,0.71895,196562
2021-02-18,0.71895,0.72246,0.7176,0.72187,200657
2021-02-19,0.72187,0.73146,0.72034,0.7292,195423
2021-02-22,0.72886,0.73432,0.72808,0.73278,206806
2021-02-23,0.73278,0.73467,0.7307,0.73352,225443
2021-02-24,0.73352,0.74551,0.73143,0.74285,262423
2021-02-25,0.74285,0.74645,0.73594,0.73691,654796
2021-02-26,0.73691,0.73824,0.7222,0.72287,384671
2021-03-01,0.72359,0.72927,0.72251,0.72647,228674
2021-03-02,0.72647,0.73069,0.72094,0.72873,240150
2021-03-03,0.72873,0.73045,0.72371,0.72458,227384
2021-03-04,0.72458,0.72729,0.71723,0.71877,298357
2021-03-05,0.71877,0.71948,0.70987,0.71577,301325
2021-03-08,0.71606,0.71917,0.71045,0.71212,225632
2021-03-09,0.71212,0.71818,0.7103,0.71689,221200
2021-03-10,0.71689,0.71994,0.71312,0.71936,212311
2021-03-11,0.71936,0.72406,0.71809,0.72275,204733
2021-03-12,0.72275,0.72328,0.71504,0.7174,214770
2021-03-15,0.7174,0.72164,0.71675,0.71971,168339
2021-03-16,0.71971,0.72059,0.71672,0.71849,146034
2021-03-17,0.71849,0.72641,0.71533,0.72402,173615
2021-03-18,0.72402,0.72694,0.71594,0.71616,229579
2021-03-19,0.71616,0.7188,0.71425,0.71586,183706
2021-03-22,0.71401,0.71826,0.71387,0.71604,121792
2021-03-23,0.71604,0.71652,0.69904,0.69955,138155
2021-03-24,0.69955,0.70082,0.69557,0.69608,114387
2021-03-25,0.69608,0.69863,0.6943,0.69469,131742
2021-03-26,0.69469,0.7002,0.69457,0.69966,106317
2021-03-29,0.69899,0.7018,0.69717,0.69979,109375
2021-03-30,0.69979,0.70334,0.69729,0.69765,126043
2021-03-31,0.69765,0.70257,0.69633,0.69837,107198
2021-04-01,0.69837,0.70265,0.69455,0.70122,121543
2021-04-02,0.70122,0.70474,0.70083,0.703,43567
2021-04-05,0.70233,0.70696,0.70158,0.70577,79469
2021-04-06,0.70577,0.70694,0.7008,0.70569,108903
2021-04-07,0.70569,0.70689,0.69969,0.70071,132579
2021-04-08,0.70071,0.70617,0.70035,0.7051,144382
2021-04-09,0.7051,0.70655,0.70093,0.70304,140937
2021-04-12,0.70268,0.70493,0.70138,0.70293,128834
2021-04-13,0.70293,0.70597,0.70039,0.70465,136532
2021-04-14,0.70465,0.71503,0.70442,0.71369,162381
2021-04-15,0.71369,0.71804,0.71351,0.71699,140609
2021-04-16,0.71699,0.71789,0.71318,0.71425,124781
2021-04-19,0.71244,0.71982,0.7122,0.71745,128342
2021-04-20,0.71745,0.72298,0.71641,0.71675,134123
2021-04-21,0.71675,0.72183,0.71623,0.7209,118934
2021-04-22,0.7209,0.72135,0.71459,0.71654,146631
2021-04-23,0.71654,0.72034,0.71505,0.71955,116262
2021-04-26,0.71887,0.72435,0.71877,0.72341,124753
2021-04-27,0.72341,0.72369,0.72012,0.7206,116344
2021-04-28,0.7206,0.72674,0.71883,0.72559,144240
2021-04-29,0.72559,0.72867,0.72225,0.72415,138709
2021-04-30,0.72415,0.72545,0.71505,0.71557,136479
2021-05-03,0.71766,0.72125,0.71555,0.71963,123032
2021-05-04,0.71963,0.72039,0.71154,0.71416,181543
2021-05-05,0.71416,0.72177,0.714,0.72139,143496
2021-05-06,0.72139,0.72388,0.71844,0.72291,159068
2021-05-07,0.72291,0.72994,0.72052,0.72762,180858
2021-05-10,0.72837,0.73049,0.72605,0.72638,190001
2021-05-11,0.72638,0.72897,0.72518,0.72701,247185
2021-05-12,0.72701,0.7277,0.71515,0.71563,288205
2021-05-13,0.71563,0.71942,0.71347,0.71782,325735
2021-05-14,0.71782,0.72546,0.7169,0.72456,150713
2021-05-17,0.72323,0.725,0.71813,0.72068,142801
2021-05-18,0.72068,0.7271,0.71967,0.72381,129013
2021-05-19,0.72381,0.72474,0.71514,0.71656,193353
2021-05-20,0.71656,0.72168,0.71567,0.72007,144090
2021-05-21,0.72007,0.72225,0.71541,0.71613,141083
2021-05-24,0.71613,0.72189,0.7158,0.72132,111822
2021-05-25,0.72132,0.72501,0.72032,0.72236,131045
2021-05-26,0.72236,0.73165,0.72167,0.72778,146275
2021-05-27,0.72778,0.73111,0.72658,0.7292,129779
2021-05-28,0.7292,0.72958,0.72128,0.72432,128694
2021-05-31,0.72556,0.72837,0.72314,0.72692,76089
2021-06-01,0.72692,0.72882,0.72462,0.72531,111327
2021-06-02,0.72531,0.72724,0.72087,0.72332,90076
2021-06-03,0.72332,0.72415,0.71254,0.71446,100299
2021-06-04,0.71446,0.72158,0.71325,0.7206,96739
2021-06-07,0.7206,0.72425,0.71914,0.72235,82864
2021-06-08,0.72235,0.72327,0.71872,0.71938,82642
2021-06-09,0.71938,0.72142,0.71673,0.71779,76922
2021-06-10,0.71779,0.72128,0.71649,0.71928,107917
2021-06-11,0.71928,0.72104,0.71157,0.71272,88764
2021-06-14,0.71331,0.71528,0.71259,0.71371,73716
2021-06-15,0.71371,0.71606,0.71049,0.71186,106424
2021-06-16,0.71186,0.71547,0.70424,0.7048,140568
2021-06-17,0.7048,0.71022,0.69916,0.70026,161993
2021-06-18,0.70026,0.7018,0.69229,0.69302,146502
2021-06-21,0.69322,0.69993,0.69322,0.69854,160520
2021-06-22,0.69854,0.70359,0.69633,0.70203,124631
2021-06-23,0.70203,0.70692,0.69954,0.70419,109688
2021-06-24,0.70419,0.70734,0.7038,0.70568,110669
2021-06-25,0.70568,0.70955,0.7055,0.70698,97443
2021-06-28,0.70553,0.70864,0.70325,0.70358,106037
2021-06-29,0.70358,0.70513,0.69791,0.69906,105945
2021-06-30,0.69906,0.70066,0.69649,0.698,106830
2021-07-01,0.698,0.70101,0.69615,0.69642,109825
2021-07-02,0.69642,0.7037,0.69471,0.70301,122523
2021-07-05,0.70221,0.70383,0.70123,0.70217,103602
2021-07-06,0.70217,0.71051,0.69881,0.70089,136431
2021-07-07,0.70089,0.70609,0.69892,0.70155,135104
2021-07-08,0.70155,0.70194,0.69341,0.69463,184243
2021-07-09,0.69463,0.70042,0.69229,0.69995,130683
2021-07-12,0.70022,0.70087,0.6948,0.69774,92216
2021-07-13,0.69774,0.70096,0.69172,0.69417,113027
2021-07-14,0.69417,0.70435,0.69386,0.70289,125674
2021-07-15,0.70289,0.70444,0.69649,0.6977,115655
2021-07-16,0.6977,0.70381,0.69763,0.6999,118407
2021-07-19,0.69996,0.70035,0.69157,0.69427,164381
2021-07-20,0.69427,0.6954,0.68809,0.69158,133376
2021-07-21,0.69158,0.69771,0.68939,0.69692,129165
2021-07-22,0.69692,0.69858,0.69467,0.69741,174728
2021-07-23,0.69741,0.69926,0.69604,0.69749,153661
2021-07-26,0.69749,0.70098,0.69475,0.69988,152932
2021-07-27,0.69988,0.70059,0.69394,0.69549,160733
2021-07-28,0.69549,0.69694,0.69,0.69548,221349
2021-07-29,0.69548,0.70194,0.69483,0.7008,151211
2021-07-30,0.7008,0.70211,0.69591,0.69692,167413
2021-08-02,0.69692,0.69932,0.69524,0.69667,164320
2021-08-03,0.69667,0.70188,0.69627,0.70159,174506
2021-08-04,0.70159,0.70885,0.70108,0.70398,146528
2021-08-05,0.70398,0.70735,0.70367,0.70518,127531
2021-08-06,0.70518,0.7063,0.70014,0.70073,131493
2021-08-09,0.7003,0.70261,0.69806,0.69905,123155
2021-08-10,0.69905,0.70108,0.69688,0.70055,99422
2021-08-11,0.70055,0.70618,0.69912,0.70363,116885
2021-08-12,0.70363,0.70471,0.69956,0.70014,91710
2021-08-13,0.70014,0.70476,0.69946,0.70372,75051
2021-08-16,0.70382,0.70441,0.70107,0.70159,94639
2021-08-17,0.70159,0.70291,0.68999,0.69175,135505
2021-08-18,0.69175,0.69513,0.68683,0.68763,137239
2021-08-19,0.68763,0.68884,0.68087,0.68233,166814
2021-08-20,0.68233,0.68424,0.68051,0.68305,112875
2021-08-23,0.68218,0.69043,0.68175,0.68883,108634
2021-08-24,0.68883,0.6966,0.68791,0.69485,111098
2021-08-25,0.69485,0.69831,0.69298,0.69717,111832
2021-08-26,0.69717,0.69766,0.69408,0.6943,113389
2021-08-27,0.6943,0.70187,0.69329,0.70121,131406
2021-08-30,0.69933,0.70153,0.69866,0.69957,84305
2021-08-31,0.69957,0.70686,0.69899,0.70403,150218
2021-09-01,0.70403,0.70776,0.70344,0.70668,127421
2021-09-02,0.70668,0.71196,0.70569,0.7107,113224
2021-09-03,0.7107,0.71702,0.71018,0.71477,156652
2021-09-06,0.7151,0.71582,0.71273,0.71325,118547
2021-09-07,0.71325,0.71529,0.70866,0.70965,144443
2021-09-08,0.70965,0.7115,0.70758,0.70952,145967
2021-09-09,0.70952,0.7134,0.70822,0.71057,167496
2021-09-10,0.71057,0.71567,0.70898,0.71071,178802
2021-09-13,0.7111,0.7123,0.70975,0.71174,179560
2021-09-14,0.71174,0.71509,0.70825,0.70952,194708
2021-09-15,0.70952,0.71188,0.70731,0.71018,129539
2021-09-16,0.71018,0.71393,0.70594,0.70724,151715
2021-09-17,0.70724,0.70874,0.70255,0.70321,152556
2021-09-20,0.70318,0.70425,0.70055,0.70218,163965
2021-09-21,0.70218,0.70564,0.69935,0.70023,175678
2021-09-22,0.70023,0.7056,0.69917,0.69967,200961
2021-09-23,0.69967,0.70932,0.69815,0.70638,166083
2021-09-24,0.70638,0.70805,0.69969,0.70052,145715
2021-09-27,0.69931,0.70333,0.69902,0.70121,155386
2021-09-28,0.70121,0.7027,0.69429,0.69543,204886
2021-09-29,0.69543,0.69635,0.68595,0.6865,197704
2021-09-30,0.6865,0.69216,0.68598,0.68961,203933
2021-10-01,0.68961,0.69509,0.68766,0.69319,208955
2021-10-04,0.69353,0.69819,0.69265,0.69614,176422
2021-10-05,0.69614,0.69761,0.69279,0.69561,155016
2021-10-06,0.69561,0.69798,0.68764,0.6911,203782
2021-10-07,0.6911,0.6944,0.69053,0.69228,148108
2021-10-08,0.69228,0.69602,0.69083,0.6928,172240
2021-10-11,0.69196,0.69646,0.69129,0.69323,122123
2021-10-12,0.69323,0.69696,0.69236,0.69248,153154
2021-10-13,0.69248,0.69684,0.69116,0.69608,169175
2021-10-14,0.69608,0.70415,0.69582,0.70323,132713
2021-10-15,0.70323,0.7077,0.7026,0.70713,149720
2021-10-18,0.70666,0.7105,0.70495,0.70829,152831
2021-10-19,0.70829,0.71723,0.70765,0.71503,148877
2021-10-20,0.71503,0.72083,0.71464,0.71983,153416
2021-10-21,0.71983,0.72185,0.71408,0.71553,173612
2021-10-22,0.71553,0.7189,0.71315,0.71497,198478
2021-10-25,0.71497,0.71782,0.713,0.71586,149332
2021-10-26,0.71586,0.7194,0.71505,0.71588,152590
2021-10-27,0.71588,0.71889,0.71316,0.71619,184165
2021-10-28,0.71619,0.72169,0.71515,0.71991,191282
2021-10-29,0.71991,0.72022,0.7136,0.71663,183284
2021-11-01,0.7158,0.71977,0.71558,0.7179,144842
2021-11-02,0.7179,0.71863,0.70929,0.71083,160937
2021-11-03,0.71083,0.71732,0.71033,0.71546,182786
2021-11-04,0.71546,0.71786,0.70949,0.71013,166165
2021-11-05,0.71013,0.71273,0.70724,0.71147,155849
2021-11-08,0.71147,0.71768,0.71037,0.71613,125965
2021-11-09,0.71613,0.71742,0.71096,0.71272,141632
2021-11-10,0.71272,0.71326,0.70554,0.70588,164988
2021-11-11,0.70588,0.70713,0.70124,0.70203,129539
2021-11-12,0.70203,0.70477,0.69968,0.70416,117857
2021-11-15,0.70345,0.70806,0.70286,0.70448,102089
2021-11-16,0.70448,0.70643,0.69849,0.69904,117090
2021-11-17,0.69904,0.70204,0.69797,0.69961,124984
2021-11-18,0.69961,0.70527,0.69915,0.70415,129698
2021-11-19,0.70415,0.70458,0.69903,0.69903,147385
2021-11-22,0.70037,0.70136,0.69478,0.69513,139157
2021-11-23,0.69513,0.69652,0.69158,0.69447,156221
2021-11-24,0.69447,0.69608,0.68556,0.68723,142868
2021-11-25,0.68723,0.68938,0.68403,0.68545,82594
2021-11-26,0.68545,0.68562,0.68046,0.68118,188601
2021-11-29,0.68328,0.6839,0.67879,0.68248,143553
2021-11-30,0.68248,0.6856,0.67724,0.68217,232690
2021-12-01,0.68217,0.68676,0.68028,0.68033,182157
2021-12-02,0.68033,0.6831,0.67991,0.68133,172676
2021-12-03,0.68133,0.6819,0.67412,0.67441,169632
2021-12-06,0.67488,0.67637,0.67398,0.67493,128645
2021-12-07,0.67493,0.67927,0.67366,0.67863,114781
2021-12-08,0.67863,0.68189,0.67666,0.6805,142940
2021-12-09,0.6805,0.6823,0.67805,0.67928,111885
2021-12-10,0.67928,0.68071,0.67696,0.67921,118763
2021-12-13,0.67981,0.68015,0.67457,0.67512,107904
2021-12-14,0.67512,0.67707,0.67353,0.67413,120488
2021-12-15,0.67413,0.67879,0.67012,0.67815,176473
2021-12-16,0.67815,0.68339,0.67573,0.67973,168249
2021-12-17,0.67973,0.68014,0.67301,0.67309,146458
2021-12-20,0.67448,0.67458,0.67021,0.67112,145889
2021-12-21,0.67112,0.67734,0.67029,0.67639,120486
2021-12-22,0.67639,0.68219,0.67395,0.68072,107419
2021-12-23,0.68072,0.68421,0.67954,0.68221,93833
2021-12-24,0.68221,0.68328,0.68021,0.68167,353146
2021-12-27,0.68167,0.68252,0.67889,0.681,74411
2021-12-28,0.681,0.68286,0.67888,0.68005,85088
2021-12-29,0.68005,0.68425,0.67886,0.68267,104264
2021-12-30,0.68267,0.68568,0.6814,0.6829,77328
2021-12-31,0.6829,0.68519,0.68195,0.6846,98620
2022-01-03,0.6846,0.68565,0.67745,0.67842,95491
2022-01-04,0.67842,0.68245,0.67647,0.68063,99035
2022-01-05,0.68063,0.68371,0.67888,0.67898,118818
2022-01-06,0.67898,0.67963,0.67331,0.67447,122415
2022-01-07,0.67447,0.6781,0.67353,0.67726,110822
2022-01-10,0.67726,0.67833,0.67361,0.67593,128927
2022-01-11,0.67593,0.67909,0.67402,0.67837,128819
2022-01-12,0.67837,0.68574,0.67728,0.6847,118236
2022-01-13,0.6847,0.68906,0.68356,0.68571,128927
2022-01-14,0.68571,0.68737,0.67921,0.67995,143233
2022-01-17,0.67995,0.68182,0.6787,0.67925,90940
2022-01-18,0.67925,0.6808,0.67527,0.67668,156686
2022-01-19,0.67668,0.68114,0.67614,0.67804,137073
2022-01-20,0.67804,0.68058,0.67496,0.67553,143972
2022-01-21,0.67553,0.67588,0.67078,0.67103,178570
2022-01-24,0.67102,0.67276,0.66601,0.66979,197665
2022-01-25,0.66979,0.67096,0.66602,0.66842,205315
2022-01-26,0.66842,0.67019,0.6638,0.66497,217431
2022-01-27,0.66497,0.66606,0.65701,0.65815,220294
2022-01-28,0.65815,0.65887,0.65293,0.65385,204048
2022-01-31,0.65382,0.65971,0.6538,0.65748,176334
2022-02-01,0.65748,0.66474,0.65659,0.6636,170068
2022-02-02,0.6636,0.6662,0.66236,0.66282,153810
2022-02-03,0.66282,0.66813,0.6609,0.66577,203083
2022-02-04,0.66577,0.66831,0.65895,0.66143,189317
2022-02-07,0.66058,0.66414,0.66015,0.66294,165299
2022-02-08,0.66294,0.66536,0.66275,0.66461,134412
2022-02-09,0.66461,0.66977,0.66407,0.66801,122188
2022-02-10,0.66801,0.67325,0.66529,0.66703,226396
2022-02-11,0.66703,0.66934,0.6627,0.66412,281381
2022-02-14,0.66408,0.66501,0.65925,0.66126,240154
2022-02-15,0.66126,0.66484,0.66019,0.66375,177453
2022-02-16,0.66375,0.66914,0.66331,0.66768,165250
2022-02-17,0.66768,0.67176,0.66587,0.66847,229464
2022-02-18,0.66847,0.67296,0.66837,0.66944,183421
2022-02-21,0.66875,0.67337,0.6683,0.66985,172061
2022-02-22,0.66985,0.67546,0.66801,0.67308,250190
2022-02-23,0.67308,0.68092,0.67286,0.67688,182267
2022-02-24,0.67688,0.67762,0.66306,0.66924,386929
2022-02-25,0.66924,0.67511,0.66841,0.67425,265300
2022-02-28,0.66648,0.6777,0.66648,0.67677,255948
2022-03-01,0.67677,0.67909,0.67406,0.67548,219716
2022-03-02,0.67548,0.67997,0.67442,0.6786,233108
2022-03-03,0.6786,0.68093,0.67617,0.67989,187126
2022-03-04,0.67989,0.68718,0.67674,0.68604,211738
2022-03-07,0.68448,0.69255,0.68203,0.68234,270333
2022-03-08,0.68234,0.68504,0.67991,0.67991,275867
2022-03-09,0.67991,0.68524,0.67961,0.68363,194176
2022-03-10,0.68363,0.68742,0.68107,0.68593,183371
2022-03-11,0.68593,0.68749,0.67971,0.68053,180652
2022-03-14,0.68052,0.68144,0.67445,0.67453,172615
2022-03-15,0.67453,0.67923,0.67285,0.67702,167621
2022-03-16,0.67702,0.68446,0.67416,0.68358,201008
2022-03-17,0.68358,0.68992,0.68225,0.68807,167975
2022-03-18,0.68807,0.69132,0.68663,0.69043,143645
2022-03-21,0.69043,0.69233,0.68729,0.68843,131599
2022-03-22,0.68843,0.69655,0.68638,0.69625,120806
2022-03-23,0.69625,0.69886,0.6935,0.69733,133654
2022-03-24,0.69733,0.69776,0.694,0.69639,140494
2022-03-25,0.69639,0.69872,0.6944,0.69589,148223
2022-03-28,0.69433,0.69635,0.68878,0.68893,149936
2022-03-29,0.68893,0.69454,0.68757,0.69345,189054
2022-03-30,0.69345,0.69984,0.69276,0.69767,186602
2022-03-31,0.69767,0.6978,0.69279,0.69314,146494
2022-04-01,0.69314,0.69478,0.68958,0.69199,175291
2022-04-04,0.69199,0.6968,0.69048,0.69451,93585
2022-04-05,0.69451,0.70341,0.69334,0.69454,114641
2022-04-06,0.69454,0.69669,0.68965,0.69173,139451
2022-04-07,0.69173,0.6921,0.68811,0.68865,109428
2022-04-08,0.68865,0.68928,0.68222,0.6843,95063
2022-04-11,0.6843,0.68551,0.68132,0.68222,103728
2022-04-12,0.68222,0.68894,0.68058,0.68492,148801
2022-04-13,0.68492,0.69012,0.67533,0.67936,129053
2022-04-14,0.67936,0.6834,0.67673,0.67825,117395
2022-04-15,0.67825,0.67885,0.67545,0.67561,303060
2022-04-18,0.67561,0.67762,0.67151,0.67264,76474
2022-04-19,0.67264,0.67639,0.67194,0.67348,111905
2022-04-20,0.67348,0.68132,0.67251,0.68053,111583
2022-04-21,0.68053,0.68094,0.67265,0.67323,125868
2022-04-22,0.67323,0.67365,0.66256,0.66343,141629
2022-04-25,0.66256,0.66366,0.65819,0.66138,197891
2022-04-26,0.66138,0.66452,0.65612,0.65621,152948
2022-04-27,0.65621,0.65908,0.65276,0.65423,171916
2022-04-28,0.65423,0.65436,0.64519,0.64875,181334
2022-04-29,0.64875,0.65431,0.64511,0.64551,160331
2022-05-02,0.64647,0.64738,0.64122,0.64321,160807
2022-05-03,0.64321,0.64754,0.64107,0.64313,173662
2022-05-04,0.64313,0.65561,0.64221,0.65443,196416
2022-05-05,0.65443,0.65683,0.63933,0.64254,207552
2022-05-06,0.64254,0.64577,0.63942,0.64055,246382
2022-05-09,0.63992,0.64128,0.63196,0.63218,240289
2022-05-10,0.63218,0.63477,0.6276,0.62867,264838
2022-05-11,0.62867,0.63799,0.6281,0.62933,272723
2022-05-12,0.62933,0.62976,0.62163,0.62297,295931
2022-05-13,0.62297,0.62897,0.62229,0.62873,197387
2022-05-16,0.62873,0.63204,0.62282,0.63063,233479
2022-05-17,0.63063,0.63757,0.63048,0.63553,227121
2022-05-18,0.63553,0.63701,0.62905,0.62941,183464
2022-05-19,0.62941,0.6417,0.62904,0.63787,272870
2022-05-20,0.63787,0.64142,0.63637,0.64028,226037
2022-05-23,0.64009,0.64918,0.63895,0.64683,208902
2022-05-24,0.64683,0.64683,0.6423,0.64624,217620
2022-05-25,0.64624,0.65144,0.64176,0.64738,233921
2022-05-26,0.64738,0.65002,0.64467,0.6477,188102
2022-05-27,0.6477,0.65497,0.64712,0.65356,162667
2022-05-30,0.65356,0.65604,0.6523,0.65542,126462
2022-05-31,0.65542,0.65639,0.64829,0.65119,205767
2022-06-01,0.65119,0.654,0.64648,0.64779,190332
2022-06-02,0.64779,0.65648,0.64603,0.65583,165834
2022-06-03,0.65583,0.65758,0.65008,0.65047,158489
2022-06-06,0.65047,0.65366,0.64843,0.64901,144564
2022-06-07,0.64901,0.64991,0.64228,0.64871,190825
2022-06-08,0.64871,0.64917,0.64353,0.64417,165952
2022-06-09,0.64417,0.64612,0.63797,0.63828,194264
2022-06-10,0.63828,0.64348,0.6348,0.63536,205694
2022-06-13,0.63427,0.63503,0.62459,0.62544,261268
2022-06-14,0.62544,0.62934,0.61962,0.62129,287191
2022-06-15,0.62129,0.6313,0.62129,0.62853,346132
2022-06-16,0.62853,0.63953,0.62327,0.63585,628582
2022-06-17,0.63585,0.63702,0.62693,0.63127,299370
2022-06-20,0.62948,0.6364,0.62948,0.63309,179180
2022-06-21,0.63309,0.63633,0.63178,0.63315,210683
2022-06-22,0.63315,0.63347,0.62435,0.62872,224772
2022-06-23,0.62872,0.63105,0.62476,0.6275,240911
2022-06-24,0.6275,0.63271,0.62665,0.63126,211601
2022-06-27,0.63126,0.63267,0.62816,0.62971,211969
2022-06-28,0.62971,0.63136,0.62367,0.62405,216103
2022-06-29,0.62405,0.62598,0.6205,0.62179,234660
2022-06-30,0.62179,0.62544,0.61983,0.62382,245870
2022-07-01,0.62382,0.62467,0.61474,0.62052,263040
2022-07-04,0.62052,0.62521,0.6193,0.62063,161831
2022-07-05,0.62063,0.62265,0.61242,0.61692,266107
2022-07-06,0.61692,0.61917,0.61317,0.61438,275497
2022-07-07,0.61438,0.61951,0.61389,0.61745,202756
2022-07-08,0.61745,0.62068,0.61316,0.61894,244146
2022-07-11,0.61894,0.61927,0.60973,0.61096,206839
2022-07-12,0.61096,0.61456,0.60994,0.61251,218589
2022-07-13,0.61251,0.61717,0.60807,0.61284,290767
2022-07-14,0.61284,0.61342,0.60605,0.61245,284982
2022-07-15,0.61245,0.61768,0.61122,0.61564,234374
2022-07-18,0.61477,0.62006,0.61474,0.61514,192556
2022-07-19,0.61514,0.62401,0.61411,0.62218,195097
2022-07-20,0.62218,0.6272,0.62171,0.62281,209842
2022-07-21,0.62281,0.62538,0.61845,0.62495,256712
2022-07-22,0.62495,0.63041,0.62113,0.62471,232841
2022-07-25,0.62471,0.62795,0.62142,0.62593,193425
2022-07-26,0.62593,0.628,0.62243,0.62282,158830
2022-07-27,0.62282,0.62778,0.61911,0.62617,208107
2022-07-28,0.62617,0.62975,0.62506,0.62852,208383
2022-07-29,0.62852,0.63289,0.6218,0.62898,209726
2022-08-01,0.62898,0.63525,0.62751,0.63294,182487
2022-08-02,0.63294,0.63431,0.6249,0.6249,236978
2022-08-03,0.6249,0.62811,0.62126,0.62703,206990
2022-08-04,0.62703,0.63151,0.62641,0.62969,167266
2022-08-05,0.62969,0.63097,0.62122,0.62402,169097
2022-08-08,0.62358,0.63046,0.62301,0.6282,136391
2022-08-09,0.6282,0.63029,0.627,0.62846,130274
2022-08-10,0.62846,0.64342,0.62751,0.64012,177188
2022-08-11,0.64012,0.64625,0.6384,0.64303,181626
2022-08-12,0.64303,0.64685,0.64226,0.64477,147177
2022-08-15,0.64477,0.64561,0.63558,0.6364,142423
2022-08-16,0.6364,0.63703,0.63165,0.63445,144430
2022-08-17,0.63445,0.63831,0.6258,0.62755,206502
2022-08-18,0.62755,0.63127,0.62461,0.62552,175748
2022-08-19,0.62552,0.62576,0.61656,0.61729,155694
2022-08-22,0.61729,0.6215,0.61565,0.61657,169407
2022-08-23,0.61657,0.62444,0.61594,0.621,195890
2022-08-24,0.621,0.62189,0.61629,0.61842,170175
2022-08-25,0.61842,0.6251,0.61763,0.62285,181362
2022-08-26,0.62285,0.62323,0.61333,0.6134,205469
2022-08-29,0.61258,0.61675,0.61017,0.61515,186190
2022-08-30,0.61515,0.61941,0.61231,0.61286,204050
2022-08-31,0.61286,0.61547,0.61105,0.6118,207918
2022-09-01,0.6118,0.61227,0.60604,0.60788,213031
2022-09-02,0.60788,0.61407,0.60501,0.61102,213902
2022-09-05,0.60806,0.61053,0.60769,0.60936,155197
2022-09-06,0.60936,0.61284,0.6035,0.60376,208579
2022-09-07,0.60376,0.60767,0.59966,0.6075,225925
2022-09-08,0.6075,0.60787,0.60312,0.60538,231060
2022-09-09,0.60538,0.61522,0.60483,0.6103,198433
2022-09-12,0.60782,0.61575,0.60782,0.61367,159911
2022-09-13,0.61367,0.61616,0.59864,0.59947,201622
2022-09-14,0.59947,0.6025,0.59763,0.60014,206980
2022-09-15,0.60014,0.60256,0.59639,0.59646,189995
2022-09-16,0.59646,0.59941,0.59399,0.59896,192464
2022-09-19,0.59863,0.60019,0.59292,0.59589,161659
2022-09-20,0.59589,0.59757,0.58851,0.58918,182117
2022-09-21,0.58918,0.59107,0.58413,0.5852,270194
2022-09-22,0.5852,0.58877,0.58037,0.58442,300767
2022-09-23,0.58442,0.58561,0.57296,0.57391,263270
2022-09-26,0.57472,0.57545,0.56249,0.56358,382089
2022-09-27,0.56358,0.57217,0.56243,0.56267,302829
2022-09-28,0.56267,0.57331,0.55646,0.57284,377631
2022-09-29,0.57284,0.57333,0.5648,0.57259,329542
2022-09-30,0.57259,0.57506,0.55902,0.55948,337871
2022-10-03,0.5597,0.5731,0.55935,0.57204,286476
2022-10-04,0.57204,0.57583,0.56795,0.57298,304367
2022-10-05,0.57298,0.58052,0.56605,0.57376,284323
2022-10-06,0.57376,0.58136,0.56396,0.56559,309573
2022-10-07,0.56559,0.56735,0.55977,0.56044,286592
2022-10-10,0.56055,0.56291,0.55444,0.55661,259958
2022-10-11,0.55661,0.56567,0.55358,0.55818,343820
2022-10-12,0.55818,0.56321,0.55603,0.56075,343932
2022-10-13,0.56075,0.56546,0.5512,0.56327,337240
2022-10-14,0.56327,0.56814,0.55504,0.55595,353117
2022-10-17,0.55661,0.56491,0.55514,0.56314,267776
2022-10-18,0.56314,0.57193,0.56229,0.56814,300696
2022-10-19,0.56814,0.57075,0.56496,0.56684,267499
2022-10-20,0.56684,0.57416,0.56226,0.5678,301777
2022-10-21,0.5678,0.57704,0.55996,0.57575,387218
2022-10-24,0.57687,0.57922,0.56565,0.56912,403474
2022-10-25,0.56912,0.57796,0.56721,0.57261,285348
2022-10-26,0.57261,0.58452,0.5725,0.58306,333886
2022-10-27,0.58306,0.58702,0.57877,0.58271,326207
2022-10-28,0.58271,0.5873,0.57825,0.58122,303716
2022-10-31,0.5795,0.5835,0.57745,0.58125,240231
2022-11-01,0.58125,0.59025,0.58034,0.58399,332152
2022-11-02,0.58399,0.59413,0.5813,0.58174,330969
2022-11-03,0.58174,0.58384,0.57406,0.57702,293604
2022-11-04,0.57702,0.59362,0.57566,0.59282,335544
2022-11-07,0.5865,0.59454,0.5863,0.59349,282979
2022-11-08,0.59349,0.59998,0.58987,0.59529,251161
2022-11-09,0.59529,0.59689,0.58723,0.58812,363096
2022-11-10,0.58812,0.60405,0.58403,0.60223,403978
2022-11-11,0.60223,0.61298,0.59842,0.61175,346998
2022-11-14,0.609,0.61215,0.60583,0.60944,339440
2022-11-15,0.60944,0.62032,0.60851,0.6153,430247
2022-11-16,0.6153,0.61938,0.61286,0.61426,357604
2022-11-17,0.61426,0.61679,0.60641,0.61269,333713
2022-11-18,0.61269,0.62061,0.61142,0.61507,273931
2022-11-21,0.6152,0.61691,0.60872,0.60995,280557
2022-11-22,0.60995,0.61628,0.60948,0.61528,255509
2022-11-23,0.61528,0.62498,0.61234,0.62455,301118
2022-11-24,0.62455,0.62891,0.62364,0.62649,187516
2022-11-25,0.62649,0.62773,0.62188,0.62457,215774
2022-11-28,0.62161,0.62443,0.61559,0.61648,289893
2022-11-29,0.61648,0.62534,0.61591,0.62012,316312
2022-11-30,0.62012,0.63134,0.61887,0.62946,319120
2022-12-01,0.62946,0.63995,0.62875,0.63708,320567
2022-12-02,0.63708,0.64136,0.63278,0.64031,280799
2022-12-05,0.63737,0.64426,0.63024,0.63156,270287
2022-12-06,0.63156,0.63546,0.63031,0.63151,281621
2022-12-07,0.63151,0.63842,0.63095,0.63538,316988
2022-12-08,0.63538,0.63889,0.63263,0.63782,260676
2022-12-09,0.63782,0.64271,0.63601,0.64084,269378
2022-12-12,0.63967,0.64217,0.63652,0.6382,233173
2022-12-13,0.6382,0.65136,0.63734,0.6464,362131
2022-12-14,0.6464,0.64701,0.6401,0.64575,353048
2022-12-15,0.64575,0.64637,0.63194,0.63406,302417
2022-12-16,0.63406,0.63951,0.6334,0.63779,266618
2022-12-19,0.63729,0.64094,0.63424,0.63642,204066
2022-12-20,0.63642,0.63965,0.63003,0.63453,368604
2022-12-21,0.63453,0.63509,0.62768,0.62954,291081
2022-12-22,0.62954,0.63303,0.62305,0.62486,269732
2022-12-23,0.62486,0.63042,0.62332,0.62767,306720
2022-12-26,0.62767,0.62991,0.62511,0.62927,2248
2022-12-27,0.62927,0.63182,0.62695,0.62741,234596
2022-12-28,0.62741,0.63551,0.62577,0.63092,237301
2022-12-29,0.63092,0.63576,0.62949,0.63415,204803
2022-12-30,0.63415,0.63724,0.63097,0.6345,193917
2023-01-02,0.6345,0.6345,0.63121,0.63138,13451
2023-01-03,0.63138,0.63618,0.62001,0.62498,324383
2023-01-04,0.62498,0.63526,0.62391,0.62923,324404
2023-01-05,0.62923,0.6309,0.62111,0.62249,287069
2023-01-06,0.62249,0.63597,0.61911,0.63419,324525
2023-01-09,0.6328,0.64115,0.6328,0.63693,295625
2023-01-10,0.63693,0.63894,0.63424,0.63683,316261
2023-01-11,0.63683,0.63882,0.63344,0.63647,272530
2023-01-12,0.63647,0.64175,0.6304,0.63911,374166
2023-01-13,0.63911,0.64154,0.63351,0.63814,318524
2023-01-16,0.63752,0.64263,0.63613,0.63771,224529
2023-01-17,0.63771,0.64375,0.63664,0.6425,342415
2023-01-18,0.6425,0.65303,0.64188,0.64416,396686
2023-01-19,0.64416,0.6449,0.6365,0.63928,327824
2023-01-20,0.63928,0.64767,0.63905,0.64696,310696
2023-01-23,0.6465,0.64997,0.64378,0.64872,279422
2023-01-24,0.64872,0.65256,0.64634,0.65032,259477
2023-01-25,0.65032,0.65044,0.64494,0.64768,320801
2023-01-26,0.64768,0.65144,0.64566,0.64858,278906
2023-01-27,0.64858,0.65116,0.64611,0.6488,260686
2023-01-30,0.64853,0.65082,0.6462,0.64666,277069
2023-01-31,0.64666,0.64792,0.64131,0.64377,296791
2023-02-01,0.64377,0.65061,0.64166,0.65034,328026
2023-02-02,0.65034,0.65378,0.64626,0.64748,366898
2023-02-03,0.64748,0.64814,0.63227,0.63227,335621
2023-02-06,0.63037,0.63348,0.62699,0.63046,263036
2023-02-07,0.63046,0.63593,0.62726,0.6325,361201
2023-02-08,0.6325,0.63484,0.62966,0.63063,271373
2023-02-09,0.63063,0.63892,0.63028,0.63258,250119
2023-02-10,0.63258,0.63461,0.62984,0.63064,281842
2023-02-13,0.6312,0.63657,0.62891,0.63523,177722
2023-02-14,0.63523,0.63899,0.62965,0.63349,368671
2023-02-15,0.63349,0.63376,0.62522,0.62807,295456
2023-02-16,0.62807,0.63092,0.62325,0.62569,297436
2023-02-17,0.62569,0.62569,0.61938,0.62405,269342
2023-02-20,0.62319,0.62623,0.62216,0.6251,160478
2023-02-21,0.6251,0.62614,0.62028,0.62131,282807
2023-02-22,0.62131,0.62515,0.6203,0.62165,271084
2023-02-23,0.62165,0.6251,0.62029,0.62274,252215
2023-02-24,0.62274,0.62442,0.61511,0.61615,259629
2023-02-27,0.61559,0.61798,0.6131,0.61671,205170
2023-02-28,0.61671,0.62079,0.61328,0.61837,205398
2023-03-01,0.61837,0.62758,0.61657,0.62567,258154
2023-03-02,0.62567,0.6257,0.61986,0.62176,233730
2023-03-03,0.62176,0.62415,0.61924,0.62208,204549
2023-03-06,0.62139,0.62257,0.61725,0.61957,191557
2023-03-07,0.61957,0.62219,0.61032,0.61064,278769
2023-03-08,0.61064,0.61379,0.60841,0.61058,224136
2023-03-09,0.61058,0.61511,0.6096,0.60983,193600
2023-03-10,0.60983,0.61768,0.60915,0.61317,374860
2023-03-13,0.61411,0.62645,0.61349,0.62191,516471
2023-03-14,0.62191,0.62476,0.61757,0.62357,375296
2023-03-15,0.62357,0.62645,0.61723,0.61876,454995
2023-03-16,0.61876,0.61963,0.61398,0.61949,361575
2023-03-17,0.61949,0.62772,0.61825,0.62584,263670
2023-03-20,0.62781,0.62813,0.62289,0.62451,292602
2023-03-21,0.62451,0.6249,0.6167,0.61921,227337
2023-03-22,0.61921,0.62828,0.61714,0.62199,230394
2023-03-23,0.62199,0.62943,0.62112,0.62487,255552
2023-03-24,0.62487,0.62534,0.61913,0.61986,247570
2023-03-27,0.61936,0.62118,0.61808,0.61962,177330
2023-03-28,0.61962,0.62549,0.61953,0.62526,175976
2023-03-29,0.62526,0.62709,0.62147,0.62238,183994
2023-03-30,0.62238,0.62664,0.62032,0.62629,176023
2023-03-31,0.62629,0.62974,0.6237,0.62525,190081
2023-04-03,0.6253,0.62998,0.62077,0.62954,202002
2023-04-04,0.62954,0.6315,0.62738,0.63113,202069
2023-04-05,0.63113,0.6379,0.62851,0.63174,215500
2023-04-06,0.63174,0.63244,0.62391,0.62424,157697
2023-04-07,0.62424,0.62703,0.62092,0.62498,142548
2023-04-10,0.62498,0.62563,0.61936,0.62134,148785
2023-04-11,0.62134,0.62338,0.61842,0.61851,154351
2023-04-12,0.61851,0.6242,0.61821,0.62085,198878
2023-04-13,0.62085,0.63147,0.62032,0.62946,173672
2023-04-14,0.62946,0.63148,0.61951,0.62073,193444
2023-04-17,0.62014,0.62117,0.61612,0.61806,151438
2023-04-18,0.61806,0.62245,0.61756,0.62068,149171
2023-04-19,0.62068,0.62256,0.61724,0.61999,152135
2023-04-20,0.61999,0.6206,0.6149,0.6166,176283
2023-04-21,0.6166,0.618,0.61263,0.61363,157676
2023-04-24,0.61375,0.61684,0.61253,0.61663,144223
2023-04-25,0.61663,0.61873,0.61335,0.61364,175366
2023-04-26,0.61364,0.61486,0.61117,0.61159,211875
2023-04-27,0.61159,0.61611,0.61141,0.61473,205175
2023-04-28,0.61473,0.61872,0.61238,0.61788,222767
2023-05-01,0.61712,0.61995,0.61611,0.61658,166616
2023-05-02,0.61658,0.62182,0.61631,0.62071,219411
2023-05-03,0.62071,0.62606,0.62047,0.62277,224156
2023-05-04,0.62277,0.62985,0.62069,0.62799,273937
2023-05-05,0.62799,0.63159,0.62631,0.62925,188340
2023-05-08,0.62881,0.63593,0.62881,0.63427,149355
2023-05-09,0.63427,0.63489,0.63182,0.63348,171045
2023-05-10,0.63348,0.6381,0.63242,0.63666,214109
2023-05-11,0.63666,0.63845,0.6289,0.62976,230246
2023-05-12,0.62976,0.63003,0.61822,0.61882,179577
2023-05-15,0.61882,0.6243,0.61867,0.62402,150537
2023-05-16,0.62402,0.62597,0.62232,0.62305,191520
2023-05-17,0.62305,0.62732,0.62246,0.6248,184962
2023-05-19,0.62253,0.63054,0.62202,0.62732,220760
2023-05-22,0.6272,0.62921,0.62618,0.62869,192593
2023-05-23,0.62869,0.63025,0.62338,0.62472,204717
2023-05-24,0.62472,0.62567,0.60935,0.61119,238507
2023-05-25,0.61119,0.61141,0.60439,0.60625,193190
2023-05-26,0.60625,0.60964,0.6033,0.60444,187311
2023-05-29,0.60455,0.60707,0.60411,0.60533,96743
2023-05-30,0.60533,0.60667,0.60251,0.60434,176642
2023-05-31,0.60434,0.60495,0.59851,0.6018,193552
2023-06-01,0.6018,0.60769,0.59903,0.60694,183097
2023-06-02,0.60694,0.61112,0.60528,0.60558,188901
2023-06-05,0.60558,0.60853,0.60413,0.6069,165203
2023-06-06,0.6069,0.61002,0.60456,0.60775,173740
2023-06-07,0.60775,0.60969,0.60308,0.60372,172350
2023-06-08,0.60372,0.60991,0.60316,0.60946,167560
2023-06-09,0.60946,0.6139,0.60847,0.61286,152980
2023-06-12,0.61286,0.61527,0.61058,0.61208,140917
2023-06-13,0.61208,0.61779,0.61064,0.61469,190616
2023-06-14,0.61469,0.62359,0.61425,0.62064,196943
2023-06-15,0.62064,0.6243,0.61539,0.62319,168858
2023-06-16,0.62319,0.62475,0.62099,0.62312,172733
2023-06-19,0.62312,0.62366,0.61914,0.6199,168654
2023-06-20,0.6199,0.62058,0.61339,0.6167,223282
2023-06-21,0.6167,0.62175,0.61547,0.62013,225748
2023-06-22,0.62013,0.62227,0.61737,0.61768,215719
2023-06-23,0.61768,0.61905,0.61171,0.61399,217104
2023-06-26,0.61376,0.6177,0.61331,0.61638,190275
2023-06-27,0.61638,0.62004,0.61523,0.61623,228492
2023-06-28,0.61623,0.61662,0.6069,0.60746,208191
2023-06-29,0.60746,0.61021,0.60504,0.60695,224771
2023-06-30,0.60695,0.61417,0.60593,0.61354,198241
2023-07-03,0.61153,0.61703,0.61153,0.61511,192818
2023-07-04,0.61511,0.62125,0.61409,0.61886,135087
2023-07-05,0.61886,0.62067,0.61754,0.61782,192284
2023-07-06,0.61782,0.62193,0.61323,0.6156,214074
2023-07-07,0.6156,0.62195,0.61494,0.62067,197402
2023-07-10,0.62067,0.6218,0.61662,0.62094,173258
2023-07-11,0.62094,0.62246,0.61668,0.6198,195076
2023-07-12,0.6198,0.63078,0.61825,0.62954,242772
2023-07-13,0.62954,0.63951,0.62873,0.63925,228049
2023-07-14,0.63925,0.64117,0.63641,0.63684,223607
2023-07-17,0.6361,0.63686,0.63083,0.63241,181176
2023-07-18,0.63241,0.63441,0.62597,0.62718,233022
2023-07-19,0.62718,0.63148,0.62251,0.62632,235128
2023-07-20,0.62632,0.63078,0.6213,0.62346,234620
2023-07-21,0.62346,0.62408,0.61633,0.61643,209155
2023-07-24,0.61643,0.62151,0.61557,0.62037,220167
2023-07-25,0.62037,0.623,0.61899,0.62211,197247
2023-07-26,0.62211,0.62343,0.61824,0.62088,243569
2023-07-27,0.62088,0.62734,0.61741,0.61824,263292
2023-07-28,0.61824,0.61932,0.61209,0.6154,275150
2023-07-31,0.6154,0.62255,0.6154,0.62082,199853
2023-08-01,0.62082,0.62169,0.61311,0.61483,187690
2023-08-02,0.61483,0.61693,0.60683,0.60797,213085
2023-08-03,0.60797,0.60974,0.60605,0.60773,228232
2023-08-04,0.60773,0.6133,0.60699,0.6096,208264
2023-08-07,0.6096,0.61171,0.60846,0.61055,154985
2023-08-08,0.61055,0.61098,0.60344,0.60656,180262
2023-08-09,0.60656,0.60947,0.60445,0.60513,173019
2023-08-10,0.60513,0.61183,0.60201,0.60206,203451
2023-08-11,0.60206,0.60245,0.5975,0.59817,177080
2023-08-14,0.59828,0.59918,0.59438,0.59735,177885
2023-08-15,0.59735,0.59968,0.59487,0.59505,213138
2023-08-16,0.59505,0.59932,0.59266,0.59373,205797
2023-08-17,0.59373,0.59638,0.5903,0.59246,212223
2023-08-18,0.59246,0.5947,0.59092,0.59203,177783
2023-08-21,0.59309,0.5934,0.58964,0.5927,161086
2023-08-22,0.5927,0.59719,0.59187,0.59456,176349
2023-08-23,0.59456,0.59853,0.5927,0.59791,184789
2023-08-24,0.59791,0.59803,0.59161,0.59228,194050
2023-08-25,0.59228,0.59425,0.58863,0.59037,201088
2023-08-28,0.59008,0.59254,0.5893,0.59099,152470
2023-08-29,0.59099,0.59775,0.58873,0.59711,195632
2023-08-30,0.59711,0.60065,0.59395,0.59548,198732
2023-08-31,0.59548,0.59772,0.59306,0.5966,188397
2023-09-01,0.5966,0.6015,0.59344,0.59375,205998
2023-09-04,0.59375,0.59611,0.59316,0.59385,96430
2023-09-05,0.59385,0.59432,0.5859,0.58834,175920
2023-09-06,0.58834,0.5904,0.58593,0.58728,176850
2023-09-07,0.58728,0.58943,0.58625,0.58745,161577
2023-09-08,0.58745,0.59179,0.58686,0.58822,140807
2023-09-11,0.59004,0.59349,0.58801,0.59185,160875
2023-09-12,0.59185,0.59219,0.58889,0.59023,149215
2023-09-13,0.59023,0.59268,0.58799,0.59178,194462
2023-09-14,0.59178,0.59445,0.59014,0.59113,191739
2023-09-15,0.59113,0.59374,0.58927,0.58961,170800
2023-09-18,0.59101,0.5921,0.58945,0.59165,121350
2023-09-19,0.59165,0.59477,0.59053,0.59355,140521
2023-09-20,0.59355,0.59852,0.59206,0.59284,199232
2023-09-21,0.59284,0.59517,0.58958,0.59307,195364
2023-09-22,0.59307,0.59885,0.5919,0.59599,158649
2023-09-25,0.59599,0.59741,0.59429,0.59667,166463
2023-09-26,0.59667,0.59734,0.59361,0.59444,191689
2023-09-27,0.59444,0.59567,0.58995,0.59227,194330
2023-09-28,0.59227,0.59733,0.59139,0.59611,221810
2023-09-29,0.59611,0.60486,0.59557,0.59957,223772
2023-10-02,0.59952,0.6008,0.59431,0.59457,192801
2023-10-03,0.59457,0.59545,0.58874,0.59087,237985
2023-10-04,0.59087,0.59253,0.58708,0.5913,233534
2023-10-05,0.5913,0.59679,0.59078,0.59656,220489
2023-10-06,0.59656,0.60035,0.59235,0.59889,230176
2023-10-09,0.59645,0.60278,0.59605,0.6022,192776
2023-10-10,0.6022,0.60488,0.59987,0.60455,221048
2023-10-11,0.60455,0.60555,0.6007,0.60201,213480
2023-10-12,0.60201,0.60258,0.59252,0.59266,192322
2023-10-13,0.59266,0.59295,0.5882,0.58827,203747
2023-10-16,0.5914,0.59295,0.58981,0.5927,161726
2023-10-17,0.5927,0.59287,0.58709,0.58959,191862
2023-10-18,0.58959,0.59196,0.5851,0.58553,198983
2023-10-19,0.58553,0.58666,0.58155,0.58485,234500
2023-10-20,0.58485,0.58496,0.58167,0.58257,178467
2023-10-23,0.58257,0.58577,0.58074,0.58457,160791
2023-10-24,0.58457,0.58725,0.58289,0.58435,178349
2023-10-25,0.58435,0.58699,0.58006,0.5802,184037
2023-10-26,0.5802,0.58295,0.57732,0.58201,212949
2023-10-27,0.58201,0.5844,0.58029,0.58035,176400
2023-10-30,0.58094,0.5845,0.58042,0.5843,154309
2023-10-31,0.5843,0.58573,0.58037,0.58248,187924
2023-11-01,0.58248,0.58585,0.57889,0.58454,228638
2023-11-02,0.58454,0.59171,0.58353,0.5898,176662
2023-11-03,0.5898,0.60005,0.58843,0.59967,184242
2023-11-06,0.59879,0.60019,0.59594,0.59636,140078
2023-11-07,0.59636,0.59664,0.5911,0.59348,147502
2023-11-08,0.59348,0.59421,0.59061,0.59109,144139
2023-11-09,0.59109,0.59548,0.58928,0.58934,160676
2023-11-10,0.58934,0.59046,0.58783,0.58881,144416
2023-11-13,0.58802,0.58986,0.58701,0.58761,110171
2023-11-14,0.58761,0.60136,0.5854,0.60074,164542
2023-11-15,0.60074,0.60541,0.59961,0.60228,172806
2023-11-16,0.60228,0.603,0.59633,0.59702,168107
2023-11-17,0.59702,0.59972,0.59401,0.59898,155789
2023-11-20,0.59845,0.60431,0.59775,0.60363,158263
2023-11-21,0.60363,0.60861,0.60235,0.60486,175706
2023-11-22,0.60486,0.60641,0.59962,0.60216,171174
2023-11-23,0.60216,0.60666,0.60129,0.60483,104950
2023-11-24,0.60483,0.60904,0.60416,0.60777,121035
2023-11-27,0.60772,0.61074,0.60608,0.60973,144567
2023-11-28,0.60973,0.6147,0.60799,0.61357,174552
2023-11-29,0.61357,0.62082,0.61267,0.6155,211325
2023-11-30,0.6155,0.61822,0.61209,0.61528,224148
2023-12-01,0.61528,0.62097,0.61444,0.62063,224624
2023-12-04,0.61899,0.62226,0.61509,0.61636,196367
2023-12-05,0.61636,0.6174,0.61255,0.61281,219075
2023-12-06,0.61281,0.61768,0.61262,0.61351,176176
2023-12-07,0.61351,0.61933,0.61132,0.61687,200618
2023-12-08,0.61687,0.61749,0.61036,0.61165,231380
2023-12-11,0.611,0.61323,0.61049,0.61227,156832
2023-12-12,0.61227,0.61696,0.61051,0.6133,170648
2023-12-13,0.6133,0.62137,0.60841,0.6173,211657
2023-12-14,0.6173,0.62496,0.61634,0.62053,284837
2023-12-15,0.62053,0.62296,0.61778,0.62068,210299
2023-12-18,0.62068,0.62512,0.61922,0.62115,153829
2023-12-19,0.62115,0.62728,0.62015,0.62712,158243
2023-12-20,0.62712,0.62985,0.62464,0.6247,164818
2023-12-21,0.6247,0.62958,0.6234,0.6294,183204
2023-12-22,0.6294,0.63178,0.62756,0.62944,176689
2023-12-25,0.63193,0.6655,0.6267,0.63193,0
2023-12-26,0.62945,0.63317,0.62945,0.63268,80941
2023-12-27,0.63268,0.63487,0.6316,0.634,115347
2023-12-28,0.634,0.63694,0.63241,0.63313,147127
2023-12-29,0.63313,0.63589,0.63045,0.63169,154856
2024-01-01,0.63197,0.6323,0.63197,0.63197,0
2024-01-02,0.63154,0.63169,0.62491,0.62512,138220
2024-01-03,0.62512,0.6276,0.62188,0.62466,184135
2024-01-04,0.62466,0.62854,0.6221,0.62343,171600
2024-01-05,0.62343,0.62775,0.61804,0.62433,217951
2024-01-08,0.6232,0.62609,0.62123,0.62502,151985
2024-01-09,0.62502,0.6267,0.62261,0.62374,152961
2024-01-10,0.62374,0.62544,0.62156,0.62264,155520
2024-01-11,0.62264,0.62587,0.61954,0.62327,208094
2024-01-12,0.62327,0.62779,0.62228,0.62381,172060
2024-01-15,0.6236,0.6242,0.61832,0.61995,104511
2024-01-16,0.61995,0.6202,0.61265,0.61378,205883
2024-01-17,0.61378,0.61518,0.60881,0.61171,186353
2024-01-18,0.61171,0.61358,0.60946,0.61152,175595
2024-01-19,0.61152,0.61266,0.60897,0.61137,151508
2024-01-22,0.61137,0.61388,0.60715,0.60768,139902
2024-01-23,0.60768,0.6117,0.6062,0.61025,157243
2024-01-24,0.61025,0.61489,0.60888,0.61103,167576
2024-01-25,0.61103,0.61325,0.61,0.61105,173252
2024-01-26,0.61105,0.61205,0.60844,0.60902,135285
2024-01-29,0.60981,0.61439,0.6086,0.61325,117365
2024-01-30,0.61325,0.61494,0.61054,0.61354,140523
2024-01-31,0.61354,0.61737,0.61014,0.61163,224898
2024-02-01,0.61163,0.61446,0.60798,0.61441,197515
2024-02-02,0.61441,0.61606,0.60586,0.60627,163511
2024-02-05,0.6065,0.60819,0.60382,0.60545,149732
2024-02-06,0.60545,0.60991,0.6046,0.60972,153152
2024-02-07,0.60972,0.61248,0.60906,0.61122,140102
2024-02-08,0.61122,0.61236,0.60789,0.60963,132173
2024-02-09,0.60963,0.61585,0.60907,0.61454,134752
2024-02-12,0.61454,0.61518,0.61202,0.61304,115801
2024-02-13,0.61304,0.6131,0.60498,0.60604,157895
2024-02-14,0.60604,0.6092,0.60511,0.60852,145277
2024-02-15,0.60852,0.61273,0.60763,0.61055,141379
2024-02-16,0.61055,0.61357,0.60862,0.61204,135897
2024-02-19,0.61204,0.61522,0.61194,0.61493,100320
2024-02-20,0.61493,0.61909,0.61291,0.61642,145958
2024-02-21,0.61642,0.61978,0.61559,0.61799,131752
2024-02-22,0.61799,0.6218,0.61685,0.61943,154918
2024-02-23,0.61943,0.62111,0.61805,0.61952,130115
2024-02-26,0.61925,0.61963,0.61624,0.61727,130771
2024-02-27,0.61727,0.61779,0.61512,0.61703,122008
2024-02-28,0.61703,0.61776,0.60819,0.6098,153071
2024-02-29,0.6098,0.61119,0.60769,0.6087,155795
2024-03-01,0.6087,0.6112,0.60745,0.60978,158713
2024-03-04,0.6106,0.61113,0.60881,0.60936,116445
2024-03-05,0.60936,0.611,0.60709,0.60865,154336
2024-03-06,0.60865,0.61441,0.60688,0.6129,164838
2024-03-07,0.6129,0.61762,0.61237,0.61737,178157
2024-03-08,0.61737,0.62167,0.61611,0.61773,188864
2024-03-11,0.6171,0.61823,0.61602,0.617,127636
2024-03-12,0.617,0.61842,0.61335,0.61508,183165
2024-03-13,0.61508,0.61701,0.61406,0.61566,129105
2024-03-14,0.61566,0.61752,0.61216,0.61302,158654
2024-03-15,0.61302,0.61327,0.60789,0.60847,129434
2024-03-18,0.6085,0.61003,0.60774,0.6085,112429
2024-03-19,0.6085,0.60865,0.60339,0.60518,141274
2024-03-20,0.60518,0.60851,0.60245,0.60811,161047
2024-03-21,0.60811,0.61068,0.60384,0.60437,162813
2024-03-22,0.60437,0.60519,0.59857,0.59857,142734
2024-03-25,0.59857,0.60129,0.59856,0.60031,109279
2024-03-26,0.60031,0.6031,0.59961,0.60039,120213
2024-03-27,0.60039,0.60106,0.59878,0.60041,117562
2024-03-28,0.60041,0.60047,0.59563,0.59724,136927
2024-03-29,0.59724,0.59888,0.59659,0.59777,18459
2024-04-01,0.59777,0.59927,0.59395,0.59531,94700
2024-04-02,0.59531,0.59732,0.59432,0.5971,131636
2024-04-03,0.5971,0.6011,0.59524,0.6009,125250
2024-04-04,0.6009,0.60464,0.60032,0.60249,117357
2024-04-05,0.60249,0.60312,0.59856,0.60103,152081
2024-04-08,0.60103,0.60386,0.59997,0.60315,130405
2024-04-09,0.60315,0.60766,0.60265,0.60597,111425
2024-04-10,0.60597,0.60828,0.59659,0.59745,190053
2024-04-11,0.59745,0.60147,0.59692,0.5997,182872
2024-04-12,0.5997,0.60102,0.5932,0.59324,153125
2024-04-15,0.59341,0.59536,0.58984,0.59036,171944
2024-04-16,0.59036,0.59075,0.58682,0.58806,195977
2024-04-17,0.58806,0.59253,0.58595,0.59164,176720
2024-04-18,0.59164,0.5933,0.58988,0.59022,142701
2024-04-19,0.59022,0.59064,0.5852,0.58825,209490
2024-04-22,0.58799,0.59285,0.58799,0.59189,125990
2024-04-23,0.59189,0.59481,0.59025,0.59322,133783
2024-04-24,0.59322,0.59521,0.59204,0.5936,134497
2024-04-25,0.5936,0.5969,0.592,0.59482,144724
2024-04-26,0.59482,0.59695,0.59289,0.59351,144368
2024-04-29,0.59443,0.59846,0.59399,0.59776,158733
2024-04-30,0.59776,0.598,0.5886,0.58876,142938
2024-05-01,0.58876,0.594,0.58743,0.59288,164376
2024-05-02,0.59288,0.5968,0.59141,0.59616,161612
2024-05-03,0.59616,0.60483,0.59506,0.6009,173545
2024-05-06,0.6009,0.60318,0.59953,0.60055,100456
2024-05-07,0.60055,0.60248,0.59951,0.6002,123923
2024-05-08,0.6002,0.60044,0.5981,0.60038,104620
2024-05-09,0.60038,0.60351,0.59923,0.60344,117887
2024-05-10,0.60344,0.60399,0.60087,0.60146,109484
2024-05-13,0.60146,0.60309,0.60001,0.60164,112181
2024-05-14,0.60164,0.60427,0.5994,0.60409,124533
2024-05-15,0.60409,0.61244,0.60315,0.61219,140963
2024-05-16,0.61219,0.61403,0.60953,0.61214,126875
2024-05-17,0.61214,0.61395,0.6101,0.61303,102664
2024-05-20,0.61279,0.61378,0.60965,0.61055,118390
2024-05-21,0.61055,0.61104,0.60873,0.60915,129880
2024-05-22,0.60915,0.61524,0.60827,0.60962,147734
2024-05-23,0.60962,0.61338,0.609,0.60991,164585
2024-05-24,0.60991,0.61264,0.60874,0.61177,127980
2024-05-27,0.61128,0.61539,0.61128,0.61424,68133
2024-05-28,0.61424,0.61702,0.61374,0.61406,132673
2024-05-29,0.61406,0.61478,0.61114,0.61148,147756
2024-05-30,0.61148,0.61313,0.60887,0.61145,157049
2024-05-31,0.61145,0.61656,0.61078,0.61414,166910
2024-06-03,0.6136,0.61931,0.61328,0.61925,172605
2024-06-04,0.61925,0.61981,0.61556,0.61766,197122
2024-06-05,0.61766,0.61982,0.61701,0.61926,172526
2024-06-06,0.61926,0.62152,0.61735,0.61948,149836
2024-06-07,0.61948,0.62035,0.60992,0.61012,184339
2024-06-10,0.61007,0.61283,0.60988,0.61281,141576
2024-06-11,0.61281,0.61502,0.61177,0.61439,148494
2024-06-12,0.61439,0.62219,0.61344,0.61851,227730
2024-06-13,0.61851,0.61987,0.616,0.61677,173740
2024-06-14,0.61677,0.61702,0.61159,0.61403,202910
2024-06-17,0.61403,0.61407,0.61045,0.61314,151466
2024-06-18,0.61314,0.61484,0.6097,0.61436,184067
2024-06-19,0.61436,0.61457,0.6128,0.61312,93636
2024-06-20,0.61312,0.61479,0.61115,0.61194,166247
2024-06-21,0.61194,0.61344,0.61089,0.61164,150321
2024-06-24,0.61164,0.61401,0.61046,0.61244,138892
2024-06-25,0.61244,0.61306,0.61077,0.6121,142853
2024-06-26,0.6121,0.61281,0.60739,0.60823,155586
2024-06-27,0.60823,0.61084,0.60686,0.60818,152868
2024-06-28,0.60818,0.6105,0.60575,0.60894,183265
2024-07-01,0.60894,0.61074,0.6065,0.60755,164959
2024-07-02,0.60755,0.60827,0.60475,0.60777,163642
2024-07-03,0.60777,0.6129,0.60695,0.60985,150560
2024-07-04,0.60985,0.61228,0.6097,0.6116,79193
2024-07-05,0.6116,0.61487,0.61015,0.61427,163982
2024-07-08,0.61311,0.61535,0.61233,0.61255,135524
2024-07-09,0.61255,0.61328,0.6112,0.6125,138485
2024-07-10,0.6125,0.6132,0.6065,0.60815,145920
2024-07-11,0.60815,0.61347,0.60782,0.60951,190354
2024-07-12,0.60951,0.6126,0.60763,0.61171,185604
2024-07-15,0.61058,0.61111,0.60726,0.60748,155512
2024-07-16,0.60748,0.60767,0.60362,0.60494,163028
2024-07-17,0.60494,0.60975,0.60325,0.60825,144405
2024-07-18,0.60825,0.6083,0.60434,0.60449,180167
2024-07-19,0.60449,0.60472,0.60052,0.60067,161516
2024-07-22,0.60074,0.60278,0.59717,0.59785,146955
2024-07-23,0.59785,0.59804,0.59505,0.59562,136010
2024-07-24,0.59562,0.59572,0.59136,0.59299,162082
2024-07-25,0.59299,0.59318,0.58801,0.58872,202339
2024-07-26,0.58872,0.59056,0.58829,0.58858,144059
2024-07-29,0.58873,0.59005,0.58576,0.58758,133182
2024-07-30,0.58758,0.59056,0.58676,0.59032,147310
2024-07-31,0.59032,0.59618,0.58876,0.59504,227029
2024-08-01,0.59504,0.5982,0.59377,0.59485,216076
2024-08-02,0.59485,0.59845,0.59303,0.59516,252062
2024-08-05,0.59516,0.59714,0.58493,0.59398,455213
2024-08-06,0.59398,0.59799,0.59128,0.59528,323188
2024-08-07,0.59528,0.60252,0.59417,0.59934,287664
2024-08-08,0.59934,0.60142,0.59771,0.60131,256561
2024-08-09,0.60131,0.60349,0.59942,0.59966,196488
2024-08-12,0.59938,0.60325,0.5989,0.60177,154301
2024-08-13,0.60177,0.60817,0.60115,0.60773,182310
2024-08-14,0.60773,0.60838,0.59946,0.5996,158479
2024-08-15,0.5996,0.60147,0.59743,0.59825,347540
2024-08-16,0.59825,0.60553,0.59785,0.60485,144926
2024-08-19,0.60452,0.61167,0.60394,0.6108,165521
2024-08-20,0.6108,0.61573,0.61075,0.61476,183321
2024-08-21,0.61476,0.61782,0.61324,0.61561,175963
2024-08-22,0.61561,0.61698,0.61278,0.61325,343184
2024-08-23,0.61325,0.62366,0.61304,0.62301,199153
2024-08-26,0.622,0.62325,0.61972,0.62037,167855
2024-08-27,0.62037,0.62548,0.61941,0.62527,169079
2024-08-28,0.62527,0.62531,0.6224,0.62446,191346
2024-08-29,0.62446,0.62988,0.62357,0.62576,415436
2024-08-30,0.62576,0.62742,0.62297,0.62465,186295
2024-09-02,0.62384,0.62533,0.62209,0.62285,108220
2024-09-03,0.62285,0.62355,0.61799,0.61868,216237
2024-09-04,0.61868,0.62167,0.61689,0.61988,210631
2024-09-05,0.61988,0.62261,0.6178,0.62233,375418
2024-09-06,0.62233,0.62541,0.61558,0.61719,250032
2024-09-09,0.617,0.61862,0.61243,0.61445,170058
2024-09-10,0.61445,0.61652,0.61318,0.61493,167692
2024-09-11,0.61493,0.61572,0.61062,0.61366,249326
2024-09-12,0.61366,0.61845,0.61246,0.61829,425350
2024-09-13,0.61829,0.61937,0.61519,0.61554,165503
2024-09-16,0.61542,0.62019,0.61542,0.62014,157155
2024-09-17,0.62006,0.621,0.61748,0.61834,176986
2024-09-18,0.61834,0.62668,0.6178,0.62082,292219
2024-09-19,0.62082,0.62679,0.61802,0.62376,555540
2024-09-20,0.62376,0.62592,0.62091,0.6234,238113
2024-09-23,0.62294,0.62794,0.62242,0.62657,184807
2024-09-24,0.62657,0.63421,0.62581,0.6339,223158
2024-09-25,0.6339,0.63547,0.62588,0.62608,207160
2024-09-26,0.62608,0.63313,0.62516,0.63269,478202
2024-09-27,0.63269,0.63665,0.6295,0.63375,264914
2024-09-30,0.63311,0.63781,0.63291,0.63472,236755
2024-10-01,0.63472,0.63478,0.62638,0.62794,262551
2024-10-02,0.62794,0.63125,0.62572,0.62617,212849
2024-10-03,0.62617,0.62626,0.62093,0.62117,472858
2024-10-04,0.62117,0.62186,0.61445,0.61549,213061
2024-10-07,0.61549,0.61725,0.61116,0.61237,208479
2024-10-08,0.61237,0.61441,0.61063,0.6137,227923
2024-10-09,0.6137,0.61399,0.60518,0.60618,211945
2024-10-10,0.60618,0.60963,0.60526,0.60916,477994
2024-10-11,0.60916,0.61189,0.60828,0.61059,155673
2024-10-14,0.60872,0.6102,0.60691,0.60948,162211
2024-10-15,0.60948,0.6105,0.60728,0.60818,175850
2024-10-16,0.60818,0.60857,0.60389,0.60559,182271
2024-10-17,0.60559,0.60746,0.60436,0.60589,386050
2024-10-18,0.60589,0.60791,0.60521,0.60686,161521
2024-10-21,0.60628,0.60832,0.60271,0.60301,177496
2024-10-22,0.60301,0.60602,0.60201,0.60423,175097
2024-10-23,0.60423,0.60522,0.59903,0.60041,151493
2024-10-24,0.60041,0.60314,0.59975,0.60145,355872
2024-10-25,0.60145,0.60158,0.59707,0.5971,160144
2024-10-28,0.59787,0.59967,0.59569,0.59797,146532
2024-10-29,0.59797,0.59888,0.59525,0.59722,166805
2024-10-30,0.59722,0.60009,0.59498,0.59722,195312
2024-10-31,0.59722,0.59824,0.5939,0.59754,195748
2024-11-01,0.59754,0.59982,0.59576,0.59594,374602
2024-11-04,0.59974,0.60145,0.59698,0.59717,197337
2024-11-05,0.59717,0.60142,0.59658,0.6005,178409
2024-11-06,0.6005,0.602,0.59112,0.59376,432412
2024-11-07,0.59376,0.6037,0.59299,0.60238,524634
2024-11-08,0.60238,0.60241,0.59465,0.59637,239578
2024-11-11,0.59582,0.59767,0.5951,0.59626,170047
2024-11-12,0.59626,0.59717,0.59088,0.59252,235633
2024-11-13,0.59252,0.59465,0.58752,0.58784,254483
2024-11-14,0.58784,0.58841,0.58383,0.58485,485008
2024-11-15,0.58485,0.58796,0.58392,0.58607,257100
2024-11-18,0.58653,0.58972,0.58355,0.58923,175876
2024-11-19,0.58923,0.59124,0.58732,0.5911,216425
2024-11-20,0.5911,0.59212,0.58631,0.58754,159658
2024-11-21,0.58754,0.58851,0.58488,0.58585,431428
2024-11-22,0.58585,0.58596,0.58156,0.58292,250514
2024-11-25,0.58538,0.58683,0.58346,0.58443,191429
2024-11-26,0.58443,0.5865,0.57961,0.5833,231826
2024-11-27,0.5833,0.59074,0.58266,0.5893,223933
2024-11-28,0.5893,0.59042,0.58796,0.58842,250464
2024-11-29,0.58842,0.59281,0.58814,0.59176,193160
2024-12-02,0.59087,0.59133,0.5863,0.58769,228093
2024-12-03,0.58769,0.59039,0.58636,0.58797,174773
2024-12-04,0.58797,0.58837,0.58282,0.58491,192963
2024-12-05,0.58491,0.5887,0.58457,0.58844,347852
2024-12-06,0.58844,0.58881,0.58203,0.58217,210769
2024-12-09,0.58345,0.58874,0.58033,0.58631,162178
2024-12-10,0.58631,0.58657,0.57905,0.57982,179256
2024-12-11,0.57982,0.58075,0.57605,0.5783,215040
2024-12-12,0.5783,0.58167,0.57615,0.57677,390166
2024-12-13,0.57677,0.57776,0.57527,0.57527,154841
2024-12-16,0.57547,0.57856,0.5753,0.57801,137848
2024-12-17,0.57801,0.57921,0.57491,0.57524,139471
2024-12-18,0.57524,0.57578,0.56188,0.56219,180349
2024-12-19,0.56219,0.56613,0.5607,0.5629,430760
2024-12-20,0.5629,0.56718,0.56119,0.56463,207262
2024-12-23,0.56435,0.56603,0.5631,0.56472,142855
2024-12-24,0.56472,0.56515,0.56328,0.56428,106088
2024-12-25,0.5648,0.58878,0.5643,0.5648,851
2024-12-26,0.56428,0.56538,0.56202,0.56223,175586
2024-12-27,0.56223,0.56426,0.56129,0.56232,143869
2024-12-30,0.56265,0.56636,0.56234,0.56378,120703
2024-12-31,0.56378,0.56456,0.55869,0.55935,137990
2025-01-01,0.55957,0.55969,0.55925,0.55947,6
2025-01-02,0.55935,0.56237,0.5586,0.55928,260026
2025-01-03,0.55928,0.56133,0.55859,0.56074,144529
2025-01-06,0.56104,0.56838,0.56065,0.56417,213908
2025-01-07,0.56417,0.56918,0.56315,0.56335,169757
2025-01-08,0.56335,0.56409,0.55886,0.56072,182641
2025-01-09,0.56072,0.56084,0.55711,0.55986,272362
2025-01-10,0.55986,0.5602,0.55418,0.55497,209291
2025-01-13,0.55575,0.55826,0.55404,0.5582,164932
2025-01-14,0.5582,0.56304,0.55772,0.56031,180961
2025-01-15,0.56031,0.56501,0.55955,0.56144,169314
2025-01-16,0.56144,0.56321,0.55812,0.56061,361422
2025-01-17,0.56061,0.56145,0.55625,0.55747,168267
2025-01-20,0.55899,0.56835,0.55784,0.56706,207109
2025-01-21,0.56706,0.56883,0.56159,0.56754,243337
2025-01-22,0.56754,0.5687,0.56484,0.56632,191266
2025-01-23,0.56632,0.56848,0.56456,0.5674,360990
2025-01-24,0.5674,0.57225,0.56692,0.57042,215797
2025-01-27,0.5694,0.57045,0.56758,0.56915,208587
2025-01-28,0.56915,0.56915,0.56473,0.56655,182281
2025-01-29,0.56655,0.56674,0.56334,0.56574,191627
2025-01-30,0.56574,0.56669,0.56218,0.56335,345014
2025-01-31,0.56335,0.56831,0.5623,0.56286,253028
2025-02-03,0.55822,0.56402,0.55154,0.56285,402373
2025-02-04,0.56285,0.5654,0.55809,0.56496,208384
2025-02-05,0.56496,0.57016,0.56444,0.56866,178941
2025-02-06,0.56866,0.56903,0.56509,0.56736,295584
2025-02-07,0.56736,0.56942,0.56395,0.5653,227788
2025-02-10,0.56294,0.56632,0.56294,0.56394,144265
2025-02-11,0.56394,0.56602,0.56279,0.56528,141913
2025-02-12,0.56528,0.56709,0.55996,0.5641,198591
2025-02-13,0.5641,0.56788,0.56219,0.56757,445130
2025-02-14,0.56757,0.57373,0.56665,0.57217,179261
2025-02-17,0.5718,0.57493,0.57143,0.57347,146780
2025-02-18,0.57347,0.57353,0.56931,0.57031,175912
2025-02-19,0.57031,0.57311,0.56768,0.57035,164736
2025-02-20,0.57035,0.57665,0.56926,0.57618,352102
2025-02-21,0.57618,0.57719,0.57343,0.57352,181546
2025-02-24,0.57355,0.57692,0.57285,0.57317,203435
2025-02-25,0.57317,0.57376,0.57055,0.57197,185664
2025-02-26,0.57197,0.57319,0.56874,0.56919,201919
2025-02-27,0.56919,0.57005,0.56284,0.56307,415852
2025-02-28,0.56307,0.56326,0.55842,0.5593,199181
2025-03-03,0.55942,0.56399,0.55925,0.56154,210425
2025-03-04,0.56154,0.56647,0.55945,0.56644,295868
2025-03-05,0.56644,0.57308,0.56366,0.57254,283440
2025-03-06,0.57254,0.5759,0.57191,0.5734,533182
2025-03-07,0.5734,0.57404,0.56915,0.57046,263349
2025-03-10,0.57003,0.57417,0.56895,0.56971,224047
2025-03-11,0.56971,0.57257,0.56766,0.57146,249886
2025-03-12,0.57146,0.57372,0.56969,0.57277,197332
2025-03-13,0.57277,0.57411,0.56815,0.56974,363778
2025-03-14,0.56974,0.57546,0.56893,0.57397,151831
2025-03-17,0.57402,0.58252,0.57394,0.58192,141049
2025-03-18,0.58192,0.58305,0.57971,0.58187,117160
2025-03-19,0.58187,0.58197,0.57748,0.58147,141474
2025-03-20,0.58147,0.58248,0.57221,0.57567,288280
2025-03-21,0.57567,0.57667,0.57237,0.57272,125955
2025-03-24,0.57268,0.57488,0.57083,0.57272,122269
2025-03-25,0.57272,0.57497,0.57102,0.57319,113880
2025-03-26,0.57319,0.57618,0.5713,0.57275,119800
2025-03-27,0.57275,0.57548,0.5711,0.57386,266360
2025-03-28,0.57386,0.57405,0.57102,0.57123,127682
2025-03-30,0.57072,0.5723,0.56501,0.57071,1224652
2025-03-31,0.57141,0.57217,0.56477,0.56773,152207
2025-04-01,0.56773,0.57037,0.5662,0.5699,151979
2025-04-02,0.5699,0.57789,0.56929,0.57428,163736
2025-04-03,0.57428,0.58524,0.56807,0.57927,750942
2025-04-04,0.57927,0.57962,0.55506,0.55917,545460
2025-04-06,0.55508,0.56449,0.55222,0.55414,3979774
2025-04-07,0.55723,0.56448,0.55056,0.55329,759496
2025-04-08,0.55329,0.56255,0.55198,0.55294,394589
2025-04-09,0.55294,0.56673,0.54843,0.56388,642179
2025-04-10,0.56388,0.57647,0.56271,0.57365,955158
2025-04-11,0.57365,0.58388,0.57307,0.58187,538212
2025-04-13,0.584,0.58925,0.58323,0.58363,3275381
2025-04-14,0.58161,0.58906,0.58156,0.58752,283375
2025-04-15,0.58752,0.5943,0.58601,0.58977,220990
2025-04-16,0.58977,0.59362,0.58851,0.59331,237203
2025-04-17,0.59331,0.59772,0.58988,0.5971,381342
2025-04-18,0.5971,0.5973,0.59234,0.59275,548271
2025-04-20,0.59393,0.59393,0.59393,0.59393,3905335
2025-04-21,0.59275,0.60182,0.59275,0.59993,191077
2025-04-22,0.59993,0.60284,0.59625,0.59635,200902
2025-04-23,0.59635,0.60129,0.59357,0.59432,277841
2025-04-24,0.59432,0.59997,0.59386,0.59936,341470
2025-04-25,0.59936,0.6,0.59475,0.59547,166788
2025-04-27,0.59634,0.59701,0.59423,0.59567,29542
2025-04-28,0.59599,0.59814,0.59274,0.59776,150742
2025-04-29,0.59776,0.59859,0.59259,0.59294,152107
2025-04-30,0.59294,0.5949,0.58973,0.59331,163476
2025-05-01,0.59331,0.59507,0.58928,0.59054,313856
2025-05-02,0.59054,0.59766,0.58973,0.59397,198162
2025-05-04,0.59492,0.59855,0.59386,0.59695,38477
2025-05-05,0.59389,0.5995,0.5936,0.5966,159271
2025-05-06,0.5966,0.60126,0.5943,0.60062,154387
2025-05-07,0.60062,0.60219,0.59338,0.59387,198763
2025-05-08,0.59387,0.59738,0.59001,0.59042,372518
2025-05-09,0.59042,0.592,0.58698,0.5905,136302
2025-05-11,0.59102,0.59326,0.59102,0.59287,44228
2025-05-12,0.5918,0.59395,0.58457,0.58537,215242
2025-05-13,0.58537,0.59415,0.58452,0.59348,153270
2025-05-14,0.59348,0.5968,0.58921,0.58976,174463
2025-05-15,0.58976,0.59153,0.58597,0.58736,305296
2025-05-16,0.58736,0.59174,0.58643,0.5875,133963
2025-05-18,0.58837,0.59004,0.58785,0.5889,43614
2025-05-19,0.58825,0.59318,0.58714,0.59294,157543
2025-05-20,0.59294,0.59313,0.58934,0.59248,153576
2025-05-21,0.59248,0.5967,0.59145,0.59378,177553
2025-05-22,0.59378,0.59408,0.58935,0.58972,335570
2025-05-23,0.58972,0.59887,0.58915,0.59806,161586
2025-05-25,0.59913,0.60332,0.59823,0.60226,43723
2025-05-26,0.59817,0.60308,0.59769,0.59978,116722
2025-05-27,0.59978,0.60058,0.59394,0.59468,146945
2025-05-28,0.59468,0.59787,0.5923,0.5966,157440
2025-05-29,0.5966,0.59913,0.59244,0.59613,402528
2025-05-30,0.59613,0.59889,0.59464,0.59583,176225
2025-06-01,0.59623,0.601,0.59623,0.59931,41772
2025-06-02,0.59583,0.6043,0.59551,0.60335,171924
2025-06-03,0.60335,0.60537,0.59865,0.59944,149298
2025-06-04,0.59944,0.60384,0.5989,0.60253,145974
2025-06-05,0.60253,0.60795,0.60216,0.60335,343136
2025-06-06,0.60335,0.60495,0.60056,0.60102,166078
2025-06-08,0.60165,0.60427,0.6014,0.60349,31362
2025-06-09,0.60102,0.60647,0.60102,0.60455,126431
2025-06-10,0.60455,0.60578,0.6027,0.60507,161673
2025-06-11,0.60507,0.60652,0.60208,0.60263,160839
2025-06-12,0.60263,0.60703,0.60048,0.60679,367014
2025-06-13,0.60679,0.60683,0.59941,0.60102,257553
2025-06-15,0.60121,0.60277,0.60031,0.60091,63077
2025-06-16,0.60084,0.6087,0.59979,0.60588,194360
2025-06-17,0.60588,0.60789,0.60092,0.60113,180713
2025-06-18,0.60113,0.60561,0.60074,0.60276,202449
2025-06-19,0.60276,0.6032,0.5958,0.59918,307664
2025-06-20,0.59918,0.60084,0.59567,0.59588,152241
2025-06-22,0.59645,0.59677,0.59174,0.59208,62193
2025-06-23,0.5942,0.59799,0.58821,0.5973,245448
2025-06-24,0.5973,0.60404,0.59632,0.60052,188453
2025-06-25,0.60052,0.60418,0.59996,0.60349,135813
2025-06-26,0.60349,0.60739,0.60275,0.60522,380480
2025-06-27,0.60522,0.60774,0.60361,0.60513,159893
2025-06-29,0.60584,0.60775,0.60525,0.60659,37681
2025-06-30,0.60513,0.60981,0.60513,0.60947,154278
2025-07-01,0.60955,0.61204,0.60753,0.60984,299466
2025-07-02,0.60984,0.61061,0.60496,0.60864,162999
2025-07-03,0.60864,0.60929,0.60301,0.60634,304164
2025-07-04,0.60634,0.60821,0.60482,0.6054,196599
2025-07-06,0.60517,0.60576,0.60416,0.6049,33651
2025-07-07,0.6054,0.60587,0.59882,0.5994,154906
2025-07-08,0.5994,0.60347,0.59793,0.59974,173247
2025-07-09,0.59974,0.60143,0.59759,0.59989,154272
2025-07-10,0.59989,0.6036,0.59954,0.60332,250712
2025-07-11,0.60332,0.60434,0.60008,0.60034,169638
2025-07-13,0.60132,0.60161,0.59819,0.59853,35596
2025-07-14,0.59891,0.60146,0.59685,0.59708,134193
2025-07-15,0.59708,0.60058,0.59382,0.59442,152961
2025-07-16,0.59442,0.59697,0.59125,0.59466,209271
2025-07-17,0.59466,0.59489,0.59046,0.5931,290510
2025-07-18,0.5931,0.59911,0.59245,0.59556,115659
2025-07-20,0.59674,0.59675,0.59386,0.59494,34651
2025-07-21,0.59674,0.5985,0.59386,0.59677,125845
2025-07-22,0.59677,0.60043,0.59404,0.6001,130150
2025-07-23,0.6001,0.60475,0.59885,0.60452,159372
2025-07-24,0.60452,0.60594,0.60262,0.60276,328164
2025-07-25,0.60276,0.6039,0.59978,0.6013,149023
2025-07-27,0.60091,0.60327,0.60081,0.60138,37563
2025-07-28,0.60091,0.60327,0.59664,0.5969,189149
2025-07-29,0.5969,0.59764,0.59426,0.59548,167723
2025-07-30,0.59548,0.59715,0.58886,0.58947,200131
2025-07-31,0.58947,0.59369,0.58879,0.5888,380348
2025-08-01,0.5888,0.59289,0.58565,0.59117,268298
2025-08-03,0.59182,0.5927,0.5906,0.59198,44607
2025-08-04,0.59173,0.59305,0.58987,0.59068,171455
2025-08-05,0.59068,0.59226,0.58813,0.59015,165560
2025-08-06,0.59015,0.59411,0.58905,0.59255,147268
2025-08-07,0.59255,0.59672,0.59229,0.59587,307778
2025-08-08,0.59587,0.59719,0.59472,0.59505,132020
2025-08-10,0.59466,0.59577,0.59441,0.5957,22704
2025-08-11,0.59466,0.59589,0.59249,0.59366,112833
2025-08-12,0.59366,0.5966,0.5913,0.59501,193667
2025-08-13,0.59501,0.59959,0.59449,0.5972,117830
2025-08-14,0.5972,0.59911,0.59086,0.59155,321540
2025-08-15,0.59155,0.5939,0.59073,0.592,108552
2025-08-17,0.59238,0.59389,0.59224,0.59333,21241
2025-08-18,0.59244,0.59427,0.59097,0.59218,105141
2025-08-19,0.59218,0.59305,0.58912,0.58923,113724
2025-08-20,0.58923,0.58982,0.5815,0.58224,139072
2025-08-21,0.58224,0.5833,0.58107,0.58154,251220
2025-08-22,0.58154,0.58762,0.57998,0.5861,154795
2025-08-24,0.58692,0.5873,0.58525,0.58618,21154
2025-08-25,0.58611,0.58805,0.58453,0.58469,100481
2025-08-26,0.58469,0.58682,0.58287,0.586,135999
2025-08-27,0.586,0.58651,0.58182,0.58585,106581
2025-08-28,0.58585,0.58919,0.58491,0.58836,244306
2025-08-29,0.58836,0.59058,0.58789,0.589,107871
2025-08-31,0.589,0.59139,0.58856,0.59056,23061
2025-09-01,0.589,0.59145,0.58856,0.58948,83646
2025-09-02,0.58948,0.59078,0.58373,0.58652,158007
2025-09-03,0.58652,0.58835,0.58413,0.58783,139495
2025-09-04,0.58783,0.58899,0.58328,0.5843,270034
2025-09-05,0.5843,0.59179,0.58369,0.58898,146912
2025-09-07,0.58952,0.59046,0.58848,0.58978,34036
2025-09-08,0.58898,0.59456,0.58823,0.59398,121803
2025-09-09,0.59398,0.59597,0.59225,0.59254,150311
2025-09-10,0.59254,0.59638,0.59211,0.59361,152815
2025-09-11,0.59361,0.59797,0.59129,0.59752,294536
2025-09-12,0.59752,0.59786,0.59397,0.59526,102758
2025-09-14,0.59561,0.59723,0.5951,0.59534,20187
2025-09-15,0.59526,0.59749,0.59444,0.59704,123559
2025-09-16,0.59704,0.59911,0.59555,0.5986,147198
2025-09-17,0.5986,0.60074,0.59482,0.59599,153445
2025-09-18,0.59599,0.59653,0.58721,0.5882,346770
2025-09-19,0.5882,0.58919,0.58536,0.58544,140250
2025-09-21,0.58585,0.58605,0.58238,0.585,27133
2025-09-22,0.58544,0.58714,0.58425,0.58664,125936
2025-09-23,0.58664,0.58696,0.58452,0.58574,140061
2025-09-24,0.58574,0.58662,0.58083,0.58093,131947
2025-09-25,0.58093,0.58313,0.57587,0.57668,295540
2025-09-26,0.57668,0.57758,0.57543,0.57688,138734
2025-09-28,0.57772,0.57963,0.5772,0.57782,22483
2025-09-29,0.57688,0.5796,0.57688,0.57769,119775
2025-09-30,0.57769,0.58078,0.57724,0.57928,146630
2025-10-01,0.57928,0.58312,0.57862,0.58162,164082
2025-10-02,0.58162,0.58428,0.58029,0.58133,274244
2025-10-03,0.58133,0.58383,0.58119,0.58269,119370
2025-10-05,0.58093,0.58408,0.58093,0.58365,32065
2025-10-06,0.58093,0.5845,0.58093,0.58415,144193
2025-10-07,0.58415,0.58424,0.5794,0.57984,117305
2025-10-08,0.57984,0.58017,0.57368,0.57867,159611
2025-10-09,0.57867,0.58064,0.57339,0.57447,329444
2025-10-10,0.57447,0.57583,0.57144,0.5718,167430
2025-10-12,0.5727,0.5746,0.57204,0.57268,45143
2025-10-13,0.5736,0.57454,0.57169,0.57247,163255
2025-10-14,0.57247,0.57281,0.56826,0.57141,188309
2025-10-15,0.57141,0.57317,0.57056,0.57235,145783
2025-10-16,0.57235,0.57552,0.57117,0.57232,346078
2025-10-17,0.57232,0.57429,0.57116,0.57241,193763
2025-10-19,0.57324,0.57538,0.57269,0.57318,27565
2025-10-20,0.57241,0.57532,0.57167,0.57433,129993
2025-10-21,0.57433,0.57521,0.57095,0.5741,160492
2025-10-22,0.5741,0.57609,0.57337,0.57362,167967
2025-10-23,0.57362,0.57552,0.57244,0.57491,225570
2025-10-24,0.57491,0.57754,0.57381,0.57458,139614
2025-10-26,0.57723,0.57744,0.57532,0.57585,29883
2025-10-27,0.57747,0.57747,0.57517,0.57686,129174
2025-10-28,0.57686,0.57894,0.57588,0.57805,125615
2025-10-29,0.57805,0.58015,0.5749,0.57632,186981
2025-10-30,0.57632,0.57884,0.57257,0.57411,349670
2025-10-31,0.57411,0.5745,0.57137,0.57224,127148
2025-11-02,0.57199,0.57287,0.57128,0.57266,24018
2025-11-03,0.57199,0.57301,0.56922,0.5706,117567
2025-11-04,0.5706,0.57094,0.56351,0.56437,145908
2025-11-05,0.56437,0.56654,0.56304,0.56617,134792
2025-11-06,0.56617,0.56701,0.56258,0.56334,262706
2025-11-07,0.56334,0.56406,0.56061,0.56234,135604
2025-11-09,0.56222,0.563,0.56098,0.56257,30628
2025-11-10,0.562,0.56505,0.562,0.56447,116942
2025-11-11,0.56447,0.56689,0.56313,0.56547,114550
2025-11-12,0.56547,0.56707,0.56454,0.56661,116501
2025-11-13,0.56661,0.56825,0.56345,0.56528,318538
2025-11-14,0.56528,0.56915,0.56451,0.5678,158589
2025-11-16,0.56735,0.56796,0.56716,0.56752,25894
2025-11-17,0.56735,0.56891,0.56487,0.56563,130910
2025-11-18,0.56563,0.5675,0.56382,0.56577,174327
2025-11-19,0.56577,0.56617,0.55898,0.56031,152824
2025-11-20,0.56031,0.56387,0.55813,0.55813,365788
2025-11-21,0.55813,0.56157,0.55777,0.56095,197208
2025-11-23,0.56066,0.56144,0.56028,0.56059,22056
2025-11-24,0.56066,0.56145,0.55954,0.561,115509
2025-11-25,0.561,0.56286,0.55913,0.56197,149390
2025-11-26,0.56197,0.57016,0.56102,0.56982,171675
2025-11-27,0.56982,0.5732,0.56885,0.57285,186902
2025-11-28,0.57285,0.57437,0.57039,0.57294,552204
2025-11-30,0.5725,0.57389,0.57208,0.57355,4136
2025-12-01,0.5723,0.57519,0.57221,0.57285,151304
2025-12-02,0.57285,0.57446,0.57108,0.57282,115702
2025-12-03,0.57282,0.57774,0.57282,0.57732,131495
2025-12-04,0.57732,0.57787,0.57579,0.57585,244616
2025-12-05,0.57585,0.57869,0.57551,0.5773,128848
2025-12-07,0.57714,0.57766,0.57566,0.57741,30174
2025-12-08,0.57716,0.57925,0.57587,0.57731,114492
2025-12-09,0.57731,0.57948,0.57671,0.57798,132238
2025-12-10,0.57798,0.58246,0.57614,0.58154,152599
2025-12-11,0.58154,0.58314,0.57881,0.58082,295880
2025-12-12,0.58082,0.58204,0.57875,0.58023,132939
2025-12-14,0.58072,0.58153,0.57655,0.5773,39097
2025-12-15,0.57804,0.58087,0.57654,0.57807,141909
2025-12-16,0.57807,0.58068,0.57582,0.57807,159599
2025-12-17,0.57807,0.57942,0.57671,0.57738,144676
2025-12-18,0.57738,0.5788,0.57545,0.57713,296400
2025-12-19,0.57713,0.57833,0.5736,0.57542,126067
2025-12-21,0.57452,0.57727,0.57409,0.57708,40237
2025-12-22,0.57452,0.58014,0.57409,0.57932,117087
2025-12-23,0.57932,0.58432,0.57859,0.58415,126492
2025-12-24,0.58415,0.58533,0.58298,0.58354,99944
2025-12-25,0.58411,0.58425,0.58333,0.58343,0
2025-12-26,0.58354,0.58423,0.58177,0.58232,87879
2025-12-28,0.58323,0.58401,0.58241,0.58266,27504
2025-12-29,0.58218,0.58335,0.57899,0.58033,145201
2025-12-30,0.58033,0.58195,0.57886,0.57919,116018
2025-12-31,0.57919,0.57921,0.574,0.57541,108497
2026-01-01,0.57485,0.5761,0.5732,0.57561,105484
2026-01-02,0.57541,0.57779,0.57523,0.5765,130273
2026-01-04,0.5744,0.57688,0.56928,0.57548,38569
2026-01-05,0.57575,0.57918,0.57417,0.57887,168850
2026-01-06,0.57887,0.58104,0.57685,0.57841,131106
2026-01-07,0.57841,0.57933,0.57697,0.57711,131469
2026-01-08,0.57711,0.5776,0.57375,0.57508,117058
2026-01-09,0.57508,0.57534,0.57111,0.57257,139837
2026-01-11,0.57225,0.575,0.57225,0.57429,29728
2026-01-12,0.57225,0.57748,0.57225,0.57717,116956
2026-01-13,0.57717,0.57823,0.57348,0.5736,140518
2026-01-14,0.5736,0.5756,0.57305,0.57448,128884
2026-01-15,0.57448,0.57523,0.57254,0.57419,122292
2026-01-16,0.57419,0.57673,0.57381,0.57496,78103
2026-01-18,0.57391,0.57773,0.57372,0.5776,45512
2026-01-19,0.57391,0.5803,0.57372,0.57975,114528
2026-01-20,0.57975,0.58511,0.57888,0.58315,158124
2026-01-21,0.58315,0.58663,0.58208,0.58425,152389
2026-01-22,0.58425,0.59286,0.58344,0.59256,253180
2026-01-23,0.59256,0.59512,0.58914,0.59448,153250
2026-01-25,0.59655,0.59753,0.5946,0.59617,44485
2026-01-26,0.59655,0.5999,0.5946,0.59727,172299
2026-01-27,0.59727,0.60503,0.59548,0.60439,186221
2026-01-28,0.60439,0.60616,0.60078,0.60597,224965
2026-01-29,0.60597,0.60926,0.60224,0.60779,486998
2026-01-30,0.60779,0.60807,0.60098,0.60172,292590
2026-02-01,0.60091,0.60335,0.59928,0.60159,87375
2026-02-02,0.60091,0.60335,0.59905,0.59984,264086
2026-02-03,0.59984,0.60632,0.59907,0.60447,192444
2026-02-04,0.60447,0.60518,0.59874,0.59991,168202
2026-02-05,0.59991,0.60086,0.59477,0.59488,389436
2026-02-06,0.59488,0.60269,0.59281,0.60107,143348
2026-02-08,0.601,0.60339,0.60078,0.60149,35844
2026-02-09,0.601,0.60599,0.59969,0.60524,130115
2026-02-10,0.60524,0.60614,0.60333,0.60423,110351
2026-02-11,0.60423,0.60733,0.60234,0.6048,170273
2026-02-12,0.6048,0.60761,0.60255,0.60352,296556
2026-02-13,0.60352,0.60506,0.60143,0.60341,161534
2026-02-15,0.60297,0.60403,0.60225,0.60322,19593
2026-02-16,0.60297,0.60481,0.60225,0.60325,66175
2026-02-17,0.60325,0.60507,0.60041,0.60464,134211
2026-02-18,0.60464,0.60532,0.59613,0.59632,106043
2026-02-19,0.59632,0.59903,0.59457,0.59707,251978
2026-02-20,0.59707,0.59852,0.59377,0.59709,183626
2026-02-22,0.59722,0.60032,0.59706,0.59841,36079
2026-02-23,0.59722,0.60032,0.59514,0.59558,130983
2026-02-24,0.59558,0.59739,0.59423,0.5965,116288
2026-02-25,0.5965,0.60026,0.59556,0.59968,136290
2026-02-26,0.59968,0.60128,0.59572,0.59717,310744
2026-02-27,0.59717,0.60048,0.59694,0.59902,147554
2026-03-01,0.59984,0.59984,0.5951,0.59766,0
2026-03-02,0.59466,0.59946,0.5916,0.59363,246520
2026-03-03,0.59363,0.59556,0.5836,0.58882,387923
2026-03-04,0.58882,0.59422,0.58612,0.59402,291462
2026-03-05,0.59402,0.59485,0.58728,0.58952,281041
2026-03-06,0.58952,0.59156,0.58573,0.58984,297530
2026-03-08,0.58613,0.58799,0.58485,0.58689,81874
2026-03-09,0.58613,0.59349,0.58482,0.59327,370405
2026-03-10,0.59327,0.59644,0.59073,0.59287,264222
2026-03-11,0.59287,0.59483,0.59049,0.5913,213424
2026-03-12,0.5913,0.59137,0.58509,0.58541,422832
2026-03-13,0.58541,0.5862,0.57687,0.57687,197903
2026-03-15,0.5776,0.5816,0.5776,0.58124,39028
2026-03-16,0.57899,0.58693,0.57755,0.58606,215557
2026-03-17,0.58606,0.58686,0.58166,0.58574,209672
2026-03-18,0.58574,0.58725,0.57885,0.5796,218578
2026-03-19,0.5796,0.58923,0.57847,0.58738,587644
2026-03-20,0.58738,0.58918,0.58177,0.58231,257701
2026-03-22,0.58074,0.58341,0.58026,0.58321,55045
2026-03-23,0.58147,0.58874,0.5762,0.58573,525866
2026-03-24,0.58573,0.58668,0.57935,0.58349,328668
2026-03-25,0.58349,0.58434,0.58039,0.58051,209044
2026-03-26,0.58051,0.5811,0.57502,0.57591,332722
2026-03-27,0.57591,0.57777,0.57378,0.57391,168400
2026-03-29,0.57283,0.57501,0.57009,0.57279,41818
2026-03-30,0.57465,0.57495,0.56996,0.57207,155593
2026-03-31,0.57207,0.57486,0.56978,0.57448,221579
2026-04-01,0.57448,0.57773,0.57305,0.57507,193630
2026-04-02,0.57507,0.5759,0.56995,0.57134,444998
2026-04-03,0.57134,0.57201,0.56794,0.56798,43311
2026-04-05,0.56877,0.5729,0.56867,0.56867,30936
2026-04-06,0.5689,0.57296,0.56808,0.57083,189935
2026-04-07,0.57083,0.57331,0.56893,0.57292,258306
2026-04-08,0.57292,0.5859,0.57152,0.58217,286122
2026-04-09,0.58217,0.58735,0.58137,0.58552,275252
2026-04-10,0.58552,0.58689,0.58322,0.58329,176034
2026-04-12,0.5803,0.58489,0.58019,0.58043,31012
2026-04-13,0.5794,0.58735,0.5794,0.58658,193854
2026-04-14,0.58658,0.592,0.58568,0.58994,180951
2026-04-15,0.58994,0.59195,0.58917,0.59098,193858
2026-04-16,0.59098,0.59221,0.58821,0.58904,238532
2026-04-17,0.58904,0.5929,0.58775,0.58796,192508
2026-04-19,0.58662,0.58962,0.58645,0.58652,29672
2026-04-20,0.58524,0.58955,0.5847,0.58897,135746
2026-04-21,0.58897,0.59206,0.5872,0.58907,160828
2026-04-22,0.58907,0.59228,0.58844,0.59032,119633
2026-04-23,0.59032,0.591,0.58403,0.58513,359646
2026-04-24,0.58513,0.58831,0.58402,0.58752,134503
2026-04-26,0.58707,0.59242,0.58707,0.58709,26743
2026-04-27,0.58615,0.59238,0.58549,0.59037,107662
2026-04-28,0.59037,0.59178,0.58658,0.58842,135074
2026-04-29,0.58842,0.5892,0.58149,0.5826,215784
2026-04-30,0.5826,0.59106,0.5816,0.59074,393718
2026-05-01,0.59074,0.59249,0.58868,0.58902,176553
2026-05-03,0.58789,0.59129,0.58657,0.59043,25824
2026-05-04,0.59052,0.59263,0.58604,0.5872,219904
2026-05-05,0.5872,0.59058,0.58567,0.58809,118305
2026-05-06,0.58809,0.59908,0.58709,0.59545,200450
2026-05-07,0.59545,0.59834,0.59361,0.59375,159418
2026-05-08,0.59375,0.59688,0.59304,0.59631,138920
2026-05-10,0.59325,0.59573,0.59325,0.59468,26222
2026-05-11,0.59325,0.59689,0.59325,0.59632,109912
2026-05-12,0.59632,0.59689,0.59339,0.59517,148064
2026-05-13,0.59517,0.59659,0.59194,0.59355,130599
2026-05-14,0.59355,0.59419,0.59091,0.59102,125523
2026-05-15,0.59102,0.59149,0.58327,0.58335,176153
2026-05-17,0.58341,0.58815,0.58245,0.58326,42188
2026-05-18,0.58376,0.58819,0.5823,0.58745,188344
2026-05-19,0.58745,0.58791,0.58175,0.58336,169009
2026-05-20,0.58336,0.5888,0.5815,0.58672,184882
2026-05-21,0.58672,0.58881,0.58452,0.58731,199391
2026-05-22,0.58731,0.58797,0.58432,0.58446,131125
2026-05-24,0.58737,0.58817,0.58666,0.58702,22614
2026-05-25,0.58737,0.58817,0.58621,0.58717,71851
2026-05-26,0.58717,0.58722,0.58317,0.58359,109110
2026-05-27,0.58359,0.59119,0.58331,0.59009,205864
2026-05-28,0.59009,0.59357,0.58641,0.59342,313598
2026-05-29,0.59342,0.59941,0.59244,0.59858,197464
2026-05-31,0.59858,0.59858,0.59647,0.59678,24818
2026-06-01,0.59858,0.59858,0.59111,0.59276,193960
2026-06-02,0.59276,0.59456,0.5918,0.59249,183159
2026-06-03,0.59249,0.59354,0.58577,0.58582,199247
2026-06-04,0.58582,0.58871,0.58567,0.58667,240978
2026-06-05,0.58667,0.58847,0.57889,0.57919,230763
2026-06-07,0.57774,0.57961,0.5769,0.57947,42266
2026-06-08,0.57793,0.5837,0.57778,0.58068,191952
2026-06-09,0.58068,0.58477,0.5799,0.58165,191938
2026-06-10,0.58165,0.58328,0.57948,0.57963,221999
2026-06-11,0.57963,0.58443,0.57691,0.58358,412844
2026-06-12,0.58358,0.58399,0.58111,0.58246,250490
2026-06-14,0.58564,0.58638,0.58348,0.58554,35097
2026-06-15,0.58246,0.58638,0.58197,0.58223,185756
2026-06-16,0.58223,0.58433,0.57949,0.58307,186631
2026-06-17,0.58307,0.58354,0.57522,0.57655,154380
2026-06-18,0.57655,0.57989,0.57488,0.5754,293756
2026-06-19,0.5754,0.57624,0.57228,0.57369,111018
2026-06-21,0.57334,0.57405,0.57267,0.57298,24083
2026-06-22,0.57334,0.57405,0.57093,0.5713,122129
2026-06-23,0.5713,0.57173,0.56631,0.56662,125672
2026-06-24,0.56662,0.56705,0.56308,0.56479,134780
2026-06-25,0.56479,0.56613,0.56334,0.5647,272402
2026-06-26,0.5647,0.56582,0.56263,0.5632,139791
2026-06-28,0.56336,0.56481,0.56318,0.56452,26778
2026-06-29,0.56336,0.56587,0.56318,0.565,104485
2026-06-30,0.565,0.56903,0.56406,0.56758,115500
2026-07-01,0.56758,0.56895,0.56577,0.56714,121886
2026-07-02,0.56714,0.5717,0.56664,0.56962,337124
2026-07-03,0.56962,0.57272,0.56894,0.57024,76345
2026-07-05,0.5712,0.57182,0.56825,0.56855,1
2026-07-06,0.57024,0.57107,0.56766,0.5699,97155
2026-07-07,0.5699,0.57066,0.56721,0.56775,106679
2026-07-08,0.56775,0.57202,0.56715,0.56985,163676
2026-07-09,0.56985,0.5763,0.5689,0.57541,223510
2026-07-10,0.57541,0.57929,0.57422,0.57611,118027
2026-07-12,0.5763,0.5772,0.57494,0.57568,29385
2026-07-13,0.576,0.57885,0.57438,0.57485,140733
2026-07-14,0.57485,0.58455,0.57433,0.5812,176496
2026-07-15,0.5812,0.58631,0.58008,0.58472,138673
2026-07-16,0.58472,0.58584,0.58336,0.58406,250046
2026-07-17,0.58406,0.58485,0.58249,0.58385,131674
2026-07-19,0.58449,0.58599,0.58278,0.58578,30615
2026-07-20,0.58258,0.58636,0.58244,0.5838,128231
2026-07-21,0.5838,0.58724,0.58217,0.5823,113052
2026-07-22,0.5823,0.58335,0.58105,0.58161,117145
2026-07-23,0.58161,0.58232,0.57621,0.57718,264580
2026-07-24,0.57718,0.58027,0.57656,0.57852,121796
2026-07-26,0.57993,0.581,0.57878,0.57916,29732
2026-07-27,0.57993,0.58101,0.57725,0.57734,116217
2026-07-28,0.57734,0.57985,0.57619,0.57775,115688
2026-07-29,0.57775,0.58267,0.57618,0.5794,173799
2026-07-30,0.5794,0.58834,0.57885,0.58787,363244
2026-07-31,0.58787,0.58953,0.58489,0.58866,168782
2026-08-02,0.58988,0.59083,0.58786,0.58806,36222
2026-08-03,0.58988,0.59083,0.58602,0.58702,127414
2026-08-04,0.58702,0.58964,0.58599,0.5893,114981
2026-08-05,0.5893,0.5896,0.58597,0.58871,129449
2026-08-06,0.58871,0.58955,0.58609,0.5869,220980
2026-08-07,0.5869,0.59062,0.58617,0.58902,120057
2026-08-09,0.58875,0.59004,0.58799,0.5888,113156
2026-08-10,0.5897,0.58995,0.58786,0.58817,89334
2026-08-11,0.58817,0.58942,0.58681,0.58792,96145
2026-08-12,0.58792,0.58853,0.58545,0.58574,113966
2026-08-13,0.58574,0.58635,0.58214,0.585,194428
2026-08-14,0.585,0.58983,0.58457,0.58881,87514
2026-08-16,0.58842,0.58929,0.58806,0.58896,20436
2026-08-17,0.58848,0.59261,0.58811,0.59015,184685
2026-08-18,0.59015,0.59089,0.58689,0.58689,178576
2026-08-19,0.58689,0.59382,0.58604,0.59356,216414
2026-08-20,0.59356,0.59642,0.59238,0.59424,282926
2026-08-21,0.59424,0.59878,0.5937,0.59765,190556
2026-08-23,0.59784,0.59844,0.59696,0.5972,27283
2026-08-24,0.59674,0.59825,0.59509,0.59592,122395
2026-08-25,0.59592,0.59826,0.59462,0.59746,184141
2026-08-26,0.59746,0.59782,0.59327,0.59429,182288
2026-08-27,0.59429,0.59571,0.5937,0.595,190948
2026-08-28,0.595,0.59658,0.59047,0.59092,186230
2026-08-30,0.5919,0.59238,0.58982,0.59188,26817
2026-08-31,0.59137,0.59222,0.59014,0.59161,193308
2026-09-01,0.59161,0.59289,0.58873,0.58904,129228
2026-09-02,0.58904,0.58971,0.5802,0.58476,166499
2026-09-03,0.58476,0.58919,0.58402,0.58808,320542
2026-09-04,0.58808,0.59021,0.58559,0.5877,138274
2026-09-06,0.58824,0.58851,0.58682,0.58711,22351
2026-09-07,0.58717,0.58887,0.58661,0.58787,79664
2026-09-08,0.58787,0.58854,0.58358,0.58515,194713
2026-09-09,0.58515,0.58654,0.583,0.58382,159024
2026-09-10,0.58382,0.58567,0.57932,0.57971,262628
2026-09-11,0.57971,0.5835,0.57919,0.58115,197120
2026-09-13,0.58007,0.58185,0.57833,0.58101,31585
2026-09-14,0.58115,0.5819,0.5757,0.57779,181457
2026-09-15,0.57779,0.57817,0.57504,0.57576,121806
2026-09-16,0.57604,0.5763,0.57395,0.57584,58642
