date,open,high,low,close,volume
2007-06-22,13.115,13.19,12.99,13.02,21777
2007-06-25,13.03,13.07,12.81,12.877,31223
2007-06-26,12.86,12.9,12.135,12.28,59922
2007-06-27,12.245,12.36,12.125,12.21,35835
2007-06-28,12.415,12.59,12.385,12.505,28762
2007-06-29,12.58,12.675,12.355,12.473,16747
2007-07-02,12.51,12.765,12.51,12.74,15785
2007-07-03,12.735,12.785,12.56,12.685,15785
2007-07-04,12.715,12.78,12.68,12.755,12593
2007-07-05,12.715,12.78,12.495,12.58,13882
2007-07-06,12.57,12.865,12.42,12.757,21196
2007-07-09,12.79,12.965,12.765,12.82,14685
2007-07-10,12.8,13.085,12.79,12.975,17059
2007-07-11,12.985,13.09,12.915,12.975,15162
2007-07-12,12.99,13.225,12.955,13.18,19892
2007-07-13,13.18,13.235,13.075,13.11,13229
2007-07-16,13.11,13.175,13.015,13.065,9558
2007-07-17,13.03,13.14,12.925,13.018,11919
2007-07-18,12.99,13.35,12.965,13.29,22963
2007-07-19,13.285,13.4,13.245,13.375,14509
2007-07-20,13.335,13.5,13.3,13.403,16855
2007-07-23,13.4,13.48,13.31,13.33,11749
2007-07-24,13.33,13.59,13.265,13.443,18097
2007-07-25,13.325,13.355,13.105,13.15,18076
2007-07-26,13.18,13.235,12.755,12.95,38262
2007-07-27,12.88,13.005,12.65,12.715,21307
2007-07-30,12.7,12.96,12.685,12.903,12182
2007-07-31,12.955,13.09,12.86,13.017,16214
2007-08-01,12.91,13.075,12.74,12.955,23224
2007-08-02,13.055,13.085,12.955,12.995,10807
2007-08-03,13.01,13.2,12.985,13.158,18577
2007-08-06,13.14,13.205,12.92,13.033,15575
2007-08-07,13.01,13.17,12.925,13.095,19157
2007-08-08,13.125,13.25,13.05,13.17,18662
2007-08-09,13.145,13.165,12.625,12.705,37041
2007-08-10,12.685,13.06,12.605,12.87,31522
2007-08-13,12.87,12.92,12.75,12.855,12287
2007-08-14,12.82,12.91,12.7,12.748,19089
2007-08-15,12.725,12.765,12.335,12.555,32182
2007-08-16,12.5,12.56,11.06,11.495,23373
2007-08-17,11.765,12.015,11.49,11.8,36222
2007-08-20,11.795,11.975,11.62,11.735,22653
2007-08-21,11.76,11.84,11.455,11.51,27424
2007-08-22,11.565,11.79,11.52,11.565,22939
2007-08-23,11.645,11.895,11.62,11.64,25524
2007-08-24,11.725,12.005,11.58,11.94,24384
2007-08-27,11.95,11.99,11.73,11.765,18150
2007-08-28,11.74,11.905,11.675,11.765,26731
2007-08-29,11.745,11.925,11.705,11.845,24849
2007-08-30,12.075,12.075,11.89,11.96,20618
2007-08-31,11.945,12.275,11.93,12.23,20618
2007-09-03,12.26,12.36,12.2,12.28,15104
2007-09-04,12.26,12.515,12.16,12.448,22130
2007-09-05,12.43,12.46,12.265,12.355,13140
2007-09-06,12.375,12.67,12.35,12.533,25532
2007-09-07,12.585,12.845,12.53,12.76,26812
2007-09-10,12.69,12.86,12.56,12.7,18337
2007-09-11,12.69,12.95,12.635,12.835,21043
2007-09-12,12.84,12.925,12.645,12.793,22663
2007-09-13,12.765,12.8,12.49,12.68,19812
2007-09-14,12.67,12.935,12.585,12.705,19937
2007-09-17,12.68,12.98,12.675,12.9,15966
2007-09-18,12.945,13.23,12.825,12.925,26012
2007-09-19,13.12,13.24,13.03,13.105,21594
2007-09-20,13.085,13.64,13.035,13.47,39732
2007-09-21,13.5,13.8,13.435,13.62,29044
2007-09-24,13.65,13.87,13.535,13.64,23975
2007-09-25,13.59,13.64,13.325,13.62,23275
2007-09-26,13.61,13.745,13.465,13.545,22717
2007-09-27,13.52,13.73,13.48,13.645,15754
2007-09-28,13.67,14,13.625,13.92,27226
2007-10-01,13.935,13.99,13.76,13.855,16361
2007-10-02,13.85,13.86,13.18,13.45,34170
2007-10-03,13.455,13.595,13.35,13.47,18882
2007-10-04,13.43,13.53,13.15,13.5,23612
2007-10-05,13.49,13.63,13.31,13.49,22948
2007-10-08,13.52,13.545,13.325,13.36,9978
2007-10-09,13.345,13.685,13.25,13.583,22088
2007-10-10,13.61,13.79,13.585,13.668,14212
2007-10-11,13.675,14.03,13.65,13.985,23465
2007-10-12,13.865,13.995,13.795,13.903,15372
2007-10-15,13.915,14.12,13.83,13.855,22042
2007-10-16,13.88,14.09,13.6,13.658,31034
2007-10-17,13.695,13.915,13.61,13.75,25008
2007-10-18,13.735,13.9,13.695,13.803,18313
2007-10-19,13.885,13.995,13.365,13.635,35304
2007-10-22,13.64,13.67,13.325,13.555,23284
2007-10-23,13.505,13.72,13.505,13.65,14224
2007-10-24,13.66,13.685,13.45,13.59,18301
2007-10-25,13.645,14.095,13.615,13.905,31584
2007-10-26,13.955,14.32,13.95,14.28,27666
2007-10-29,14.48,14.59,14.29,14.43,29958
2007-10-30,14.57,14.645,14.195,14.328,24426
2007-10-31,14.22,14.615,14.18,14.438,24083
2007-11-01,14.55,14.605,13.98,14.325,39816
2007-11-02,14.135,14.735,14.13,14.599,31524
2007-11-05,14.705,14.88,14.46,14.785,26032
2007-11-06,14.78,15.66,14.695,15.38,47119
2007-11-07,15.645,16.275,15.25,15.325,66998
2007-11-08,15.32,15.865,14.86,15.515,50883
2007-11-09,15.17,15.695,15.07,15.545,35277
2007-11-12,15.47,15.5,14.31,14.762,47720
2007-11-13,14.465,14.94,14.4,14.61,30548
2007-11-14,14.62,15.155,14.615,15.065,30347
2007-11-15,15.035,15.155,14.34,14.482,36165
2007-11-16,14.43,14.745,14.365,14.51,27565
2007-11-19,14.52,14.67,14.1,14.16,31877
2007-11-20,14.24,14.835,14.105,14.5,40956
2007-11-21,14.74,14.825,14.325,14.42,40956
2007-11-22,14.445,14.58,14.395,14.53,27887
2007-11-23,14.54,14.905,14.395,14.735,21690
2007-11-26,14.795,15.02,14.585,14.83,43678
2007-11-27,14.715,14.8,14.3,14.485,43464
2007-11-28,14.45,14.54,14.12,14.335,43813
2007-11-29,14.605,14.705,14.32,14.445,30110
2007-11-30,14.36,14.455,13.965,14.165,29813
2007-12-03,14.155,14.395,13.96,14.21,19156
2007-12-04,14.315,14.57,14.185,14.465,20642
2007-12-05,14.51,14.58,14.28,14.46,16834
2007-12-06,14.435,14.72,14.125,14.625,26790
2007-12-07,14.65,14.705,14.395,14.505,17013
2007-12-10,14.545,14.9,14.5,14.85,21322
2007-12-11,14.76,14.975,14.58,14.865,15604
2007-12-12,14.655,14.97,14.61,14.825,19879
2007-12-13,14.75,14.85,14.1,14.237,33014
2007-12-14,14.235,14.35,13.87,13.983,28944
2007-12-17,13.975,14.12,13.74,13.98,14584
2007-12-18,13.985,14.28,13.93,14.165,17058
2007-12-19,14.175,14.29,14.09,14.222,11892
2007-12-20,14.27,14.45,14.08,14.34,18688
2007-12-21,14.37,14.58,14.32,14.488,12046
2007-12-24,14.51,14.72,14.455,14.66,4790
2007-12-26,14.7,14.9,14.56,14.835,9312
2007-12-27,14.8,14.905,14.645,14.818,13850
2007-12-28,14.82,14.99,14.73,14.895,12933
2007-12-31,14.895,15.08,14.81,14.92,10952
2008-01-02,14.91,15.415,14.91,15.29,26487
2008-01-03,15.35,15.535,15.165,15.5,26044
2008-01-04,15.455,15.57,15.24,15.462,22544
2008-01-07,15.4,15.48,15.2,15.29,19486
2008-01-08,15.27,15.85,15.255,15.815,28581
2008-01-09,15.795,16.27,15.645,15.84,36840
2008-01-10,15.78,16.355,15.415,16.275,41021
2008-01-11,16.27,16.415,16.05,16.37,25709
2008-01-14,16.385,16.715,16.25,16.425,33525
2008-01-15,16.44,16.64,15.945,16.3,36444
2008-01-16,15.985,16.25,15.77,15.895,43860
2008-01-17,15.87,16.175,15.82,16.01,25634
2008-01-18,15.92,16.42,15.715,16.215,32481
2008-01-22,16.22,16.295,15.255,16.105,52644
2008-01-23,16.135,16.25,15.765,15.97,36251
2008-01-24,16.12,16.525,16.005,16.333,32461
2008-01-25,16.49,16.68,16.36,16.49,26643
2008-01-28,16.53,16.805,16.415,16.75,22956
2008-01-29,16.765,16.905,16.57,16.8,18872
2008-01-30,16.76,16.96,16.645,16.76,19642
2008-01-31,16.86,17.09,16.735,16.995,29420
2008-02-01,16.945,17.345,16.765,16.87,39561
2008-02-04,16.87,16.975,16.445,16.78,27792
2008-02-05,16.73,16.785,16.3,16.345,28053
2008-02-06,16.38,16.695,16.23,16.55,25832
2008-02-07,16.53,16.9,16.5,16.775,28036
2008-02-08,16.84,17.26,16.785,17.11,27335
2008-02-11,17.23,17.595,17.135,17.47,34933
2008-02-12,17.5,17.65,17.16,17.25,32824
2008-02-13,17.19,17.42,16.95,17.353,31650
2008-02-14,17.31,17.52,17.15,17.255,26563
2008-02-15,17.245,17.52,16.975,17.118,36205
2008-02-19,17.095,17.6,16.965,17.508,32166
2008-02-20,17.565,17.87,17.205,17.76,40485
2008-02-21,17.83,18.075,17.785,17.95,36717
2008-02-22,17.88,18.195,17.74,18.035,32701
2008-02-25,18.055,18.185,17.88,18.085,46293
2008-02-26,18.11,18.865,17.93,18.72,63147
2008-02-27,18.795,19.49,18.79,19.21,63398
2008-02-28,19.39,19.965,19.165,19.71,47205
2008-02-29,19.855,20.055,19.455,19.915,36301
2008-03-03,19.92,20.74,19.86,20.18,44963
2008-03-04,20.435,20.68,19.635,19.84,53017
2008-03-05,19.91,20.97,19.48,20.785,52961
2008-03-06,20.93,21.325,19.905,20.225,56497
2008-03-07,20.28,20.835,19.915,20.25,37291
2008-03-10,20.26,20.495,19.28,19.785,35763
2008-03-11,19.77,20.405,19.4,19.763,39392
2008-03-12,19.74,20.28,19.45,19.995,31776
2008-03-13,20.225,20.98,20.18,20.42,33686
2008-03-14,20.655,20.975,20.32,20.655,29501
2008-03-17,20.78,21.44,19.8,20.3,44706
2008-03-18,20.25,20.51,19.55,19.96,33663
2008-03-19,19.755,20.17,18.22,18.445,65624
2008-03-20,18.405,18.43,16.725,16.85,58911
2008-03-24,17,17.275,16.815,17.11,24031
2008-03-25,17.08,18.02,16.975,17.8,33447
2008-03-26,17.995,18.495,17.69,18.383,34185
2008-03-27,18.48,18.685,17.975,18.55,28948
2008-03-28,18.47,18.59,17.67,17.94,28131
2008-03-31,17.91,18.22,17.06,17.31,35810
2008-04-01,17.26,17.42,16.33,16.89,45964
2008-04-02,16.925,17.525,16.715,17.18,29070
2008-04-03,17.36,17.595,16.95,17.48,29420
2008-04-04,17.405,17.87,17.265,17.755,21735
2008-04-07,17.785,18.285,17.73,18.12,22558
2008-04-08,18.075,18.24,17.44,17.708,26575
2008-04-09,17.71,18.425,17.4,18.2,33811
2008-04-10,18.235,18.44,17.815,18.043,31855
2008-04-11,17.98,18.165,17.47,17.69,28635
2008-04-14,17.7,17.91,17.26,17.79,24747
2008-04-15,17.775,18.07,17.65,17.85,20964
2008-04-16,17.88,18.55,17.745,18.325,32738
2008-04-17,18.355,18.77,18.17,18.305,24380
2008-04-18,18.26,18.48,17.375,17.82,36238
2008-04-21,17.895,17.975,17.265,17.36,27751
2008-04-22,17.45,17.955,17.285,17.71,30430
2008-04-23,17.635,17.85,16.97,17.165,42764
2008-04-24,17.115,17.22,16.63,16.66,39539
2008-04-25,16.735,16.9,16.39,16.85,38687
2008-04-28,16.845,17.13,16.77,17.013,34513
2008-04-29,17.14,17.14,16.53,16.64,27971
2008-04-30,16.625,16.96,16.455,16.593,28531
2008-05-01,16.92,17.12,16.055,16.205,32988
2008-05-02,16.26,16.585,16.125,16.465,19840
2008-05-05,16.47,16.89,16.465,16.83,14146
2008-05-06,16.81,17.07,16.71,16.86,19886
2008-05-07,16.92,16.98,16.53,16.695,23133
2008-05-08,16.71,17.02,16.51,16.87,18891
2008-05-09,16.945,17.135,16.53,16.91,24935
2008-05-12,16.9,17.37,16.715,17.225,23414
2008-05-13,17.215,17.325,16.57,16.828,28910
2008-05-14,16.75,16.95,16.55,16.613,21242
2008-05-15,16.6,17.04,16.555,16.685,24143
2008-05-16,16.77,17.11,16.755,16.96,21682
2008-05-19,17.07,17.295,16.87,17.028,19978
2008-05-20,17,17.755,16.96,17.725,30230
2008-05-21,17.745,18.16,17.61,18.05,27717
2008-05-22,18.09,18.24,17.775,18.025,27416
2008-05-23,18,18.34,17.885,18.29,27416
2008-05-26,18.275,18.37,18.185,18.365,20436
2008-05-27,18.275,18.375,17.43,17.465,35370
2008-05-28,17.5,17.68,17.065,17.415,29900
2008-05-29,17.485,17.6,16.51,16.515,45165
2008-05-30,16.645,16.96,16.45,16.865,20565
2008-06-02,16.88,17.045,16.61,16.91,21329
2008-06-03,16.85,16.96,16.465,16.835,27952
2008-06-04,16.835,16.95,16.61,16.94,21404
2008-06-05,16.845,17.225,16.505,17.17,34194
2008-06-06,17.2,17.585,17.12,17.43,30365
2008-06-09,17.57,17.67,17.105,17.21,25354
2008-06-10,17.16,17.21,16.51,16.635,35265
2008-06-11,16.645,16.94,16.54,16.855,22855
2008-06-12,16.9,16.925,16.25,16.485,32285
2008-06-13,16.485,16.62,16.27,16.56,19035
2008-06-16,16.575,17.47,16.4,17.232,33056
2008-06-17,17.165,17.41,16.85,17.075,26471
2008-06-18,17.06,17.49,16.985,17.34,29643
2008-06-19,17.365,17.75,17.145,17.47,33475
2008-06-20,17.37,17.645,17.305,17.397,22506
2008-06-23,17.39,17.52,16.525,16.79,45259
2008-06-24,16.775,16.95,16.6,16.633,36597
2008-06-25,16.685,16.82,16.46,16.503,36600
2008-06-26,16.75,17.44,16.69,17.125,47394
2008-06-27,17.27,17.76,17.215,17.71,36116
2008-06-30,17.67,17.98,17.29,17.51,23770
2008-07-01,17.505,18.31,17.46,18.29,36090
2008-07-02,18.185,18.49,17.98,18.425,27606
2008-07-03,18.445,18.585,18.07,18.37,27606
2008-07-04,18.36,18.36,18.07,18.2,28224
2008-07-07,18.22,18.23,17.625,17.92,31270
2008-07-08,17.86,18.045,17.55,17.955,26363
2008-07-09,17.89,18.235,17.815,18.175,21969
2008-07-10,18.2,18.425,18.13,18.32,26724
2008-07-11,18.37,18.98,18.325,18.82,28756
2008-07-14,18.945,19.31,18.585,19.25,31901
2008-07-15,19.17,19.55,18.61,19.013,44691
2008-07-16,18.995,19,18.675,18.805,33760
2008-07-17,18.815,19.215,18.39,18.735,36846
2008-07-18,18.575,18.69,18.105,18.2,27476
2008-07-21,18.215,18.535,18.2,18.425,16893
2008-07-22,18.5,18.76,17.895,18.005,35049
2008-07-23,17.985,18.055,17.32,17.458,36805
2008-07-24,17.425,17.67,17.13,17.298,27217
2008-07-25,17.47,17.68,17.045,17.375,24439
2008-07-28,17.445,17.58,17.27,17.465,15582
2008-07-29,17.575,17.66,17.08,17.375,24162
2008-07-30,17.405,17.635,16.845,17.465,35334
2008-07-31,17.555,17.95,17.425,17.79,32377
2008-08-01,17.77,17.805,17.28,17.52,25396
2008-08-04,17.54,17.65,16.905,17.14,24122
2008-08-05,16.955,17.03,16.425,16.572,37987
2008-08-06,16.45,16.77,16.425,16.505,27242
2008-08-07,16.555,16.695,16.02,16.257,32062
2008-08-08,16.205,16.24,15.24,15.33,40699
2008-08-11,15.315,15.435,14.535,14.62,39586
2008-08-12,14.635,14.825,14.01,14.485,43962
2008-08-13,14.51,14.93,14.35,14.845,39267
2008-08-14,14.89,15.1,14.1,14.23,41941
2008-08-15,14.17,14.19,12.2,12.815,60562
2008-08-18,12.915,13.335,12.88,13.1,27883
2008-08-19,13.05,13.335,12.4,13.105,31824
2008-08-20,13.245,13.4,12.79,13.04,30683
2008-08-21,13.26,13.875,13.185,13.727,30396
2008-08-22,13.86,13.935,13.29,13.477,26188
2008-08-25,13.36,13.56,13.1,13.37,23753
2008-08-26,13.47,13.725,12.96,13.575,41483
2008-08-27,13.57,13.85,13.4,13.47,33676
2008-08-28,13.6,14.13,13.56,13.705,34664
2008-08-29,13.775,13.99,13.63,13.707,14555
2008-09-02,13.875,13.9,12.55,13.145,38941
2008-09-03,13.14,13.225,12.63,12.947,23306
2008-09-04,12.97,13.265,12.7,12.94,23440
2008-09-05,12.9,13.19,12.12,12.325,39897
2008-09-08,12.525,12.795,11.94,12.065,29708
2008-09-09,12.175,12.255,11.31,11.715,37973
2008-09-10,11.37,11.67,10.7,10.89,44855
2008-09-11,10.735,11.035,10.31,10.555,39561
2008-09-12,10.66,10.99,10.585,10.795,27970
2008-09-15,11.03,11.25,10.42,11.135,31326
2008-09-16,11.19,11.235,10.44,10.517,35735
2008-09-17,10.52,12.17,10.435,11.675,60032
2008-09-18,12.13,13.065,11.725,12.7,54578
2008-09-19,12.025,12.735,11.81,12.475,30820
2008-09-22,12.645,13.675,12.54,13.45,32367
2008-09-23,13.54,13.75,13.05,13.17,33819
2008-09-24,13.35,13.73,13.135,13.44,25025
2008-09-25,13.315,13.88,13.1,13.275,32524
2008-09-26,13.31,13.74,13.115,13.503,20494
2008-09-29,13.3,13.46,12.72,13.025,27502
2008-09-30,13.215,13.285,11.8,12.275,29107
2008-10-01,12.135,13.08,12.045,12.77,24843
2008-10-02,12.66,12.66,10.855,11.12,34395
2008-10-03,10.91,11.79,10.84,11.325,30179
2008-10-06,11.155,11.555,10.925,11.285,24667
2008-10-07,11.11,11.9,11.005,11.38,23272
2008-10-08,11.585,12.13,11.445,11.772,22844
2008-10-09,11.8,12.195,11.52,11.875,14140
2008-10-10,12.135,12.355,9.4,10.6,40892
2008-10-13,10.27,10.91,10.07,10.79,21630
2008-10-14,10.765,11.195,10.71,11.06,17579
2008-10-15,11.045,11.13,10.035,10.18,24071
2008-10-16,10.33,10.365,9.25,9.635,27988
2008-10-17,9.72,9.93,9.09,9.335,24667
2008-10-20,9.35,9.915,9.35,9.69,22206
2008-10-21,9.775,10.18,9.525,10.075,25348
2008-10-22,10.08,10.17,9.355,9.46,22645
2008-10-23,9.54,9.89,9.165,9.5,23344
2008-10-24,9.69,9.8,8.65,9.295,23631
2008-10-27,9.355,9.545,8.72,9.195,15729
2008-10-28,9.025,9.295,8.4,8.79,22933
2008-10-29,9.19,10.175,9.01,9.805,27236
2008-10-30,9.91,10.645,9.565,9.785,20115
2008-10-31,9.71,9.965,9.2,9.73,17765
2008-11-03,9.84,10.26,9.6,9.75,13757
2008-11-04,9.77,10.54,9.7,10.13,23676
2008-11-05,10.26,10.6,10.035,10.455,24933
2008-11-06,10.27,10.8,9.85,10.055,24180
2008-11-07,9.995,10.295,9.905,9.963,17531
2008-11-10,10.065,10.535,10.055,10.22,22872
2008-11-11,10.185,10.225,9.53,9.805,19420
2008-11-12,9.755,9.87,9.25,9.48,20637
2008-11-13,9.295,9.51,8.77,8.8,27006
2008-11-14,9.42,9.7,9.185,9.49,20097
2008-11-17,9.42,9.665,9.21,9.33,18637
2008-11-18,9.62,9.74,9.115,9.55,26331
2008-11-19,9.62,9.85,9.205,9.31,26947
2008-11-20,9.26,9.455,8.805,9.025,26967
2008-11-21,8.96,9.66,8.9,9.48,26106
2008-11-24,9.635,10.68,9.46,10.355,32865
2008-11-25,10.575,10.575,10.03,10.27,31997
2008-11-26,10.26,10.455,10.15,10.22,31997
2008-11-28,10.37,10.39,10.12,10.23,7771
2008-12-01,10.315,10.32,9.175,9.38,21139
2008-12-02,9.22,9.75,9.13,9.615,15328
2008-12-03,9.65,9.75,9.295,9.59,13148
2008-12-04,9.655,9.72,9.34,9.52,16468
2008-12-05,9.5,9.56,9.125,9.43,15836
2008-12-08,9.5,10.4,9.48,9.975,23655
2008-12-09,10,10.09,9.665,9.85,12815
2008-12-10,9.845,10.28,9.815,10.2,15211
2008-12-11,10.22,10.54,10.13,10.425,11958
2008-12-12,10.33,10.41,10,10.23,13863
2008-12-15,10.295,10.73,10.255,10.62,16392
2008-12-16,10.67,11.34,10.46,10.705,17261
2008-12-17,11.26,11.615,10.835,11.42,23153
2008-12-18,11.35,11.48,10.93,11.12,15677
2008-12-19,10.975,11.025,10.545,10.85,11106
2008-12-22,10.885,11.09,10.75,10.86,6874
2008-12-23,10.87,10.87,10.105,10.26,11367
2008-12-24,10.27,10.45,10.225,10.35,4038
2008-12-26,10.3,10.745,10.3,10.53,3135
2008-12-29,10.73,11.275,10.71,10.81,12180
2008-12-30,10.87,11.145,10.65,10.98,9929
2008-12-31,10.995,11.425,10.765,11.295,7543
2009-01-02,11.405,11.6,11.015,11.49,11815
2009-01-05,11.585,11.77,10.57,11.27,20382
2009-01-06,11.24,11.55,10.79,11.445,18867
2009-01-07,11.48,11.605,10.88,11.105,21580
2009-01-08,11.06,11.35,10.795,11.097,19092
2009-01-09,11.145,11.63,10.965,11.32,19070
2009-01-12,11.27,11.3,10.54,10.75,18218
2009-01-13,10.66,10.845,10.415,10.68,17691
2009-01-14,10.735,10.89,10.335,10.475,18479
2009-01-15,10.53,10.675,10.32,10.44,15781
2009-01-16,10.575,11.305,10.575,11.215,21756
2009-01-19,11.3,11.405,10.92,11.175,18683
2009-01-20,11.345,11.345,11.158,11.158,18
2009-01-21,11.185,11.505,11.04,11.325,16993
2009-01-22,11.31,11.485,11.205,11.365,13770
2009-01-23,11.39,12.075,11.26,11.94,28266
2009-01-26,11.945,12.285,11.825,12.11,17641
2009-01-27,12.025,12.22,11.855,12.175,18382
2009-01-28,12.06,12.165,11.815,11.963,14880
2009-01-29,11.955,12.45,11.635,12.145,19931
2009-01-30,12.34,12.66,12.215,12.565,24039
2009-02-02,12.61,12.655,12.175,12.415,15614
2009-02-03,12.4,12.47,12.135,12.3,17920
2009-02-04,12.425,12.59,12.305,12.47,13007
2009-02-05,12.495,12.92,12.27,12.75,20055
2009-02-06,12.865,13.18,12.74,13.16,18271
2009-02-09,13.115,13.115,12.785,12.83,16897
2009-02-10,12.805,13.215,12.725,13.13,21212
2009-02-11,13.12,13.67,13.07,13.52,25762
2009-02-12,13.5,13.72,13.29,13.51,19882
2009-02-13,13.45,13.685,13.22,13.625,17782
2009-02-16,13.55,14.2,13.48,14.01,26478
2009-02-17,13.85,14.15,13.85,14.008,27
2009-02-18,14.08,14.37,13.98,14.29,23493
2009-02-19,14.315,14.37,13.85,13.935,27616
2009-02-20,13.98,14.58,13.965,14.49,20617
2009-02-23,14.38,14.6,14.06,14.45,28651
2009-02-24,14.385,14.575,13.68,13.995,51130
2009-02-25,13.735,14.12,13.54,13.875,42095
2009-02-26,13.725,13.745,12.935,12.975,42091
2009-02-27,13.125,13.37,12.825,13.11,21327
2009-03-02,13.1,13.375,12.7,13.07,21988
2009-03-03,12.91,12.95,12.43,12.715,18579
2009-03-04,12.8,13.15,12.68,12.915,17820
2009-03-05,12.945,13.31,12.89,13.12,13954
2009-03-06,13.26,13.52,13.215,13.333,16130
2009-03-09,13.335,13.385,12.76,12.94,17704
2009-03-10,12.95,12.99,12.465,12.54,17848
2009-03-11,12.58,12.875,12.51,12.8,12074
2009-03-12,12.785,13.08,12.64,12.943,14883
2009-03-13,12.96,13.285,12.885,13.215,12951
2009-03-16,13.2,13.2,12.77,12.89,12105
2009-03-17,12.925,12.99,12.63,12.67,12502
2009-03-18,12.705,13,11.89,11.935,32489
2009-03-19,12.87,13.685,12.64,13.52,28752
2009-03-20,13.575,13.86,13.41,13.84,17176
2009-03-23,13.74,13.885,13.615,13.875,13167
2009-03-24,13.655,13.74,13.26,13.357,17735
2009-03-25,13.44,13.615,12.955,13.437,19503
2009-03-26,13.475,13.745,13.4,13.62,12543
2009-03-27,13.48,13.575,13.075,13.263,14444
2009-03-30,13.27,13.35,12.915,13.033,15893
2009-03-31,13.03,13.26,12.57,12.985,23949
2009-04-01,12.96,13.17,12.825,12.975,14021
2009-04-02,13.02,13.155,12.56,13.025,21641
2009-04-03,12.94,12.995,12.65,12.735,14179
2009-04-06,12.8,12.8,12.075,12.11,19711
2009-04-07,12.1,12.335,12.02,12.21,17064
2009-04-08,12.255,12.47,12.15,12.34,19113
2009-04-09,12.25,12.395,12.11,12.33,15888
2009-04-13,12.365,12.87,12.35,12.768,15548
2009-04-14,12.715,12.795,12.55,12.765,14109
2009-04-15,12.73,12.92,12.645,12.8,10891
2009-04-16,12.75,12.8,12.125,12.255,21258
2009-04-17,12.235,12.25,11.775,11.79,20487
2009-04-20,11.855,12.165,11.725,12.105,16802
2009-04-21,12.055,12.235,11.865,12.06,17049
2009-04-22,12.165,12.33,11.99,12.305,19989
2009-04-23,12.28,12.86,12.28,12.755,25462
2009-04-24,12.755,12.94,12.65,12.92,27839
2009-04-27,12.895,13.24,12.775,12.955,23555
2009-04-28,12.87,12.95,12.33,12.4,26669
2009-04-29,12.47,12.83,12.405,12.775,24344
2009-04-30,12.8,12.82,12.185,12.325,18512
2009-05-01,12.37,12.62,12.025,12.5,13502
2009-05-04,12.5,13.155,12.44,13.113,17325
2009-05-05,13.05,13.615,12.995,13.42,23413
2009-05-06,13.305,13.835,13.27,13.71,21149
2009-05-07,13.74,14.15,13.67,14.03,23378
2009-05-08,13.84,14.065,13.78,13.955,16079
2009-05-11,14.01,14.035,13.68,13.91,11784
2009-05-12,13.935,14.34,13.84,14.215,17814
2009-05-13,14.215,14.37,13.88,14.02,16950
2009-05-14,13.99,14.09,13.71,14.04,13500
2009-05-15,14.045,14.19,13.86,14.01,14608
2009-05-18,13.98,14.08,13.63,13.83,15272
2009-05-19,13.74,14.295,13.73,14.125,15351
2009-05-20,14.2,14.39,14.1,14.28,18121
2009-05-21,14.26,14.57,14.09,14.445,17788
2009-05-22,14.55,14.86,14.43,14.695,20458
2009-05-25,14.72,14.78,14.31,14.6,19794
2009-05-26,14.69,14.705,14.41,14.588,26
2009-05-27,14.625,15.02,14.39,14.865,23999
2009-05-28,15.04,15.275,14.65,15.16,23760
2009-05-29,15.18,15.795,15.145,15.61,28772
2009-06-01,15.765,15.97,15.54,15.735,24203
2009-06-02,15.625,16.02,15.45,15.955,31356
2009-06-03,15.96,16.25,15.255,15.31,37600
2009-06-04,15.345,15.945,15.065,15.895,33885
2009-06-05,15.925,15.98,15.16,15.388,38224
2009-06-08,15.25,15.46,14.735,14.955,30030
2009-06-09,14.915,15.345,14.75,15.14,26100
2009-06-10,15.235,15.5,15.025,15.225,30774
2009-06-11,15.17,15.54,14.925,15.493,35827
2009-06-12,15.405,15.435,14.78,14.875,29163
2009-06-15,14.85,14.875,14.03,14.03,31035
2009-06-16,14.05,14.405,14.05,14.13,20392
2009-06-17,14.18,14.355,13.93,14.28,31194
2009-06-18,14.34,14.4,14.13,14.24,18747
2009-06-19,14.205,14.37,14.12,14.2,21656
2009-06-22,13.8,14.19,13.68,13.705,33835
2009-06-23,13.72,13.88,13.595,13.845,29289
2009-06-24,13.83,14.105,13.775,13.91,40300
2009-06-25,13.83,14.05,13.795,14.005,25339
2009-06-26,14.015,14.315,14.005,14.128,29822
2009-06-29,14.1,14.13,13.84,13.975,17701
2009-06-30,13.6,14.15,13.455,13.6,24016
2009-07-01,13.61,13.87,13.59,13.76,20298
2009-07-02,13.765,13.8,13.29,13.408,18492
2009-07-03,13.425,13.45,12.995,13.238,20419
2009-07-06,13.415,13.415,13.01,13.227,601
2009-07-07,13.25,13.37,13.075,13.22,15365
2009-07-08,13.1,13.15,12.74,12.852,23560
2009-07-09,12.855,12.975,12.76,12.935,18593
2009-07-10,12.83,12.9,12.51,12.645,21728
2009-07-13,12.66,12.845,12.435,12.785,19833
2009-07-14,12.83,12.995,12.785,12.855,16618
2009-07-15,12.905,13.38,12.88,13.208,24922
2009-07-16,13.29,13.325,13.135,13.235,14234
2009-07-17,13.3,13.47,13.07,13.403,15354
2009-07-20,13.405,13.75,13.37,13.625,18297
2009-07-21,13.635,13.695,13.45,13.478,14711
2009-07-22,13.65,13.745,13.34,13.7,18149
2009-07-23,13.735,13.86,13.61,13.77,16863
2009-07-24,13.71,13.9,13.655,13.875,13073
2009-07-27,13.89,14.09,13.745,13.99,16174
2009-07-28,14.02,14.095,13.58,13.74,22286
2009-07-29,13.695,13.74,13.165,13.258,23904
2009-07-30,13.285,13.58,13.26,13.485,17171
2009-07-31,13.475,13.97,13.37,13.94,25625
2009-08-03,13.9,14.465,13.885,14.252,27243
2009-08-04,14.252,14.765,14.025,14.695,29454
2009-08-05,14.645,14.85,14.545,14.76,21438
2009-08-06,14.68,15.035,14.41,14.645,42404
2009-08-07,14.56,14.89,14.49,14.668,31763
2009-08-10,14.56,14.695,14.275,14.355,26197
2009-08-11,14.35,14.48,14.235,14.345,19871
2009-08-12,14.315,14.605,14.125,14.585,31201
2009-08-13,14.55,15.145,14.505,14.987,30942
2009-08-14,15.04,15.185,14.585,14.722,25866
2009-08-17,14.73,14.73,13.82,13.975,38980
2009-08-18,13.99,14.2,13.83,13.96,21457
2009-08-19,14.005,14.15,13.495,13.875,39622
2009-08-20,13.815,14.07,13.79,13.88,21189
2009-08-21,13.915,14.29,13.71,14.164,22566
2009-08-24,14.2,14.47,14.05,14.195,25600
2009-08-25,14.32,14.425,14.06,14.31,29637
2009-08-26,14.295,14.47,14.165,14.255,32197
2009-08-27,14.34,14.35,14.045,14.22,25979
2009-08-28,14.225,14.9,14.225,14.815,32958
2009-08-31,14.775,14.95,14.55,14.923,18430
2009-09-01,14.905,15.145,14.655,15.06,28278
2009-09-02,15.035,15.49,14.865,15.365,31790
2009-09-03,15.41,16.31,15.36,16.29,37433
2009-09-04,16.18,16.405,15.85,16.285,30638
2009-09-07,16.375,16.86,16.165,16.51,34136
2009-09-08,16.225,16.79,16.17,16.488,159
2009-09-09,16.485,16.75,16.255,16.47,30913
2009-09-10,16.355,16.73,16.06,16.67,30047
2009-09-11,16.71,17.015,16.645,16.7,26024
2009-09-14,16.785,16.845,16.32,16.623,21030
2009-09-15,16.57,17.08,16.44,17,25508
2009-09-16,17.045,17.58,17.035,17.43,28900
2009-09-17,17.425,17.69,17.21,17.265,29453
2009-09-18,17.29,17.4,16.92,17.065,27340
2009-09-21,16.95,16.985,16.525,16.88,27340
2009-09-22,16.865,17.345,16.83,17.115,23021
2009-09-23,17.155,17.29,16.72,16.91,28771
2009-09-24,16.8,17.045,16.185,16.295,39621
2009-09-25,16.27,16.41,15.955,16.06,33585
2009-09-28,16.115,16.325,15.76,16.195,20118
2009-09-29,16.22,16.32,16.01,16.178,22163
2009-09-30,16.17,16.715,16.17,16.658,32091
2009-10-01,16.665,16.785,16.34,16.44,28648
2009-10-02,16.36,16.495,15.92,16.23,31802
2009-10-05,16.2,16.685,16.035,16.535,22286
2009-10-06,16.67,17.44,16.625,17.295,40914
2009-10-07,17.375,17.63,17.31,17.5,29814
2009-10-08,17.65,17.955,17.53,17.815,37248
2009-10-09,17.815,17.835,17.555,17.69,25825
2009-10-12,17.735,17.99,17.71,17.82,16728
2009-10-13,17.76,18.075,17.565,17.84,36034
2009-10-14,17.82,18.175,17.72,17.908,27553
2009-10-15,17.915,18,17.32,17.415,37584
2009-10-16,17.38,17.58,17.21,17.42,27819
2009-10-19,17.485,17.875,17.27,17.625,20767
2009-10-20,17.86,17.955,17.42,17.558,25845
2009-10-21,17.52,17.835,17.3,17.825,28959
2009-10-22,17.72,17.83,17.365,17.545,30193
2009-10-23,17.7,17.97,17.45,17.723,38589
2009-10-26,17.71,17.8,17.01,17.095,43378
2009-10-27,17.07,17.25,16.5,16.54,51965
2009-10-28,16.71,16.77,16.12,16.24,45647
2009-10-29,16.135,16.71,16.12,16.655,38031
2009-10-30,16.69,16.745,16.15,16.255,35587
2009-11-02,16.285,16.735,16.275,16.44,35091
2009-11-03,16.475,17.35,16.245,17.18,53211
2009-11-04,17.23,17.635,17.105,17.405,42630
2009-11-05,17.46,17.53,17.22,17.41,28330
2009-11-06,17.41,17.63,17.27,17.375,37178
2009-11-09,17.445,17.78,17.425,17.48,30100
2009-11-10,17.585,17.65,17.16,17.222,41347
2009-11-11,17.345,17.725,17.33,17.537,38849
2009-11-12,17.585,17.78,17.19,17.265,36598
2009-11-13,17.215,17.46,17.025,17.38,35470
2009-11-16,17.49,18.45,17.475,18.4,54538
2009-11-17,18.4,18.435,18.085,18.387,50505
2009-11-18,18.425,18.855,18.325,18.415,51970
2009-11-19,18.575,18.64,18.15,18.455,37123
2009-11-20,18.545,18.595,18.035,18.44,44234
2009-11-23,18.525,18.935,18.525,18.61,51498
2009-11-24,18.585,18.68,18.33,18.455,57098
2009-11-25,18.52,18.86,18.52,18.768,47052
2009-11-26,18.69,18.95,17.72,18.335,49534
2009-11-27,18.675,18.9,17.7,18.302,29244
2009-11-30,18.355,18.545,18.135,18.525,26385
2009-12-01,18.505,19.3,18.42,19.21,35649
2009-12-02,19.14,19.47,19.1,19.325,38968
2009-12-03,19.235,19.5,18.835,19.128,41226
2009-12-04,18.91,18.99,18.3,18.52,48730
2009-12-07,18.48,18.585,17.895,18.36,44106
2009-12-08,18.225,18.385,17.56,17.807,34820
2009-12-09,17.66,17.91,17.135,17.18,43954
2009-12-10,17.44,17.575,17.155,17.188,27357
2009-12-11,17.42,17.64,16.9,17.09,36132
2009-12-14,17.14,17.455,17.095,17.34,21857
2009-12-15,17.425,17.515,17.135,17.455,24883
2009-12-16,17.45,17.81,17.35,17.693,24286
2009-12-17,17.77,17.805,17.1,17.195,32371
2009-12-18,17.18,17.39,17.105,17.32,25628
2009-12-21,17.3,17.525,16.98,17.035,23684
2009-12-22,17.05,17.19,16.78,17.03,30559
2009-12-23,16.995,17.245,16.87,17.19,16188
2009-12-24,17.16,17.545,17.145,17.44,8657
2009-12-28,17.55,17.69,17.455,17.56,13090
2009-12-29,17.54,17.545,17.08,17.11,18305
2009-12-30,17.105,17.175,16.765,16.802,21435
2009-12-31,16.81,17.105,16.78,16.845,11188
2010-01-04,16.94,17.6,16.85,17.463,31033
2010-01-05,17.595,17.885,17.51,17.8,33066
2010-01-06,17.765,18.245,17.755,18.175,35556
2010-01-07,18.205,18.42,18.055,18.345,27484
2010-01-08,18.275,18.525,18.055,18.47,35476
2010-01-11,18.51,18.925,18.495,18.695,31146
2010-01-12,18.56,18.81,18.16,18.255,35423
2010-01-13,18.27,18.675,18.2,18.55,31945
2010-01-14,18.615,18.74,18.455,18.655,24813
2010-01-15,18.68,18.69,18.4,18.427,22837
2010-01-18,18.41,18.88,18.4,18.8,35857
2010-01-19,18.784,18.784,18.48,18.784,136
2010-01-20,18.79,18.87,17.805,17.88,53618
2010-01-21,17.91,18.065,17.34,17.51,50924
2010-01-22,17.455,17.52,16.88,16.932,46913
2010-01-25,17.05,17.275,16.99,17.145,27773
2010-01-26,17.155,17.27,16.34,16.86,46809
2010-01-27,16.8,16.965,16.425,16.44,33157
2010-01-28,16.59,16.755,16.015,16.212,45229
2010-01-29,16.26,16.375,16.02,16.19,34638
2010-02-01,16.17,16.715,16.105,16.66,32608
2010-02-02,16.695,16.81,16.555,16.743,30476
2010-02-03,16.74,16.95,16.28,16.317,39504
2010-02-04,16.4,16.415,15.19,15.35,66055
2010-02-05,15.305,15.38,14.65,14.83,58180
2010-02-08,15.16,15.32,14.95,15.085,34599
2010-02-09,15.025,15.595,15.015,15.435,45762
2010-02-10,15.475,15.645,15.075,15.3,42715
2010-02-11,15.2,15.73,15.175,15.59,40994
2010-02-12,15.65,15.74,15.21,15.447,31992
2010-02-15,15.57,16.215,15.45,16.148,45058
2010-02-16,16.15,16.15,16.15,16.15,48
2010-02-17,16.155,16.33,15.825,16.098,45143
2010-02-18,15.91,16.265,15.675,16.06,40466
2010-02-19,15.85,16.51,15.76,16.413,37014
2010-02-22,16.37,16.565,16.135,16.222,36756
2010-02-23,16.22,16.425,15.785,15.888,45113
2010-02-24,15.85,16,15.62,15.94,45350
2010-02-25,15.955,16.175,15.63,16.132,46680
2010-02-26,16.145,16.55,16.045,16.521,30203
2010-03-01,16.525,16.77,16.43,16.469,25616
2010-03-02,16.475,17.105,16.33,17.064,34385
2010-03-03,16.955,17.37,16.885,17.329,31912
2010-03-04,17.195,17.395,17.055,17.176,29640
2010-03-05,17.135,17.515,17.135,17.382,25922
2010-03-08,17.39,17.53,17.125,17.272,27339
2010-03-09,17.25,17.42,16.875,17.338,33935
2010-03-10,17.28,17.665,16.94,17.018,43769
2010-03-11,17.02,17.195,16.835,17.16,29549
2010-03-12,17.21,17.35,16.96,17.048,27985
2010-03-15,17.065,17.18,16.965,17.108,18346
2010-03-16,17.13,17.495,17.13,17.354,26919
2010-03-17,17.45,17.6,17.365,17.523,24405
2010-03-18,17.52,17.56,17.325,17.422,24390
2010-03-19,17.41,17.42,16.965,17.032,34994
2010-03-22,17.01,17.01,16.62,16.935,31756
2010-03-23,17,17.15,16.735,17.027,28490
2010-03-24,17.015,17.045,16.55,16.641,27078
2010-03-25,16.575,16.86,16.555,16.741,27021
2010-03-26,16.63,16.99,16.565,16.906,29725
2010-03-29,16.98,17.44,16.935,17.387,31982
2010-03-30,17.385,17.48,17.235,17.33,19991
2010-03-31,17.305,17.645,17.255,17.526,31007
2010-04-01,17.505,18,17.475,17.89,30609
2010-04-05,17.845,18.145,17.81,18.118,22220
2010-04-06,18.095,18.105,17.845,17.931,28989
2010-04-07,17.93,18.26,17.92,18.199,32374
2010-04-08,18.18,18.215,17.925,18.127,31800
2010-04-09,18.1,18.445,18.05,18.351,33258
2010-04-12,18.48,18.605,18.155,18.414,31764
2010-04-13,18.225,18.32,17.955,18.249,44253
2010-04-14,18.24,18.505,18.21,18.415,33780
2010-04-15,18.445,18.54,18.225,18.433,26246
2010-04-16,18.415,18.44,17.61,17.675,51294
2010-04-19,17.695,17.775,17.49,17.731,31867
2010-04-20,17.77,18.04,17.725,17.821,37589
2010-04-21,17.86,18.14,17.71,18.078,34180
2010-04-22,18.09,18.17,17.765,18.009,37586
2010-04-23,17.995,18.35,17.845,18.192,37661
2010-04-26,18.35,18.42,18.235,18.337,37327
2010-04-27,18.31,18.415,18.06,18.119,40919
2010-04-28,18.185,18.25,17.82,18.107,44456
2010-04-29,18.13,18.6,18.085,18.579,37867
2010-04-30,18.505,18.79,18.48,18.639,31088
2010-05-03,18.685,18.89,18.53,18.84,22953
2010-05-04,18.84,18.85,17.81,17.842,52694
2010-05-05,17.865,17.895,17.08,17.534,61742
2010-05-06,17.515,17.775,17.26,17.515,51535
2010-05-07,17.585,18.69,17.475,18.451,55541
2010-05-10,18.575,18.68,18.215,18.552,31061
2010-05-11,18.51,19.425,18.405,19.294,55595
2010-05-12,19.36,19.735,19.11,19.663,41778
2010-05-13,19.53,19.845,19.345,19.499,41261
2010-05-14,19.47,19.735,18.975,19.225,45516
2010-05-17,19.33,19.445,18.735,18.859,35218
2010-05-18,18.895,19.145,18.65,18.879,36319
2010-05-19,19.01,19.01,17.92,18.115,55949
2010-05-20,18.205,18.33,17.485,17.715,50571
2010-05-21,17.63,17.895,17.41,17.651,38170
2010-05-24,17.655,18.08,17.65,18,25801
2010-05-25,17.915,17.99,17.53,17.781,34394
2010-05-26,17.98,18.41,17.93,18.306,36084
2010-05-27,18.06,18.58,18.01,18.468,27464
2010-05-28,18.52,18.645,18.24,18.422,25591
2010-05-31,18.41,18.735,18.265,18.551,30096
2010-06-01,18.54,18.63,18.45,18.54,18
2010-06-02,18.44,18.51,18.09,18.315,26784
2010-06-03,18.365,18.475,17.825,17.931,28001
2010-06-04,17.965,18.035,17.285,17.299,41852
2010-06-07,17.46,18.295,17.195,18.162,47701
2010-06-08,18.15,18.49,18.085,18.477,36706
2010-06-09,18.325,18.375,18.095,18.189,32719
2010-06-10,18.13,18.445,17.905,18.351,32650
2010-06-11,18.25,18.535,18.07,18.231,34038
2010-06-14,18.25,18.57,18.2,18.411,22851
2010-06-15,18.23,18.685,18.22,18.578,23705
2010-06-16,18.585,18.66,18.38,18.441,25177
2010-06-17,18.45,18.88,18.315,18.776,32131
2010-06-18,18.74,19.275,18.685,19.184,38721
2010-06-21,19.2,19.46,18.65,18.808,42481
2010-06-22,18.715,18.985,18.59,18.902,33172
2010-06-23,18.805,18.96,18.31,18.459,41028
2010-06-24,18.5,18.81,18.17,18.736,45429
2010-06-25,18.67,19.13,18.59,19.11,45714
2010-06-28,19.085,19.23,18.625,18.678,30687
2010-06-29,18.77,18.82,18.41,18.635,35288
2010-06-30,18.53,18.82,18.475,18.708,24481
2010-07-01,18.65,18.69,17.735,17.79,45720
2010-07-02,17.815,18.115,17.635,17.719,33377
2010-07-05,17.87,18.035,17.615,17.857,27525
2010-07-06,17.855,18,17.6,17.833,225
2010-07-07,17.83,18.11,17.565,18,26306
2010-07-08,18.065,18.2,17.725,17.872,22154
2010-07-09,17.955,18.235,17.83,18.073,17328
2010-07-12,18.11,18.155,17.775,17.917,18043
2010-07-13,17.94,18.355,17.87,18.257,20222
2010-07-14,18.28,18.49,18.115,18.29,24718
2010-07-15,18.32,18.535,18.17,18.362,24741
2010-07-16,18.355,18.39,17.73,17.788,30802
2010-07-19,17.84,17.92,17.44,17.543,30019
2010-07-20,17.615,17.78,17.45,17.693,24619
2010-07-21,17.685,17.9,17.575,17.803,23881
2010-07-22,17.66,18.2,17.635,18.12,31290
2010-07-23,18.135,18.28,18.06,18.101,26282
2010-07-26,18.1,18.27,17.975,18.2,19837
2010-07-27,18.17,18.235,17.58,17.626,37010
2010-07-28,17.64,17.74,17.325,17.441,34905
2010-07-29,17.5,17.695,17.48,17.617,23989
2010-07-30,17.635,18.125,17.53,18.003,34221
2010-08-02,18,18.575,17.975,18.419,38011
2010-08-03,18.38,18.61,18.315,18.422,24150
2010-08-04,18.4,18.7,18.225,18.278,27647
2010-08-05,18.321,18.48,18.185,18.321,21242
2010-08-06,18.34,18.585,18.29,18.472,24813
2010-08-09,18.5,18.575,18.22,18.242,18543
2010-08-10,18.325,18.475,17.96,18.158,33311
2010-08-11,18.3,18.355,17.795,17.902,32136
2010-08-12,17.885,18.105,17.85,18.065,27839
2010-08-13,18.07,18.18,17.96,18.109,18890
2010-08-16,18.12,18.49,18.1,18.427,23039
2010-08-17,18.405,18.62,18.35,18.595,26460
2010-08-18,18.505,18.575,18.165,18.399,51177
2010-08-19,18.365,18.59,18.22,18.327,32379
2010-08-20,18.295,18.34,17.845,17.991,37446
2010-08-23,18.01,18.07,17.89,17.992,26869
2010-08-24,17.98,18.48,17.735,18.378,55708
2010-08-25,18.365,19.04,18.345,19.026,51461
2010-08-26,18.955,19.165,18.9,18.982,40531
2010-08-27,18.965,19.34,18.9,19.039,36100
2010-08-30,19.1,19.275,19.02,19.074,17580
2010-08-31,19.075,19.445,18.86,19.432,28852
2010-09-01,19.405,19.535,19.32,19.393,25459
2010-09-02,19.365,19.74,19.345,19.672,26868
2010-09-03,19.705,19.985,19.505,19.949,32087
2010-09-06,19.94,20.045,19.585,19.914,35393
2010-09-07,19.883,20,19.585,19.883,352
2010-09-08,19.835,20.18,19.82,20.009,30910
2010-09-09,19.945,20.095,19.68,19.855,33336
2010-09-10,19.75,20.065,19.7,19.845,28593
2010-09-13,19.895,20.27,19.82,20.151,27797
2010-09-14,20.07,20.55,20.03,20.432,38527
2010-09-15,20.5,20.65,20.34,20.571,29634
2010-09-16,20.61,20.845,20.475,20.771,29055
2010-09-17,20.81,21.025,20.62,20.816,33742
2010-09-20,20.78,21,20.72,20.803,23172
2010-09-21,20.77,21.11,20.515,20.64,36197
2010-09-22,21.025,21.2,20.93,21.055,37238
2010-09-23,21.165,21.265,20.885,21.213,31604
2010-09-24,21.15,21.49,21.12,21.399,31422
2010-09-27,21.46,21.645,21.365,21.471,26919
2010-09-28,21.46,21.8,21.06,21.707,52370
2010-09-29,21.775,22.075,21.71,21.952,39296
2010-09-30,21.895,22.125,21.565,21.821,51243
2010-10-01,21.77,22.17,21.725,22.06,38171
2010-10-04,22.125,22.235,21.88,22.036,27334
2010-10-05,21.91,22.92,21.81,22.737,55849
2010-10-06,22.865,23.2,22.76,23.043,47916
2010-10-07,23.185,23.53,22.475,22.584,85434
2010-10-08,22.52,23.325,22.35,23.105,67185
2010-10-11,23.41,23.675,23.055,23.349,39724
2010-10-12,23.29,23.495,22.945,23.147,49055
2010-10-13,23.315,24.13,23.275,23.932,57540
2010-10-14,24.06,24.95,23.995,24.435,75396
2010-10-15,24.65,24.855,24.075,24.288,68861
2010-10-18,24.305,24.515,23.715,24.413,54893
2010-10-19,24.39,24.505,23.27,23.78,78074
2010-10-20,23.385,23.975,23.29,23.864,53355
2010-10-21,23.925,24.075,23.03,23.139,76229
2010-10-22,23.185,23.395,22.84,23.118,49833
2010-10-25,23.3,23.855,23.3,23.544,44473
2010-10-26,23.65,23.95,23.165,23.83,64287
2010-10-27,23.865,24.295,23.35,23.404,59352
2010-10-28,23.585,24.04,23.5,23.875,51739
2010-10-29,24.03,24.75,23.755,24.564,63336
2010-11-01,24.75,25.055,24.515,24.552,52493
2010-11-02,24.63,24.94,24.615,24.836,43017
2010-11-03,24.93,25.04,23.935,24.436,80500
2010-11-04,24.91,26.37,24.75,26.043,80678
2010-11-05,26.315,26.915,25.875,26.748,80678
2010-11-08,26.86,27.74,26.515,27.432,89079
2010-11-09,27.73,29.34,26.415,28.906,174399
2010-11-10,26.97,28.175,26.485,26.865,140678
2010-11-11,27.24,27.84,26.89,27.405,84597
2010-11-12,27.685,27.69,25.76,25.942,110643
2010-11-15,26.025,26.48,25.4,26.092,82132
2010-11-16,25.56,25.85,24.98,25.233,95820
2010-11-17,25.41,25.905,25.015,25.511,75478
2010-11-18,25.59,27.04,25.59,26.834,73971
2010-11-19,26.945,27.4,26.345,27.179,83935
2010-11-22,27.59,27.895,27.075,27.461,72770
2010-11-23,27.85,27.885,27.02,27.572,105751
2010-11-24,27.515,27.685,27.1,27.528,62315
2010-11-25,27.57,27.58,26.4,26.699,61873
2010-11-26,27.39,27.39,26.695,26.695,61873
2010-11-29,26.785,27.315,26.525,27.193,82392
2010-11-30,27.19,28.39,26.92,28.212,81317
2010-12-01,28.18,28.88,28.02,28.413,66089
2010-12-02,28.47,29.08,28.33,28.572,64734
2010-12-03,28.625,29.49,28.595,29.271,59924
2010-12-06,29.55,30.355,29.48,29.735,79168
2010-12-07,30.2,30.75,28.485,29.777,104213
2010-12-08,28.77,29.29,28.01,28.252,103267
2010-12-09,28.425,29.045,28.2,28.817,63142
2010-12-10,28.82,29.03,28.06,28.605,58433
2010-12-13,28.66,29.74,28.495,29.624,55049
2010-12-14,29.575,29.985,29.22,29.788,60484
2010-12-15,29.55,29.645,28.735,29.253,62218
2010-12-16,28.815,29.255,28.35,28.782,65070
2010-12-17,28.9,29.37,28.68,29.133,42381
2010-12-20,29.385,29.56,28.81,29.355,44861
2010-12-21,29.41,29.605,29.05,29.394,43160
2010-12-22,29.365,29.485,29.23,29.385,23698
2010-12-23,29.275,29.42,28.945,29.328,27660
2010-12-27,29.16,29.355,28.81,29.255,17466
2010-12-28,29.28,30.37,29.28,30.323,36907
2010-12-29,30.325,30.72,30.145,30.704,30064
2010-12-30,30.63,30.93,30.36,30.513,27583
2010-12-31,30.475,30.975,30.475,30.937,15992
2011-01-03,30.93,31.275,30.5,31.125,41283
2011-01-04,30.74,30.885,29.325,29.508,80878
2011-01-05,29.83,29.905,28.58,29.198,81705
2011-01-06,29.3,29.6,28.815,29.126,62887
2011-01-07,29.04,29.375,28.325,28.671,86333
2011-01-10,28.75,29.14,28.65,28.861,46774
2011-01-11,29.115,29.71,29.06,29.499,51490
2011-01-12,29.545,29.845,29.395,29.545,47047
2011-01-13,29.695,29.81,28.525,29.263,68071
2011-01-14,28.75,28.965,28.1,28.32,78248
2011-01-17,28.425,29.08,28.05,28.912,58706
2011-01-18,28.175,28.925,28.055,28.901,86
2011-01-19,28.895,29.49,28.625,28.801,77586
2011-01-20,28.67,28.78,27.375,27.473,92814
2011-01-21,27.475,27.63,27.08,27.427,61642
2011-01-24,27.5,27.95,26.82,27.321,58437
2011-01-25,26.915,27.035,26.54,26.805,64485
2011-01-26,26.855,27.645,26.655,27.128,52175
2011-01-27,27.615,27.795,26.745,27.031,62547
2011-01-28,26.895,28.03,26.3,27.919,77481
2011-01-31,27.96,28.425,27.52,28.169,55100
2011-02-01,28.06,28.635,27.85,28.514,62568
2011-02-02,28.565,28.725,28.105,28.289,42636
2011-02-03,28.3,28.98,27.96,28.728,67109
2011-02-04,28.93,29.285,28.72,29.059,55833
2011-02-07,29.175,29.45,29.005,29.343,43062
2011-02-08,29.35,30.345,29.26,30.271,70215
2011-02-09,30.31,30.5,30.05,30.276,61613
2011-02-10,30.165,30.275,29.635,30.094,57500
2011-02-11,30.185,30.285,29.685,29.995,58902
2011-02-14,29.885,30.72,29.79,30.534,52913
2011-02-15,30.56,30.905,30.475,30.696,47594
2011-02-16,30.735,30.97,30.265,30.629,74566
2011-02-17,30.655,31.79,30.535,31.57,74863
2011-02-18,31.74,32.87,31.61,32.296,85991
2011-02-21,32.65,34.33,32.39,32.862,133686
2011-02-22,33.4,34.01,32.864,32.864,31
2011-02-23,33.16,33.765,32.68,33.298,91189
2011-02-24,33.51,33.74,31.695,33.166,83200
2011-02-25,32.08,33.395,32.06,32.923,61035
2011-02-28,33.345,33.98,33.255,33.82,56446
2011-03-01,33.9,34.72,33.79,34.427,55982
2011-03-02,34.7,34.975,34.21,34.835,51111
2011-03-03,34.705,34.96,34.03,34.327,63916
2011-03-04,34.23,35.67,34.205,35.327,62971
2011-03-07,35.64,36.745,35.605,35.865,83244
2011-03-08,35.895,36.55,35.51,35.658,68251
2011-03-09,36.04,36.44,35.615,36.047,62985
2011-03-10,36.145,36.19,34.66,35.066,79709
2011-03-11,35.21,36.18,34.05,35.935,97895
2011-03-14,35.935,36.505,35.5,35.84,55849
2011-03-15,35.955,35.955,33.565,34.117,105109
2011-03-16,34.255,35.08,33.845,34.472,80946
2011-03-17,34.205,34.695,33.64,34.258,56777
2011-03-18,34.28,35.425,34.24,35.058,58065
2011-03-21,35.355,36.29,35.355,36.001,50728
2011-03-22,36.115,36.475,35.76,36.269,58178
2011-03-23,36.395,37.44,36.15,37.198,61452
2011-03-24,37.415,38.18,36.85,37.375,93262
2011-03-25,37.16,37.795,36.88,37.049,70937
2011-03-28,37.34,37.43,36.435,37.088,60412
2011-03-29,37.17,37.25,36.53,36.987,56625
2011-03-30,37.125,37.77,36.9,37.511,69244
2011-03-31,37.445,37.98,37.375,37.888,52152
2011-04-01,37.7,37.875,37.08,37.732,75651
2011-04-04,37.845,38.62,37.81,38.494,47213
2011-04-05,38.595,39.335,38.07,39.183,79389
2011-04-06,39.315,39.785,39.12,39.387,72001
2011-04-07,39.505,39.72,39.2,39.552,62611
2011-04-08,39.67,40.96,39.515,40.608,69426
2011-04-11,41,41.975,39.77,40.612,114562
2011-04-12,40.25,40.91,39.705,40.066,122887
2011-04-13,40.115,40.78,40.035,40.237,87465
2011-04-14,40.68,42.21,40.45,41.664,99886
2011-04-15,42.155,43.05,41.815,42.571,109635
2011-04-18,43.035,43.56,42.2,42.956,149522
2011-04-19,43.425,44.175,42.755,43.913,105713
2011-04-20,43.965,45.4,43.835,44.461,141351
2011-04-21,45.2,46.69,45.06,46.059,141213
2011-04-25,47.25,49.82,45.645,47.149,225865
2011-04-26,46.97,47.155,44.61,45.05,181766
2011-04-27,45.455,48.305,44.83,45.958,170297
2011-04-28,47.81,49.56,47.255,47.541,170645
2011-04-29,48.49,49.21,47.55,48.599,95219
2011-05-02,48.09,48.19,42.2,46.084,177804
2011-05-03,44.03,45.6,40.6,42.585,162613
2011-05-04,41.665,42.325,38.94,39.388,161412
2011-05-05,39.2,39.565,34.25,36.24,195073
2011-05-06,34.79,36.43,33.035,35.287,178981
2011-05-09,35.69,37.975,35.19,37.116,96763
2011-05-10,37.735,38.82,37.3,38.486,89894
2011-05-11,38.52,39.47,35.015,35.515,137582
2011-05-12,35.11,35.89,32.3,34.797,149061
2011-05-13,34.595,36.45,33.915,35.013,114371
2011-05-16,35.245,35.4,33.48,34.132,81496
2011-05-17,33.58,34.38,32.96,33.491,81915
2011-05-18,33.975,35.55,33.85,35.097,73993
2011-05-19,35.095,35.75,34.525,34.932,61347
2011-05-20,34.96,35.57,34.19,35.087,69709
2011-05-23,35.015,35.4,34.34,34.904,41533
2011-05-24,35.075,36.765,34.88,36.128,78124
2011-05-25,36.64,37.965,36.23,37.642,79189
2011-05-26,37.92,38.845,36.265,37.33,78870
2011-05-27,37.25,38.195,37.2,37.863,48528
2011-05-30,37.995,38.765,37.76,38.305,57366
2011-05-31,38.325,38.65,37.845,38.303,55
2011-06-01,38.49,38.5,36.355,37.694,81087
2011-06-02,36.86,37.415,35.545,36.202,84564
2011-06-03,36.21,36.435,35.065,36.191,77855
2011-06-06,36.24,37.285,36.22,36.782,52996
2011-06-07,36.76,37.52,36.44,37.046,62329
2011-06-08,37.15,37.25,36.065,36.62,53551
2011-06-09,36.84,37.64,36.565,37.424,45819
2011-06-10,37.56,37.86,36.08,36.327,62371
2011-06-13,36.19,36.35,34.55,34.737,73660
2011-06-14,34.77,35.6,34.4,35.411,65679
2011-06-15,35.44,35.975,34.81,35.41,63209
2011-06-16,35.8,35.815,35.155,35.559,50531
2011-06-17,35.55,35.92,34.925,35.748,56863
2011-06-20,35.99,36.2,35.26,36.071,48081
2011-06-21,36.025,36.575,35.665,36.379,56779
2011-06-22,36.425,36.77,35.895,36.739,52966
2011-06-23,36.335,36.36,34.63,35.002,98020
2011-06-24,35.315,35.42,34.145,34.638,76386
2011-06-27,34.3,34.33,33.38,33.585,73879
2011-06-28,33.58,34.135,33.51,33.638,60150
2011-06-29,33.975,34.95,33.86,34.769,61820
2011-06-30,34.89,35.16,34.47,34.832,43755
2011-07-01,34.745,34.845,33.47,33.705,46214
2011-07-04,33.92,35.69,33.795,35.41,57238
2011-07-05,33.83,35.65,33.83,35.402,1252
2011-07-06,35.49,36.285,35.065,35.916,63139
2011-07-07,35.93,36.65,35.7,36.536,48418
2011-07-08,36.455,36.895,36.01,36.543,44291
2011-07-11,36.725,36.95,35.54,35.698,56772
2011-07-12,35.82,36.45,34.81,35.634,58158
2011-07-13,36.165,38.34,36.015,38.151,89971
2011-07-14,38.275,39.395,38.01,38.694,78054
2011-07-15,38.195,39.33,37.89,39.071,54164
2011-07-18,39.35,40.735,39.28,40.342,71052
2011-07-19,40.59,40.88,38.61,40.221,75393
2011-07-20,39.03,40.15,38.215,39.558,66670
2011-07-21,40.11,40.375,38.86,38.947,71667
2011-07-22,39.335,40.3,38.865,40.122,54735
2011-07-25,40.35,41.105,39.87,40.361,62387
2011-07-26,40.4,40.985,40.015,40.698,51311
2011-07-27,40.93,41.465,40.115,40.568,77251
2011-07-28,40.25,40.595,39.34,39.794,55076
2011-07-29,39.725,40.41,39.3,40.106,45689
2011-08-01,39.645,40.07,39.04,39.309,44352
2011-08-02,39.265,40.885,39.21,40.092,45261
2011-08-03,40.87,42.06,40.575,41.758,74374
2011-08-04,41.755,42.295,38.47,39.431,113358
2011-08-05,38.79,39.87,37.555,38.211,85738
2011-08-08,38.825,40.4,38.32,39.38,72949
2011-08-09,39.06,39.655,37.025,37.883,90833
2011-08-10,37.78,39.58,37.615,39.327,63775
2011-08-11,39.285,39.86,37.935,38.669,56142
2011-08-12,38.78,39.235,38.215,39.114,31934
2011-08-15,39.075,39.99,38.69,39.307,31303
2011-08-16,39.945,40.175,39.29,39.819,41036
2011-08-17,39.915,40.615,39.785,40.351,46018
2011-08-18,40.285,40.95,40.08,40.688,47032
2011-08-19,40.64,42.97,40.56,42.432,72156
2011-08-22,43.575,44.09,42.475,43.325,77097
2011-08-23,43.765,44.275,41.5,42.291,95280
2011-08-24,41.95,42.485,39.09,39.162,104440
2011-08-25,39.68,41.19,38.76,40.745,88113
2011-08-26,41.16,41.725,40.12,40.952,73836
2011-08-29,41.74,41.8,40.29,40.546,43237
2011-08-30,40.89,41.73,40.455,41.464,45895
2011-08-31,41.385,42.095,41.135,41.768,37868
2011-09-01,41.575,41.885,41.205,41.532,27885
2011-09-02,41.535,43.5,41.535,43.069,39343
2011-09-05,42.99,43.445,41.6,41.868,66820
2011-09-06,43.005,43.28,41.66,41.818,421
2011-09-07,42,42.275,40.385,41.631,41675
2011-09-08,41.655,42.725,41.285,42.53,34441
2011-09-09,42.37,42.785,41.2,41.624,41042
2011-09-12,41.49,41.6,39.75,40.217,44635
2011-09-13,40.36,41.385,40.09,41.193,38175
2011-09-14,41.155,41.41,40.31,40.533,37555
2011-09-15,40.835,40.85,39.4,39.501,47361
2011-09-16,39.945,40.985,39.455,40.831,35314
2011-09-19,40.675,40.9,39.03,39.163,46847
2011-09-20,39.73,40.375,39.23,40.137,43515
2011-09-21,39.825,40.78,39.44,40.469,42602
2011-09-22,39.67,39.85,35.525,36.578,84689
2011-09-23,35.885,36.68,29.845,30.101,120503
2011-09-26,30.85,30.97,26.15,29.976,112615
2011-09-27,30.7,33.585,30.275,31.536,79663
2011-09-28,31.94,32.88,29.485,30.134,63280
2011-09-29,29.895,31.535,29.095,30.522,51467
2011-09-30,30.605,31.335,29.66,30.083,41074
2011-10-03,29.935,31.43,29.67,30.795,40889
2011-10-04,30.49,31.355,28.665,29.839,52148
2011-10-05,30.255,30.64,28.435,30.352,48592
2011-10-06,30.51,32.21,30.24,32.005,51588
2011-10-07,31.94,32.85,30.71,30.993,41990
2011-10-10,31.34,32.36,31.215,31.98,23649
2011-10-11,32.105,32.58,31.35,31.998,33404
2011-10-12,32.155,33.1,31.86,32.789,37494
2011-10-13,32.55,32.8,31.455,31.667,30573
2011-10-14,31.805,32.565,31.21,32.173,29296
2011-10-17,32.22,32.675,31.475,31.821,37334
2011-10-18,31.85,32.355,30.37,31.831,55972
2011-10-19,32.05,32.15,30.9,31.277,49507
2011-10-20,31.235,31.375,29.935,30.281,53262
2011-10-21,30.555,31.515,30.28,31.193,32805
2011-10-24,31.39,32.04,31.23,31.644,29122
2011-10-25,31.76,33.385,31.355,33.052,52769
2011-10-26,33.17,33.95,32.905,33.31,39072
2011-10-27,33.43,35.375,33.145,35.112,50172
2011-10-28,35.13,35.7,34.715,35.288,35761
2011-10-31,35.205,35.45,34.085,34.354,31996
2011-11-01,34.19,34.725,32.105,32.731,51692
2011-11-02,33.485,34.435,33.1,33.943,37882
2011-11-03,34.295,34.905,33.27,34.498,40275
2011-11-04,34.565,34.75,33.81,34.084,29728
2011-11-07,34.084,35.01,33.855,34.828,35145
2011-11-08,34.98,35.35,34.505,35.153,45051
2011-11-09,34.975,35.255,33.745,34.361,52723
2011-11-10,34.085,34.34,33.13,34.106,46338
2011-11-11,34.07,34.85,33.665,34.682,37626
2011-11-14,34.715,34.92,33.95,34.024,34009
2011-11-15,34.24,34.835,33.75,34.456,43674
2011-11-16,34.58,34.63,33.57,33.822,47858
2011-11-17,33.7,33.98,31.04,31.497,71571
2011-11-18,31.68,32.6,30.925,32.417,60207
2011-11-21,32.4,32.415,30.65,31.116,53532
2011-11-22,31.575,33.04,31.16,32.951,60917
2011-11-23,32.785,32.87,31.22,31.884,64910
2011-11-24,31.815,32.22,30.935,31.014,45578
2011-11-25,31.19,31.235,31.012,31.012,11
2011-11-28,31.26,32.285,31.245,32.161,41025
2011-11-29,32.12,32.24,31.53,31.95,34558
2011-11-30,31.99,32.995,31.12,32.804,49804
2011-12-01,32.865,33.495,32.53,32.759,32523
2011-12-02,32.86,33.74,32.365,32.686,33546
2011-12-05,32.67,33.085,31.915,32.372,30957
2011-12-06,32.12,32.945,31.65,32.744,37193
2011-12-07,32.745,32.86,32.265,32.627,30969
2011-12-08,32.605,33.3,31.425,31.538,51194
2011-12-09,31.61,32.395,31.505,32.253,30861
2011-12-12,32.25,32.3,30.92,31.002,37744
2011-12-13,31.34,32.04,30.455,31.26,40300
2011-12-14,30.825,31.07,28.53,28.935,80388
2011-12-15,28.965,29.35,28.12,29.274,44295
2011-12-16,29.28,29.93,29.12,29.671,29657
2011-12-19,29.77,29.795,28.68,28.874,50533
2011-12-20,28.78,29.625,28.695,29.536,23979
2011-12-21,29.535,30.21,29.13,29.249,26237
2011-12-22,29.25,29.685,29,29.047,20236
2011-12-23,29.095,29.45,29.03,29.084,10066
2011-12-27,29.1,29.22,28.615,28.74,11568
2011-12-28,28.69,28.79,26.845,27.234,32357
2011-12-29,27.08,27.84,26.145,27.315,37097
2011-12-30,27.475,28.46,27.26,27.915,24891
2012-01-03,27.98,29.73,27.905,29.572,35827
2012-01-04,29.69,29.74,28.9,29.097,36121
2012-01-05,29.105,29.615,28.685,29.296,39296
2012-01-06,29.285,29.46,28.57,28.683,38605
2012-01-09,28.77,29.205,28.55,28.782,30254
2012-01-10,28.98,30.31,28.905,29.815,40675
2012-01-11,29.885,30.235,29.545,29.89,36831
2012-01-12,29.95,30.675,29.87,30.124,35512
2012-01-13,30.195,30.245,29.42,29.522,35182
2012-01-16,29.67,30.57,29.455,30.135,39656
2012-01-17,30.5,30.5,30.106,30.106,58
2012-01-18,30.07,30.59,29.74,30.543,42425
2012-01-19,30.53,30.9,30.335,30.509,32459
2012-01-20,30.61,32.21,30.28,31.675,42779
2012-01-23,32.105,32.775,31.79,32.27,41520
2012-01-24,32.345,32.47,31.855,31.975,29385
2012-01-25,32.05,33.4,31.525,33.121,51802
2012-01-26,33.25,33.79,32.975,33.743,38182
2012-01-27,33.42,33.965,33.24,33.79,32296
2012-01-30,33.85,34.015,33.035,33.527,30573
2012-01-31,33.55,34.13,32.93,33.262,45220
2012-02-01,33.105,34,33.07,33.807,40833
2012-02-02,33.69,34.41,33.455,34.175,51297
2012-02-03,34.335,34.39,33.31,33.749,48264
2012-02-06,33.665,33.87,32.985,33.75,38211
2012-02-07,33.665,34.37,33.155,34.194,50080
2012-02-08,34.17,34.52,33.655,33.704,55084
2012-02-09,33.935,34.45,33.675,33.917,47457
2012-02-10,33.905,34.06,33.17,33.604,47692
2012-02-13,33.665,34.035,33.455,33.722,37639
2012-02-14,33.705,33.845,33.255,33.348,42475
2012-02-15,33.585,33.975,33.1,33.408,51438
2012-02-16,33.46,33.555,32.64,33.37,51828
2012-02-17,33.425,33.69,33.05,33.216,39578
2012-02-20,33.33,34.465,33.325,34.429,62207
2012-02-21,33.52,34.413,33.52,34.413,36
2012-02-22,34.36,34.495,33.9,34.254,62428
2012-02-23,34.265,35.61,34.23,35.556,72143
2012-02-24,35.435,35.72,35.19,35.338,58940
2012-02-27,35.43,35.625,35.045,35.524,61904
2012-02-28,35.535,37.295,35.39,37.205,72811
2012-02-29,36.98,37.58,33.825,34.642,114770
2012-03-01,34.645,35.705,34.455,35.661,61365
2012-03-02,35.53,35.56,34.375,34.525,39355
2012-03-05,34.71,34.95,33.555,33.695,53048
2012-03-06,34.02,34.205,32.49,32.783,67849
2012-03-07,32.945,33.61,32.755,33.585,44181
2012-03-08,33.48,34.185,33.36,33.831,38918
2012-03-09,33.91,34.445,33.145,34.212,55803
2012-03-12,34.29,34.41,33.38,33.413,33999
2012-03-13,33.65,33.835,33,33.581,50386
2012-03-14,33.42,33.47,31.625,32.181,74283
2012-03-15,32.1,32.9,31.935,32.726,52824
2012-03-16,32.58,32.755,32.135,32.604,36722
2012-03-19,32.575,33.09,32.33,32.955,31081
2012-03-20,32.935,32.96,31.75,31.834,43973
2012-03-21,32.155,32.41,31.865,32.227,36604
2012-03-22,32.155,32.35,31.09,31.345,51616
2012-03-23,31.545,32.3,31.435,32.272,36574
2012-03-26,32.255,32.935,32.02,32.75,31716
2012-03-27,32.84,33.19,32.48,32.616,33102
2012-03-28,32.57,32.685,31.765,31.831,38344
2012-03-29,32.055,32.3,31.63,31.992,33862
2012-03-30,32.275,32.625,32.13,32.484,29982
2012-04-02,32.355,33.25,32.34,33.098,38384
2012-04-03,33,33.295,32.465,33.265,45605
2012-04-04,32.65,32.68,30.98,31.044,63200
2012-04-05,31.28,31.81,31.175,31.73,40024
2012-04-09,31.9,32.1,31.31,31.524,34702
2012-04-10,31.555,31.94,31.11,31.679,51439
2012-04-11,31.78,31.82,31.37,31.521,38912
2012-04-12,31.585,32.58,31.42,32.525,46624
2012-04-13,32.365,32.435,31.295,31.39,47896
2012-04-16,31.445,31.7,31.175,31.373,37799
2012-04-17,31.455,31.91,31.305,31.674,40779
2012-04-18,31.675,31.885,31.34,31.487,35074
2012-04-19,31.59,32.015,31.29,31.779,47993
2012-04-20,31.74,31.905,31.54,31.651,38378
2012-04-23,31.64,31.685,30.45,30.531,62996
2012-04-24,30.82,31.11,30.635,30.746,47067
2012-04-25,30.785,30.965,29.925,30.356,66062
2012-04-26,30.685,31.26,30.595,31.207,43708
2012-04-27,31.085,31.47,30.945,31.411,36734
2012-04-30,31.33,31.445,30.6,31.016,33899
2012-05-01,30.98,31.365,30.79,30.93,24868
2012-05-02,30.985,31.06,30.41,30.645,38348
2012-05-03,30.645,30.675,29.835,30.01,41564
2012-05-04,30.08,30.48,29.78,30.432,42379
2012-05-07,30.31,30.39,29.675,30.122,28351
2012-05-08,30.08,30.125,29.135,29.459,45481
2012-05-09,29.465,29.5,28.615,29.241,46846
2012-05-10,29.25,29.455,28.94,29.178,33021
2012-05-11,28.995,29.1,28.415,28.89,35664
2012-05-14,28.88,29,28.075,28.353,36417
2012-05-15,28.155,28.43,27.565,28.08,40316
2012-05-16,27.615,27.965,26.73,27.196,60320
2012-05-17,27.195,28.295,27.175,28.02,47897
2012-05-18,28.005,28.895,27.78,28.715,44463
2012-05-21,28.685,28.855,28.035,28.321,35869
2012-05-22,28.47,28.775,27.925,28.179,42130
2012-05-23,28.12,28.17,27.08,27.519,59168
2012-05-24,27.76,28.515,27.585,28.157,46683
2012-05-25,28.25,28.565,27.875,28.386,31473
2012-05-28,28.595,28.76,27.71,27.791,55600
2012-05-29,28.225,28.24,27.767,27.767,399
2012-05-30,27.79,28.145,27.355,27.983,47762
2012-05-31,27.88,28.19,27.51,27.757,44716
2012-06-01,27.685,28.68,27.17,28.512,65094
2012-06-04,28.68,28.68,27.955,28.007,32417
2012-06-05,28.22,28.545,28.08,28.405,35742
2012-06-06,28.475,29.865,28.41,29.488,63114
2012-06-07,29.465,29.675,28.36,28.529,73325
2012-06-08,28.585,28.65,27.91,28.471,42126
2012-06-11,28.74,29,28.255,28.616,35865
2012-06-12,28.51,29.05,28.315,28.949,42080
2012-06-13,28.9,29.095,28.7,28.941,34046
2012-06-14,28.8,29.075,28.15,28.407,42381
2012-06-15,28.59,28.82,28.48,28.74,30645
2012-06-18,28.99,29.01,28.235,28.671,34525
2012-06-19,28.675,28.9,28.27,28.368,35014
2012-06-20,28.355,28.595,27.63,28.389,60931
2012-06-21,28.04,28.07,26.8,26.839,70340
2012-06-22,26.825,26.995,26.51,26.661,49622
2012-06-25,26.82,27.59,26.565,27.52,74888
2012-06-26,27.465,27.495,26.735,27.038,53358
2012-06-27,27.035,27.275,26.6,26.942,52011
2012-06-28,26.92,27.125,26.105,26.291,62691
2012-06-29,26.325,27.915,26.265,27.612,55491
2012-07-02,27.5,27.605,27.185,27.499,24139
2012-07-03,27.425,28.445,27.39,28.28,31630
2012-07-04,28.235,28.38,27.495,27.672,45194
2012-07-05,28.085,28.335,27.495,27.638,360
2012-07-06,27.67,27.795,26.905,26.92,39755
2012-07-09,27.035,27.48,26.87,27.444,22101
2012-07-10,27.44,27.58,26.71,26.882,34626
2012-07-11,26.77,27.24,26.76,27.023,33516
2012-07-12,27.105,27.35,26.425,27.161,41613
2012-07-13,27.16,27.55,27.06,27.369,27263
2012-07-16,27.4,27.425,26.86,27.321,25481
2012-07-17,27.27,27.595,26.72,27.316,38337
2012-07-18,27.26,27.345,26.85,27.095,24787
2012-07-19,27.14,27.575,27.1,27.217,31619
2012-07-20,27.24,27.4,26.74,27.302,39273
2012-07-23,27.2,27.285,26.615,27.042,35626
2012-07-24,26.985,27.145,26.575,26.811,39414
2012-07-25,26.925,27.52,26.78,27.466,42546
2012-07-26,27.3,27.78,27.21,27.446,42526
2012-07-27,27.43,27.85,27.31,27.498,34317
2012-07-30,27.685,28.195,27.515,28.033,30744
2012-07-31,28.125,28.335,27.865,27.914,36104
2012-08-01,27.93,28.02,27.06,27.535,44101
2012-08-02,27.34,27.78,26.88,26.995,43002
2012-08-03,27.105,27.895,26.99,27.801,37445
2012-08-06,27.77,27.95,27.565,27.863,21865
2012-08-07,27.825,28.18,27.735,28.086,29271
2012-08-08,28.055,28.21,27.66,28.075,36277
2012-08-09,27.995,28.185,27.835,28.097,24210
2012-08-10,28.085,28.315,27.53,28.062,40803
2012-08-13,28.09,28.15,27.685,27.767,28031
2012-08-14,27.765,27.97,27.575,27.763,21720
2012-08-15,27.755,27.96,27.43,27.812,30348
2012-08-16,27.755,28.24,27.66,28.212,41947
2012-08-17,28.12,28.29,27.96,28.002,23860
2012-08-20,28.055,28.79,27.875,28.593,31961
2012-08-21,28.755,29.46,28.61,29.428,41067
2012-08-22,29.26,29.885,29.17,29.556,45731
2012-08-23,29.785,30.79,29.76,30.456,66185
2012-08-24,30.5,30.77,30.19,30.621,44524
2012-08-27,30.77,31.225,30.58,31.048,58286
2012-08-28,30.67,30.975,30.485,30.875,45498
2012-08-29,30.86,30.94,30.525,30.837,42548
2012-08-30,30.765,30.97,30.265,30.446,46709
2012-08-31,30.495,31.815,30.295,31.442,58817
2012-09-03,31.735,32.47,31.575,32.411,58174
2012-09-04,31.66,32.36,31.52,32.348,326
2012-09-05,32.38,32.43,32,32.329,32363
2012-09-06,32.315,33.04,32.245,32.674,52750
2012-09-07,32.7,33.775,32.005,33.69,59211
2012-09-10,33.71,34.02,33.285,33.633,42219
2012-09-11,33.41,33.875,33.38,33.566,35539
2012-09-12,33.5,34.145,32.51,33.292,67025
2012-09-13,33.3,34.87,32.72,34.778,86221
2012-09-14,34.745,34.985,34.32,34.656,52960
2012-09-17,34.625,34.94,33.845,34.367,43928
2012-09-18,34.34,35.1,34.015,34.718,59582
2012-09-19,34.815,35.025,34.32,34.588,43836
2012-09-20,34.605,34.8,34.12,34.682,46831
2012-09-21,34.68,35.26,34.365,34.638,63594
2012-09-24,34.52,34.585,33.63,33.984,46792
2012-09-25,34.01,34.545,33.715,33.948,47279
2012-09-26,33.79,34.11,33.36,33.94,48678
2012-09-27,33.995,34.815,33.905,34.666,46757
2012-09-28,34.69,34.925,34.33,34.577,48178
2012-10-01,34.53,35.445,34.21,34.952,58158
2012-10-02,34.75,35.115,34.42,34.669,33950
2012-10-03,34.645,34.93,34.515,34.69,32355
2012-10-04,34.655,35.17,34.655,35.101,34973
2012-10-05,35.035,35.145,34.315,34.572,42872
2012-10-08,34.57,34.605,33.62,34.017,33187
2012-10-09,34.025,34.26,33.57,33.985,38651
2012-10-10,33.925,34.19,33.745,34.109,37533
2012-10-11,34.01,34.38,33.815,34.082,33580
2012-10-12,34.03,34.165,33.45,33.669,38299
2012-10-15,33.455,33.47,32.57,32.743,41790
2012-10-16,32.755,33.08,32.655,32.959,29109
2012-10-17,32.985,33.3,32.88,33.232,26210
2012-10-18,33.22,33.325,32.705,32.868,30690
2012-10-19,32.815,32.915,31.945,32.097,47774
2012-10-22,31.99,32.475,31.71,32.252,30194
2012-10-23,32.395,32.5,31.57,31.793,39930
2012-10-24,31.7,32.055,31.535,31.62,38997
2012-10-25,31.745,32.26,31.735,32.078,35484
2012-10-26,32.13,32.38,31.6,32.036,35150
2012-10-29,32.115,32.23,31.68,31.745,16226
2012-10-30,31.79,32.15,31.72,31.816,14462
2012-10-31,31.77,32.435,31.755,32.316,29549
2012-11-01,32.275,32.695,32.19,32.248,30535
2012-11-02,32.28,32.365,30.815,30.857,62648
2012-11-05,30.89,31.25,30.655,31.128,35628
2012-11-06,31.2,32.275,31.07,32.034,49537
2012-11-07,32,32.42,31.215,31.661,65303
2012-11-08,31.83,32.45,31.63,32.24,43057
2012-11-09,32.32,32.785,32.065,32.599,49296
2012-11-12,32.65,32.745,32.175,32.522,32821
2012-11-13,32.405,32.83,32.1,32.487,46457
2012-11-14,32.475,32.93,32.365,32.88,44597
2012-11-15,32.745,32.775,32.15,32.674,55180
2012-11-16,32.585,32.68,32.015,32.37,41818
2012-11-19,32.285,33.215,32.285,33.189,49041
2012-11-20,33.08,33.26,32.86,32.93,45991
2012-11-21,33.17,33.395,32.825,33.35,39057
2012-11-22,33.36,34.16,33.235,34.116,41118
2012-11-23,33.335,34.111,33.32,34.111,4
2012-11-26,34.075,34.225,33.885,34.137,66228
2012-11-27,34.16,34.275,33.91,33.981,64031
2012-11-28,33.995,34.04,32.9,33.684,90510
2012-11-29,33.81,34.49,33.61,34.431,59535
2012-11-30,34.315,34.425,33.215,33.279,53331
2012-12-03,33.495,33.93,33.455,33.759,31721
2012-12-04,33.72,33.75,32.745,32.808,48639
2012-12-05,32.88,33.3,32.585,32.957,39488
2012-12-06,32.95,33.33,32.6,33.114,38644
2012-12-07,33.075,33.34,32.68,33.131,40752
2012-12-10,33.125,33.495,33.09,33.377,24949
2012-12-11,33.335,33.345,32.835,33.017,26518
2012-12-12,33.065,33.875,32.995,33.782,46760
2012-12-13,33.52,33.52,32.28,32.355,60389
2012-12-14,32.62,32.795,32.245,32.299,28647
2012-12-17,32.4,32.485,32.08,32.28,28031
2012-12-18,32.34,32.6,31.4,31.669,43558
2012-12-19,31.72,31.87,31.03,31.116,45053
2012-12-20,31.045,31.275,29.635,29.678,80015
2012-12-21,29.955,30.325,29.67,30.203,40684
2012-12-24,30.02,30.395,29.865,29.897,13072
2012-12-26,29.96,30.255,29.85,30.035,15022
2012-12-27,30.05,30.53,29.715,30.24,31211
2012-12-28,30.165,30.365,29.91,29.975,18925
2012-12-31,30.08,30.48,29.92,30.227,18657
2013-01-02,30.37,31.535,30.225,31.007,36529
2013-01-03,31.025,31.225,30.015,30.72,40793
2013-01-04,30.1,30.3,29.24,29.946,64245
2013-01-07,30.235,30.475,29.86,30.082,35265
2013-01-08,30.145,30.59,30.085,30.465,42573
2013-01-09,30.395,30.575,30.065,30.249,34148
2013-01-10,30.385,30.95,30.255,30.918,41341
2013-01-11,30.87,30.94,30.15,30.408,44255
2013-01-14,30.42,31.17,30.38,31.11,41865
2013-01-15,31.065,31.615,30.965,31.529,42639
2013-01-16,31.44,31.57,31.09,31.542,31577
2013-01-17,31.49,31.93,31.05,31.81,51105
2013-01-18,31.745,32.14,31.67,31.932,36766
2013-01-21,31.925,32.365,31.815,32.177,44667
2013-01-22,31.835,32.25,31.835,32.147,13
2013-01-23,32.18,32.485,32.1,32.439,35337
2013-01-24,32.24,32.245,31.605,31.722,48656
2013-01-25,31.64,31.815,31.125,31.206,42376
2013-01-28,31.16,31.32,30.745,30.78,37829
2013-01-29,30.85,31.47,30.85,31.184,32350
2013-01-30,31.385,32.3,31.25,32.177,56691
2013-01-31,32.005,32.13,31.12,31.351,56110
2013-02-01,31.42,32.16,31.3,31.958,53464
2013-02-04,31.875,31.925,31.385,31.716,33889
2013-02-05,31.775,32.115,31.62,31.875,42498
2013-02-06,31.795,31.9,31.6,31.877,28250
2013-02-07,31.845,31.935,31.295,31.403,56558
2013-02-08,31.46,31.695,31.33,31.441,36366
2013-02-11,31.45,31.535,30.82,30.91,35758
2013-02-12,30.92,31.16,30.58,31.019,41467
2013-02-13,31.14,31.225,30.73,30.869,35077
2013-02-14,30.76,31.06,30.21,30.353,48445
2013-02-15,30.35,30.46,29.66,29.849,69899
2013-02-18,29.81,30.15,29.175,29.422,75526
2013-02-19,30.04,30.045,29.413,29.413,58
2013-02-20,29.41,29.615,28.255,28.622,97743
2013-02-21,28.51,28.88,28.29,28.699,73532
2013-02-22,28.645,28.895,28.335,28.46,43510
2013-02-25,28.785,29.215,28.54,28.987,56861
2013-02-26,28.935,29.43,28.55,29.26,70905
2013-02-27,29.405,29.44,28.865,28.985,54373
2013-02-28,29.015,29.19,28.4,28.432,47177
2013-03-01,28.525,28.79,27.925,28.49,54219
2013-03-04,28.68,28.815,28.43,28.496,27313
2013-03-05,28.595,29.09,28.52,28.604,33646
2013-03-06,28.68,29.14,28.52,28.803,38686
2013-03-07,29.01,29.085,28.74,28.808,29523
2013-03-08,28.855,29.26,28.325,28.948,50432
2013-03-11,28.985,29.085,28.705,28.853,22867
2013-03-12,28.955,29.35,28.87,29.171,26727
2013-03-13,29.13,29.28,28.835,28.958,33467
2013-03-14,28.905,28.955,28.53,28.807,38839
2013-03-15,28.8,29.01,28.69,28.851,23096
2013-03-18,28.85,29.11,28.585,28.874,34416
2013-03-19,28.865,29.09,28.62,28.843,33371
2013-03-20,28.88,28.985,28.4,28.817,26944
2013-03-21,28.8,29.325,28.705,29.212,35667
2013-03-22,29.14,29.17,28.505,28.698,39182
2013-03-25,28.68,28.89,28.46,28.815,35086
2013-03-26,28.815,28.845,28.605,28.679,23152
2013-03-27,28.725,28.785,28.08,28.612,46774
2013-03-28,28.645,28.81,28.17,28.323,35709
2013-04-01,28.21,28.36,27.81,27.944,34514
2013-04-02,27.955,28.14,27.15,27.248,57907
2013-04-03,27.205,27.315,26.67,26.797,63681
2013-04-04,26.91,27.015,26.575,26.767,51524
2013-04-05,26.83,27.3,26.73,27.22,44760
2013-04-08,27.285,27.465,27.07,27.138,31784
2013-04-09,27.22,28.02,27.14,27.881,52480
2013-04-10,27.885,27.965,27.445,27.653,52664
2013-04-11,27.58,27.785,27.34,27.697,39491
2013-04-12,27.575,27.64,25.725,26.331,102652
2013-04-15,25.94,26.045,22.515,23.361,200499
2013-04-16,22.685,23.975,22,23.628,107319
2013-04-17,23.37,23.725,22.835,23.307,83102
2013-04-18,23.275,23.655,22.435,23.245,65399
2013-04-19,23.25,23.82,22.865,22.96,48632
2013-04-22,23.305,23.65,23.07,23.324,52304
2013-04-23,23.345,23.405,22.555,22.817,79429
2013-04-24,22.885,23.325,22.805,22.833,65914
2013-04-25,23.11,24.36,23.02,24.14,76941
2013-04-26,24.34,24.795,23.59,23.758,85932
2013-04-29,24.025,24.58,23.945,24.166,47452
2013-04-30,24.54,24.55,24.015,24.185,34736
2013-05-01,24.32,24.345,23.21,23.343,48280
2013-05-02,23.57,24.19,23.37,23.83,44953
2013-05-03,23.79,24.38,23.415,24.014,55365
2013-05-06,24.15,24.42,23.82,23.955,21925
2013-05-07,24.005,24.04,23.4,23.806,44440
2013-05-08,23.865,24.095,23.64,23.927,35668
2013-05-09,23.9,24.17,23.52,23.911,37226
2013-05-10,23.69,23.875,23.15,23.658,50250
2013-05-13,23.78,23.84,23.47,23.696,31154
2013-05-14,23.62,23.76,23.075,23.379,39972
2013-05-15,23.35,23.45,22.445,22.658,60478
2013-05-16,22.565,22.77,22.06,22.659,45647
2013-05-17,22.65,22.745,22.11,22.352,43264
2013-05-20,22.265,23.24,20.25,22.582,84790
2013-05-21,22.875,22.91,22.015,22.455,56680
2013-05-22,22.36,23.29,22.145,22.472,73271
2013-05-23,22.215,22.645,21.92,22.508,43871
2013-05-24,22.54,22.6,22.27,22.496,25101
2013-05-27,22.36,22.71,22.11,22.193,50235
2013-05-28,22.595,22.595,22.18,22.18,45
2013-05-29,22.24,22.48,22.13,22.453,27485
2013-05-30,22.42,23.06,22.31,22.69,49465
2013-05-31,22.705,22.855,22.1,22.243,42739
2013-06-03,22.175,22.915,22.175,22.721,42543
2013-06-04,22.68,22.73,22.225,22.409,33345
2013-06-05,22.505,22.74,22.29,22.472,34051
2013-06-06,22.475,22.84,22.255,22.707,56720
2013-06-07,22.575,22.755,21.51,21.743,78505
2013-06-10,21.565,22.03,21.33,21.925,39817
2013-06-11,21.84,21.96,21.4,21.646,43736
2013-06-12,21.575,21.95,21.455,21.796,35439
2013-06-13,21.7,21.915,21.5,21.583,49367
2013-06-14,21.755,22.5,21.62,21.954,42222
2013-06-17,22.05,22.055,21.605,21.758,29726
2013-06-18,21.765,21.89,21.445,21.677,42465
2013-06-19,21.595,21.85,21.19,21.623,40247
2013-06-20,21.275,21.28,19.515,19.823,120291
2013-06-21,19.59,20.11,19.31,19.959,60027
2013-06-24,20.055,20.175,19.38,19.493,60579
2013-06-25,19.595,19.79,19.4,19.526,64572
2013-06-26,19.56,19.58,18.36,18.587,89816
2013-06-27,18.5,18.955,18.35,18.553,61659
2013-06-28,18.48,19.645,18.17,19.47,78112
2013-07-01,19.5,20.075,19.36,19.578,51822
2013-07-02,19.59,19.79,19.22,19.309,31353
2013-07-03,19.345,19.885,19.315,19.7,36189
2013-07-04,19.75,19.83,18.665,18.736,55511
2013-07-05,19.71,19.735,18.685,18.726,306
2013-07-08,18.855,19.265,18.67,19.038,29268
2013-07-09,19.055,19.485,18.93,19.138,33331
2013-07-10,19.21,19.54,18.985,19.165,36747
2013-07-11,19.545,20.25,19.43,19.956,53662
2013-07-12,20.125,20.19,19.62,19.792,27167
2013-07-15,19.865,20.135,19.54,19.839,25175
2013-07-16,19.905,20.045,19.66,19.935,28078
2013-07-17,19.99,20.18,19.23,19.42,57575
2013-07-18,19.25,19.57,19.215,19.389,38130
2013-07-19,19.355,19.6,19.285,19.46,22255
2013-07-22,19.495,20.575,19.495,20.509,50294
2013-07-23,20.515,20.595,20.08,20.254,37249
2013-07-24,20.435,20.49,19.965,20.02,38460
2013-07-25,20.11,20.3,19.75,20.154,32824
2013-07-26,20.225,20.355,19.625,19.771,40463
2013-07-29,19.92,20.2,19.66,19.864,31454
2013-07-30,19.8,19.875,19.5,19.68,29689
2013-07-31,19.705,20.1,19.355,19.628,52163
2013-08-01,19.805,19.955,19.51,19.624,37307
2013-08-02,19.595,20.265,19.185,19.912,59687
2013-08-05,19.85,19.99,19.52,19.72,30039
2013-08-06,19.675,19.78,19.44,19.523,34225
2013-08-07,19.465,19.6,19.1,19.508,41517
2013-08-08,19.525,20.31,19.455,20.193,58327
2013-08-09,20.225,20.58,20.045,20.407,51125
2013-08-12,20.68,21.445,20.62,21.339,68775
2013-08-13,21.37,21.75,21.12,21.343,61970
2013-08-14,21.42,21.855,21.265,21.787,52190
2013-08-15,21.865,23.19,21.705,22.935,89618
2013-08-16,22.935,23.4,22.755,23.322,69144
2013-08-19,23.25,23.605,22.955,23.166,47682
2013-08-20,23.145,23.31,22.28,23.071,58691
2013-08-21,23,23.36,22.755,22.963,52220
2013-08-22,22.835,23.325,22.45,23.035,48801
2013-08-23,23.155,24.11,22.885,23.738,73101
2013-08-26,24.02,24.425,23.8,24.01,56698
2013-08-27,24.345,24.715,23.98,24.651,81229
2013-08-28,24.5,25.12,24.22,24.391,85956
2013-08-29,24.38,24.485,23.7,24.14,69575
2013-08-30,23.513,23.513,23.513,23.513,0
2013-09-02,23.48,24.53,23.11,24.429,68628
2013-09-03,23.2,24.46,23.1,24.382,1125
2013-09-04,24.325,24.43,23.375,23.415,48382
2013-09-05,23.51,23.68,23.04,23.255,42362
2013-09-06,23.21,23.99,23.075,23.891,40268
2013-09-09,23.835,24.25,23.44,23.717,26675
2013-09-10,23.74,23.82,22.84,23.016,41652
2013-09-11,22.985,23.25,22.785,23.172,32382
2013-09-12,23.22,23.265,21.75,22.149,51279
2013-09-13,21.88,22.285,21.42,21.72,48779
2013-09-16,22.3,22.49,21.685,22.009,42755
2013-09-17,21.83,22.14,21.64,21.784,34560
2013-09-18,21.77,23.25,21.225,21.564,68278
2013-09-19,22.965,23.445,22.855,23.292,54992
2013-09-20,23.08,23.18,21.755,21.927,57601
2013-09-23,21.89,21.97,21.3,21.857,45370
2013-09-24,21.665,22.035,21.325,21.586,44314
2013-09-25,21.73,21.96,21.49,21.886,39631
2013-09-26,21.805,22.13,21.665,21.766,37709
2013-09-27,21.73,22.175,21.41,21.831,35106
2013-09-30,21.795,22.11,21.435,21.708,32680
2013-10-01,21.7,21.97,20.63,21.175,54183
2013-10-02,21.165,22.04,20.99,21.897,40568
2013-10-03,21.745,21.86,21.44,21.786,30075
2013-10-04,21.735,21.93,21.5,21.752,22804
2013-10-07,21.74,22.495,21.65,22.386,31839
2013-10-08,22.385,22.525,22.11,22.443,32224
2013-10-09,22.315,22.41,21.75,21.891,38874
2013-10-10,21.91,22.25,21.55,21.896,34658
2013-10-11,21.685,21.86,20.95,21.259,47942
2013-10-14,21.39,21.68,21.11,21.354,28238
2013-10-15,21.29,21.525,20.495,21.191,59509
2013-10-16,21.3,21.445,21.12,21.365,35610
2013-10-17,21.39,22.2,21.1,21.947,56660
2013-10-18,21.905,22.05,21.74,21.913,24610
2013-10-21,21.91,22.335,21.855,22.278,30295
2013-10-22,22.22,22.83,21.985,22.79,45453
2013-10-23,22.72,22.82,22.5,22.617,27158
2013-10-24,22.545,22.91,22.51,22.822,32853
2013-10-25,22.73,22.755,22.26,22.639,38217
2013-10-28,22.59,22.715,22.375,22.538,27838
2013-10-29,22.525,22.63,22.3,22.492,31388
2013-10-30,22.525,23.095,22.39,22.983,53587
2013-10-31,22.68,22.69,21.73,21.867,52836
2013-11-01,21.895,21.995,21.705,21.837,35996
2013-11-04,21.87,21.935,21.58,21.7,22164
2013-11-05,21.645,21.79,21.56,21.636,26047
2013-11-06,21.685,22.075,21.62,21.768,33189
2013-11-07,21.815,22.015,21.375,21.657,54856
2013-11-08,21.66,21.905,21.25,21.317,51495
2013-11-11,21.425,21.45,21.23,21.282,27544
2013-11-12,21.345,21.355,20.56,20.778,55872
2013-11-13,20.7,20.855,20.41,20.442,69833
2013-11-14,20.595,20.885,20.57,20.722,54262
2013-11-15,20.755,20.82,20.55,20.727,28964
2013-11-18,20.775,20.8,20.29,20.357,48718
2013-11-19,20.395,20.475,20.2,20.334,43724
2013-11-20,20.345,20.49,19.78,20.058,61598
2013-11-21,19.84,20.045,19.705,19.934,62216
2013-11-22,19.96,20.045,19.81,19.862,41634
2013-11-25,19.83,20.3,19.57,19.882,61046
2013-11-26,20.155,20.29,19.78,19.848,53262
2013-11-27,19.87,20.14,19.65,19.682,46117
2013-11-28,19.685,20.1,19.645,20.033,30274
2013-11-29,19.66,20.05,19.6,19.981,3182
2013-12-02,19.99,20.01,19.115,19.289,47754
2013-12-03,19.17,19.335,18.975,19.065,38632
2013-12-04,19.1,19.89,18.89,19.83,55030
2013-12-05,19.675,19.72,19.215,19.57,43425
2013-12-06,19.4,19.785,19.165,19.523,39756
2013-12-09,19.555,19.98,19.435,19.701,27756
2013-12-10,19.8,20.43,19.74,20.315,50130
2013-12-11,20.385,20.48,20.21,20.356,32199
2013-12-12,20.305,20.345,19.41,19.453,47365
2013-12-13,19.475,19.74,19.28,19.604,34478
2013-12-16,19.655,20.29,19.445,20.101,36130
2013-12-17,19.975,20.23,19.675,19.84,42566
2013-12-18,19.93,20.265,19.425,20.059,42803
2013-12-19,19.71,19.905,19.1,19.186,48505
2013-12-20,19.205,19.52,19.13,19.453,35831
2013-12-23,19.42,19.52,19.265,19.413,18059
2013-12-24,19.43,19.575,19.31,19.484,11307
2013-12-26,19.48,20.03,19.415,19.916,19216
2013-12-27,19.8,20.105,19.75,20.049,23728
2013-12-30,20.08,20.18,19.46,19.615,28235
2013-12-31,19.575,19.825,18.72,19.37,44338
2014-01-02,19.44,20.44,19.43,20.128,44686
2014-01-03,20.015,20.325,19.985,20.211,30025
2014-01-06,20.135,20.355,19.95,20.103,38845
2014-01-07,20.18,20.28,19.625,19.787,38356
2014-01-08,19.83,19.865,19.31,19.539,45235
2014-01-09,19.525,19.71,19.38,19.683,33060
2014-01-10,19.55,20.25,19.545,20.223,52337
2014-01-13,20.19,20.47,19.955,20.385,36679
2014-01-14,20.39,20.67,20.125,20.282,48791
2014-01-15,20.255,20.27,19.905,20.134,29791
2014-01-16,20.21,20.25,19.97,20.054,27857
2014-01-17,20.1,20.425,19.96,20.304,32152
2014-01-20,20.3,20.435,19.655,19.87,45891
2014-01-21,20.3,20.31,19.83,19.838,81
2014-01-22,19.875,19.94,19.735,19.839,17972
2014-01-23,19.775,20.31,19.645,20.01,49947
2014-01-24,20,20.285,19.715,19.765,42716
2014-01-27,19.97,20.09,19.55,19.793,36453
2014-01-28,19.665,19.84,19.455,19.503,35157
2014-01-29,19.57,19.965,19.45,19.552,43346
2014-01-30,19.725,19.73,18.97,19.126,46372
2014-01-31,19.13,19.465,19.065,19.12,34256
2014-02-03,19.095,19.62,19.06,19.409,35666
2014-02-04,19.345,19.51,19.26,19.422,26096
2014-02-05,19.48,20.335,19.435,19.805,49127
2014-02-06,19.885,20.18,19.83,19.928,37597
2014-02-07,19.93,20.09,19.755,19.936,45554
2014-02-10,19.97,20.275,19.96,20.112,46084
2014-02-11,20.055,20.29,19.915,20.153,56199
2014-02-12,20.22,20.39,20.08,20.341,61862
2014-02-13,20.22,20.52,20.125,20.395,42797
2014-02-14,20.48,21.49,20.445,21.421,75402
2014-02-17,21.48,21.98,21.315,21.898,97555
2014-02-18,21.825,21.895,21.815,21.891,12
2014-02-19,21.955,21.96,21.375,21.85,58960
2014-02-20,21.555,21.9,21.4,21.684,58933
2014-02-21,21.825,21.975,21.575,21.782,59011
2014-02-24,21.92,22.18,21.52,22.051,76421
2014-02-25,21.96,22.025,21.67,21.963,68509
2014-02-26,21.875,22.035,21.085,21.254,73725
2014-02-27,21.275,21.515,21.025,21.352,52639
2014-02-28,21.295,21.43,21.105,21.241,37007
2014-03-03,21.325,21.74,21.26,21.485,45842
2014-03-04,21.45,21.54,21.04,21.222,43764
2014-03-05,21.21,21.34,21.155,21.271,24442
2014-03-06,21.2,21.65,21.105,21.574,36310
2014-03-07,21.49,21.61,20.755,20.928,59343
2014-03-10,20.93,21.06,20.61,20.91,40324
2014-03-11,20.85,21.325,20.67,20.815,47302
2014-03-12,20.86,21.435,20.82,21.358,58041
2014-03-13,21.33,21.48,21.105,21.198,41707
2014-03-14,21.2,21.795,21.14,21.413,50788
2014-03-17,21.49,21.65,21.125,21.275,33937
2014-03-18,21.19,21.25,20.625,20.862,46679
2014-03-19,20.835,20.965,20.505,20.826,52653
2014-03-20,20.615,20.73,20.14,20.43,46874
2014-03-21,20.32,20.585,20.265,20.31,28419
2014-03-24,20.29,20.315,19.92,20.067,42850
2014-03-25,19.95,20.215,19.905,19.979,36860
2014-03-26,20,20.145,19.68,19.78,37670
2014-03-27,19.755,19.87,19.575,19.708,33838
2014-03-28,19.725,19.92,19.62,19.79,39218
2014-03-31,19.855,20.01,19.725,19.752,32429
2014-04-01,19.775,19.91,19.635,19.688,31247
2014-04-02,19.75,20.145,19.73,20.05,46390
2014-04-03,19.995,20.08,19.66,19.805,32825
2014-04-04,19.835,20.23,19.785,19.946,41025
2014-04-07,19.995,20.015,19.775,19.907,27771
2014-04-08,19.87,20.175,19.85,20.057,47573
2014-04-09,20.04,20.095,19.6,19.77,59556
2014-04-10,19.86,20.4,19.86,20.091,59959
2014-04-11,20.04,20.13,19.91,19.946,38714
2014-04-14,20.035,20.14,19.72,20.01,34864
2014-04-15,19.97,19.995,19.22,19.489,71451
2014-04-16,19.555,19.805,19.325,19.634,40926
2014-04-17,19.635,19.72,19.49,19.596,31867
2014-04-21,19.6,19.705,19.23,19.351,32088
2014-04-22,19.415,19.53,19.285,19.361,47497
2014-04-23,19.405,19.545,19.38,19.438,41387
2014-04-24,19.435,19.91,18.93,19.688,91746
2014-04-25,19.655,19.81,19.515,19.691,57494
2014-04-28,19.73,19.755,19.47,19.588,42029
2014-04-29,19.6,19.63,19.335,19.538,49382
2014-04-30,19.485,19.51,19.06,19.174,50753
2014-05-01,19.19,19.25,18.685,19.043,36489
2014-05-02,19.045,19.7,18.905,19.546,52011
2014-05-05,19.545,19.745,19.485,19.571,27729
2014-05-06,19.625,19.715,19.505,19.645,30188
2014-05-07,19.605,19.77,19.295,19.342,44059
2014-05-08,19.32,19.39,19.125,19.138,33122
2014-05-09,19.19,19.315,19.045,19.121,29971
2014-05-12,19.155,19.67,19.045,19.543,43186
2014-05-13,19.53,19.62,19.365,19.547,27536
2014-05-14,19.55,20.005,19.51,19.775,43826
2014-05-15,19.79,19.835,19.43,19.484,44615
2014-05-16,19.5,19.53,19.255,19.329,32303
2014-05-19,19.37,19.685,19.31,19.353,34145
2014-05-20,19.345,19.465,19.225,19.399,30274
2014-05-21,19.4,19.5,19.265,19.338,29180
2014-05-22,19.4,19.825,19.36,19.52,43747
2014-05-23,19.49,19.525,19.295,19.418,28736
2014-05-26,19.44,19.5,19.025,19.067,56717
2014-05-27,19.35,19.35,19.039,19.039,55
2014-05-28,19.07,19.155,18.97,19.059,36465
2014-05-29,19.035,19.095,18.78,19.014,44897
2014-05-30,19.035,19.085,18.615,18.682,43634
2014-06-02,18.795,18.87,18.65,18.739,26966
2014-06-03,18.755,18.92,18.71,18.763,31806
2014-06-04,18.78,18.88,18.72,18.792,23660
2014-06-05,18.8,19.155,18.67,19.083,45755
2014-06-06,19.04,19.2,18.88,18.991,46762
2014-06-09,19.02,19.19,18.985,19.066,34582
2014-06-10,19.055,19.245,18.97,19.168,40750
2014-06-11,19.185,19.33,19.145,19.172,39950
2014-06-12,19.19,19.565,19.15,19.533,62665
2014-06-13,19.525,19.72,19.47,19.655,48726
2014-06-16,19.67,19.875,19.57,19.715,48422
2014-06-17,19.665,19.775,19.435,19.732,40357
2014-06-18,19.74,19.92,19.665,19.778,43009
2014-06-19,19.895,20.925,19.83,20.648,98306
2014-06-20,20.77,20.99,20.58,20.949,81701
2014-06-23,20.865,20.945,20.735,20.916,54150
2014-06-24,20.89,21.17,20.81,21.043,72126
2014-06-25,20.91,21.165,20.705,21.116,72890
2014-06-26,21.015,21.12,20.795,21.108,56351
2014-06-27,21.155,21.25,20.945,21.134,50421
2014-06-30,21.06,21.17,20.805,21.056,48884
2014-07-01,21.07,21.275,21.05,21.117,46011
2014-07-02,21.085,21.335,20.96,21.302,42623
2014-07-03,21.21,21.23,20.82,21.137,41652
2014-07-04,21.2,21.215,20.865,21.014,39998
2014-07-07,21.09,21.09,20.82,20.966,87
2014-07-08,21.1,21.245,20.955,21.013,40314
2014-07-09,21.085,21.285,21.04,21.068,36404
2014-07-10,21.12,21.63,21.12,21.508,54604
2014-07-11,21.465,21.565,21.42,21.461,30117
2014-07-14,21.485,21.53,20.9,20.914,53819
2014-07-15,20.975,21.13,20.67,20.889,52557
2014-07-16,20.75,20.88,20.63,20.775,35306
2014-07-17,20.815,21.3,20.76,21.134,49403
2014-07-18,21.205,21.315,20.78,20.886,34671
2014-07-21,20.93,21.165,20.86,21.012,21749
2014-07-22,20.97,21.12,20.785,21.008,35994
2014-07-23,21.025,21.105,20.94,20.995,24128
2014-07-24,20.96,20.97,20.35,20.415,59354
2014-07-25,20.42,20.81,20.35,20.636,40395
2014-07-28,20.715,20.775,20.55,20.567,31660
2014-07-29,20.63,20.845,20.505,20.583,35802
2014-07-30,20.6,20.76,20.48,20.597,31465
2014-07-31,20.645,20.78,20.37,20.412,41493
2014-08-01,20.4,20.58,20.245,20.371,46452
2014-08-04,20.335,20.48,20.17,20.233,32959
2014-08-05,20.18,20.29,19.76,19.833,56371
2014-08-06,19.785,20.135,19.77,20.024,54380
2014-08-07,20.05,20.13,19.88,19.99,42139
2014-08-08,19.995,20.185,19.845,19.941,49696
2014-08-11,19.92,20.11,19.845,20.095,31057
2014-08-12,20.015,20.155,19.875,19.905,43736
2014-08-13,19.925,20.085,19.705,19.845,48703
2014-08-14,19.82,19.985,19.785,19.906,36087
2014-08-15,19.865,19.955,19.505,19.525,56191
2014-08-18,19.58,19.695,19.47,19.635,26561
2014-08-19,19.595,19.7,19.365,19.412,36665
2014-08-20,19.425,19.585,19.395,19.497,41948
2014-08-21,19.465,19.48,19.285,19.415,40257
2014-08-22,19.425,19.55,19.285,19.386,44065
2014-08-25,19.415,19.47,19.295,19.358,27177
2014-08-26,19.325,19.66,19.305,19.386,47892
2014-08-27,19.34,19.475,19.285,19.405,41245
2014-08-28,19.48,19.95,19.47,19.609,58212
2014-08-29,19.54,19.675,19.475,19.492,31221
2014-09-01,19.495,19.565,19.11,19.152,54206
2014-09-02,19.405,19.47,19.04,19.071,327
2014-09-03,19.21,19.28,19.135,19.189,28035
2014-09-04,19.215,19.39,19.045,19.138,40515
2014-09-05,19.065,19.28,19.02,19.156,26620
2014-09-08,19.19,19.345,18.93,18.961,29560
2014-09-09,19.055,19.155,18.89,18.92,32555
2014-09-10,19.08,19.125,18.9,18.926,33966
2014-09-11,18.96,18.985,18.57,18.599,59092
2014-09-12,18.685,18.72,18.455,18.606,42608
2014-09-15,18.61,18.71,18.555,18.62,26314
2014-09-16,18.645,18.885,18.61,18.721,40741
2014-09-17,18.695,18.8,18.49,18.734,33292
2014-09-18,18.51,18.62,18.27,18.517,44856
2014-09-19,18.525,18.595,17.78,17.844,66513
2014-09-22,17.855,17.865,17.325,17.774,76993
2014-09-23,17.725,17.99,17.61,17.779,48466
2014-09-24,17.765,17.87,17.51,17.702,51459
2014-09-25,17.675,17.69,17.27,17.438,54829
2014-09-26,17.5,17.725,17.44,17.537,38520
2014-09-29,17.575,17.635,17.43,17.567,27885
2014-09-30,17.46,17.575,16.85,17.057,65186
2014-10-01,16.975,17.44,16.865,17.259,49855
2014-10-02,17.19,17.35,16.93,17.047,40699
2014-10-03,17.06,17.155,16.64,16.826,49086
2014-10-06,16.805,17.36,16.66,17.225,39327
2014-10-07,17.34,17.625,17.085,17.24,43604
2014-10-08,17.195,17.465,17.055,17.064,46890
2014-10-09,17.37,17.72,17.325,17.418,52087
2014-10-10,17.36,17.42,17.205,17.303,32062
2014-10-13,17.36,17.68,17.28,17.345,28589
2014-10-14,17.5,17.57,17.325,17.403,25578
2014-10-15,17.38,17.82,17.02,17.464,66541
2014-10-16,17.45,17.54,17.2,17.437,37546
2014-10-17,17.37,17.44,17.22,17.331,26078
2014-10-20,17.335,17.52,17.25,17.354,23437
2014-10-21,17.42,17.655,17.355,17.549,34429
2014-10-22,17.52,17.535,17.115,17.231,37618
2014-10-23,17.175,17.25,17.035,17.158,30342
2014-10-24,17.2,17.355,17.135,17.182,28616
2014-10-27,17.185,17.23,17.08,17.161,20799
2014-10-28,17.095,17.4,17.06,17.226,31468
2014-10-29,17.2,17.315,17.015,17.264,32278
2014-10-30,17.095,17.205,16.33,16.42,83428
2014-10-31,16.495,16.515,15.635,16.106,82131
2014-11-03,16.11,16.22,15.74,16.201,40942
2014-11-04,16.115,16.165,15.905,15.953,36422
2014-11-05,16.02,16.045,15.12,15.439,83754
2014-11-06,15.34,15.455,15.205,15.413,47554
2014-11-07,15.405,15.88,15.04,15.714,74108
2014-11-10,15.8,15.88,15.48,15.671,49089
2014-11-11,15.595,15.88,15.445,15.678,43829
2014-11-12,15.685,15.765,15.545,15.623,48949
2014-11-13,15.64,15.79,15.535,15.621,37515
2014-11-14,15.63,16.38,15.25,16.314,82628
2014-11-17,16.305,16.455,16.015,16.057,59511
2014-11-18,16.13,16.4,15.97,16.174,46049
2014-11-19,16.165,16.535,15.87,16.294,85895
2014-11-20,16.12,16.32,15.955,16.137,45481
2014-11-21,16.255,16.6,16.095,16.395,73057
2014-11-24,16.365,16.47,16.245,16.376,58074
2014-11-25,16.435,16.69,16.435,16.553,71173
2014-11-26,16.715,16.715,16.515,16.606,35280
2014-11-27,16.54,16.575,15.41,15.556,72003
2014-11-28,16.495,16.51,15.365,15.489,5086
2014-12-01,15.39,16.81,14.155,16.692,119906
2014-12-02,16.495,16.535,16.07,16.456,60805
2014-12-03,16.465,16.595,16.235,16.412,37717
2014-12-04,16.425,16.68,16.375,16.575,32407
2014-12-05,16.475,16.56,16.22,16.258,38179
2014-12-08,16.25,16.44,16.165,16.276,24599
2014-12-09,16.36,17.23,16.29,17.134,66809
2014-12-10,17.125,17.355,16.95,17.187,47676
2014-12-11,17.065,17.24,16.945,17.112,34163
2014-12-12,17.11,17.23,17.01,17.057,29513
2014-12-15,17.05,17.08,16.135,16.563,43609
2014-12-16,16.205,16.665,15.54,15.752,73530
2014-12-17,15.755,16.06,15.615,15.928,47393
2014-12-18,15.755,16.23,15.74,15.934,33972
2014-12-19,15.875,16.11,15.83,16.03,22629
2014-12-22,16.15,16.175,15.53,15.688,33486
2014-12-23,15.675,15.895,15.56,15.767,24379
2014-12-24,15.775,15.865,15.68,15.71,11181
2014-12-26,15.78,16.305,15.765,16.147,16673
2014-12-29,16.08,16.255,15.72,15.779,26819
2014-12-30,15.81,16.48,15.75,16.276,36735
2014-12-31,16.25,16.31,15.545,15.599,26622
2015-01-02,15.73,16.06,15.51,15.768,31561
2015-01-05,15.795,16.26,15.63,16.213,47134
2015-01-06,16.16,16.74,16.115,16.637,43728
2015-01-07,16.575,16.66,16.3,16.544,35680
2015-01-08,16.545,16.665,16.305,16.385,27837
2015-01-09,16.375,16.625,16.21,16.419,33055
2015-01-12,16.495,16.69,16.43,16.564,25302
2015-01-13,16.59,17.215,16.57,17.156,64870
2015-01-14,17.07,17.095,16.56,16.988,47980
2015-01-15,16.84,17.24,16.71,17.102,58854
2015-01-16,16.965,17.865,16.89,17.75,66276
2015-01-19,17.84,18.045,17.63,17.956,61293
2015-01-20,17.955,18,17.947,17.947,24
2015-01-21,18.01,18.505,17.915,18.193,58031
2015-01-22,18.16,18.49,17.89,18.36,44485
2015-01-23,18.335,18.415,18.12,18.3,32916
2015-01-26,18.3,18.49,17.865,17.983,35514
2015-01-27,17.92,18.215,17.405,18.084,33457
2015-01-28,18.045,18.175,17.945,18.088,28312
2015-01-29,18,18.05,16.74,16.773,76053
2015-01-30,16.99,17.32,16.815,17.208,45052
2015-02-02,17.155,17.34,16.995,17.251,31081
2015-02-03,17.24,17.75,17.07,17.321,49859
2015-02-04,17.33,17.67,17.17,17.395,40738
2015-02-05,17.37,17.5,16.92,17.196,40581
2015-02-06,17.28,17.37,16.545,16.694,61739
2015-02-09,16.785,17.145,16.685,17.07,39554
2015-02-10,16.965,17.095,16.715,16.873,38627
2015-02-11,16.93,17.075,16.71,16.761,40356
2015-02-12,16.795,17.04,16.605,16.794,39397
2015-02-13,16.84,17.43,16.835,17.294,49504
2015-02-16,17.325,17.4,16.26,16.378,82646
2015-02-17,16.362,16.362,16.362,16.362,0
2015-02-18,16.48,16.575,16.23,16.265,51721
2015-02-19,16.445,16.77,16.32,16.381,40080
2015-02-20,16.345,16.555,16.16,16.273,45870
2015-02-23,16.255,16.59,16.065,16.254,45290
2015-02-24,16.3,16.455,16.04,16.188,42841
2015-02-25,16.285,16.7,16.28,16.43,49194
2015-02-26,16.535,16.905,16.52,16.624,41415
2015-02-27,16.565,16.7,16.425,16.558,28820
2015-03-02,16.575,16.79,16.35,16.451,26911
2015-03-03,16.405,16.58,16.07,16.296,41769
2015-03-04,16.26,16.36,16.055,16.158,25616
2015-03-05,16.22,16.355,16.14,16.158,22400
2015-03-06,16.185,16.235,15.745,15.807,44539
2015-03-09,15.93,15.96,15.705,15.776,24406
2015-03-10,15.72,15.825,15.58,15.633,33403
2015-03-11,15.625,15.73,15.26,15.365,40737
2015-03-12,15.47,15.685,15.385,15.516,29534
2015-03-13,15.565,15.66,15.455,15.494,22867
2015-03-16,15.63,15.755,15.49,15.617,26219
2015-03-17,15.625,15.72,15.36,15.578,35465
2015-03-18,15.53,16.095,15.43,15.541,38295
2015-03-19,15.93,16.205,15.795,16.114,40543
2015-03-20,16.125,16.89,16.08,16.883,60334
2015-03-23,16.755,17.09,16.61,16.891,43227
2015-03-24,16.995,17.04,16.805,16.983,36515
2015-03-25,16.935,17.14,16.84,17,29960
2015-03-26,16.97,17.405,16.91,17.14,45162
2015-03-27,17.085,17.195,16.855,17.069,40122
2015-03-30,16.99,16.99,16.625,16.674,32062
2015-03-31,16.705,16.82,16.435,16.598,35811
2015-04-01,16.62,17.075,16.5,17.059,42377
2015-04-02,16.935,17,16.57,16.701,38399
2015-04-06,16.995,17.31,16.935,17.11,33619
2015-04-07,16.96,16.975,16.73,16.84,29741
2015-04-08,16.845,16.905,16.37,16.454,48351
2015-04-09,16.5,16.51,16.105,16.176,46100
2015-04-10,16.14,16.65,16.14,16.382,50099
2015-04-13,16.42,16.51,16.225,16.291,35535
2015-04-14,16.28,16.34,15.955,16.161,45454
2015-04-15,16.145,16.37,16.045,16.279,41454
2015-04-16,16.29,16.475,16.1,16.284,45033
2015-04-17,16.26,16.49,16.185,16.229,40039
2015-04-20,16.275,16.34,15.82,15.889,54536
2015-04-21,15.92,16.165,15.86,16.008,53046
2015-04-22,15.965,16.075,15.655,15.796,53971
2015-04-23,15.76,15.92,15.705,15.829,45097
2015-04-24,15.84,15.885,15.55,15.636,62397
2015-04-27,15.73,16.445,15.68,16.394,75679
2015-04-28,16.375,16.66,16.275,16.591,60635
2015-04-29,16.62,16.725,16.415,16.702,55487
2015-04-30,16.575,16.73,15.8,16.153,63637
2015-05-01,16.145,16.26,15.895,16.135,32286
2015-05-04,16.13,16.765,16.125,16.441,46035
2015-05-05,16.4,16.705,16.345,16.579,32828
2015-05-06,16.54,16.65,16.385,16.506,31191
2015-05-07,16.535,16.555,16.16,16.297,37264
2015-05-08,16.305,16.555,16.26,16.465,32980
2015-05-11,16.415,16.55,16.2,16.314,33892
2015-05-12,16.285,16.595,16.12,16.526,38559
2015-05-13,16.52,17.235,16.48,17.221,77187
2015-05-14,17.16,17.585,17.07,17.465,63924
2015-05-15,17.46,17.585,17.205,17.563,47597
2015-05-18,17.535,17.775,17.475,17.732,39804
2015-05-19,17.705,17.735,16.87,17.071,59140
2015-05-20,17.095,17.28,16.935,17.113,34826
2015-05-21,17.1,17.25,17,17.132,21286
2015-05-22,17.14,17.335,16.94,17.051,31247
2015-05-25,17.05,17.18,16.645,16.746,48457
2015-05-26,16.995,17.08,16.734,16.734,114
2015-05-27,16.735,16.81,16.58,16.647,31979
2015-05-28,16.675,16.775,16.54,16.669,35366
2015-05-29,16.67,16.85,16.64,16.701,30474
2015-06-01,16.695,17.17,16.59,16.68,56485
2015-06-02,16.725,16.84,16.61,16.799,41683
2015-06-03,16.775,16.795,16.375,16.48,56525
2015-06-04,16.48,16.5,16.065,16.103,54533
2015-06-05,16.065,16.16,15.925,15.984,59676
2015-06-08,16.04,16.11,15.88,15.959,46033
2015-06-09,15.92,16.135,15.905,15.957,45738
2015-06-10,15.91,16.19,15.895,15.959,45246
2015-06-11,15.96,16.04,15.77,15.96,49747
2015-06-12,15.98,16.005,15.785,15.825,37562
2015-06-15,15.9,16.235,15.81,16.083,49646
2015-06-16,16.035,16.105,15.85,15.965,33996
2015-06-17,15.965,16.25,15.885,15.947,39274
2015-06-18,16.075,16.43,16.02,16.153,58280
2015-06-19,16.11,16.19,15.87,16.109,36158
2015-06-22,16.1,16.23,15.985,16.142,52300
2015-06-23,16.135,16.175,15.67,15.737,71688
2015-06-24,15.81,15.885,15.72,15.853,48881
2015-06-25,15.85,15.91,15.73,15.808,47052
2015-06-26,15.815,15.865,15.45,15.735,56759
2015-06-29,15.865,16.04,15.66,15.695,52415
2015-06-30,15.77,15.84,15.435,15.581,59454
2015-07-01,15.615,15.685,15.5,15.577,31339
2015-07-02,15.53,15.755,15.45,15.562,35020
2015-07-03,15.715,15.82,15.495,15.753,39919
2015-07-06,15.655,15.726,15.485,15.726,87
2015-07-07,15.67,15.71,14.62,14.969,95490
2015-07-08,15.005,15.22,14.705,15.163,65789
2015-07-09,15.11,15.525,14.975,15.361,46019
2015-07-10,15.375,15.635,15.34,15.481,30252
2015-07-13,15.555,15.9,15.27,15.457,37582
2015-07-14,15.48,15.48,15.235,15.315,28080
2015-07-15,15.325,15.36,14.96,15.048,34768
2015-07-16,15.06,15.145,14.845,14.984,30835
2015-07-17,14.955,15.005,14.795,14.834,27753
2015-07-20,14.83,14.98,14.49,14.758,59333
2015-07-21,14.635,14.93,14.615,14.785,30462
2015-07-22,14.81,14.865,14.585,14.73,34469
2015-07-23,14.74,14.96,14.545,14.701,28246
2015-07-24,14.615,14.71,14.33,14.488,54030
2015-07-27,14.69,14.74,14.495,14.605,31236
2015-07-28,14.515,14.675,14.51,14.642,27410
2015-07-29,14.64,14.9,14.57,14.743,36947
2015-07-30,14.775,14.815,14.58,14.696,32479
2015-07-31,14.695,14.97,14.51,14.745,46312
2015-08-03,14.75,14.765,14.39,14.515,37737
2015-08-04,14.45,14.625,14.345,14.557,35563
2015-08-05,14.545,14.675,14.465,14.553,34445
2015-08-06,14.545,14.735,14.49,14.677,32730
2015-08-07,14.63,14.99,14.565,14.821,62034
2015-08-10,14.75,15.375,14.705,15.292,57542
2015-08-11,15.23,15.38,15.065,15.284,64514
2015-08-12,15.29,15.57,15.125,15.476,67362
2015-08-13,15.515,15.555,15.265,15.399,48729
2015-08-14,15.4,15.585,15.14,15.213,46381
2015-08-17,15.225,15.375,15.18,15.298,30115
2015-08-18,15.3,15.325,14.68,14.79,63485
2015-08-19,14.865,15.32,14.795,15.179,62384
2015-08-20,15.27,15.56,15.255,15.517,53426
2015-08-21,15.54,15.715,15.105,15.301,58064
2015-08-24,15.345,15.39,14.555,14.762,100311
2015-08-25,14.795,14.93,14.52,14.61,67842
2015-08-26,14.675,14.705,13.91,14.041,69360
2015-08-27,14.1,14.56,14.05,14.417,59871
2015-08-28,14.505,14.67,14.35,14.549,46525
2015-08-31,14.58,14.67,14.39,14.586,29890
2015-09-01,14.595,14.755,14.495,14.62,36884
2015-09-02,14.585,14.815,14.425,14.667,38221
2015-09-03,14.66,14.95,14.55,14.707,32236
2015-09-04,14.69,14.825,14.475,14.549,26611
2015-09-07,14.55,14.88,14.44,14.755,42657
2015-09-08,14.63,14.855,14.44,14.75,233
2015-09-09,14.795,14.93,14.56,14.576,34421
2015-09-10,14.59,14.845,14.535,14.645,33327
2015-09-11,14.685,14.745,14.25,14.505,41110
2015-09-14,14.555,14.59,14.31,14.363,24504
2015-09-15,14.365,14.41,14.24,14.326,22256
2015-09-16,14.37,14.965,14.31,14.885,51336
2015-09-17,14.925,15.275,14.77,14.984,42376
2015-09-18,15.12,15.435,15.015,15.163,46418
2015-09-21,15.165,15.245,15.08,15.221,22245
2015-09-22,15.18,15.22,14.695,14.756,45914
2015-09-23,14.765,14.91,14.685,14.789,26772
2015-09-24,14.765,15.18,14.745,15.13,45678
2015-09-25,15.07,15.185,14.945,15.111,29903
2015-09-28,15.07,15.11,14.47,14.538,57207
2015-09-29,14.585,14.7,14.455,14.573,33134
2015-09-30,14.605,14.725,14.435,14.518,37056
2015-10-01,14.5,14.67,14.43,14.511,28153
2015-10-02,14.49,15.3,14.36,15.263,70556
2015-10-05,15.25,15.73,15.1,15.708,61892
2015-10-06,15.62,16.09,15.57,15.984,60224
2015-10-07,15.89,16.115,15.82,16.094,44104
2015-10-08,16.055,16.08,15.375,15.766,59343
2015-10-09,15.68,16.01,15.585,15.818,41668
2015-10-12,15.795,16.075,15.765,15.864,36444
2015-10-13,15.815,15.985,15.615,15.907,40665
2015-10-14,15.91,16.195,15.79,16.117,60334
2015-10-15,16.13,16.195,15.9,16.164,47364
2015-10-16,16.12,16.165,15.935,16.114,32338
2015-10-19,16.015,16.04,15.735,15.841,35462
2015-10-20,15.83,15.965,15.74,15.917,38767
2015-10-21,15.9,15.94,15.61,15.71,40330
2015-10-22,15.68,15.91,15.64,15.837,33495
2015-10-23,15.815,16.1,15.705,15.827,48550
2015-10-26,15.845,15.98,15.77,15.905,24971
2015-10-27,15.84,15.95,15.78,15.863,27445
2015-10-28,15.86,16.37,15.72,16.293,72128
2015-10-29,15.935,16.01,15.535,15.55,62481
2015-10-30,15.6,15.655,15.475,15.567,40004
2015-11-02,15.535,15.55,15.25,15.408,40797
2015-11-03,15.4,15.45,15.2,15.239,35435
2015-11-04,15.255,15.325,15.025,15.058,39663
2015-11-05,15.065,15.09,14.91,14.983,42796
2015-11-06,14.96,15.045,14.685,14.691,54954
2015-11-09,14.73,14.76,14.395,14.413,50392
2015-11-10,14.515,14.555,14.265,14.356,58427
2015-11-11,14.375,14.49,14.23,14.263,50926
2015-11-12,14.275,14.465,14.155,14.225,67760
2015-11-13,14.25,14.35,14.14,14.204,39517
2015-11-16,14.265,14.42,14.17,14.222,43024
2015-11-17,14.22,14.25,14.08,14.171,48103
2015-11-18,14.145,14.21,13.99,14.081,48025
2015-11-19,14.14,14.37,14.09,14.222,47794
2015-11-20,14.23,14.37,14.04,14.096,48931
2015-11-23,14.135,14.155,13.855,14.032,58075
2015-11-24,14.09,14.27,14.02,14.159,59731
2015-11-25,14.16,14.24,13.995,14.158,54195
2015-11-26,14.17,14.375,13.93,14.048,53213
2015-11-27,14.16,14.35,13.905,14.008,17231
2015-11-30,14.045,14.18,13.975,14.086,27922
2015-12-01,14.06,14.24,14.04,14.083,31412
2015-12-02,14.165,14.21,13.9,14.009,36161
2015-12-03,13.975,14.145,13.805,14.077,46119
2015-12-04,14.1,14.61,14.02,14.528,59702
2015-12-07,14.59,14.64,14.205,14.332,41322
2015-12-08,14.22,14.31,14.065,14.116,38788
2015-12-09,14.13,14.335,14.105,14.189,38025
2015-12-10,14.155,14.225,14.09,14.11,22051
2015-12-11,14.07,14.135,13.75,13.884,53106
2015-12-14,13.9,13.965,13.62,13.695,43041
2015-12-15,13.655,13.81,13.635,13.77,38120
2015-12-16,13.745,14.31,13.745,14.248,55179
2015-12-17,14.195,14.225,13.665,13.703,48010
2015-12-18,13.71,14.195,13.685,14.096,45144
2015-12-21,14.11,14.33,14.045,14.315,38608
2015-12-22,14.24,14.4,14.215,14.314,31870
2015-12-23,14.26,14.345,14.2,14.287,22402
2015-12-24,14.3,14.4,14.265,14.379,13689
2015-12-28,14.365,14.425,13.85,13.884,34871
2015-12-29,13.915,14.055,13.9,13.928,24702
2015-12-30,13.925,13.985,13.75,13.842,24313
2015-12-31,13.865,13.96,13.765,13.803,17244
2016-01-04,13.815,14.185,13.8,13.841,51627
2016-01-05,13.86,14.065,13.845,13.971,29584
2016-01-06,13.95,14.135,13.855,13.976,40052
2016-01-07,13.995,14.385,13.92,14.344,68535
2016-01-08,14.325,14.34,13.87,13.918,52186
2016-01-11,13.965,14.075,13.825,13.866,41858
2016-01-12,13.875,13.91,13.73,13.751,38755
2016-01-13,13.785,14.205,13.75,14.156,50024
2016-01-14,14.175,14.185,13.74,13.748,50729
2016-01-15,13.85,14.135,13.765,13.896,44607
2016-01-18,13.92,14.185,13.84,14.121,46360
2016-01-19,14.065,14.11,14.065,14.11,3
2016-01-20,14.035,14.22,13.995,14.16,39848
2016-01-21,14.175,14.21,13.885,14.094,48797
2016-01-22,14.115,14.36,14.02,14.057,45772
2016-01-25,14.065,14.31,14.025,14.254,37400
2016-01-26,14.255,14.58,14.22,14.564,56610
2016-01-27,14.515,14.585,14.36,14.459,37694
2016-01-28,14.51,14.54,14.07,14.232,43768
2016-01-29,14.25,14.31,14.16,14.243,32360
2016-02-01,14.255,14.42,14.2,14.343,35147
2016-02-02,14.345,14.405,14.23,14.289,34182
2016-02-03,14.31,14.82,14.27,14.734,65068
2016-02-04,14.705,14.93,14.65,14.85,52524
2016-02-05,14.88,15.065,14.67,14.778,53899
2016-02-08,15,15.48,14.9,15.426,69518
2016-02-09,15.36,15.47,15.205,15.449,54349
2016-02-10,15.285,15.325,15.11,15.282,57397
2016-02-11,15.285,15.99,15.285,15.794,93359
2016-02-12,15.805,15.845,15.65,15.79,53860
2016-02-15,15.705,15.74,15.155,15.334,87038
2016-02-16,15.385,15.385,15.329,15.329,7
2016-02-17,15.275,15.415,15.19,15.377,60011
2016-02-18,15.315,15.57,15.225,15.432,62250
2016-02-19,15.42,15.495,15.29,15.373,50791
2016-02-22,15.365,15.37,14.945,15.184,67443
2016-02-23,15.19,15.32,15.17,15.24,59962
2016-02-24,15.3,15.595,15.185,15.297,83784
2016-02-25,15.24,15.33,15.03,15.17,68976
2016-02-26,15.175,15.26,14.695,14.714,72788
2016-02-29,14.755,14.945,14.61,14.918,52668
2016-03-01,14.915,15.105,14.745,14.756,40657
2016-03-02,14.83,15.045,14.77,15.022,39822
2016-03-03,14.98,15.34,14.865,15.146,43618
2016-03-04,15.23,15.84,15.15,15.694,85078
2016-03-07,15.575,15.83,15.495,15.633,48852
2016-03-08,15.65,15.76,15.35,15.39,52201
2016-03-09,15.37,15.455,15.205,15.366,44004
2016-03-10,15.31,15.665,15.165,15.549,63692
2016-03-11,15.615,15.755,15.48,15.605,45379
2016-03-14,15.52,15.85,15.31,15.521,58167
2016-03-15,15.375,15.42,15.2,15.261,38695
2016-03-16,15.29,15.675,15.21,15.219,47236
2016-03-17,15.625,16.075,15.565,16.033,79229
2016-03-18,15.97,16.17,15.755,15.811,46014
2016-03-21,15.83,15.925,15.725,15.847,33913
2016-03-22,15.855,16.04,15.79,15.885,46578
2016-03-23,15.885,15.935,15.235,15.272,76678
2016-03-24,15.275,15.335,15.105,15.199,41065
2016-03-28,15.19,15.375,15.14,15.19,27238
2016-03-29,15.23,15.375,15.06,15.233,47509
2016-03-30,15.36,15.46,15.175,15.211,45023
2016-03-31,15.215,15.55,15.2,15.464,40380
2016-04-01,15.445,15.48,14.785,15.046,71485
2016-04-04,15.025,15.105,14.895,14.944,36396
2016-04-05,14.94,15.22,14.925,15.116,40471
2016-04-06,15.13,15.195,14.915,15.054,41545
2016-04-07,15.055,15.365,15.055,15.158,51593
2016-04-08,15.215,15.39,15.12,15.384,43343
2016-04-11,15.38,15.985,15.37,15.976,74212
2016-04-12,15.95,16.23,15.8,16.222,75570
2016-04-13,16.2,16.345,16.015,16.325,68654
2016-04-14,16.23,16.27,15.925,16.173,60581
2016-04-15,16.185,16.395,16.11,16.313,46567
2016-04-18,16.295,16.34,16.13,16.253,45771
2016-04-19,16.235,17.11,16.18,16.972,107564
2016-04-20,16.96,17.255,16.855,17.135,92976
2016-04-21,16.96,17.72,16.755,17.09,142292
2016-04-22,17.015,17.36,16.855,16.9,88301
2016-04-25,16.9,17.14,16.81,17.009,63001
2016-04-26,17.005,17.175,16.835,17.11,83610
2016-04-27,17.16,17.435,17.055,17.289,75957
2016-04-28,17.285,17.695,17.185,17.588,72240
2016-04-29,17.63,18.02,17.615,17.819,66179
2016-05-02,17.92,18.06,17.53,17.682,55822
2016-05-03,17.605,17.76,17.365,17.499,61625
2016-05-04,17.45,17.51,17.215,17.301,51199
2016-05-05,17.41,17.685,17.285,17.327,55052
2016-05-06,17.37,17.635,17.22,17.527,52447
2016-05-09,17.46,17.505,16.96,17.089,56675
2016-05-10,17.05,17.19,16.925,17.092,43222
2016-05-11,17.155,17.62,17.125,17.319,49965
2016-05-12,17.445,17.485,17,17.103,53793
2016-05-13,17.025,17.2,16.85,17.132,48013
2016-05-16,17.14,17.43,17.075,17.154,47425
2016-05-17,17.175,17.38,17.055,17.25,40690
2016-05-18,17.285,17.32,16.715,17.132,61958
2016-05-19,16.855,16.95,16.35,16.493,76514
2016-05-20,16.5,16.675,16.435,16.532,39218
2016-05-23,16.5,16.59,16.325,16.423,38865
2016-05-24,16.4,16.455,16.21,16.254,45128
2016-05-25,16.235,16.38,16.185,16.261,47068
2016-05-26,16.335,16.585,16.25,16.343,50577
2016-05-27,16.335,16.395,16.14,16.269,38776
2016-05-30,16.22,16.245,15.915,15.994,68822
2016-05-31,16.01,16.105,15.96,15.972,80
2016-06-01,16.02,16.105,15.83,15.927,56796
2016-06-02,15.985,16.065,15.925,16.025,39218
2016-06-03,16.015,16.47,15.97,16.365,59397
2016-06-06,16.415,16.545,16.365,16.447,45693
2016-06-07,16.485,16.49,16.245,16.394,54579
2016-06-08,16.41,17.115,16.39,16.985,74543
2016-06-09,17.055,17.34,16.95,17.268,62725
2016-06-10,17.28,17.38,17.16,17.33,52619
2016-06-13,17.33,17.465,17.105,17.443,62180
2016-06-14,17.46,17.5,17.225,17.424,49003
2016-06-15,17.4,17.635,17.355,17.503,52042
2016-06-16,17.55,17.88,17.17,17.607,83634
2016-06-17,17.21,17.53,17.21,17.411,63723
2016-06-20,17.46,17.66,17.3,17.514,62870
2016-06-21,17.5,17.605,17.19,17.319,74769
2016-06-22,17.31,17.355,17.125,17.312,59636
2016-06-23,17.25,17.5,17.215,17.353,57374
2016-06-24,17.15,18.37,17.105,17.789,84604
2016-06-27,17.79,17.94,17.66,17.744,71075
2016-06-28,17.8,17.88,17.55,17.843,61138
2016-06-29,17.865,18.58,17.845,18.407,90510
2016-06-30,18.36,18.9,18.26,18.623,56077
2016-07-01,18.815,19.98,18.795,19.588,90850
2016-07-04,19.84,21.225,19.61,19.907,172612
2016-07-05,19.755,21.095,19.625,19.866,948
2016-07-06,20.015,20.585,19.93,20.203,77469
2016-07-07,20.165,20.335,19.525,19.838,68735
2016-07-08,19.735,20.39,19.28,20.099,81312
2016-07-11,20.4,20.76,20.17,20.304,73602
2016-07-12,20.365,20.595,20.02,20.171,82198
2016-07-13,20.22,20.55,19.955,20.413,61328
2016-07-14,20.45,20.615,20.06,20.322,61947
2016-07-15,20.39,20.395,20.06,20.165,51470
2016-07-18,20.235,20.295,19.77,20.075,49920
2016-07-19,20.115,20.125,19.87,20.007,36198
2016-07-20,19.97,20.05,19.385,19.613,60504
2016-07-21,19.45,19.935,19.27,19.815,62356
2016-07-22,19.87,20.02,19.62,19.689,45736
2016-07-25,19.695,19.76,19.355,19.647,44996
2016-07-26,19.625,19.8,19.49,19.683,33528
2016-07-27,19.71,20.47,19.575,19.995,71222
2016-07-28,20.42,20.585,20.155,20.192,64914
2016-07-29,20.225,20.455,20.005,20.347,65046
2016-08-01,20.41,20.695,20.335,20.5,57831
2016-08-02,20.53,20.835,20.385,20.701,64984
2016-08-03,20.675,20.77,20.405,20.471,45736
2016-08-04,20.45,20.55,20.08,20.443,58935
2016-08-05,20.41,20.47,19.715,19.817,81161
2016-08-08,19.55,19.89,19.515,19.805,49353
2016-08-09,19.75,19.9,19.605,19.85,44727
2016-08-10,19.92,20.515,19.9,20.17,73110
2016-08-11,20.19,20.34,19.905,20.02,73469
2016-08-12,20,20.235,19.66,19.703,77228
2016-08-15,19.755,20.05,19.7,19.847,44248
2016-08-16,19.855,20.12,19.715,19.874,71350
2016-08-17,19.82,19.895,19.375,19.648,78987
2016-08-18,19.695,19.94,19.625,19.74,71168
2016-08-19,19.775,19.8,19.22,19.317,81213
2016-08-22,19.25,19.25,18.71,18.859,91310
2016-08-23,18.865,19.09,18.77,18.922,64030
2016-08-24,18.82,18.965,18.5,18.556,72851
2016-08-25,18.5,18.62,18.44,18.489,54905
2016-08-26,18.49,19.035,18.47,18.651,83385
2016-08-29,18.61,18.88,18.37,18.768,47463
2016-08-30,18.96,19.04,18.645,18.673,55575
2016-08-31,18.66,18.93,18.6,18.707,43363
2016-09-01,18.72,18.995,18.65,18.943,46527
2016-09-02,18.955,19.535,18.825,19.366,69380
2016-09-05,19.47,20.22,19.38,20.138,99642
2016-09-06,19.395,20.1,19.315,20.049,825
2016-09-07,20.115,20.235,19.815,19.848,54324
2016-09-08,19.87,20.02,19.63,19.678,51477
2016-09-09,19.68,19.725,19.08,19.368,54917
2016-09-12,19.205,19.245,18.765,19,82094
2016-09-13,19.16,19.35,18.855,18.975,60570
2016-09-14,18.94,19.175,18.845,19.066,37246
2016-09-15,19.02,19.28,18.875,19.041,46085
2016-09-16,19.06,19.085,18.715,18.862,42330
2016-09-19,18.845,19.38,18.84,19.29,48785
2016-09-20,19.22,19.365,19.145,19.277,35849
2016-09-21,19.32,19.955,19.07,19.768,86743
2016-09-22,19.9,20.145,19.785,20.099,72408
2016-09-23,19.96,20.025,19.665,19.81,48150
2016-09-26,19.79,19.825,19.425,19.596,54905
2016-09-27,19.51,19.61,19.045,19.165,66947
2016-09-28,19.19,19.27,18.975,19.121,51262
2016-09-29,19.255,19.46,19.05,19.188,54074
2016-09-30,19.16,19.77,19.12,19.214,71481
2016-10-03,19.26,19.385,18.75,18.868,54286
2016-10-04,18.875,18.94,17.745,17.775,103458
2016-10-05,17.805,18.04,17.585,17.695,76915
2016-10-06,17.785,17.88,17.14,17.345,70900
2016-10-07,17.345,17.685,17.115,17.38,88858
2016-10-10,17.6,17.84,17.57,17.659,58017
2016-10-11,17.66,17.855,17.465,17.509,59880
2016-10-12,17.495,17.64,17.38,17.505,45845
2016-10-13,17.515,17.705,17.43,17.458,49804
2016-10-14,17.525,17.6,17.315,17.441,53584
2016-10-17,17.45,17.515,17.36,17.474,32935
2016-10-18,17.46,17.73,17.455,17.638,58369
2016-10-19,17.625,17.79,17.57,17.663,43322
2016-10-20,17.695,17.745,17.45,17.549,50751
2016-10-21,17.535,17.56,17.395,17.493,34289
2016-10-24,17.52,17.89,17.465,17.604,62957
2016-10-25,17.605,17.82,17.51,17.78,50473
2016-10-26,17.77,17.87,17.575,17.626,50238
2016-10-27,17.615,17.725,17.545,17.639,44878
2016-10-28,17.6,17.935,17.505,17.796,69831
2016-10-31,17.8,17.925,17.755,17.796,48489
2016-11-01,17.89,18.51,17.85,18.418,92623
2016-11-02,18.375,18.75,18.36,18.693,78454
2016-11-03,18.5,18.645,17.995,18.416,81281
2016-11-04,18.36,18.48,18.185,18.371,56398
2016-11-07,18.27,18.29,18.005,18.151,60418
2016-11-08,18.2,18.73,18.175,18.356,82833
2016-11-09,18.4,19.005,18.275,18.378,156618
2016-11-10,18.475,18.99,18.38,18.737,115364
2016-11-11,18.605,18.85,17.17,17.382,171369
2016-11-14,17.39,17.49,16.62,16.893,129848
2016-11-15,16.92,17.135,16.82,17.043,69762
2016-11-16,17.085,17.235,16.855,16.927,61534
2016-11-17,16.96,17.08,16.575,16.772,71536
2016-11-18,16.67,16.745,16.43,16.624,79486
2016-11-21,16.6,16.755,16.505,16.521,56232
2016-11-22,16.58,16.885,16.52,16.632,65281
2016-11-23,16.645,16.725,16.155,16.391,78774
2016-11-24,16.375,16.575,16.15,16.47,91685
2016-11-25,16.54,16.54,16.464,16.464,1
2016-11-28,16.56,16.85,16.435,16.583,66688
2016-11-29,16.69,16.78,16.47,16.74,61485
2016-11-30,16.69,16.83,16.465,16.482,59655
2016-12-01,16.555,16.735,16.3,16.506,61519
2016-12-02,16.585,16.87,16.375,16.832,62618
2016-12-05,16.94,17.05,16.545,16.899,55811
2016-12-06,16.79,16.955,16.745,16.81,46293
2016-12-07,16.78,17.3,16.705,17.275,65161
2016-12-08,17.2,17.29,17.025,17.096,46673
2016-12-09,17.075,17.185,16.85,16.967,45837
2016-12-12,16.915,17.265,16.735,17.187,53316
2016-12-13,17.13,17.23,16.83,16.977,46345
2016-12-14,16.965,17.29,16.805,17.221,63167
2016-12-15,16.855,17,15.925,15.958,106120
2016-12-16,15.99,16.33,15.975,16.215,56461
2016-12-19,16.12,16.265,15.955,16.089,37658
2016-12-20,16.015,16.165,15.675,16.117,58270
2016-12-21,16.15,16.24,15.95,15.979,44954
2016-12-22,16,16.085,15.815,15.871,42779
2016-12-23,15.855,15.9,15.735,15.759,25171
2016-12-27,15.805,16.105,15.755,15.989,31243
2016-12-28,16.01,16.14,15.865,16.038,33568
2016-12-29,16.08,16.31,16.04,16.218,41876
2016-12-30,16.225,16.345,15.88,15.989,44624
2017-01-03,15.97,16.55,15.935,16.409,81143
2017-01-04,16.345,16.57,16.3,16.552,52451
2017-01-05,16.495,16.76,16.455,16.637,67641
2017-01-06,16.635,16.715,16.26,16.519,68136
2017-01-09,16.52,16.735,16.455,16.683,46502
2017-01-10,16.615,16.955,16.575,16.848,69884
2017-01-11,16.84,16.905,16.56,16.828,82615
2017-01-12,16.77,17.02,16.755,16.825,63040
2017-01-13,16.805,16.855,16.61,16.765,60844
2017-01-16,16.845,17.245,16.805,17.148,89801
2017-01-17,17.102,17.102,17.102,17.102,104
2017-01-18,17.23,17.36,17.06,17.274,59036
2017-01-19,17.075,17.125,16.745,17.002,79090
2017-01-20,17.025,17.195,16.84,17.032,64625
2017-01-23,17.12,17.285,17.075,17.186,51759
2017-01-24,17.25,17.31,17.025,17.185,51739
2017-01-25,17.11,17.13,16.78,16.98,63421
2017-01-26,17.01,17.05,16.68,16.85,53182
2017-01-27,16.8,17.26,16.635,17.136,64594
2017-01-30,17.17,17.295,17.08,17.152,57157
2017-01-31,17.13,17.635,17.105,17.543,73621
2017-02-01,17.57,17.665,17.36,17.45,66309
2017-02-02,17.565,17.745,17.415,17.429,63072
2017-02-03,17.485,17.54,17.26,17.479,65765
2017-02-06,17.52,17.76,17.46,17.693,46826
2017-02-07,17.74,17.795,17.56,17.756,55463
2017-02-08,17.7,17.875,17.62,17.705,66254
2017-02-09,17.78,17.845,17.615,17.741,65787
2017-02-10,17.64,18.02,17.545,17.933,90401
2017-02-13,17.94,18.015,17.755,17.821,59326
2017-02-14,17.81,18.09,17.73,17.889,78313
2017-02-15,17.955,17.99,17.755,17.963,71903
2017-02-16,17.97,18.14,17.935,18.074,73033
2017-02-17,18.075,18.095,17.97,18.03,54202
2017-02-20,17.995,18.07,17.815,18.001,108793
2017-02-21,17.99,18.05,17.96,17.99,189
2017-02-22,17.96,18.04,17.905,17.95,73451
2017-02-23,18,18.21,17.925,18.117,98976
2017-02-24,18.16,18.39,18.145,18.339,75359
2017-02-27,18.42,18.54,18.265,18.417,70994
2017-02-28,18.315,18.51,18.28,18.469,63458
2017-03-01,18.36,18.51,18.27,18.489,77477
2017-03-02,18.465,18.48,17.705,17.748,98439
2017-03-03,17.8,18.01,17.66,17.74,81257
2017-03-06,17.99,17.995,17.735,17.773,49103
2017-03-07,17.8,17.82,17.495,17.536,55268
2017-03-08,17.52,17.57,17.24,17.298,59436
2017-03-09,17.255,17.31,16.955,17.036,67226
2017-03-10,16.98,17.105,16.855,16.923,75847
2017-03-13,17.05,17.16,16.965,16.972,49017
2017-03-14,16.985,17.065,16.875,16.923,48424
2017-03-15,16.89,17.37,16.825,16.923,72905
2017-03-16,17.345,17.585,17.255,17.33,77175
2017-03-17,17.34,17.425,17.23,17.413,39665
2017-03-20,17.425,17.475,17.365,17.438,29238
2017-03-21,17.445,17.62,17.34,17.583,56000
2017-03-22,17.565,17.605,17.46,17.578,42978
2017-03-23,17.555,17.71,17.525,17.593,51803
2017-03-24,17.595,17.8,17.54,17.748,42178
2017-03-27,17.805,18.15,17.78,18.108,59649
2017-03-28,18.12,18.26,18.025,18.252,72055
2017-03-29,18.205,18.275,18.055,18.252,58005
2017-03-30,18.25,18.315,18.07,18.206,63765
2017-03-31,18.135,18.29,18.06,18.256,53639
2017-04-03,18.265,18.29,18.09,18.212,47761
2017-04-04,18.305,18.43,18.21,18.323,49053
2017-04-05,18.32,18.325,18.145,18.187,74381
2017-04-06,18.295,18.355,18.165,18.246,50602
2017-04-07,18.25,18.49,17.865,18.151,118604
2017-04-10,17.93,18.025,17.735,17.915,72882
2017-04-11,17.95,18.345,17.91,18.254,80612
2017-04-12,18.35,18.585,18.245,18.3,77025
2017-04-13,18.51,18.605,18.415,18.51,83592
2017-04-17,18.585,18.655,18.37,18.514,59150
2017-04-18,18.43,18.435,18.065,18.272,114186
2017-04-19,18.3,18.325,18.085,18.162,74701
2017-04-20,18.16,18.22,17.845,18.018,118560
2017-04-21,17.995,18.02,17.785,17.856,97311
2017-04-24,17.82,17.91,17.55,17.858,95603
2017-04-25,17.91,17.975,17.525,17.591,107036
2017-04-26,17.575,17.625,17.29,17.363,102002
2017-04-27,17.515,17.54,17.265,17.334,96192
2017-04-28,17.28,17.445,17.185,17.262,65784
2017-05-01,17.24,17.29,16.81,16.842,72465
2017-05-02,16.88,17.015,16.8,16.831,63428
2017-05-03,16.855,16.895,16.415,16.546,90349
2017-05-04,16.485,16.645,16.215,16.303,103602
2017-05-05,16.315,16.53,16.23,16.274,88650
2017-05-08,16.31,16.455,16.23,16.258,55076
2017-05-09,16.235,16.315,16.06,16.067,71187
2017-05-10,16.18,16.345,16.145,16.207,78419
2017-05-11,16.205,16.39,16.165,16.265,66282
2017-05-12,16.33,16.475,16.3,16.402,59660
2017-05-15,16.46,16.815,16.41,16.603,80986
2017-05-16,16.63,16.865,16.61,16.747,71849
2017-05-17,16.85,17.035,16.755,16.906,121338
2017-05-18,16.89,16.945,16.43,16.67,115491
2017-05-19,16.58,16.875,16.565,16.796,75945
2017-05-22,16.87,17.21,16.84,17.191,78642
2017-05-23,17.165,17.305,17.03,17.139,92733
2017-05-24,17.05,17.23,16.895,17.117,82156
2017-05-25,17.215,17.26,17.125,17.193,57923
2017-05-26,17.145,17.38,17.085,17.323,67807
2017-05-29,17.34,17.465,17.205,17.427,75848
2017-05-30,17.335,17.4,17.21,17.388,884
2017-05-31,17.385,17.42,17.225,17.406,73255
2017-06-01,17.315,17.37,16.985,17.281,88524
2017-06-02,17.27,17.58,17.115,17.525,104145
2017-06-05,17.55,17.65,17.495,17.581,49618
2017-06-06,17.545,17.745,17.515,17.71,75065
2017-06-07,17.71,17.725,17.505,17.62,67362
2017-06-08,17.56,17.68,17.285,17.414,86639
2017-06-09,17.485,17.495,17.155,17.223,70493
2017-06-12,17.17,17.215,16.89,16.944,91829
2017-06-13,16.945,16.955,16.705,16.767,97805
2017-06-14,16.82,17.365,16.79,17.136,127359
2017-06-15,16.875,17.065,16.62,16.716,101168
2017-06-16,16.72,16.8,16.62,16.661,68241
2017-06-19,16.67,16.68,16.445,16.502,73820
2017-06-20,16.465,16.605,16.36,16.417,80759
2017-06-21,16.415,16.495,16.315,16.374,84043
2017-06-22,16.4,16.64,16.4,16.509,92148
2017-06-23,16.515,16.76,16.515,16.647,75636
2017-06-26,16.695,16.745,16.225,16.572,81481
2017-06-27,16.55,16.72,16.49,16.588,89742
2017-06-28,16.62,16.83,16.615,16.727,76357
2017-06-29,16.835,16.915,16.615,16.654,97137
2017-06-30,16.635,16.705,16.505,16.627,71271
2017-07-03,16.635,16.645,16.075,16.092,94295
2017-07-04,16.135,16.19,15.85,15.896,138592
2017-07-05,16.1,16.1,15.835,15.842,615
2017-07-06,16.055,16.08,15.91,15.983,68308
2017-07-07,16.025,16.14,15.32,15.425,156691
2017-07-10,15.58,15.705,15.145,15.629,125082
2017-07-11,15.64,15.83,15.425,15.745,96430
2017-07-12,15.81,15.995,15.71,15.887,96478
2017-07-13,15.875,15.955,15.66,15.691,76087
2017-07-14,15.66,16.07,15.575,15.933,92367
2017-07-17,15.99,16.17,15.935,16.099,78608
2017-07-18,16.08,16.31,16.06,16.268,91035
2017-07-19,16.265,16.345,16.125,16.297,81902
2017-07-20,16.25,16.395,16.11,16.345,84808
2017-07-21,16.28,16.51,16.28,16.457,59691
2017-07-24,16.5,16.575,16.405,16.443,62922
2017-07-25,16.46,16.605,16.225,16.542,76166
2017-07-26,16.465,16.68,16.28,16.459,67137
2017-07-27,16.64,16.81,16.54,16.573,69334
2017-07-28,16.575,16.75,16.505,16.695,49950
2017-07-31,16.745,16.87,16.665,16.786,56466
2017-08-01,16.835,16.845,16.59,16.764,61891
2017-08-02,16.695,16.96,16.455,16.733,77865
2017-08-03,16.57,16.68,16.42,16.63,57971
2017-08-04,16.7,16.75,16.17,16.252,97422
2017-08-07,16.27,16.28,16.095,16.251,58149
2017-08-08,16.24,16.46,16.205,16.389,79109
2017-08-09,16.44,16.945,16.43,16.863,106928
2017-08-10,16.94,17.24,16.85,17.065,105220
2017-08-11,17.125,17.195,16.88,17.07,94477
2017-08-14,17.13,17.215,16.925,17.122,73466
2017-08-15,17.06,17.065,16.56,16.714,98497
2017-08-16,16.64,17.13,16.61,16.94,99911
2017-08-17,17.12,17.175,16.965,17.053,98940
2017-08-18,17.035,17.32,16.85,17,113504
2017-08-21,16.935,17.12,16.83,17.015,90123
2017-08-22,17.005,17.115,16.87,16.982,88511
2017-08-23,16.98,17.105,16.91,17.046,80185
2017-08-24,17.085,17.1,16.815,16.963,109368
2017-08-25,16.955,17.18,16.715,17.049,117113
2017-08-28,17.055,17.48,17.02,17.441,99635
2017-08-29,17.54,17.665,17.255,17.426,115109
2017-08-30,17.44,17.555,17.37,17.503,115109
2017-08-31,17.51,17.695,17.34,17.575,88593
2017-09-01,17.66,17.825,17.505,17.816,81507
2017-09-04,17.88,18.09,17.835,17.941,101152
2017-09-05,17.78,17.98,17.775,17.845,535
2017-09-06,17.98,18.07,17.885,17.91,72628
2017-09-07,17.95,18.225,17.865,18.116,89911
2017-09-08,18.205,18.29,17.965,18.123,85953
2017-09-11,17.92,17.99,17.77,17.902,79828
2017-09-12,17.885,17.975,17.785,17.89,62456
2017-09-13,17.97,18.125,17.725,17.867,81840
2017-09-14,17.845,17.865,17.66,17.789,85703
2017-09-15,17.845,17.915,17.63,17.701,74825
2017-09-18,17.655,17.675,17.11,17.156,86394
2017-09-19,17.245,17.375,17.16,17.279,69527
2017-09-20,17.345,17.445,17.01,17.334,81010
2017-09-21,17.225,17.225,16.865,17.018,87133
2017-09-22,17.035,17.1,16.94,16.984,53772
2017-09-25,17.03,17.225,16.87,17.147,89513
2017-09-26,17.2,17.295,16.815,16.883,88630
2017-09-27,16.87,16.94,16.75,16.827,84696
2017-09-28,16.78,16.925,16.705,16.847,68131
2017-09-29,16.9,16.905,16.64,16.676,71453
2017-10-02,16.67,16.75,16.565,16.654,63042
2017-10-03,16.605,16.69,16.57,16.65,48229
2017-10-04,16.665,16.92,16.555,16.624,72038
2017-10-05,16.62,16.77,16.59,16.638,53456
2017-10-06,16.61,16.89,16.345,16.79,104598
2017-10-09,16.85,17.03,16.765,16.971,55687
2017-10-10,16.99,17.28,16.96,17.207,89443
2017-10-11,17.15,17.265,17.085,17.133,65765
2017-10-12,17.19,17.29,17.135,17.266,59835
2017-10-13,17.275,17.45,17.2,17.411,78065
2017-10-16,17.425,17.495,17.135,17.369,77736
2017-10-17,17.26,17.28,16.985,17.041,89382
2017-10-18,17.045,17.12,16.92,16.997,69756
2017-10-19,17.015,17.315,16.93,17.255,107472
2017-10-20,17.275,17.315,16.945,17.078,98342
2017-10-23,17.035,17.13,16.87,17.075,90651
2017-10-24,17.1,17.17,16.89,16.966,86623
2017-10-25,16.96,17.05,16.81,16.925,92343
2017-10-26,16.96,17.045,16.755,16.811,90880
2017-10-27,16.8,16.87,16.6,16.752,104868
2017-10-30,16.85,16.9,16.69,16.847,62105
2017-10-31,16.865,16.91,16.645,16.693,70526
2017-11-01,16.71,17.21,16.67,17.176,122164
2017-11-02,17.15,17.255,17.05,17.137,103693
2017-11-03,17.125,17.195,16.77,16.834,106702
2017-11-06,16.835,17.27,16.795,17.235,100583
2017-11-07,17.23,17.24,16.92,16.94,94388
2017-11-08,16.95,17.265,16.95,17.138,91195
2017-11-09,17.06,17.145,16.91,16.975,101133
2017-11-10,16.995,17.095,16.785,16.871,92239
2017-11-13,16.86,17.07,16.82,17.047,71765
2017-11-14,17.06,17.095,16.86,17.073,74762
2017-11-15,17.025,17.205,16.94,16.971,103792
2017-11-16,16.975,17.125,16.945,17.072,74472
2017-11-17,17.08,17.385,17.02,17.373,101844
2017-11-20,17.335,17.335,16.82,16.842,141895
2017-11-21,16.9,17.035,16.885,16.96,81658
2017-11-22,16.95,17.15,16.925,17.112,84417
2017-11-23,17.12,17.135,16.94,16.992,88821
2017-11-24,16.99,16.99,16.981,16.981,1
2017-11-27,17.02,17.17,16.98,17.02,80438
2017-11-28,17.02,17.08,16.72,16.822,96960
2017-11-29,16.92,16.965,16.555,16.561,112596
2017-11-30,16.585,16.625,16.345,16.474,93591
2017-12-01,16.455,16.585,16.265,16.388,99978
2017-12-04,16.37,16.455,16.265,16.373,71483
2017-12-05,16.34,16.38,16.04,16.068,85983
2017-12-06,16.135,16.17,15.935,15.955,71284
2017-12-07,15.97,16.005,15.66,15.802,76247
2017-12-08,15.745,15.91,15.72,15.823,75623
2017-12-11,15.845,15.905,15.7,15.785,57101
2017-12-12,15.73,15.83,15.635,15.668,64633
2017-12-13,15.74,16.18,15.685,15.869,84811
2017-12-14,16.1,16.15,15.855,15.934,72915
2017-12-15,15.92,16.12,15.915,16.063,59071
2017-12-18,16.085,16.215,16.05,16.205,47264
2017-12-19,16.18,16.26,16.095,16.153,55048
2017-12-20,16.17,16.32,16.15,16.275,57403
2017-12-21,16.235,16.305,16.14,16.239,46179
2017-12-22,16.18,16.485,16.165,16.444,52819
2017-12-26,16.445,16.64,16.365,16.604,42298
2017-12-27,16.61,16.785,16.555,16.756,58144
2017-12-28,16.745,16.93,16.71,16.923,63435
2017-12-29,16.905,17.175,16.865,17.145,74515
2018-01-02,17.035,17.25,16.985,17.206,78644
2018-01-03,17.225,17.285,17.065,17.267,91813
2018-01-04,17.155,17.32,17.025,17.269,96729
2018-01-05,17.265,17.325,17.13,17.285,85387
2018-01-08,17.27,17.3,17.065,17.144,85867
2018-01-09,17.16,17.17,16.945,17.01,93764
2018-01-10,16.985,17.22,16.93,17.035,112061
2018-01-11,17,17.065,16.88,16.966,111343
2018-01-12,17,17.3,16.995,17.141,117337
2018-01-15,17.235,17.45,16.8,17.189,178831
2018-01-16,17.305,17.325,17.122,17.122,4
2018-01-17,17.21,17.31,16.98,17.166,101592
2018-01-18,16.99,17.14,16.915,16.954,91128
2018-01-19,16.96,17.13,16.96,17.036,59282
2018-01-22,17.045,17.105,16.945,16.989,55133
2018-01-23,16.99,17.09,16.735,16.913,89802
2018-01-24,17.04,17.625,16.985,17.489,122201
2018-01-25,17.555,17.705,17.125,17.615,132609
2018-01-26,17.29,17.53,17.235,17.441,81597
2018-01-29,17.42,17.47,17.085,17.127,86258
2018-01-30,17.14,17.31,17.04,17.058,82042
2018-01-31,17.105,17.375,17.065,17.241,102774
2018-02-01,17.295,17.375,17.07,17.155,87758
2018-02-02,17.18,17.225,16.52,16.709,135339
2018-02-05,16.61,16.865,16.51,16.671,94881
2018-02-06,16.71,16.955,16.54,16.58,100240
2018-02-07,16.59,16.73,16.21,16.238,118215
2018-02-08,16.35,16.425,16.19,16.341,99839
2018-02-09,16.34,16.405,16.13,16.139,90657
2018-02-12,16.295,16.58,16.28,16.57,80178
2018-02-13,16.515,16.645,16.41,16.528,72463
2018-02-14,16.525,16.905,16.325,16.878,105019
2018-02-15,16.83,16.95,16.605,16.796,81010
2018-02-16,16.835,16.915,16.575,16.712,79071
2018-02-19,16.6,16.69,16.385,16.438,113719
2018-02-20,16.425,16.425,16.425,16.425,0
2018-02-21,16.42,16.745,16.34,16.617,91973
2018-02-22,16.475,16.665,16.365,16.587,78531
2018-02-23,16.59,16.605,16.465,16.484,55038
2018-02-26,16.47,16.72,16.43,16.55,68118
2018-02-27,16.665,16.72,16.34,16.434,102322
2018-02-28,16.44,16.52,16.36,16.407,58937
2018-03-01,16.43,16.565,16.16,16.276,100435
2018-03-02,16.495,16.595,16.4,16.466,73628
2018-03-05,16.53,16.62,16.37,16.412,55301
2018-03-06,16.42,16.895,16.41,16.784,99502
2018-03-07,16.81,16.89,16.435,16.494,93850
2018-03-08,16.505,16.575,16.43,16.5,67644
2018-03-09,16.51,16.71,16.33,16.608,91563
2018-03-12,16.605,16.635,16.43,16.536,50514
2018-03-13,16.535,16.69,16.465,16.627,70994
2018-03-14,16.595,16.67,16.515,16.537,59932
2018-03-15,16.53,16.58,16.37,16.422,71441
2018-03-16,16.385,16.495,16.205,16.272,73372
2018-03-19,16.305,16.345,16.2,16.325,65289
2018-03-20,16.31,16.34,16.1,16.185,69859
2018-03-21,16.165,16.665,16.155,16.419,111653
2018-03-22,16.565,16.61,16.33,16.387,81211
2018-03-23,16.375,16.675,16.375,16.582,98376
2018-03-26,16.56,16.795,16.525,16.684,81048
2018-03-27,16.69,16.81,16.465,16.541,98533
2018-03-28,16.515,16.56,16.22,16.253,95081
2018-03-29,16.28,16.34,16.195,16.268,76951
2018-04-02,16.3,16.68,16.3,16.672,79434
2018-04-03,16.59,16.605,16.34,16.392,87045
2018-04-04,16.4,16.515,16.22,16.254,100824
2018-04-05,16.29,16.395,16.15,16.355,76784
2018-04-06,16.355,16.475,16.24,16.362,84720
2018-04-09,16.42,16.54,16.295,16.529,74343
2018-04-10,16.485,16.64,16.41,16.596,93601
2018-04-11,16.56,16.89,16.515,16.768,141790
2018-04-12,16.665,16.69,16.43,16.473,106204
2018-04-13,16.46,16.68,16.445,16.658,65165
2018-04-16,16.655,16.77,16.545,16.677,76462
2018-04-17,16.67,16.805,16.575,16.787,89705
2018-04-18,16.785,17.275,16.73,17.248,176549
2018-04-19,17.215,17.36,17.09,17.239,141085
2018-04-20,17.235,17.26,17.04,17.163,95697
2018-04-23,17.135,17.135,16.58,16.587,143527
2018-04-24,16.62,16.735,16.53,16.703,119142
2018-04-25,16.7,16.71,16.475,16.502,81365
2018-04-26,16.54,16.58,16.385,16.491,69508
2018-04-27,16.565,16.61,16.48,16.497,65077
2018-04-30,16.555,16.58,16.225,16.401,72623
2018-05-01,16.345,16.37,16.07,16.127,83167
2018-05-02,16.19,16.565,16.175,16.375,100224
2018-05-03,16.405,16.62,16.385,16.447,68255
2018-05-04,16.455,16.56,16.39,16.519,47809
2018-05-07,16.55,16.6,16.43,16.495,42533
2018-05-08,16.505,16.55,16.335,16.472,76501
2018-05-09,16.51,16.655,16.375,16.539,73200
2018-05-10,16.52,16.79,16.5,16.759,86181
2018-05-11,16.76,16.865,16.67,16.752,58621
2018-05-14,16.7,16.76,16.515,16.645,54336
2018-05-15,16.54,16.565,16.205,16.269,94150
2018-05-16,16.285,16.435,16.19,16.371,63078
2018-05-17,16.385,16.505,16.335,16.481,65785
2018-05-18,16.44,16.485,16.37,16.455,44049
2018-05-21,16.43,16.535,16.28,16.52,63888
2018-05-22,16.53,16.7,16.465,16.575,73530
2018-05-23,16.555,16.6,16.33,16.405,89459
2018-05-24,16.475,16.715,16.42,16.687,91016
2018-05-25,16.69,16.74,16.5,16.546,72709
2018-05-28,16.48,16.515,16.31,16.373,104493
2018-05-29,16.305,16.305,16.305,16.305,546
2018-05-30,16.375,16.58,16.325,16.544,65128
2018-05-31,16.525,16.615,16.41,16.458,74056
2018-06-01,16.43,16.515,16.335,16.441,72769
2018-06-04,16.42,16.56,16.38,16.431,55723
2018-06-05,16.44,16.55,16.37,16.543,77131
2018-06-06,16.505,16.765,16.505,16.694,116383
2018-06-07,16.71,16.935,16.67,16.815,123775
2018-06-08,16.745,16.86,16.645,16.741,73288
2018-06-11,16.805,16.975,16.77,16.952,79696
2018-06-12,16.96,16.98,16.775,16.891,80921
2018-06-13,16.875,17.145,16.825,16.991,109681
2018-06-14,17.075,17.35,16.965,17.262,143012
2018-06-15,17.075,17.35,16.46,16.48,173546
2018-06-18,16.55,16.635,16.425,16.44,77781
2018-06-19,16.47,16.55,16.24,16.323,117421
2018-06-20,16.305,16.37,16.25,16.309,72537
2018-06-21,16.29,16.36,16.19,16.326,84586
2018-06-22,16.31,16.485,16.31,16.459,73072
2018-06-25,16.445,16.485,16.29,16.328,72140
2018-06-26,16.32,16.35,16.14,16.25,84544
2018-06-27,16.28,16.295,15.945,16.151,96137
2018-06-28,16.125,16.185,15.965,16.041,109587
2018-06-29,16.05,16.22,16,16.198,70393
2018-07-02,16.145,16.18,15.8,15.835,82699
2018-07-03,15.88,16.085,15.815,16.043,72279
2018-07-04,16.13,16.145,15.97,16.097,89467
2018-07-05,16.015,16.05,15.895,16.008,207
2018-07-06,16.065,16.19,15.985,16.069,58125
2018-07-09,16.065,16.26,16.055,16.139,62138
2018-07-10,16.15,16.2,15.92,16.087,68888
2018-07-11,16.105,16.11,15.805,15.817,86972
2018-07-12,15.825,16.025,15.78,15.977,64138
2018-07-13,15.98,16.015,15.7,15.815,78398
2018-07-16,15.805,15.9,15.765,15.812,47295
2018-07-17,15.8,15.885,15.56,15.617,80889
2018-07-18,15.585,15.625,15.41,15.574,71769
2018-07-19,15.565,15.59,15.185,15.402,103529
2018-07-20,15.33,15.565,15.25,15.549,81070
2018-07-23,15.54,15.58,15.35,15.425,61389
2018-07-24,15.395,15.63,15.34,15.52,70890
2018-07-25,15.48,15.655,15.47,15.589,60419
2018-07-26,15.62,15.7,15.39,15.495,56666
2018-07-27,15.4,15.57,15.345,15.493,59413
2018-07-30,15.46,15.565,15.415,15.537,42335
2018-07-31,15.51,15.635,15.38,15.559,75389
2018-08-01,15.535,15.56,15.39,15.452,58314
2018-08-02,15.405,15.49,15.3,15.385,62233
2018-08-03,15.31,15.575,15.25,15.462,73617
2018-08-06,15.445,15.505,15.29,15.348,52411
2018-08-07,15.305,15.505,15.305,15.373,61167
2018-08-08,15.38,15.47,15.29,15.432,59943
2018-08-09,15.44,15.525,15.38,15.462,63858
2018-08-10,15.46,15.465,15.29,15.295,83077
2018-08-13,15.3,15.345,14.97,14.982,104734
2018-08-14,14.98,15.105,14.975,15.053,66777
2018-08-15,15.06,15.07,14.345,14.454,142150
2018-08-16,14.455,14.825,14.315,14.713,111780
2018-08-17,14.635,14.8,14.575,14.631,75068
2018-08-20,14.725,14.83,14.625,14.67,71912
2018-08-21,14.735,14.83,14.7,14.766,69404
2018-08-22,14.77,14.875,14.67,14.75,97015
2018-08-23,14.75,14.75,14.45,14.542,92197
2018-08-24,14.465,14.855,14.45,14.794,97521
2018-08-27,14.82,14.885,14.715,14.859,70949
2018-08-28,14.86,14.95,14.605,14.774,95483
2018-08-29,14.65,14.725,14.585,14.697,68753
2018-08-30,14.78,14.825,14.545,14.594,81127
2018-08-31,14.595,14.76,14.525,14.557,62895
2018-09-03,14.54,14.55,14.035,14.18,141416
2018-09-04,14.4,14.4,13.96,14.061,750
2018-09-05,14.19,14.265,14.125,14.22,67288
2018-09-06,14.22,14.34,14.13,14.181,72884
2018-09-07,14.19,14.29,14.105,14.17,81294
2018-09-10,14.16,14.285,14.11,14.181,54121
2018-09-11,14.2,14.265,13.965,14.153,81308
2018-09-12,14.16,14.315,14.105,14.293,83948
2018-09-13,14.295,14.39,14.19,14.244,82527
2018-09-14,14.215,14.315,14.07,14.142,66725
2018-09-17,14.095,14.285,14.065,14.223,56906
2018-09-18,14.23,14.265,14.105,14.185,69075
2018-09-19,14.185,14.375,14.175,14.28,79411
2018-09-20,14.285,14.385,14.21,14.305,87102
2018-09-21,14.35,14.465,14.18,14.359,103373
2018-09-24,14.325,14.42,14.22,14.341,65873
2018-09-25,14.295,14.595,14.25,14.493,97950
2018-09-26,14.5,14.545,14.34,14.401,88576
2018-09-27,14.375,14.48,14.195,14.29,87457
2018-09-28,14.27,14.755,14.255,14.712,117067
2018-10-01,14.725,14.725,14.395,14.507,84966
2018-10-02,14.535,14.95,14.47,14.693,106105
2018-10-03,14.73,14.855,14.65,14.67,66411
2018-10-04,14.665,14.805,14.56,14.59,77160
2018-10-05,14.62,14.75,14.54,14.649,61929
2018-10-08,14.665,14.7,14.285,14.329,88556
2018-10-09,14.42,14.47,14.285,14.4,65016
2018-10-10,14.42,14.455,14.255,14.326,61498
2018-10-11,14.335,14.65,14.275,14.606,97854
2018-10-12,14.62,14.735,14.54,14.635,70703
2018-10-15,14.625,14.805,14.615,14.727,64042
2018-10-16,14.725,14.88,14.64,14.701,67283
2018-10-17,14.675,14.76,14.615,14.663,59830
2018-10-18,14.625,14.68,14.47,14.604,76137
2018-10-19,14.6,14.74,14.58,14.65,57026
2018-10-22,14.65,14.715,14.54,14.587,57806
2018-10-23,14.585,14.84,14.54,14.793,86175
2018-10-24,14.775,14.83,14.66,14.676,64151
2018-10-25,14.72,14.8,14.61,14.63,70469
2018-10-26,14.66,14.795,14.595,14.7,84751
2018-10-29,14.72,14.78,14.405,14.442,93783
2018-10-30,14.47,14.53,14.375,14.462,76301
2018-10-31,14.48,14.49,14.24,14.282,79224
2018-11-01,14.26,14.83,14.255,14.777,121884
2018-11-02,14.78,14.92,14.655,14.756,106742
2018-11-05,14.74,14.775,14.595,14.647,67835
2018-11-06,14.66,14.715,14.48,14.5,69778
2018-11-07,14.54,14.73,14.475,14.569,83277
2018-11-08,14.57,14.575,14.365,14.423,91310
2018-11-09,14.42,14.425,14.08,14.14,116982
2018-11-12,14.15,14.18,13.955,14.011,72075
2018-11-13,13.975,14.105,13.92,13.977,90145
2018-11-14,13.97,14.17,13.86,14.08,93281
2018-11-15,14.1,14.325,14.07,14.263,79834
2018-11-16,14.27,14.4,14.215,14.382,79028
2018-11-19,14.4,14.42,14.325,14.403,63193
2018-11-20,14.41,14.475,14.205,14.269,102452
2018-11-21,14.325,14.54,14.26,14.502,77875
2018-11-22,14.46,14.485,14.165,14.243,101362
2018-11-23,14.235,14.235,14.221,14.221,3
2018-11-26,14.29,14.415,14.18,14.205,82235
2018-11-27,14.205,14.265,14.05,14.084,84454
2018-11-28,14.105,14.36,14.07,14.325,84402
2018-11-29,14.42,14.47,14.34,14.402,78085
2018-11-30,14.375,14.41,14.115,14.217,78674
2018-12-03,14.335,14.645,14.28,14.499,96836
2018-12-04,14.5,14.745,14.46,14.64,76605
2018-12-05,14.605,14.62,14.49,14.582,32859
2018-12-06,14.585,14.59,14.415,14.509,64479
2018-12-07,14.55,14.735,14.51,14.696,65066
2018-12-10,14.735,14.735,14.565,14.605,53620
2018-12-11,14.63,14.82,14.605,14.628,75441
2018-12-12,14.65,14.895,14.63,14.851,65799
2018-12-13,14.86,14.9,14.765,14.855,50191
2018-12-14,14.83,14.85,14.56,14.637,66409
2018-12-17,14.655,14.775,14.62,14.759,42580
2018-12-18,14.735,14.79,14.68,14.701,45545
2018-12-19,14.705,14.9,14.615,14.818,70301
2018-12-20,14.68,14.915,14.62,14.869,76597
2018-12-21,14.84,14.86,14.665,14.702,52328
2018-12-24,14.735,14.875,14.715,14.82,30107
2018-12-26,14.875,15.25,14.78,15.123,76656
2018-12-27,15.115,15.335,15.005,15.31,78861
2018-12-28,15.295,15.46,15.285,15.436,60780
2018-12-31,15.46,15.575,15.39,15.54,53731
2019-01-02,15.55,15.68,15.385,15.649,89234
2019-01-03,15.63,15.815,15.55,15.797,90481
2019-01-04,15.805,15.955,15.645,15.786,99935
2019-01-07,15.8,15.88,15.68,15.756,54182
2019-01-08,15.725,15.745,15.56,15.713,64407
2019-01-09,15.715,15.825,15.63,15.735,78689
2019-01-10,15.8,15.83,15.585,15.643,63405
2019-01-11,15.625,15.78,15.59,15.656,65329
2019-01-14,15.64,15.7,15.585,15.686,48105
2019-01-15,15.69,15.735,15.575,15.62,61682
2019-01-16,15.62,15.685,15.52,15.638,49138
2019-01-17,15.625,15.645,15.48,15.536,54252
2019-01-18,15.585,15.605,15.35,15.399,55592
2019-01-21,15.375,15.385,15.195,15.325,82298
2019-01-22,15.295,15.295,15.14,15.259,16
2019-01-23,15.345,15.445,15.275,15.38,56859
2019-01-24,15.37,15.405,15.245,15.3,47642
2019-01-25,15.32,15.765,15.3,15.699,80953
2019-01-28,15.755,15.83,15.61,15.765,57718
2019-01-29,15.755,15.925,15.725,15.839,60000
2019-01-30,15.845,16.12,15.825,15.927,80538
2019-01-31,16.105,16.2,16.005,16.072,80262
2019-02-01,16.06,16.08,15.9,15.931,69768
2019-02-04,15.92,15.935,15.685,15.886,60373
2019-02-05,15.88,15.93,15.815,15.836,44222
2019-02-06,15.84,15.87,15.64,15.701,53184
2019-02-07,15.66,15.75,15.635,15.713,58366
2019-02-08,15.74,15.86,15.65,15.809,55473
2019-02-11,15.805,15.83,15.655,15.69,52057
2019-02-12,15.7,15.82,15.65,15.69,60668
2019-02-13,15.685,15.8,15.52,15.652,77484
2019-02-14,15.555,15.65,15.445,15.528,80459
2019-02-15,15.59,15.775,15.525,15.743,71495
2019-02-18,15.76,15.98,15.715,15.967,115085
2019-02-19,15.947,15.947,15.947,15.947,0
2019-02-20,15.96,16.195,15.935,16.177,114099
2019-02-21,16.025,16.08,15.75,15.801,101001
2019-02-22,15.77,15.935,15.76,15.914,68138
2019-02-25,15.885,15.96,15.805,15.83,66887
2019-02-26,15.845,15.89,15.74,15.832,60807
2019-02-27,15.98,16.01,15.735,15.766,69162
2019-02-28,15.77,15.86,15.605,15.634,65412
2019-03-01,15.63,15.665,15.165,15.256,102859
2019-03-04,15.225,15.295,15.075,15.105,90698
2019-03-05,15.115,15.175,15.06,15.105,67836
2019-03-06,15.15,15.175,15.055,15.085,56765
2019-03-07,15.1,15.13,14.985,15.04,61270
2019-03-08,15.055,15.385,15.015,15.349,73174
2019-03-11,15.32,15.365,15.225,15.274,47785
2019-03-12,15.33,15.49,15.31,15.413,53984
2019-03-13,15.44,15.55,15.435,15.456,46358
2019-03-14,15.455,15.47,15.135,15.171,69841
2019-03-15,15.185,15.39,15.165,15.324,58860
2019-03-18,15.315,15.425,15.22,15.322,44445
2019-03-19,15.345,15.45,15.32,15.372,39610
2019-03-20,15.36,15.565,15.265,15.318,65902
2019-03-21,15.485,15.65,15.38,15.437,72414
2019-03-22,15.475,15.55,15.365,15.407,53659
2019-03-25,15.405,15.59,15.385,15.567,50184
2019-03-26,15.545,15.56,15.39,15.429,53095
2019-03-27,15.425,15.475,15.255,15.298,58950
2019-03-28,15.285,15.315,14.955,14.973,86591
2019-03-29,14.99,15.18,14.95,15.11,72204
2019-04-01,15.095,15.19,15.03,15.099,66021
2019-04-02,15.085,15.09,14.905,15.061,69931
2019-04-03,15.09,15.16,15,15.102,59923
2019-04-04,15.09,15.15,14.86,15.084,74190
2019-04-05,15.115,15.18,15.04,15.086,66860
2019-04-08,15.075,15.275,15.075,15.216,55228
2019-04-09,15.22,15.31,15.18,15.211,61098
2019-04-10,15.185,15.265,15.115,15.244,63273
2019-04-11,15.19,15.215,14.845,14.867,106243
2019-04-12,14.92,15.065,14.9,14.963,70740
2019-04-15,14.93,14.99,14.795,14.975,76158
2019-04-16,14.935,14.975,14.83,14.915,71050
2019-04-17,14.955,15.055,14.88,14.939,78510
2019-04-18,14.94,14.99,14.895,14.955,59155
2019-04-22,14.97,15.04,14.945,14.975,46632
2019-04-23,14.97,14.995,14.7,14.791,86033
2019-04-24,14.79,14.96,14.74,14.916,84041
2019-04-25,14.91,14.975,14.815,14.879,68611
2019-04-26,14.89,15.04,14.845,15.005,78208
2019-04-29,15.115,15.115,14.905,14.933,65249
2019-04-30,14.94,15.04,14.835,14.984,62083
2019-05-01,14.975,14.985,14.62,14.729,85721
2019-05-02,14.69,14.735,14.57,14.617,64585
2019-05-03,14.62,14.995,14.6,14.978,84554
2019-05-06,14.96,14.99,14.77,14.927,64546
2019-05-07,14.91,14.955,14.81,14.926,55909
2019-05-08,14.92,14.99,14.835,14.862,53108
2019-05-09,14.845,14.875,14.705,14.773,59559
2019-05-10,14.75,14.85,14.74,14.79,45824
2019-05-13,14.775,14.815,14.615,14.777,63985
2019-05-14,14.78,14.865,14.745,14.812,47640
2019-05-15,14.8,14.865,14.765,14.812,43225
2019-05-16,14.79,14.825,14.515,14.539,69175
2019-05-17,14.545,14.545,14.38,14.388,63192
2019-05-20,14.415,14.46,14.355,14.445,44600
2019-05-21,14.425,14.45,14.35,14.41,47466
2019-05-22,14.425,14.48,14.37,14.449,36914
2019-05-23,14.43,14.635,14.4,14.613,68449
2019-05-24,14.575,14.595,14.52,14.555,40682
2019-05-27,14.545,14.61,14.265,14.32,105611
2019-05-28,14.3,14.31,14.245,14.281,73
2019-05-29,14.325,14.45,14.32,14.411,72666
2019-05-30,14.39,14.555,14.34,14.491,58636
2019-05-31,14.49,14.67,14.46,14.567,88362
2019-06-03,14.575,14.825,14.565,14.74,112117
2019-06-04,14.78,14.85,14.645,14.769,96390
2019-06-05,14.815,15.04,14.755,14.791,132019
2019-06-06,14.795,14.995,14.73,14.905,80741
2019-06-07,14.89,15.15,14.84,15.031,104804
2019-06-10,15.005,15.01,14.625,14.639,94689
2019-06-11,14.685,14.785,14.63,14.74,79799
2019-06-12,14.725,14.86,14.71,14.753,71980
2019-06-13,14.76,14.925,14.72,14.892,76053
2019-06-14,14.89,15.12,14.775,14.803,115808
2019-06-17,14.84,14.89,14.755,14.829,64270
2019-06-18,14.83,15.08,14.8,14.993,106328
2019-06-19,14.995,15.17,14.905,14.958,88339
2019-06-20,15.17,15.52,15.12,15.492,203965
2019-06-21,15.465,15.555,15.155,15.29,143027
2019-06-24,15.355,15.455,15.285,15.377,115895
2019-06-25,15.44,15.505,15.255,15.3,142472
2019-06-26,15.345,15.355,15.16,15.294,93664
2019-06-27,15.34,15.355,15.205,15.294,74816
2019-06-28,15.3,15.385,15.245,15.341,57102
2019-07-01,15.315,15.345,15.155,15.193,69998
2019-07-02,15.16,15.365,15.07,15.238,71308
2019-07-03,15.37,15.51,15.24,15.336,66804
2019-07-04,15.365,15.37,14.915,15.001,109252
2019-07-05,15.245,15.25,14.885,14.918,107
2019-07-08,15.05,15.15,14.985,15.05,47616
2019-07-09,15.035,15.155,14.965,15.147,49637
2019-07-10,15.135,15.315,15.07,15.226,73717
2019-07-11,15.265,15.345,15.12,15.146,60629
2019-07-12,15.135,15.27,15.07,15.236,49158
2019-07-15,15.24,15.43,15.185,15.365,67638
2019-07-16,15.415,15.735,15.34,15.678,128867
2019-07-17,15.585,16.03,15.555,15.971,111243
2019-07-18,16.005,16.385,15.96,16.198,149092
2019-07-19,16.385,16.625,16.08,16.195,173866
2019-07-22,16.255,16.455,16.195,16.411,98270
2019-07-23,16.38,16.575,16.205,16.476,111408
2019-07-24,16.435,16.68,16.35,16.626,84627
2019-07-25,16.62,16.685,16.345,16.411,121085
2019-07-26,16.455,16.55,16.355,16.397,80584
2019-07-29,16.42,16.5,16.36,16.44,62057
2019-07-30,16.5,16.64,16.425,16.558,57740
2019-07-31,16.585,16.6,16.215,16.405,107086
2019-08-01,16.28,16.405,15.935,16.18,122903
2019-08-02,16.355,16.385,16.03,16.27,100147
2019-08-05,16.26,16.59,16.135,16.393,114331
2019-08-06,16.44,16.53,16.365,16.445,71818
2019-08-07,16.45,17.26,16.45,17.196,174977
2019-08-08,17.1,17.225,16.81,16.936,124036
2019-08-09,16.94,17.14,16.86,16.931,98618
2019-08-12,16.965,17.15,16.8,17.071,83985
2019-08-13,17.06,17.49,16.51,16.985,182988
2019-08-14,16.95,17.305,16.855,17.28,116020
2019-08-15,17.19,17.37,17.075,17.214,96524
2019-08-16,17.25,17.315,17.03,17.122,71917
2019-08-19,17.125,17.175,16.82,16.94,80551
2019-08-20,16.87,17.17,16.83,17.148,72355
2019-08-21,17.125,17.18,16.975,17.151,70323
2019-08-22,17.115,17.13,16.915,17.04,70971
2019-08-23,17.03,17.465,16.96,17.413,112351
2019-08-26,17.5,17.755,17.495,17.641,108828
2019-08-27,17.64,18.185,17.61,18.153,107650
2019-08-28,18.145,18.475,18.025,18.318,97738
2019-08-29,18.45,18.76,18.15,18.323,161555
2019-08-30,18.365,18.575,18.165,18.342,115421
2019-09-02,18.52,19.395,18.365,19.237,199680
2019-09-03,18.45,19.225,18.25,19.079,828
2019-09-04,19.35,19.75,19.28,19.547,156693
2019-09-05,19.645,19.675,18.57,18.807,194133
2019-09-06,18.715,18.89,18.045,18.119,221801
2019-09-09,18.215,18.4,18.015,18.167,135346
2019-09-10,18.09,18.265,17.855,18.186,116632
2019-09-11,18.095,18.335,17.97,18.17,84659
2019-09-12,18.2,18.555,18.085,18.177,99696
2019-09-13,18.155,18.265,17.47,17.569,106472
2019-09-16,17.755,18.075,17.69,18.026,108425
2019-09-17,17.925,18.17,17.82,18.14,88426
2019-09-18,18.095,18.12,17.58,17.919,100525
2019-09-19,17.845,18.015,17.655,17.884,65966
2019-09-20,17.87,18.06,17.81,17.849,59125
2019-09-23,18.03,18.78,17.99,18.711,129336
2019-09-24,18.655,18.81,18.315,18.628,132628
2019-09-25,18.68,18.75,17.875,18.073,132581
2019-09-26,17.99,18.11,17.785,17.912,110035
2019-09-27,17.885,17.96,17.345,17.652,134220
2019-09-30,17.59,17.66,16.98,16.998,96147
2019-10-01,17.045,17.375,16.94,17.302,82417
2019-10-02,17.31,17.73,17.24,17.683,70479
2019-10-03,17.63,17.845,17.515,17.676,69996
2019-10-04,17.63,17.745,17.33,17.625,59583
2019-10-07,17.665,17.7,17.435,17.54,35221
2019-10-08,17.49,17.86,17.305,17.7,91074
2019-10-09,17.775,18,17.72,17.81,67681
2019-10-10,17.8,17.935,17.455,17.602,93946
2019-10-11,17.54,17.785,17.37,17.544,102665
2019-10-14,17.59,17.735,17.455,17.71,48678
2019-10-15,17.695,17.765,17.37,17.384,71963
2019-10-16,17.43,17.49,17.18,17.427,80637
2019-10-17,17.415,17.665,17.33,17.612,62368
2019-10-18,17.57,17.62,17.42,17.578,48120
2019-10-21,17.615,17.895,17.53,17.602,76354
2019-10-22,17.58,17.68,17.44,17.5,56644
2019-10-23,17.55,17.63,17.515,17.58,51192
2019-10-24,17.575,17.86,17.485,17.804,76006
2019-10-25,17.835,18.35,17.8,17.926,133993
2019-10-28,18.065,18.145,17.785,17.876,81916
2019-10-29,17.87,17.905,17.605,17.831,78571
2019-10-30,17.82,17.965,17.59,17.867,84390
2019-10-31,17.895,18.185,17.795,18.067,103410
2019-11-01,18.12,18.16,17.935,18.052,89929
2019-11-04,18.125,18.23,17.96,18.066,78097
2019-11-05,18.06,18.085,17.52,17.568,141965
2019-11-06,17.555,17.63,17.36,17.598,101426
2019-11-07,17.605,17.645,16.91,17.01,166410
2019-11-08,17.07,17.095,16.66,16.823,135567
2019-11-11,16.755,16.91,16.63,16.802,90422
2019-11-12,16.785,16.875,16.615,16.692,93978
2019-11-13,16.72,17,16.72,16.913,99843
2019-11-14,16.93,17.08,16.845,17.028,79011
2019-11-15,17,17.01,16.78,16.948,66800
2019-11-18,16.95,17.03,16.705,17,94055
2019-11-19,17.005,17.16,16.935,17.118,94710
2019-11-20,17.115,17.185,17,17.115,98366
2019-11-21,17.145,17.17,17.01,17.065,95170
2019-11-22,17.075,17.21,16.95,17,78643
2019-11-25,16.96,16.97,16.82,16.886,69115
2019-11-26,16.78,17.085,16.78,17.045,84255
2019-11-27,17.19,17.2,17.025,17.055,61622
2019-11-28,17.06,17.125,16.935,17.106,69200
2019-11-29,16.9,16.985,16.8,16.969,1598
2019-12-02,17.07,17.1,16.895,16.966,71951
2019-12-03,16.98,17.285,16.945,17.248,90112
2019-12-04,17.25,17.415,16.865,16.916,112992
2019-12-05,16.92,17.075,16.87,17.059,69272
2019-12-06,17.02,17.125,16.575,16.596,110180
2019-12-09,16.6,16.73,16.565,16.642,53510
2019-12-10,16.655,16.77,16.625,16.702,50202
2019-12-11,16.71,17.025,16.65,16.849,62672
2019-12-12,16.93,17.185,16.82,16.949,113422
2019-12-13,16.97,17.095,16.895,17.012,77899
2019-12-16,17.005,17.14,16.955,17.113,48654
2019-12-17,17.105,17.17,17.015,17.072,45741
2019-12-18,17.06,17.125,16.935,17.049,47189
2019-12-19,17.065,17.18,16.95,17.154,47385
2019-12-20,17.115,17.315,17.08,17.224,65650
2019-12-23,17.23,17.52,17.23,17.499,65083
2019-12-24,17.515,17.865,17.425,17.853,64681
2019-12-26,17.83,18.135,17.81,17.99,89078
2019-12-27,17.995,18.05,17.815,17.943,70178
2019-12-30,17.86,18.02,17.83,18.001,62949
2019-12-31,17.97,18.2,17.87,17.921,62113
2020-01-02,17.905,18.15,17.83,18.046,90111
2020-01-03,18.07,18.325,18.04,18.151,110022
2020-01-06,18.17,18.55,18.045,18.179,136410
2020-01-07,18.185,18.47,17.975,18.393,111958
2020-01-08,18.45,18.895,18.085,18.167,180483
2020-01-09,18.12,18.225,17.815,17.936,101357
2020-01-10,17.92,18.175,17.86,18.105,80662
2020-01-13,18.13,18.13,17.935,17.996,59325
2020-01-14,17.975,17.985,17.69,17.742,84390
2020-01-15,17.8,18.055,17.755,17.988,73762
2020-01-16,18.01,18.055,17.875,17.939,58310
2020-01-17,17.95,18.185,17.905,18.073,69179
2020-01-20,18.04,18.155,17.62,17.808,135962
2020-01-21,17.751,17.751,17.751,17.751,175
2020-01-22,17.785,17.93,17.675,17.828,57763
2020-01-23,17.835,17.91,17.59,17.829,69265
2020-01-24,17.8,18.145,17.74,18.113,68050
2020-01-27,18.26,18.375,18.04,18.056,67720
2020-01-28,18.095,18.115,17.42,17.458,110536
2020-01-29,17.44,17.575,17.28,17.487,63156
2020-01-30,17.54,18.04,17.52,17.992,96959
2020-01-31,17.825,18.09,17.76,18.012,63344
2020-02-03,18.1,18.125,17.58,17.67,83120
2020-02-04,17.65,17.77,17.51,17.561,59676
2020-02-05,17.565,17.71,17.465,17.602,59857
2020-02-06,17.61,17.875,17.575,17.818,60509
2020-02-07,17.81,17.855,17.605,17.692,68871
2020-02-10,17.705,17.825,17.665,17.785,57047
2020-02-11,17.755,17.8,17.55,17.597,70835
2020-02-12,17.62,17.65,17.435,17.497,73619
2020-02-13,17.455,17.715,17.44,17.619,69824
2020-02-14,17.625,17.79,17.595,17.734,56243
2020-02-17,17.725,18.215,17.67,18.15,129962
2020-02-18,18.131,18.131,18.131,18.131,0
2020-02-19,18.155,18.45,18.135,18.311,93642
2020-02-20,18.425,18.44,18.205,18.319,98113
2020-02-21,18.36,18.625,18.335,18.53,114899
2020-02-24,18.65,18.92,18.51,18.876,140491
2020-02-25,18.625,18.64,17.82,18.191,153703
2020-02-26,17.965,18.17,17.745,17.834,96319
2020-02-27,17.945,18.16,17.63,17.735,122376
2020-02-28,17.76,17.885,16.4,16.457,221536
2020-03-02,16.5,17.06,16.445,16.739,104980
2020-03-03,16.665,17.48,16.665,17.188,114569
2020-03-04,17.205,17.335,17.075,17.246,67246
2020-03-05,17.23,17.465,17.15,17.393,53480
2020-03-06,17.45,17.575,17.015,17.263,94548
2020-03-09,17.49,17.615,16.55,17.054,128269
2020-03-10,17.02,17.2,16.79,16.955,76903
2020-03-11,16.875,17.11,16.66,16.776,56845
2020-03-12,16.72,16.91,15.505,16.005,147255
2020-03-13,15.825,15.89,14.425,14.5,162452
2020-03-16,15.1,15.245,11.77,12.816,148459
2020-03-17,12.86,13.23,12.11,12.495,111377
2020-03-18,12.61,12.905,11.64,11.772,122769
2020-03-19,11.975,12.33,11.76,12.134,77373
2020-03-20,12.125,13.095,12.005,12.385,81761
2020-03-23,12.615,13.33,12.29,13.261,74899
2020-03-24,13.32,14.435,13.22,14.257,109939
2020-03-25,14.415,14.93,14.205,14.873,78769
2020-03-26,14.77,14.98,14.4,14.676,52829
2020-03-27,14.66,14.84,14.345,14.534,54386
2020-03-30,14.7,14.71,13.945,14.132,58895
2020-03-31,14.205,14.5,14.055,14.156,50956
2020-04-01,14.145,14.265,13.895,13.984,44034
2020-04-02,14.055,14.72,13.99,14.654,55519
2020-04-03,14.63,14.75,14.44,14.494,38182
2020-04-06,14.54,15.405,14.355,15.169,52875
2020-04-07,15.28,15.93,15.205,15.48,69747
2020-04-08,15.305,15.445,15.11,15.205,43337
2020-04-09,15.215,16.09,15.175,16.053,64315
2020-04-13,15.875,15.975,15.385,15.537,50155
2020-04-14,15.655,16.3,15.655,16.13,63632
2020-04-15,16.06,16.08,15.48,15.505,51168
2020-04-16,15.65,15.915,15.43,15.622,43473
2020-04-17,15.75,15.8,15.195,15.295,41182
2020-04-20,15.285,15.69,15.215,15.614,34447
2020-04-21,15.535,15.56,14.56,14.876,68551
2020-04-22,14.96,15.365,14.775,15.335,42936
2020-04-23,15.28,15.72,15.205,15.357,47870
2020-04-24,15.375,15.55,15.09,15.263,39185
2020-04-27,15.32,15.445,15.105,15.21,30546
2020-04-28,15.295,15.33,14.94,15.171,28284
2020-04-29,15.33,15.605,15.235,15.315,42099
2020-04-30,15.53,15.94,14.85,14.973,66672
2020-05-01,15.075,15.15,14.82,14.938,32191
2020-05-04,15.075,15.225,14.76,14.796,37059
2020-05-05,14.845,15.2,14.76,15.11,32041
2020-05-06,15.115,15.39,14.84,15.015,38730
2020-05-07,14.92,15.695,14.92,15.59,49266
2020-05-08,15.625,15.98,15.505,15.778,58810
2020-05-11,15.755,15.92,15.51,15.68,37384
2020-05-12,15.7,15.88,15.525,15.709,35609
2020-05-13,15.625,15.91,15.545,15.671,42559
2020-05-14,15.755,16.225,15.66,16.156,52221
2020-05-15,16.185,17.15,16.155,17.07,80675
2020-05-18,17.225,17.985,17.125,17.468,91023
2020-05-19,17.37,18.01,17.34,17.901,66692
2020-05-20,17.875,18.165,17.755,18.031,62489
2020-05-21,18.055,18.06,17.26,17.364,74678
2020-05-22,17.435,17.77,17.19,17.693,51235
2020-05-25,17.69,18.04,17.37,17.595,77615
2020-05-26,17.885,17.885,17.555,17.565,23
2020-05-27,17.56,17.86,17.225,17.757,65066
2020-05-28,17.8,18.11,17.685,17.967,61043
2020-05-29,17.92,18.55,17.81,18.499,64044
2020-06-01,18.635,18.95,18.455,18.827,62648
2020-06-02,18.85,18.9,18.115,18.26,78435
2020-06-03,18.395,18.405,17.675,17.958,72244
2020-06-04,17.965,18.13,17.785,18.061,56561
2020-06-05,18.02,18.05,17.375,17.479,87124
2020-06-08,17.545,17.98,17.495,17.893,61178
2020-06-09,17.945,17.99,17.685,17.794,54904
2020-06-10,17.74,18.405,17.685,17.796,88218
2020-06-11,18.335,18.39,17.6,17.889,90446
2020-06-12,17.755,17.87,17.47,17.482,60629
2020-06-15,17.56,17.63,17.015,17.399,75735
2020-06-16,17.52,17.79,17.465,17.652,65044
2020-06-17,17.63,17.815,17.515,17.775,43102
2020-06-18,17.705,17.92,17.4,17.508,47757
2020-06-19,17.49,18.03,17.47,17.847,64573
2020-06-22,17.92,18.19,17.785,17.902,75213
2020-06-23,17.805,18.14,17.73,18.063,75910
2020-06-24,18.1,18.255,17.425,17.67,71474
2020-06-25,17.575,17.94,17.5,17.895,46317
2020-06-26,17.925,18.125,17.56,18.035,41651
2020-06-29,18.11,18.285,17.935,18.064,50249
2020-06-30,18.095,18.655,18.02,18.637,75089
2020-07-01,18.58,18.85,18.095,18.218,86823
2020-07-02,18.285,18.4,17.995,18.322,49862
2020-07-03,18.27,18.78,18.23,18.582,63126
2020-07-06,18.225,18.645,18.21,18.504,434
2020-07-07,18.585,18.72,18.235,18.699,71673
2020-07-08,18.625,19.215,18.585,19.161,84227
2020-07-09,19.15,19.445,18.83,18.962,102756
2020-07-10,19.025,19.195,18.91,19.053,62084
2020-07-13,19.08,19.81,19.08,19.788,85994
2020-07-14,19.455,19.685,19.24,19.53,73784
2020-07-15,19.645,19.845,19.525,19.761,58392
2020-07-16,19.82,19.87,19.475,19.573,54367
2020-07-17,19.535,19.79,19.355,19.764,56423
2020-07-20,19.765,20.34,19.655,20.192,80321
2020-07-21,20.34,21.725,20.315,21.557,142781
2020-07-22,21.7,23.42,21.68,23.144,202387
2020-07-23,23.405,23.67,22.475,22.988,182281
2020-07-24,22.835,23.185,22.58,22.85,111991
2020-07-27,22.97,24.82,22.94,24.501,188891
2020-07-28,24.7,26.275,22.46,24.3,253674
2020-07-29,24.58,25.12,23.435,24.321,138895
2020-07-30,24.45,24.58,23,23.362,154855
2020-07-31,23.625,24.67,23.41,24.216,139823
2020-08-03,24.68,25.275,24.16,24.417,78817
2020-08-04,24.49,26.26,24.24,26.028,157043
2020-08-05,26.29,27.25,25.64,26.89,212515
2020-08-06,27.105,29.2,26.935,28.4,236115
2020-08-07,29.025,29.915,27.43,27.54,283915
2020-08-10,28.525,29.53,27.96,29.261,242861
2020-08-11,29.235,29.44,24.48,26.049,355275
2020-08-12,24.9,26.355,23.58,25.979,241934
2020-08-13,25.63,27.855,25.355,27.718,245900
2020-08-14,27.62,27.885,25.78,26.089,223223
2020-08-17,26.67,27.71,25.915,27.667,164741
2020-08-18,27.62,28.605,27.19,28.075,213356
2020-08-19,27.855,28.13,26.53,27.34,212263
2020-08-20,26.77,27.63,26.65,27.147,153748
2020-08-21,27.375,27.635,26.095,26.732,160038
2020-08-24,26.89,27.34,26.33,26.607,122346
2020-08-25,26.655,26.855,26.13,26.273,100447
2020-08-26,26.61,27.665,26.155,27.449,137130
2020-08-27,27.645,28.035,26.565,27.025,131415
2020-08-28,27.265,27.99,27.05,27.79,103767
2020-08-31,27.83,28.65,27.79,28.594,91974
2020-09-01,28.43,29.235,27.835,28.645,115757
2020-09-02,28.385,28.54,27.275,27.395,126392
2020-09-03,27.635,27.89,26.63,26.875,125572
2020-09-04,26.765,27.245,26.455,26.712,114602
2020-09-07,27.04,27.385,25.985,26.991,139895
2020-09-08,26.92,27.07,26.005,26.864,545
2020-09-09,26.905,27.325,26.565,27.083,60067
2020-09-10,27.185,27.755,26.865,27.291,86955
2020-09-11,27.035,27.24,26.725,26.857,60574
2020-09-14,26.91,27.545,26.85,27.355,53416
2020-09-15,27.38,27.865,27.195,27.464,60449
2020-09-16,27.35,27.705,27.055,27.476,63703
2020-09-17,27.345,27.4,26.405,27.1,95309
2020-09-18,27.285,27.58,26.87,27.129,53086
2020-09-21,27.005,27.13,23.78,24.387,180808
2020-09-22,24.785,25.3,23.91,24.523,109438
2020-09-23,24.525,24.62,22.725,23.105,151986
2020-09-24,22.875,23.44,21.81,23.196,159011
2020-09-25,23.24,23.415,22.52,23.093,92920
2020-09-28,22.995,23.86,22.61,23.604,78578
2020-09-29,23.805,24.545,23.51,24.445,79192
2020-09-30,24.505,24.505,23.235,23.494,90768
2020-10-01,23.355,24.32,23.325,24.254,71453
2020-10-02,23.9,24.355,23.58,24.029,66337
2020-10-05,24.075,24.675,23.805,24.56,50312
2020-10-06,24.52,24.65,22.965,23.921,72230
2020-10-07,23.16,24.12,23.09,23.896,59068
2020-10-08,23.925,24.355,23.775,23.876,46726
2020-10-09,23.97,25.33,23.965,25.108,74748
2020-10-12,25.28,25.71,24.905,25.271,70138
2020-10-13,25.24,25.31,24.015,24.129,94212
2020-10-14,24.24,24.725,23.93,24.395,63467
2020-10-15,24.37,24.44,23.65,24.224,72416
2020-10-16,24.43,24.66,24.185,24.405,50592
2020-10-19,24.29,25.12,24.215,24.698,63701
2020-10-20,24.485,25.06,24.405,24.98,57373
2020-10-21,24.795,25.425,24.775,25.241,77692
2020-10-22,25.18,25.225,24.46,24.709,74440
2020-10-23,24.835,24.98,24.5,24.675,52732
2020-10-26,24.75,24.765,24.145,24.42,68932
2020-10-27,24.385,24.76,24.265,24.57,52477
2020-10-28,24.495,24.675,23.06,23.359,131769
2020-10-29,23.44,23.65,22.625,23.36,102571
2020-10-30,23.35,23.91,23.23,23.646,80571
2020-11-02,23.635,24.26,23.46,24.033,74902
2020-11-03,24.17,24.485,23.975,24.334,60022
2020-11-04,24.29,24.62,23.26,23.893,101888
2020-11-05,23.98,25.54,23.955,25.191,107647
2020-11-06,25.45,25.975,25.01,25.662,114858
2020-11-09,25.86,26.135,23.6,23.701,168829
2020-11-10,24.18,24.58,23.95,24.462,87443
2020-11-11,24.305,24.51,23.81,24.267,76987
2020-11-12,24.36,24.475,24.09,24.306,62741
2020-11-13,24.365,24.9,24.215,24.775,60866
2020-11-16,24.8,25.155,24.255,24.802,81628
2020-11-17,24.88,24.9,24.435,24.651,57853
2020-11-18,24.565,24.78,24.235,24.448,82574
2020-11-19,24.38,24.425,23.67,24.048,94811
2020-11-20,24.115,24.6,23.955,24.363,76350
2020-11-23,24.225,24.455,23.46,23.633,106428
2020-11-24,23.63,23.65,22.935,23.3,106070
2020-11-25,23.29,23.545,23.115,23.362,57047
2020-11-26,23.485,23.575,22.4,22.639,94529
2020-11-27,23.375,23.505,22.325,22.553,18893
2020-11-30,22.78,22.83,21.96,22.593,95288
2020-12-01,22.7,24.18,22.665,24.09,89388
2020-12-02,24.13,24.455,23.68,24.08,76789
2020-12-03,24.22,24.42,23.85,24.137,73437
2020-12-04,24.195,24.585,24.065,24.253,68534
2020-12-07,24.31,24.94,23.63,24.794,83053
2020-12-08,24.655,25.015,24.55,24.736,58830
2020-12-09,24.735,24.755,23.695,23.99,84500
2020-12-10,24.055,24.43,23.825,24.094,58690
2020-12-11,24.135,24.245,23.69,24.092,50253
2020-12-14,24.14,24.365,23.755,24.047,55678
2020-12-15,23.965,24.7,23.94,24.644,62398
2020-12-16,24.645,25.64,24.575,25.052,97984
2020-12-17,25.5,26.305,25.335,26.181,97945
2020-12-18,26.255,26.35,25.865,26.033,70346
2020-12-21,26.11,27.635,25.12,26.379,133743
2020-12-22,26.42,26.815,25.225,25.535,108021
2020-12-23,25.315,25.96,25.185,25.921,65498
2020-12-24,25.74,26.08,25.535,25.908,35135
2020-12-28,26.13,26.98,26,26.539,81409
2020-12-29,26.45,26.77,26.075,26.217,64313
2020-12-30,26.325,26.835,26.26,26.573,47678
2020-12-31,26.835,26.88,26.345,26.412,39622
2021-01-04,26.77,27.76,26.73,27.364,113756
2021-01-05,27.355,27.85,27.15,27.64,67460
2021-01-06,27.72,28.105,26.7,27.042,129359
2021-01-07,27.41,27.495,27.02,27.261,69492
2021-01-08,27.28,27.335,24.53,24.637,186371
2021-01-11,25.47,25.595,24.365,25.284,105998
2021-01-12,25.015,25.745,25,25.435,65920
2021-01-13,25.655,25.785,25.17,25.572,58511
2021-01-14,25.29,25.99,25.095,25.802,84235
2021-01-15,25.61,25.865,24.61,24.866,106180
2021-01-18,24.835,25.48,24.04,25.32,108897
2021-01-19,24.915,25.279,24.915,25.279,4
2021-01-20,25.29,25.96,25.06,25.766,80819
2021-01-21,25.91,26.13,25.7,25.854,59501
2021-01-22,26.025,26.045,25.05,25.556,75206
2021-01-25,25.535,25.835,25.205,25.484,73174
2021-01-26,25.395,25.72,25.23,25.538,52737
2021-01-27,25.53,25.545,24.715,25.389,96671
2021-01-28,25.33,27.1,24.895,25.922,190874
2021-01-29,26.625,27.77,26.15,26.914,187559
2021-02-01,28.425,30.35,28.155,29.418,325631
2021-02-02,29.095,29.15,26.35,26.402,208632
2021-02-03,26.735,27.26,26.545,26.889,93580
2021-02-04,26.96,27.015,25.935,26.234,104912
2021-02-05,26.42,27.105,26.255,27.019,90319
2021-02-08,27.2,27.7,26.93,27.576,84381
2021-02-09,27.37,27.875,27.13,27.402,81808
2021-02-10,27.35,27.595,26.88,27.078,71171
2021-02-11,27.095,27.35,26.75,27.047,62159
2021-02-12,27.02,27.5,26.91,27.328,53470
2021-02-15,27.49,28.075,26.87,27.325,129338
2021-02-16,27.51,27.51,27.06,27.319,64
2021-02-17,27.31,27.49,26.915,27.315,73029
2021-02-18,27.465,27.595,26.905,27.078,84295
2021-02-19,27.11,27.71,26.105,27.254,96257
2021-02-22,27.555,28.345,27.33,28.085,106242
2021-02-23,28.25,28.425,27.285,27.688,104383
2021-02-24,27.715,28.08,27.365,27.859,73500
2021-02-25,28.08,28.345,27.345,27.685,109687
2021-02-26,27.53,27.65,26.16,26.44,116750
2021-03-01,26.7,27.175,26.51,26.678,71641
2021-03-02,26.63,26.985,25.82,26.879,82138
2021-03-03,26.86,26.915,25.875,26.387,82462
2021-03-04,26.175,26.385,25.08,25.461,95001
2021-03-05,25.385,25.505,24.845,25.287,79262
2021-03-08,25.4,25.965,24.97,25.269,61341
2021-03-09,25.17,26.22,25.09,26.183,69608
2021-03-10,26.025,26.315,25.61,26.13,53386
2021-03-11,26.315,26.545,25.885,26.193,55083
2021-03-12,26.195,26.235,25.425,25.911,56880
2021-03-15,26.07,26.39,25.845,26.288,48441
2021-03-16,26.34,26.405,25.885,26.003,47610
2021-03-17,26.005,26.615,25.805,26.058,55128
2021-03-18,26.4,26.74,25.875,26.351,76403
2021-03-19,26.15,26.4,25.925,26.321,51790
2021-03-22,26.34,26.35,25.45,25.769,62033
2021-03-23,25.85,25.915,25.05,25.227,63343
2021-03-24,25.12,25.43,25.02,25.231,42909
2021-03-25,25.17,25.255,24.435,25.047,86467
2021-03-26,25.15,25.335,24.92,25.114,42080
2021-03-29,25.105,25.15,24.48,24.771,52985
2021-03-30,24.725,24.77,23.88,24.137,72663
2021-03-31,24.045,24.565,23.74,24.532,65794
2021-04-01,24.46,25.045,24.27,24.948,63172
2021-04-05,25.05,25.14,24.66,24.78,39251
2021-04-06,24.905,25.355,24.795,25.227,53635
2021-04-07,25.21,25.33,24.895,25.247,44353
2021-04-08,25.21,25.675,25.02,25.585,65651
2021-04-09,25.53,25.555,25.01,25.325,60534
2021-04-12,25.3,25.33,24.725,24.867,65062
2021-04-13,24.83,25.54,24.68,25.426,77443
2021-04-14,25.405,25.59,25.235,25.524,56466
2021-04-15,25.48,26.07,25.38,25.964,72557
2021-04-16,25.94,26.38,25.795,26.105,58495
2021-04-19,26.055,26.28,25.67,25.837,68087
2021-04-20,25.875,26.15,25.725,25.84,70916
2021-04-21,25.88,26.73,25.795,26.57,94205
2021-04-22,26.65,26.67,26.025,26.18,84132
2021-04-23,26.195,26.47,25.89,26.075,63844
2021-04-26,26.045,26.28,25.895,26.209,59858
2021-04-27,26.275,26.515,26.1,26.41,65267
2021-04-28,26.325,26.345,25.84,26.085,62061
2021-04-29,26.3,26.58,25.745,26.085,81326
2021-04-30,26.17,26.275,25.855,25.873,55505
2021-05-03,25.99,27.115,25.85,26.96,77320
2021-05-04,27.015,27.24,26.16,26.558,76945
2021-05-05,26.595,26.71,26.165,26.522,40707
2021-05-06,26.59,27.585,26.245,27.477,90928
2021-05-07,27.45,27.8,27.23,27.477,80775
2021-05-10,27.68,28.005,27.32,27.492,65165
2021-05-11,27.4,27.78,27.18,27.667,62125
2021-05-12,27.76,27.83,27.03,27.244,77860
2021-05-13,27.095,27.33,26.78,27.059,63630
2021-05-14,27.19,27.595,26.92,27.365,58608
2021-05-17,27.515,28.435,27.44,28.274,86803
2021-05-18,28.325,28.9,28.12,28.333,77207
2021-05-19,28.3,28.365,27.425,28.025,109069
2021-05-20,27.84,28.125,27.49,28.067,55964
2021-05-21,27.87,28.195,27.265,27.486,78640
2021-05-24,27.69,28.015,27.55,27.905,51115
2021-05-25,27.88,28.16,27.545,28.056,69312
2021-05-26,28.105,28.34,27.685,27.877,65965
2021-05-27,27.765,27.995,27.575,27.94,56810
2021-05-28,27.98,28.095,27.48,28.014,66456
2021-05-31,28.06,28.71,27.93,28.102,108884
2021-06-01,28.005,28.58,27.995,28.083,187
2021-06-02,27.995,28.32,27.765,28.204,53890
2021-06-03,28.295,28.37,27.09,27.477,106481
2021-06-04,27.53,27.98,27.31,27.896,76796
2021-06-07,27.91,28.085,27.595,28.018,63090
2021-06-08,28.025,28.12,27.61,27.731,70194
2021-06-09,27.735,28.145,27.62,28.002,64182
2021-06-10,27.905,28.18,27.475,28.031,82059
2021-06-11,28.145,28.445,28.025,28.146,75344
2021-06-14,28.095,28.16,27.565,28.039,61118
2021-06-15,28,28.03,27.485,27.693,63844
2021-06-16,27.795,27.97,26.7,27.812,74312
2021-06-17,27.005,27.32,25.82,25.856,156974
2021-06-18,25.95,26.555,25.77,25.969,88177
2021-06-21,25.865,26.135,25.58,26.025,66361
2021-06-22,25.995,26.085,25.735,25.857,54120
2021-06-23,25.835,26.37,25.8,26.111,66104
2021-06-24,25.935,26.245,25.865,26.05,53062
2021-06-25,26.01,26.38,25.97,26.087,49169
2021-06-28,26.19,26.295,25.845,26.223,42308
2021-06-29,26.235,26.235,25.58,25.901,75836
2021-06-30,25.875,26.275,25.8,26.194,44641
2021-07-01,26.25,26.525,26.045,26.1,54767
2021-07-02,26.145,26.7,26.1,26.501,57338
2021-07-05,26.64,26.91,26.1,26.174,80502
2021-07-06,26.725,26.87,26.154,26.154,389
2021-07-07,26.265,26.545,26.06,26.129,50057
2021-07-08,26.265,26.31,25.875,25.987,59521
2021-07-09,26.005,26.3,25.82,26.234,45503
2021-07-12,26.185,26.375,25.93,26.239,43369
2021-07-13,26.32,26.44,26.005,26.14,50734
2021-07-14,26.055,26.575,26.01,26.271,65095
2021-07-15,26.325,26.49,26.245,26.394,35260
2021-07-16,26.43,26.55,25.64,25.795,78276
2021-07-19,25.7,25.805,25.035,25.144,86385
2021-07-20,25.24,25.315,24.84,24.995,64680
2021-07-21,24.975,25.365,24.79,25.255,50528
2021-07-22,25.33,25.515,25.06,25.381,48076
2021-07-23,25.48,25.535,25.05,25.233,39883
2021-07-26,25.27,25.51,25.175,25.318,40291
2021-07-27,25.255,25.32,24.515,24.649,80912
2021-07-28,24.73,25.06,24.655,24.877,54851
2021-07-29,25.015,25.875,25,25.782,70554
2021-07-30,25.6,25.685,25.395,25.547,43333
2021-08-02,25.625,25.675,25.345,25.575,52012
2021-08-03,25.47,25.665,25.27,25.582,45851
2021-08-04,25.59,26.09,25.375,25.461,72925
2021-08-05,25.425,25.565,25.115,25.292,42425
2021-08-06,25.195,25.23,24.205,24.326,113947
2021-08-09,24.34,24.38,22.295,23.269,118525
2021-08-10,23.45,23.675,23.22,23.392,62925
2021-08-11,23.325,23.565,23.19,23.488,70051
2021-08-12,23.515,23.53,22.97,23.116,66982
2021-08-13,23.155,23.83,23.13,23.779,53761
2021-08-16,23.675,23.89,23.38,23.791,42361
2021-08-17,23.84,23.955,23.565,23.659,42586
2021-08-18,23.66,23.83,23.265,23.422,46292
2021-08-19,23.5,23.515,23.08,23.23,51433
2021-08-20,23.21,23.3,22.835,23.112,55723
2021-08-23,22.985,23.705,22.925,23.656,57336
2021-08-24,23.645,23.975,23.545,23.894,52173
2021-08-25,23.875,23.91,23.59,23.775,56579
2021-08-26,23.87,23.895,23.42,23.55,55512
2021-08-27,23.565,24.135,23.305,24.062,63309
2021-08-30,24.13,24.28,23.95,24.006,47975
2021-08-31,24.065,24.27,23.83,24.006,44557
2021-09-01,23.935,24.325,23.775,24.221,48667
2021-09-02,24.2,24.275,23.815,23.918,36862
2021-09-03,23.95,24.945,23.91,24.802,67190
2021-09-06,24.865,24.895,24.21,24.373,69926
2021-09-07,24.81,24.81,24.185,24.334,32
2021-09-08,24.39,24.48,23.94,24.056,45432
2021-09-09,23.995,24.355,23.865,24.177,43408
2021-09-10,24.1,24.345,23.76,23.9,39089
2021-09-13,23.79,23.89,23.36,23.796,47762
2021-09-14,23.775,23.98,23.435,23.885,42443
2021-09-15,23.865,23.94,23.67,23.801,32693
2021-09-16,23.865,24,22.585,22.794,90198
2021-09-17,22.91,23.13,22.305,22.337,66385
2021-09-20,22.33,22.5,22.025,22.204,50982
2021-09-21,22.265,22.72,22.21,22.611,41112
2021-09-22,22.485,23.15,22.455,22.907,51985
2021-09-23,22.695,22.88,22.465,22.679,43740
2021-09-24,22.53,22.79,22.09,22.425,41674
2021-09-27,22.395,22.865,22.39,22.694,36109
2021-09-28,22.625,22.68,22.08,22.467,55489
2021-09-29,22.475,22.565,21.41,21.485,80155
2021-09-30,21.515,22.225,21.46,22.047,66122
2021-10-01,22.185,22.6,21.99,22.536,43510
2021-10-04,22.6,22.805,22.29,22.644,35184
2021-10-05,22.725,22.73,22.38,22.608,27037
2021-10-06,22.635,22.7,22.185,22.532,38888
2021-10-07,22.64,22.84,22.385,22.658,41564
2021-10-08,22.61,23.22,22.435,22.705,69584
2021-10-11,22.685,22.83,22.495,22.665,29925
2021-10-12,22.61,22.79,22.325,22.514,42934
2021-10-13,22.57,23.285,22.48,23.17,71896
2021-10-14,23.1,23.625,22.925,23.477,54284
2021-10-15,23.565,23.645,23.1,23.349,52245
2021-10-18,23.38,23.495,23.035,23.264,47028
2021-10-19,23.25,24.18,23.22,23.883,79067
2021-10-20,23.71,24.495,23.615,24.445,73133
2021-10-21,24.37,24.55,24.07,24.17,58675
2021-10-22,24.22,24.92,24.185,24.449,83276
2021-10-25,24.395,24.695,24.365,24.592,44827
2021-10-26,24.65,24.655,23.925,24.088,61761
2021-10-27,24.22,24.33,23.905,24.191,48091
2021-10-28,24.13,24.31,24.02,24.12,45957
2021-10-29,24.135,24.14,23.705,23.949,57797
2021-11-01,23.985,24.175,23.81,24.073,37064
2021-11-02,24.13,24.14,23.43,23.507,62995
2021-11-03,23.57,23.665,23.045,23.231,67158
2021-11-04,23.53,24.115,23.485,23.911,68462
2021-11-05,23.87,24.255,23.665,24.157,73237
2021-11-08,24.285,24.59,24.13,24.542,67623
2021-11-09,24.55,24.565,24.09,24.318,65113
2021-11-10,24.375,25.22,24.04,24.772,131557
2021-11-11,24.71,25.365,24.645,25.301,82022
2021-11-12,25.35,25.47,24.925,25.346,66390
2021-11-15,25.425,25.465,24.97,25.105,68484
2021-11-16,25.135,25.49,24.825,24.944,77002
2021-11-17,24.86,25.285,24.85,25.167,54345
2021-11-18,25.15,25.23,24.73,24.9,63620
2021-11-19,24.85,25.04,24.61,24.781,67983
2021-11-22,24.67,24.955,24.14,24.297,78537
2021-11-23,24.21,24.34,23.28,23.435,93870
2021-11-24,23.64,23.695,23.4,23.496,54623
2021-11-25,23.58,23.735,22.915,23.107,61278
2021-11-26,23.107,23.107,23.107,23.107,61278
2021-11-29,23.16,23.46,22.775,22.852,66863
2021-11-30,22.93,23.355,22.705,22.815,68031
2021-12-01,22.875,23.06,22.185,22.339,65422
2021-12-02,22.335,22.505,22.215,22.316,45193
2021-12-03,22.41,22.59,22.035,22.481,54133
2021-12-06,22.61,22.635,22.125,22.263,41148
2021-12-07,22.395,22.625,22.23,22.523,38834
2021-12-08,22.525,22.58,22.305,22.432,28914
2021-12-09,22.435,22.475,21.84,22.013,58885
2021-12-10,21.975,22.24,21.815,22.195,43902
2021-12-13,22.195,22.43,22.16,22.328,31877
2021-12-14,22.35,22.355,21.67,21.924,52446
2021-12-15,21.945,22.13,21.41,21.545,65035
2021-12-16,22.07,22.56,21.93,22.485,56369
2021-12-17,22.53,22.69,22.355,22.533,39306
2021-12-20,22.39,22.435,22.19,22.291,35056
2021-12-21,22.29,22.805,22.185,22.529,45669
2021-12-22,22.525,22.86,22.44,22.819,35702
2021-12-23,22.815,22.965,22.68,22.94,33910
2021-12-27,22.9,23.15,22.655,22.989,39289
2021-12-28,23.105,23.48,23.005,23.121,42747
2021-12-29,23.05,23.185,22.6,22.858,40025
2021-12-30,22.87,23.155,22.63,23.06,30537
2021-12-31,23.095,23.39,23.07,23.352,30385
2022-01-03,23.385,23.44,22.69,22.81,46323
2022-01-04,22.92,23.14,22.655,23.056,44911
2022-01-05,23.095,23.3,22.75,23.17,41186
2022-01-06,22.81,22.85,22,22.19,73893
2022-01-07,22.195,22.46,21.945,22.409,57758
2022-01-10,22.385,22.54,22.205,22.462,44525
2022-01-11,22.5,22.86,22.48,22.812,48865
2022-01-12,22.82,23.26,22.68,23.207,55764
2022-01-13,23.19,23.315,23.025,23.162,53381
2022-01-14,23.115,23.345,22.845,22.918,50668
2022-01-17,22.995,23.68,22.82,23.492,105831
2022-01-18,23.4,23.487,23.4,23.487,207
2022-01-19,23.505,24.265,23.43,24.231,73904
2022-01-20,24.185,24.755,24.125,24.716,75611
2022-01-21,24.525,24.64,24.205,24.32,62053
2022-01-24,24.305,24.36,23.595,23.8,72346
2022-01-25,24.045,24.045,23.635,23.896,53177
2022-01-26,23.85,24.025,23.46,23.807,55616
2022-01-27,23.565,23.625,22.585,22.676,82117
2022-01-28,22.79,22.83,22.15,22.301,63805
2022-01-31,22.475,22.655,22.25,22.393,38415
2022-02-01,22.49,23.06,22.405,22.595,48401
2022-02-02,22.64,22.875,22.465,22.707,38341
2022-02-03,22.65,22.66,21.985,22.375,55028
2022-02-04,22.42,22.69,22.1,22.475,47755
2022-02-07,22.535,23.11,22.5,23.076,58936
2022-02-08,23.025,23.265,22.77,23.2,52509
2022-02-09,23.195,23.365,23.095,23.341,52976
2022-02-10,23.31,23.735,23.145,23.522,77906
2022-02-11,23.205,23.71,22.855,23.369,77039
2022-02-14,23.6,23.965,23.555,23.848,57088
2022-02-15,23.885,24.015,23.07,23.342,61866
2022-02-16,23.38,23.67,23.29,23.605,47867
2022-02-17,23.645,23.93,23.44,23.875,60054
2022-02-18,23.855,24.115,23.7,23.992,52868
2022-02-21,24.06,24.385,23.71,24.311,96222
2022-02-22,24.21,24.311,24.21,24.311,175
2022-02-23,24.145,24.62,24.05,24.553,62689
2022-02-24,24.61,25.67,23.86,24.687,107560
2022-02-25,24.33,24.55,23.92,24.017,67322
2022-02-28,24.62,24.88,24.155,24.366,55275
2022-03-01,24.455,25.65,24.345,25.541,68559
2022-03-02,25.505,25.545,24.96,25.19,69469
2022-03-03,25.45,25.665,25.075,25.212,57473
2022-03-04,25.285,25.92,25.155,25.789,70858
2022-03-07,26.025,26.37,25.465,25.72,81497
2022-03-08,25.805,27.495,25.55,26.895,127210
2022-03-09,26.925,27.39,25.73,25.816,87106
2022-03-10,26.06,26.425,25.6,26.256,55850
2022-03-11,26.255,26.35,25.695,26.16,51553
2022-03-14,26.28,26.29,25.16,25.298,52362
2022-03-15,25.26,25.315,24.75,25.158,47790
2022-03-16,25.115,25.25,24.55,24.71,46296
2022-03-17,25.24,25.75,25.165,25.616,40143
2022-03-18,25.595,25.64,24.98,25.087,38058
2022-03-21,25.15,25.52,25.05,25.313,34835
2022-03-22,25.41,25.59,24.695,24.904,45755
2022-03-23,24.915,25.37,24.78,25.189,34153
2022-03-24,25.285,26.16,25.17,25.92,61003
2022-03-25,25.85,26.035,25.47,25.615,37913
2022-03-28,25.725,25.795,24.94,25.196,46259
2022-03-29,25.01,25.135,24.045,24.736,76186
2022-03-30,24.92,25.265,24.855,25.113,38787
2022-03-31,25.035,25.285,24.67,25.133,36613
2022-04-01,24.99,25.04,24.565,24.654,44247
2022-04-04,24.735,25.005,24.385,24.59,41512
2022-04-05,24.665,25.11,24.355,24.534,49217
2022-04-06,24.465,24.68,24.2,24.458,47180
2022-04-07,24.57,24.78,24.335,24.735,48613
2022-04-08,24.725,24.935,24.495,24.823,50939
2022-04-11,24.925,25.6,24.795,24.987,76959
2022-04-12,25.255,25.84,25.025,25.735,74873
2022-04-13,25.585,26.07,25.53,26.03,62662
2022-04-14,25.955,26.115,25.46,25.7,51611
2022-04-18,25.875,26.495,25.805,26.15,52496
2022-04-19,26.055,26.195,25.165,25.391,65300
2022-04-20,25.315,25.4,24.98,25.271,44950
2022-04-21,25.305,25.31,24.48,24.621,69612
2022-04-22,24.72,24.74,24.08,24.259,65626
2022-04-25,24.215,24.24,23.42,23.67,63922
2022-04-26,23.705,23.975,23.445,23.544,45154
2022-04-27,23.59,23.765,23.275,23.46,37579
2022-04-28,23.365,23.455,22.94,23.181,57590
2022-04-29,23.23,23.65,22.71,23.085,55325
2022-05-02,22.785,22.88,22.13,22.584,56206
2022-05-03,22.7,22.89,22.44,22.665,43732
2022-05-04,22.6,23.125,22.22,22.402,58057
2022-05-05,23.04,23.345,22.325,22.443,71880
2022-05-06,22.52,22.665,22.11,22.367,59540
2022-05-09,22.395,22.395,21.65,21.82,80196
2022-05-10,21.77,22.085,21.155,21.424,78496
2022-05-11,21.21,21.97,21.2,21.575,80769
2022-05-12,21.555,21.625,20.59,20.773,81996
2022-05-13,20.635,21.125,20.42,21.001,58678
2022-05-16,21.105,21.71,20.835,21.551,46633
2022-05-17,21.65,21.925,21.52,21.75,39226
2022-05-18,21.665,21.75,21.365,21.544,33867
2022-05-19,21.43,22.01,21.25,21.908,41278
2022-05-20,21.965,22.08,21.58,21.674,34791
2022-05-23,21.78,22.205,21.66,21.723,41167
2022-05-24,21.77,22.215,21.645,22.063,36827
2022-05-25,22.115,22.145,21.725,21.87,32081
2022-05-26,21.975,22.075,21.73,21.965,29702
2022-05-27,22.035,22.475,21.94,22.096,38410
2022-05-30,22.15,22.31,21.455,21.688,67951
2022-05-31,21.6,21.675,21.6,21.651,46
2022-06-01,21.535,21.995,21.41,21.915,51150
2022-06-02,21.86,22.38,21.785,22.275,35936
2022-06-03,22.355,22.525,21.86,21.908,37465
2022-06-06,21.945,22.565,21.9,22.092,48160
2022-06-07,22.085,22.3,21.84,22.178,51446
2022-06-08,22.275,22.275,21.795,22.094,44943
2022-06-09,22.085,22.165,21.535,21.817,63622
2022-06-10,21.715,22.02,21.235,21.931,78781
2022-06-13,22.01,22.04,20.91,21.255,88959
2022-06-14,21.07,21.36,20.845,20.954,59211
2022-06-15,21.01,21.845,20.97,21.42,70536
2022-06-16,21.68,21.97,21.32,21.885,52318
2022-06-17,21.955,21.965,21.56,21.587,43902
2022-06-20,21.52,21.95,21.43,21.768,64993
2022-06-21,21.8,21.8,21.745,21.754,7
2022-06-22,21.67,21.675,21.205,21.421,55917
2022-06-23,21.42,21.495,20.89,21.042,71938
2022-06-24,20.92,21.205,20.545,21.125,72540
2022-06-27,21.2,21.535,21.08,21.168,48086
2022-06-28,21.17,21.355,20.72,20.806,42010
2022-06-29,20.84,21.065,20.61,20.738,53003
2022-06-30,20.725,20.785,20.145,20.352,61095
2022-07-01,20.29,20.29,19.295,19.667,75674
2022-07-04,19.88,20.1,18.97,19.121,85003
2022-07-05,19.81,20.07,19.04,19.052,205
2022-07-06,19.155,19.325,18.705,19.159,66245
2022-07-07,19.17,19.435,19.035,19.188,42480
2022-07-08,19.17,19.39,18.935,19.236,43105
2022-07-11,19.265,19.31,19.015,19.132,38596
2022-07-12,19.055,19.135,18.63,18.958,53267
2022-07-13,18.87,19.36,18.79,19.194,63754
2022-07-14,19.18,19.18,18.01,18.225,82273
2022-07-15,18.335,18.695,18.095,18.594,53068
2022-07-18,18.675,18.95,18.585,18.84,42250
2022-07-19,18.655,18.845,18.51,18.713,36800
2022-07-20,18.695,19.03,18.565,18.668,42473
2022-07-21,18.61,18.805,18.12,18.719,58417
2022-07-22,18.785,18.88,18.42,18.617,47275
2022-07-25,18.54,18.675,18.195,18.328,43124
2022-07-26,18.33,18.62,18.285,18.535,40820
2022-07-27,18.535,19.095,18.36,18.6,62255
2022-07-28,19.05,20,19.01,19.868,86522
2022-07-29,19.99,20.35,19.825,20.197,64588
2022-08-01,20.335,20.51,20.065,20.362,58521
2022-08-02,20.34,20.495,19.915,20.139,64539
2022-08-03,19.955,20.14,19.75,19.894,47270
2022-08-04,20.045,20.38,19.93,20.122,49819
2022-08-05,20.16,20.28,19.47,19.842,62128
2022-08-08,19.84,20.745,19.745,20.614,68066
2022-08-09,20.695,20.74,20.4,20.482,53846
2022-08-10,20.5,20.83,20.315,20.742,65018
2022-08-11,20.575,20.605,20.19,20.349,56532
2022-08-12,20.26,20.85,20.19,20.698,46590
2022-08-15,20.805,20.87,20.02,20.272,55089
2022-08-16,20.23,20.25,19.86,20.085,41920
2022-08-17,20.105,20.24,19.63,19.731,49570
2022-08-18,19.74,19.885,19.41,19.464,46162
2022-08-19,19.47,19.48,18.925,19.069,55574
2022-08-22,18.97,19.065,18.605,18.878,55519
2022-08-23,18.885,19.155,18.65,19.026,52280
2022-08-24,19.02,19.105,18.815,18.907,42817
2022-08-25,18.995,19.26,18.955,19.12,46313
2022-08-26,19.13,19.345,18.68,18.746,53716
2022-08-29,18.77,18.77,18.3,18.557,33392
2022-08-30,18.675,18.7,18.225,18.287,58002
2022-08-31,18.29,18.39,17.8,17.882,63457
2022-09-01,17.85,17.865,17.4,17.666,66963
2022-09-02,17.665,18.165,17.62,17.881,62962
2022-09-05,17.94,18.465,17.815,17.908,73960
2022-09-06,18.1,18.105,17.79,17.795,100
2022-09-07,17.905,18.4,17.74,18.26,49635
2022-09-08,18.395,18.665,18.24,18.442,53195
2022-09-09,18.45,18.86,18.445,18.767,43862
2022-09-12,18.815,20.005,18.775,19.86,82320
2022-09-13,19.785,19.93,19.295,19.491,76426
2022-09-14,19.3,19.685,19.215,19.569,47430
2022-09-15,19.6,19.625,19.11,19.269,50656
2022-09-16,19.175,19.64,18.77,19.381,58154
2022-09-19,19.6,19.69,19.235,19.358,44265
2022-09-20,19.595,19.605,19.07,19.183,42269
2022-09-21,19.265,19.96,19.23,19.48,70726
2022-09-22,19.645,19.89,19.25,19.617,63373
2022-09-23,19.66,19.745,18.76,18.91,82520
2022-09-26,18.85,19.045,18.31,18.48,81812
2022-09-27,18.35,18.785,18.295,18.337,63089
2022-09-28,18.365,18.965,17.895,18.88,83799
2022-09-29,18.91,18.915,18.465,18.712,59252
2022-09-30,18.81,19.3,18.745,19.039,53857
2022-10-03,18.995,20.78,18.98,20.589,98657
2022-10-04,20.745,21.31,20.68,21.099,73441
2022-10-05,21.12,21.135,19.985,20.544,80040
2022-10-06,20.75,20.93,20.4,20.66,49255
2022-10-07,20.71,20.875,20.02,20.255,60627
2022-10-10,20.185,20.21,19.525,19.615,59200
2022-10-11,19.63,19.725,19.05,19.487,60401
2022-10-12,19.175,19.31,18.84,18.938,57220
2022-10-13,19.01,19.29,18.41,18.918,73297
2022-10-14,18.865,19.055,18.01,18.071,69608
2022-10-17,18.16,18.89,18.155,18.719,52185
2022-10-18,18.625,18.865,18.49,18.6,39817
2022-10-19,18.685,18.755,18.305,18.359,36441
2022-10-20,18.405,18.96,18.15,18.689,57776
2022-10-21,18.625,19.405,18.205,19.066,85071
2022-10-24,19.395,19.675,18.985,19.189,61360
2022-10-25,19.195,19.41,18.74,19.349,54442
2022-10-26,19.325,19.765,19.18,19.486,55631
2022-10-27,19.555,19.66,19.255,19.494,58012
2022-10-28,19.565,19.62,18.95,19.147,51840
2022-10-31,19.2,19.225,18.865,19.119,36651
2022-11-01,19.11,20.04,19.085,19.667,79392
2022-11-02,19.635,20.11,19.2,19.594,63230
2022-11-03,19.23,19.555,18.805,19.43,71233
2022-11-04,19.5,20.965,19.425,20.784,112097
2022-11-07,20.57,21.08,20.435,20.919,76411
2022-11-08,20.85,21.72,20.57,21.502,95945
2022-11-09,21.425,21.695,21.055,21.327,80561
2022-11-10,21.115,21.94,21.045,21.702,92918
2022-11-11,21.77,22.16,21.355,21.667,77857
2022-11-14,21.77,22.19,21.37,22.113,63151
2022-11-15,22.065,22.38,21.45,21.518,94519
2022-11-16,21.63,22.155,21.455,21.524,71716
2022-11-17,21.505,21.535,20.785,20.975,68303
2022-11-18,21.02,21.325,20.87,20.997,45477
2022-11-21,20.985,21.04,20.6,20.872,49274
2022-11-22,20.86,21.37,20.86,21.049,56889
2022-11-23,21.1,21.63,20.925,21.367,50248
2022-11-24,21.605,21.73,21.175,21.43,53887
2022-11-25,21.355,21.445,21.355,21.425,15
2022-11-28,21.45,21.64,20.835,20.915,59036
2022-11-29,21.13,21.635,21.06,21.436,46731
2022-11-30,21.415,22.41,21.355,21.781,63509
2022-12-01,22.41,23.005,22.24,22.841,73641
2022-12-02,22.975,23.475,22.48,23.25,74935
2022-12-05,23.29,23.69,22.35,22.417,72922
2022-12-06,22.435,22.78,22.19,22.335,49857
2022-12-07,22.35,23.01,22.255,22.922,51536
2022-12-08,22.92,23.425,22.725,23.246,44878
2022-12-09,23.305,23.9,23.14,23.717,53435
2022-12-12,23.65,23.765,23.32,23.403,39129
2022-12-13,23.52,24.39,23.49,23.99,74308
2022-12-14,23.965,24.275,23.605,24.136,51522
2022-12-15,24.18,24.18,23.155,23.305,61897
2022-12-16,23.27,23.445,22.735,23.328,51257
2022-12-19,23.415,23.625,23.03,23.199,33182
2022-12-20,23.18,24.49,23.05,24.271,72521
2022-12-21,24.395,24.525,24.055,24.194,36770
2022-12-22,24.195,24.315,23.55,23.622,46204
2022-12-23,23.74,24.095,23.685,23.92,31555
2022-12-27,24.05,24.495,23.975,24.217,45233
2022-12-28,24.24,24.275,23.645,23.84,34285
2022-12-29,23.725,24.28,23.69,24.25,36898
2022-12-30,24.105,24.36,23.705,24.04,40886
2023-01-03,24.305,24.775,24.095,24.236,69964
2023-01-04,24.175,24.64,23.745,23.964,62309
2023-01-05,23.94,24.06,23.26,23.424,60084
2023-01-06,23.385,24.055,23.345,23.982,55419
2023-01-09,24.025,24.285,23.725,23.871,47840
2023-01-10,23.775,23.905,23.55,23.665,42919
2023-01-11,23.72,24.19,23.34,23.481,57031
2023-01-12,23.53,24.33,23.5,24.004,73105
2023-01-13,23.92,24.445,23.62,24.372,59828
2023-01-16,24.45,24.67,23.975,24.068,86021
2023-01-17,24.31,24.315,23.944,23.944,118
2023-01-18,24.09,24.5,23.55,23.647,82096
2023-01-19,23.595,24.075,23.27,23.87,66630
2023-01-20,24.005,24.225,23.83,23.935,56895
2023-01-23,24.055,24.295,22.845,23.554,91281
2023-01-24,23.565,23.855,23.31,23.749,51746
2023-01-25,23.765,24.065,23.44,23.941,56584
2023-01-26,24.055,24.415,23.69,24.02,85567
2023-01-27,24.025,24.12,23.39,23.622,65127
2023-01-30,23.675,23.92,23.63,23.733,56123
2023-01-31,23.695,23.865,23.05,23.836,66626
2023-02-01,23.84,24.15,23.44,23.609,65333
2023-02-02,24.065,24.75,23.495,23.615,110840
2023-02-03,23.515,23.665,22.325,22.405,111872
2023-02-06,22.385,22.635,22.17,22.237,66943
2023-02-07,22.305,22.485,22.065,22.177,72082
2023-02-08,22.21,22.56,22.205,22.42,56973
2023-02-09,22.365,22.615,21.915,22.143,67992
2023-02-10,22.015,22.31,21.83,22.075,68256
2023-02-13,22.03,22.085,21.785,21.852,48506
2023-02-14,21.995,22.04,21.585,21.873,73822
2023-02-15,21.865,21.875,21.385,21.572,55508
2023-02-16,21.64,21.79,21.4,21.71,56289
2023-02-17,21.585,21.8,21.155,21.715,67934
2023-02-20,21.7,21.995,21.555,21.89,86914
2023-02-21,21.97,21.97,21.855,21.869,8
2023-02-22,21.87,22,21.435,21.677,50976
2023-02-23,21.52,21.67,21.26,21.306,52988
2023-02-24,21.33,21.395,20.725,20.81,53878
2023-02-27,20.915,20.945,20.64,20.793,66623
2023-02-28,20.74,21.125,20.505,21.071,61594
2023-03-01,21.03,21.285,20.945,21.095,57920
2023-03-02,21.085,21.1,20.76,20.901,45155
2023-03-03,20.99,21.385,20.91,21.238,53402
2023-03-06,21.385,21.395,21.07,21.135,56899
2023-03-07,21.14,21.215,20.105,20.199,69318
2023-03-08,20.165,20.29,19.955,20.151,60887
2023-03-09,20.125,20.355,20.025,20.165,47400
2023-03-10,20.145,20.875,19.945,20.506,73685
2023-03-13,20.72,22.045,20.645,21.923,121597
2023-03-14,21.92,22.09,21.465,22.04,75567
2023-03-15,21.795,22.525,21.605,21.882,89429
2023-03-16,21.925,22.21,21.59,21.692,56943
2023-03-17,21.855,22.765,21.785,22.462,68616
2023-03-20,22.71,22.855,22.35,22.646,65636
2023-03-21,22.665,22.785,22.29,22.425,45059
2023-03-22,22.51,23.24,22.41,22.786,56689
2023-03-23,23.1,23.36,22.9,23.256,60536
2023-03-24,23.24,23.705,23.125,23.339,65530
2023-03-27,23.485,23.485,23,23.145,47365
2023-03-28,23.21,23.515,22.96,23.42,42175
2023-03-29,23.47,23.555,23.205,23.466,42583
2023-03-30,23.44,24.1,23.37,23.989,67103
2023-03-31,24.05,24.31,23.83,24.156,59671
2023-04-03,24.285,24.335,23.725,24.021,59787
2023-04-04,24.105,25.195,23.97,25.101,80733
2023-04-05,25.175,25.295,24.785,25.037,66170
2023-04-06,25.09,25.175,24.695,25.093,49817
2023-04-10,24.91,25.24,24.775,24.912,47961
2023-04-11,25.015,25.275,24.97,25.186,54833
2023-04-12,25.185,25.825,25.175,25.458,89015
2023-04-13,25.63,26.115,25.515,25.925,75419
2023-04-14,25.97,26.235,25.265,25.46,94543
2023-04-17,25.44,25.71,24.92,25.088,64634
2023-04-18,25.125,25.43,25.03,25.263,48685
2023-04-19,25.28,25.46,24.715,25.371,74679
2023-04-20,25.37,25.585,25.155,25.373,64381
2023-04-21,25.35,25.475,24.985,25.058,61581
2023-04-24,25.155,25.32,24.84,25.311,55060
2023-04-25,25.255,25.435,24.53,24.882,73904
2023-04-26,25.045,25.325,24.815,24.876,64251
2023-04-27,25.17,25.41,24.745,25.209,70923
2023-04-28,25.205,25.35,24.98,25.226,44909
2023-05-01,25.46,26.21,25.14,25.23,75568
2023-05-02,25.245,25.765,24.82,25.619,62314
2023-05-03,25.65,25.91,25.355,25.681,52176
2023-05-04,25.91,26.36,25.7,26.227,73180
2023-05-05,26.33,26.435,25.41,25.93,68595
2023-05-08,25.945,25.99,25.76,25.834,34920
2023-05-09,25.79,25.93,25.57,25.898,45730
2023-05-10,25.84,26.2,25.455,25.658,77949
2023-05-11,25.545,25.7,24.325,24.424,107003
2023-05-12,24.37,24.405,23.91,24.154,72506
2023-05-15,24.1,24.395,24.05,24.291,42503
2023-05-16,24.265,24.275,23.805,23.893,63667
2023-05-17,23.915,24.06,23.715,23.897,49654
2023-05-18,23.94,23.96,23.485,23.633,46401
2023-05-19,23.655,24.185,23.555,24.06,56308
2023-05-22,24.02,24.085,23.76,23.861,39174
2023-05-23,23.8,23.81,23.235,23.624,60998
2023-05-24,23.59,23.655,23.14,23.24,52104
2023-05-25,23.185,23.26,22.8,22.91,63122
2023-05-26,22.83,23.46,22.785,23.36,59821
2023-05-29,23.425,23.51,23.03,23.239,79064
2023-05-30,23.285,23.37,22.93,23.125,687
2023-05-31,23.31,23.735,23.16,23.587,76734
2023-06-01,23.625,24.03,23.355,23.987,76911
2023-06-02,23.98,24.12,23.66,23.747,62064
2023-06-05,23.69,23.785,23.32,23.635,47487
2023-06-06,23.665,23.87,23.41,23.67,44284
2023-06-07,23.675,24.165,23.48,23.529,73325
2023-06-08,23.525,24.46,23.51,24.348,84074
2023-06-09,24.36,24.62,24.28,24.41,63767
2023-06-12,24.375,24.395,23.955,24.059,58041
2023-06-13,24.145,24.52,23.665,23.822,73640
2023-06-14,23.73,24.175,23.715,24.105,61204
2023-06-15,24,24.01,23.27,23.947,90801
2023-06-16,23.965,24.29,23.91,24.126,62350
2023-06-19,24.245,24.26,23.1,23.234,110459
2023-06-20,23.193,23.193,23.193,23.193,0
2023-06-21,23.21,23.23,22.515,22.81,78457
2023-06-22,22.69,22.75,22.2,22.467,57666
2023-06-23,22.29,22.71,22.14,22.354,53214
2023-06-26,22.445,22.94,22.435,22.826,57623
2023-06-27,22.835,23.15,22.785,22.96,48746
2023-06-28,22.925,22.995,22.6,22.889,34711
2023-06-29,22.94,23.11,22.485,22.798,55875
2023-06-30,22.77,23.05,22.54,23.02,44556
2023-07-03,22.995,23.29,22.91,23.112,45686
2023-07-04,23.12,23.535,22.97,23.402,81910
2023-07-05,22.92,23.315,22.92,23.197,236
2023-07-06,23.355,23.47,22.72,22.89,61140
2023-07-07,22.905,23.365,22.8,23.289,48811
2023-07-10,23.34,23.37,22.94,23.345,38286
2023-07-11,23.335,23.595,23.22,23.281,34713
2023-07-12,23.325,24.375,23.31,24.31,82578
2023-07-13,24.33,25.11,24.31,24.949,90280
2023-07-14,25.105,25.255,24.91,25.194,73143
2023-07-17,25.155,25.155,24.815,25.018,44981
2023-07-18,25.06,25.405,24.975,25.256,60828
2023-07-19,25.275,25.46,25.145,25.387,43189
2023-07-20,25.345,25.475,24.895,24.962,59023
2023-07-21,24.95,25.11,24.765,24.855,36909
2023-07-24,24.79,24.89,24.425,24.581,54684
2023-07-25,24.525,24.91,24.45,24.824,49471
2023-07-26,24.87,25.21,24.675,24.97,56990
2023-07-27,25.075,25.325,24.18,24.367,83213
2023-07-28,24.265,24.545,24.24,24.495,38732
2023-07-31,24.475,24.985,24.32,24.972,45398
2023-08-01,24.9,24.905,24.255,24.326,52950
2023-08-02,24.48,24.63,23.76,23.872,73953
2023-08-03,23.835,23.94,23.41,23.697,63142
2023-08-04,23.71,23.895,23.275,23.716,58392
2023-08-07,23.72,23.775,23.145,23.232,62320
2023-08-08,23.2,23.255,22.72,22.807,82655
2023-08-09,22.82,22.99,22.68,22.731,69546
2023-08-10,22.73,23.06,22.665,22.821,75605
2023-08-11,22.76,22.91,22.61,22.743,52685
2023-08-14,22.74,22.82,22.41,22.708,53770
2023-08-15,22.65,22.77,22.265,22.656,61484
2023-08-16,22.59,22.855,22.445,22.535,46535
2023-08-17,22.485,23.07,22.39,22.715,66433
2023-08-18,22.75,22.92,22.67,22.733,54776
2023-08-21,22.795,23.375,22.71,23.34,66428
2023-08-22,23.375,23.515,23.265,23.45,53824
2023-08-23,23.485,24.43,23.475,24.392,89895
2023-08-24,24.395,24.42,24.115,24.23,68760
2023-08-25,24.19,24.44,23.97,24.234,56325
2023-08-28,24.275,24.395,24.085,24.252,36360
2023-08-29,24.275,24.845,24.205,24.788,52924
2023-08-30,25.135,25.425,24.92,25.104,67029
2023-08-31,25.02,25.06,24.745,24.812,47180
2023-09-01,24.82,25.22,24.52,24.562,61528
2023-09-04,24.565,24.655,23.815,23.873,91770
2023-09-05,24.205,24.325,23.535,23.558,150
2023-09-06,23.88,23.935,23.315,23.503,67136
2023-09-07,23.5,23.5,23.13,23.24,50651
2023-09-08,23.26,23.455,23.13,23.174,52745
2023-09-11,23.195,23.515,23.18,23.383,43214
2023-09-12,23.39,23.48,23.11,23.402,40981
2023-09-13,23.375,23.39,23.025,23.181,49955
2023-09-14,23.14,23.265,22.555,22.994,84603
2023-09-15,22.93,23.585,22.91,23.386,67109
2023-09-18,23.32,23.54,23.235,23.498,46569
2023-09-19,23.53,23.705,23.365,23.456,40414
2023-09-20,23.48,23.88,23.325,23.836,57728
2023-09-21,23.52,23.745,23.06,23.687,73839
2023-09-22,23.675,24.05,23.665,23.844,53721
2023-09-25,23.81,23.925,23.29,23.385,55988
2023-09-26,23.39,23.39,23.1,23.196,52630
2023-09-27,23.1,23.12,22.64,22.724,66471
2023-09-28,22.8,22.955,22.61,22.741,67237
2023-09-29,22.84,23.805,22.325,22.45,112985
2023-10-02,22.41,22.41,21.215,21.421,98272
2023-10-03,21.31,21.595,20.87,21.377,82336
2023-10-04,21.375,21.57,20.85,21.146,68611
2023-10-05,21.18,21.455,20.855,21.019,57838
2023-10-06,21.12,21.78,20.94,21.723,84533
2023-10-09,21.94,22.18,21.705,21.924,58308
2023-10-10,22.03,22.11,21.775,21.953,43790
2023-10-11,22.015,22.275,21.955,22.133,45003
2023-10-12,22.205,22.39,21.88,21.959,51300
2023-10-13,21.985,22.99,21.96,22.895,76257
2023-10-16,22.91,22.91,22.635,22.765,36552
2023-10-17,22.78,23.18,22.535,23.024,48474
2023-10-18,22.975,23.49,22.84,23.099,66385
2023-10-19,23.015,23.23,22.785,23.031,58631
2023-10-20,23.19,23.88,23.015,23.504,82800
2023-10-23,23.505,23.505,22.895,23.21,51811
2023-10-24,23.095,23.35,22.805,23.116,48109
2023-10-25,23.06,23.16,22.69,23.007,55003
2023-10-26,23.005,23.275,22.565,22.908,59308
2023-10-27,22.935,23.255,22.775,22.887,46569
2023-10-30,23.245,23.75,23.135,23.396,60076
2023-10-31,23.455,23.465,22.84,22.952,54676
2023-11-01,22.955,23.13,22.645,22.79,54797
2023-11-02,23.05,23.24,22.755,22.846,45115
2023-11-03,22.875,23.415,22.675,23.285,76958
2023-11-06,23.335,23.36,23.085,23.234,41667
2023-11-07,23.125,23.17,22.505,22.589,79028
2023-11-08,22.705,22.935,22.375,22.728,66632
2023-11-09,22.625,23.07,22.415,22.905,74592
2023-11-10,22.705,22.8,22.23,22.281,63953
2023-11-13,22.31,22.405,21.925,22.358,64069
2023-11-14,22.37,23.255,22.15,23.132,76297
2023-11-15,23.16,23.71,23.095,23.538,72281
2023-11-16,23.51,24.165,23.35,23.933,83273
2023-11-17,23.825,24.22,23.73,23.852,54398
2023-11-20,23.785,23.87,23.3,23.614,59570
2023-11-21,23.485,24.08,23.47,23.869,65699
2023-11-22,23.795,24.005,23.58,23.688,54280
2023-11-23,23.665,24.395,23.61,24.341,66331
2023-11-24,24.315,24.329,24.26,24.329,4
2023-11-27,24.375,24.935,24.32,24.681,77461
2023-11-28,24.7,25.065,24.585,24.935,59633
2023-11-29,25.43,25.68,25.245,25.443,67404
2023-11-30,25.41,25.7,25.325,25.66,51617
2023-12-01,25.695,25.94,25.48,25.857,70000
2023-12-04,25.945,26.34,24.785,24.907,113762
2023-12-05,24.915,25.02,24.32,24.546,76734
2023-12-06,24.53,24.715,24.21,24.228,59372
2023-12-07,24.23,24.35,23.905,24.059,57747
2023-12-08,24.14,24.225,23.245,23.276,87078
2023-12-11,23.3,23.4,23.015,23.058,56898
2023-12-12,23.125,23.45,22.975,23.016,55160
2023-12-13,23.075,24.125,22.785,22.921,81888
2023-12-14,24.095,24.525,24.06,24.386,97584
2023-12-15,24.475,24.59,24.05,24.154,57004
2023-12-18,24.125,24.355,23.955,24.107,42684
2023-12-19,24.08,24.475,24.04,24.321,37536
2023-12-20,24.36,24.75,24.245,24.631,46984
2023-12-21,24.46,24.79,24.43,24.585,46757
2023-12-22,24.705,24.895,24.37,24.565,48683
2023-12-26,24.495,24.7,24.34,24.396,27811
2023-12-27,24.505,24.73,24.22,24.641,43843
2023-12-28,24.55,24.74,24.185,24.372,35693
2023-12-29,24.225,24.235,23.76,24.086,46549
2024-01-02,24.045,24.335,23.875,23.953,47421
2024-01-03,23.885,23.95,23.045,23.157,86461
2024-01-04,23.19,23.26,22.88,23.187,52976
2024-01-05,23.205,23.715,22.97,23.315,62462
2024-01-08,23.38,23.41,23.02,23.31,46685
2024-01-09,23.315,23.565,23.08,23.091,42897
2024-01-10,23.16,23.29,22.935,23.066,44058
2024-01-11,23.085,23.4,22.63,22.705,81739
2024-01-12,22.92,23.72,22.915,23.329,72374
2024-01-15,23.35,23.5,23.015,23.093,61417
2024-01-16,22.933,22.933,22.933,22.933,0
2024-01-17,23.095,23.11,22.66,22.669,52249
2024-01-18,22.715,22.9,22.52,22.807,46149
2024-01-19,22.885,22.98,22.595,22.711,41447
2024-01-22,22.745,22.78,22.04,22.296,74919
2024-01-23,22.2,22.58,22.165,22.462,49416
2024-01-24,22.57,23.09,22.465,22.889,77931
2024-01-25,22.8,23.155,22.765,22.927,57183
2024-01-26,23.025,23.1,22.81,22.872,44276
2024-01-29,22.92,23.34,22.88,23.251,60066
2024-01-30,23.32,23.43,23.055,23.225,53370
2024-01-31,23.29,23.445,22.895,23.169,66906
2024-02-01,23.055,23.365,22.605,23.236,85163
2024-02-02,23.285,23.355,22.485,22.796,90021
2024-02-05,22.84,22.84,22.325,22.422,55291
2024-02-06,22.43,22.575,22.34,22.478,43924
2024-02-07,22.505,22.535,22.275,22.36,58210
2024-02-08,22.285,22.705,22.195,22.636,68123
2024-02-09,22.645,22.795,22.42,22.594,49617
2024-02-12,22.63,23.15,22.575,22.767,75657
2024-02-13,22.74,23.05,22.03,22.154,93526
2024-02-14,22.17,22.515,21.975,22.387,80924
2024-02-15,22.425,23.09,22.4,22.951,96313
2024-02-16,22.98,23.56,22.84,23.475,76890
2024-02-19,23.465,23.51,22.955,23.136,98234
2024-02-20,23.15,23.15,23.106,23.106,6
2024-02-21,23.035,23.22,22.79,22.874,57986
2024-02-22,22.93,23.2,22.76,22.784,52298
2024-02-23,22.785,23.03,22.58,22.982,62491
2024-02-26,22.98,22.98,22.455,22.526,53558
2024-02-27,22.525,22.71,22.405,22.532,38667
2024-02-28,22.67,22.735,22.47,22.636,44454
2024-02-29,22.675,23,22.5,22.885,56323
2024-03-01,22.885,23.485,22.71,23.364,71026
2024-03-04,23.37,24.16,23.23,23.991,87503
2024-03-05,24.125,24.455,23.845,23.984,98918
2024-03-06,23.895,24.535,23.785,24.493,83298
2024-03-07,24.4,24.735,24.225,24.578,85242
2024-03-08,24.545,24.86,24.38,24.549,85095
2024-03-11,24.58,24.74,24.445,24.715,48825
2024-03-12,24.675,24.9,24.22,24.394,75848
2024-03-13,24.335,25.25,24.275,25.156,79332
2024-03-14,25.225,25.37,24.95,25.06,74028
2024-03-15,25.03,25.66,25,25.381,76159
2024-03-18,25.4,25.535,25.15,25.265,47978
2024-03-19,25.25,25.36,24.92,25.135,49787
2024-03-20,25.09,25.835,24.93,25.104,68267
2024-03-21,25.79,25.975,24.82,25.007,104108
2024-03-22,24.92,25.11,24.58,24.843,57387
2024-03-25,24.85,25.05,24.72,24.891,39549
2024-03-26,24.845,25.055,24.515,24.623,69880
2024-03-27,24.595,24.79,24.445,24.752,57536
2024-03-28,24.77,25.13,24.505,24.916,74082
2024-04-01,25.14,25.51,24.855,25.073,95899
2024-04-02,25.235,26.295,25.195,25.923,133454
2024-04-03,26.265,27.325,26.235,27.06,139588
2024-04-04,27.305,27.455,26.785,27.247,104384
2024-04-05,27.06,27.615,26.4,27.503,122329
2024-04-08,27.555,28.195,26.97,27.807,131914
2024-04-09,27.97,28.44,27.725,27.984,125245
2024-04-10,28.27,28.655,27.64,28.052,157988
2024-04-11,28.045,28.6,27.84,28.25,89106
2024-04-12,28.535,29.905,27.945,28.33,191811
2024-04-15,28.2,28.98,27.665,28.717,118694
2024-04-16,28.95,29.1,28.03,28.376,107017
2024-04-17,28.195,28.895,28.145,28.4,102411
2024-04-18,28.285,28.735,28.21,28.38,72234
2024-04-19,28.31,29.01,28.12,28.844,89501
2024-04-22,28.79,28.795,27.155,27.245,107496
2024-04-23,27.2,27.42,26.715,27.362,107522
2024-04-24,27.33,27.525,27.06,27.346,70174
2024-04-25,27.185,27.61,27,27.353,83795
2024-04-26,27.48,27.745,27.09,27.252,68254
2024-04-29,27.5,27.735,27.225,27.66,61962
2024-04-30,27.455,27.455,26.515,26.654,87795
2024-05-01,26.55,27.25,26.52,26.748,64618
2024-05-02,26.905,27.065,26.255,26.829,63277
2024-05-03,26.94,27.14,26.345,26.69,65986
2024-05-06,26.81,27.73,26.655,27.614,68063
2024-05-07,27.715,27.77,27.39,27.544,47442
2024-05-08,27.475,27.725,27.24,27.601,51137
2024-05-09,27.56,28.58,27.515,28.365,79426
2024-05-10,28.58,29,28.27,28.506,77586
2024-05-13,28.42,28.615,28.185,28.443,55317
2024-05-14,28.42,28.985,28.31,28.702,70496
2024-05-15,28.855,29.99,28.675,29.729,117421
2024-05-16,29.9,30.105,29.555,29.876,91444
2024-05-17,29.825,31.85,29.7,31.259,132930
2024-05-20,31.85,32.75,31.18,32.426,159969
2024-05-21,32.055,32.72,31.28,32.078,112621
2024-05-22,32.225,32.44,30.965,31.496,93212
2024-05-23,31.015,31.185,30.265,30.455,107269
2024-05-24,30.33,30.835,30.235,30.499,55074
2024-05-27,30.565,32.45,30.555,32.137,142582
2024-05-28,31.54,32.115,31.505,31.971,45
2024-05-29,32.31,32.515,31.78,32.373,87062
2024-05-30,32.17,32.28,31.18,31.534,98378
2024-05-31,31.345,31.945,30.345,30.44,112554
2024-06-03,30.625,30.965,29.94,30.784,84085
2024-06-04,30.89,31.04,29.505,29.617,110382
2024-06-05,29.645,30.185,29.525,30.073,69642
2024-06-06,30.145,31.47,30.065,31.367,95060
2024-06-07,31.47,31.67,29.22,29.44,139794
2024-06-10,29.25,29.935,29.23,29.874,68543
2024-06-11,29.95,29.985,29.135,29.231,85653
2024-06-12,29.385,30.355,29.28,30.267,109788
2024-06-13,29.8,29.83,28.73,29.066,116608
2024-06-14,29.03,29.65,28.905,29.472,76878
2024-06-17,29.64,29.65,29.09,29.391,52391
2024-06-18,29.53,29.76,28.985,29.564,71784
2024-06-19,29.615,30.845,29.41,30.821,130786
2024-06-20,29.5,30.776,29.5,30.776,20
2024-06-21,30.815,30.905,29.505,29.614,104466
2024-06-24,29.575,29.755,29.37,29.525,52841
2024-06-25,29.605,29.69,28.855,28.868,81093
2024-06-26,28.965,29.095,28.58,28.93,52023
2024-06-27,29.08,29.575,28.99,29.256,63248
2024-06-28,29.285,29.955,29.07,29.56,51905
2024-07-01,29.445,29.79,29.25,29.613,45989
2024-07-02,29.765,30.125,29.49,29.658,52267
2024-07-03,29.815,30.975,29.77,30.842,75319
2024-07-04,30.82,31.79,30.45,31.689,100147
2024-07-05,30.82,31.79,30.45,31.525,33328
2024-07-08,31.475,31.67,30.71,30.913,67269
2024-07-09,31.02,31.435,30.785,31.056,54919
2024-07-10,31.085,31.445,30.915,31.014,50629
2024-07-11,31.07,32.015,31.07,31.671,79922
2024-07-12,31.725,31.725,30.62,31.162,72448
2024-07-15,31.1,31.325,30.76,30.936,58798
2024-07-16,30.93,31.635,30.72,31.458,69793
2024-07-17,31.495,31.655,30.255,30.377,97916
2024-07-18,30.505,30.8,29.94,30.224,71732
2024-07-19,30.02,30.03,29.06,29.299,78418
2024-07-22,29.425,29.615,28.93,29.321,61305
2024-07-23,29.315,29.48,28.825,29.331,54424
2024-07-24,29.42,29.63,29.065,29.316,54910
2024-07-25,29.075,29.08,27.555,27.975,117212
2024-07-26,27.99,28.22,27.75,28.02,61457
2024-07-29,28.06,28.335,27.45,27.866,63823
2024-07-30,28.03,28.56,27.765,28.525,54368
2024-07-31,28.54,29.185,28.39,28.938,62491
2024-08-01,29.165,29.29,28.335,28.477,78377
2024-08-02,28.62,29.355,28.06,28.392,100386
2024-08-05,28.675,28.815,26.595,27.207,128198
2024-08-06,27.365,27.67,26.7,27.216,64116
2024-08-07,27.085,27.365,26.665,26.944,65062
2024-08-08,26.695,27.69,26.505,27.606,71714
2024-08-09,27.64,27.84,27.325,27.588,61397
2024-08-12,27.55,28.105,27.28,28.008,63766
2024-08-13,28.035,28.135,27.51,27.786,57948
2024-08-14,27.935,28.175,27.23,27.339,65279
2024-08-15,27.62,28.58,27.525,28.418,87136
2024-08-16,28.42,29.095,28.085,28.849,62558
2024-08-19,29.095,29.53,28.78,29.304,65595
2024-08-20,29.49,30.035,29.255,29.519,75640
2024-08-21,29.47,29.77,29.23,29.535,51585
2024-08-22,29.62,29.7,28.795,29.047,76458
2024-08-23,28.995,29.915,28.945,29.82,72559
2024-08-26,29.88,30.225,29.68,30.007,55185
2024-08-27,29.91,30.11,29.7,29.98,50309
2024-08-28,29.985,30.1,29.08,29.201,42397
2024-08-29,29.56,30.085,29.54,29.989,70382
2024-08-30,29.84,30,29.08,29.143,60309
2024-09-02,29.24,29.35,28.055,28.344,91636
2024-09-03,28.355,28.565,27.695,27.951,88895
2024-09-04,28.39,28.715,28.11,28.557,46977
2024-09-05,28.63,29.55,28.535,29.099,64093
2024-09-06,29.155,29.47,28.01,28.183,89001
2024-09-09,28.27,28.71,28.035,28.651,48564
2024-09-10,28.69,28.89,28.36,28.614,47044
2024-09-11,28.725,29.215,28.39,28.928,69784
2024-09-12,29.02,30.25,28.85,30.107,80351
2024-09-13,30.23,31.28,30.19,31.074,84158
2024-09-16,31.075,31.46,30.95,31.135,50585
2024-09-17,31.075,31.35,30.86,30.979,48353
2024-09-18,31.025,31.585,30.035,30.687,85429
2024-09-19,30.415,31.625,30.22,31.423,77048
2024-09-20,31.11,31.755,31.04,31.505,76170
2024-09-23,31.535,31.55,30.67,31.085,62474
2024-09-24,31.02,32.6,30.96,32.43,115082
2024-09-25,32.445,32.61,31.87,32.018,85609
2024-09-26,32.11,33.02,32.035,32.341,94195
2024-09-27,32.31,32.59,31.635,31.816,75147
2024-09-30,31.945,32.15,31.155,31.458,58250
2024-10-01,31.42,32.145,31.38,31.742,61991
2024-10-02,31.705,32.59,31.26,31.92,71063
2024-10-03,32.1,32.485,31.65,32.464,56403
2024-10-04,32.29,33.225,31.755,32.394,86413
2024-10-07,32.45,32.595,31.655,32.004,55633
2024-10-08,31.945,32.02,30.345,30.6,96746
2024-10-09,30.86,31.005,30.435,30.67,52145
2024-10-10,30.71,31.4,30.57,31.24,55398
2024-10-11,31.375,31.845,31.26,31.755,44082
2024-10-14,31.73,31.75,30.94,31.316,44888
2024-10-15,31.4,31.89,30.95,31.756,53230
2024-10-16,31.685,32.385,31.6,31.974,50224
2024-10-17,31.905,32.22,31.485,31.774,62550
2024-10-18,31.875,33.97,31.855,33.234,104143
2024-10-21,33.9,34.485,33.66,34.078,104739
2024-10-22,34.01,35.07,33.97,35.041,86071
2024-10-23,35.055,35.07,33.61,33.839,100742
2024-10-24,33.875,34.48,33.42,33.795,79664
2024-10-25,33.85,34.195,33.26,33.779,69495
2024-10-28,33.83,34.17,33.39,34.001,62511
2024-10-29,33.845,34.725,33.765,34.441,75732
2024-10-30,34.62,34.69,33.565,34.075,73105
2024-10-31,33.945,34.04,32.64,32.796,95034
2024-11-01,32.795,33.25,32.46,32.681,68249
2024-11-04,32.57,33,32.415,32.609,51214
2024-11-05,32.58,33.055,32.355,32.775,50448
2024-11-06,32.78,32.85,30.94,31.331,123532
2024-11-07,31.295,32.265,30.96,31.855,79341
2024-11-08,32.155,32.17,31.3,31.449,73367
2024-11-11,31.415,31.66,30.53,30.613,76453
2024-11-12,30.775,30.93,30.28,30.759,73666
2024-11-13,30.82,31.255,30.385,30.663,71741
2024-11-14,30.415,30.74,29.75,30.569,77001
2024-11-15,30.53,30.9,30.26,30.432,56029
2024-11-18,30.37,31.355,30.35,31.224,57051
2024-11-19,31.245,31.615,31.125,31.262,60774
2024-11-20,31.305,31.42,30.86,31.005,56008
2024-11-21,30.955,31.38,30.715,30.943,62738
2024-11-22,30.86,31.47,30.805,31.338,62699
2024-11-25,31.4,31.545,30.115,30.239,84589
2024-11-26,30.345,30.74,30.025,30.405,55215
2024-11-27,30.93,31.185,30.435,30.556,58510
2024-11-28,30.56,31.375,30.095,31.108,72015
2024-11-29,30.135,30.95,29.655,30.685,70220
2024-12-02,31.12,31.135,30.51,30.864,47168
2024-12-03,30.99,31.57,30.92,31.492,54337
2024-12-04,31.505,32.07,31.065,31.915,75747
2024-12-05,31.825,31.95,31.505,31.536,50782
2024-12-06,31.825,31.935,31.32,31.588,61551
2024-12-09,31.48,32.945,31.375,32.611,93712
2024-12-10,32.46,32.795,32.305,32.747,61727
2024-12-11,32.66,33.14,32.41,32.967,78138
2024-12-12,32.79,33.33,31.495,31.619,93746
2024-12-13,31.56,31.63,30.755,31.028,61923
2024-12-16,31.005,31.24,30.94,31.057,33337
2024-12-17,31.04,31.11,30.615,30.921,39625
2024-12-18,30.985,31.045,29.755,30.74,49408
2024-12-19,29.88,30.14,29.145,29.411,67598
2024-12-20,29.475,30.235,29.195,29.958,58032
2024-12-23,30.055,30.355,29.99,30.189,34153
2024-12-24,30.21,30.37,30.11,30.283,16984
2024-12-25,30.3,30.315,30.265,30.285,16573
2024-12-26,30.3,30.485,30.145,30.389,25240
2024-12-27,30.415,30.465,29.89,29.968,29438
2024-12-30,29.98,30.1,29.275,29.412,36713
2024-12-31,29.38,29.48,29.2,29.242,27408
2025-01-01,29.31,29.35,29.27,29.35,26092
2025-01-02,29.31,30.04,29.27,29.9,43112
2025-01-03,29.985,30.38,29.935,30.065,32800
2025-01-06,30.095,30.96,29.875,30.583,61085
2025-01-07,30.485,31.025,30.41,30.686,48057
2025-01-08,30.655,31.045,30.455,30.69,44216
2025-01-09,30.73,31.27,30.65,31.015,39715
2025-01-10,31.045,31.84,30.7,31.314,65413
2025-01-13,31.305,31.465,30.205,30.309,61008
2025-01-14,30.305,30.58,30.115,30.351,41980
2025-01-15,30.545,31.65,30.37,31.531,51150
2025-01-16,31.6,31.985,31.535,31.725,48237
2025-01-17,31.605,31.64,30.91,31.141,49187
2025-01-20,31.085,31.575,30.77,31.496,69974
2025-01-21,30.8,31.311,30.775,31.311,67945
2025-01-22,31.555,31.71,31.115,31.42,41703
2025-01-23,31.385,31.395,30.465,30.842,66706
2025-01-24,30.84,31.685,30.825,31.185,49240
2025-01-27,30.995,31.005,30.035,30.414,53627
2025-01-28,30.575,30.96,30.235,30.882,38930
2025-01-29,30.94,31.765,30.755,31.393,60921
2025-01-30,31.58,32.815,31.56,32.493,68271
2025-01-31,32.765,32.92,32.115,32.265,65340
2025-02-03,32.46,32.745,31.61,32.526,76648
2025-02-04,32.54,33.195,32.225,33.022,61869
2025-02-05,32.87,33.215,32.63,32.976,67883
2025-02-06,32.755,32.915,32.15,32.626,53862
2025-02-07,32.65,33.165,32.175,32.443,79688
2025-02-10,32.18,32.805,32.03,32.491,56875
2025-02-11,32.495,32.66,31.65,32.322,67812
2025-02-12,32.255,32.87,31.875,32.785,65374
2025-02-13,32.71,33.045,32.455,32.726,56024
2025-02-14,32.99,34.24,32.585,32.855,107873
2025-02-17,32.68,33.475,32.46,33.373,70604
2025-02-18,32.76,33.36,32.76,33.317,26286
2025-02-19,33.42,33.64,32.885,33.043,53731
2025-02-20,33.15,33.785,33.085,33.486,56837
2025-02-21,33.45,33.54,32.81,33.012,63366
2025-02-24,32.855,33.12,32.395,32.603,66289
2025-02-25,32.72,32.79,31.6,31.826,72756
2025-02-26,32.04,32.3,31.79,32.272,36515
2025-02-27,32.535,32.595,31.765,32.11,63239
2025-02-28,31.855,31.93,31.365,31.496,54603
2025-03-03,31.715,32.49,31.635,32.31,62255
2025-03-04,32.265,32.66,32.03,32.381,50889
2025-03-05,32.56,33.31,32.395,33.134,65243
2025-03-06,33.235,33.38,32.86,33.338,51408
2025-03-07,33.21,33.31,32.56,32.809,59365
2025-03-10,32.945,33.15,32.28,32.53,51809
2025-03-11,32.46,33.445,32.215,33.147,57931
2025-03-12,33.375,33.815,33.18,33.743,57663
2025-03-13,33.725,34.68,33.435,34.306,74485
2025-03-14,34.505,34.86,34.14,34.433,60184
2025-03-17,34.41,34.455,33.955,34.308,45448
2025-03-18,34.38,35,34.325,34.818,57452
2025-03-19,34.64,34.79,34.11,34.205,50633
2025-03-20,34.425,34.595,33.615,33.991,50530
2025-03-21,34.115,34.135,33.165,33.486,53511
2025-03-24,33.54,33.805,33.38,33.45,32354
2025-03-25,33.53,34.365,33.43,34.187,46640
2025-03-26,34.255,34.5,34.065,34.222,44006
2025-03-27,34.21,35.405,34.125,35.083,79602
2025-03-28,35.325,35.495,34.645,34.814,68617
2025-03-31,34.825,35.2,34.165,34.611,67099
2025-04-01,34.77,34.96,34.16,34.309,54483
2025-04-02,34.375,35.155,34.29,34.65,63068
2025-04-03,34.95,34.95,31.73,31.97,155001
2025-04-04,31.92,32.045,29.115,29.23,126204
2025-04-07,29.23,30.76,27.545,29.604,138802
2025-04-08,30.09,30.52,29.56,29.686,138802
2025-04-09,29.78,31.065,29.255,30.415,96910
2025-04-10,30.99,31.245,30.51,30.759,96910
2025-04-11,31.115,32.21,30.865,31.91,92344
2025-04-14,32.195,32.38,31.655,32.167,92344
2025-04-15,32.28,32.425,32.07,32.297,60899
2025-04-16,32.305,33.175,32.255,32.98,63035
2025-04-17,32.77,32.925,32.11,32.47,63035
2025-04-21,32.44,33.1,32.385,32.521,50106
2025-04-22,32.64,33.17,32.255,32.905,91540
2025-04-23,32.45,33.675,32.05,33.547,91540
2025-04-24,33.565,33.67,33.135,33.503,53162
2025-04-25,33.55,33.69,32.715,33.01,53149
2025-04-28,33.025,33.165,32.585,33.005,53149
2025-04-29,33.4,33.835,33.1,33.577,52761
2025-04-30,33.195,33.345,32.385,32.828,53707
2025-05-01,32.81,32.865,31.86,32.469,43163
2025-05-02,32.63,32.975,32.12,32.259,40588
2025-05-05,32.25,32.88,32.16,32.474,40588
2025-05-06,32.695,33.47,32.625,33.381,54722
2025-05-07,33.47,33.48,32.415,32.791,54722
2025-05-08,32.575,33.095,32.37,32.617,49633
2025-05-09,32.605,33.04,32.36,32.914,32457
2025-05-12,32.6,33.2,32.045,32.624,61462
2025-05-13,32.8,33.435,32.68,33.1,48166
2025-05-14,33.085,33.15,32.255,32.444,48166
2025-05-15,32.395,32.82,31.78,32.68,47792
2025-05-16,32.795,32.865,31.98,32.354,40935
2025-05-19,32.55,32.795,32.38,32.507,40935
2025-05-20,32.5,33.305,32.235,33.174,50291
2025-05-21,33.275,33.78,33.125,33.646,59587
2025-05-22,33.585,33.915,32.74,33.219,66343
2025-05-23,33.185,33.695,33.02,33.609,46292
2025-05-26,33.61,33.745,32.88,33.311,60141
2025-05-27,33.23,33.23,32.945,33.146,23637
2025-05-28,33.38,33.58,33.035,33.16,41197
2025-05-29,33.11,33.655,32.8,33.423,50051
2025-05-30,33.45,33.47,32.865,33.029,41470
2025-06-02,33.13,34.945,33.075,34.694,90761
2025-06-03,34.92,34.935,34.165,34.633,75480
2025-06-04,34.68,34.825,34.355,34.648,50004
2025-06-05,34.65,36.27,34.6,35.805,113629
2025-06-06,35.8,36.51,35.755,36.139,85162
2025-06-09,36.165,37.03,36.055,36.796,79173
2025-06-10,36.895,36.975,36.425,36.642,66385
2025-06-11,36.675,36.79,36.15,36.261,77355
2025-06-12,36.36,36.585,35.58,36.295,75665
2025-06-13,36.41,36.77,36.04,36.355,58845
2025-06-16,36.45,36.645,36.125,36.448,49799
2025-06-17,36.37,37.33,36.17,37.151,80266
2025-06-18,37.205,37.405,36.54,36.913,60668
2025-06-19,36.75,36.82,35.515,36.017,95419
2025-06-20,35.775,35.976,35.775,35.976,93528
2025-06-23,36,36.315,35.775,36.187,74555
2025-06-24,36.065,36.165,35.195,35.732,76744
2025-06-25,35.86,36.275,35.63,36.111,48356
2025-06-26,36.22,36.77,36.14,36.591,43116
2025-06-27,36.89,36.975,35.95,36.37,67927
2025-06-30,36.15,36.46,35.585,36.172,43839
2025-07-01,36.325,36.875,36.055,36.397,54046
2025-07-02,36.245,36.815,36.055,36.727,41287
2025-07-03,36.79,37.315,36.57,37.084,55648
2025-07-04,37.15,37.435,36.325,36.904,68854
2025-07-07,37.09,37.09,36.125,36.615,4782
2025-07-08,36.955,37.095,36.445,36.749,55056
2025-07-09,36.935,36.95,36.49,36.63,46788
2025-07-10,36.6,37.69,36.575,37.305,83252
2025-07-11,37.645,39.225,37.51,38.955,101613
2025-07-14,39.13,39.57,38.355,38.742,78122
2025-07-15,38.4,38.74,37.895,38.11,56773
2025-07-16,37.985,38.38,37.75,38.119,56445
2025-07-17,38.145,38.46,37.685,38.303,44729
2025-07-18,38.425,38.825,38.375,38.464,42297
2025-07-21,38.42,39.38,38.365,39.334,50828
2025-07-22,39.25,39.72,39.025,39.555,58280
2025-07-23,39.645,39.91,39.335,39.503,64353
2025-07-24,39.53,39.66,38.93,39.224,50599
2025-07-25,39.29,39.52,38.1,38.365,68804
2025-07-28,38.285,38.51,38.07,38.221,46758
2025-07-29,38.33,38.49,38.035,38.286,42861
2025-07-30,38.4,38.42,36.805,37.739,72759
2025-07-31,37.16,37.285,36.28,36.712,68237
2025-08-01,36.78,37.24,36.4,36.929,66418
2025-08-04,37.09,37.52,36.76,37.328,45651
2025-08-05,37.445,37.94,37.325,37.823,51392
2025-08-06,37.825,38.02,37.62,37.902,41791
2025-08-07,37.935,38.76,37.935,38.294,90130
2025-08-08,38.555,38.875,38.18,38.542,79674
2025-08-11,38.54,38.56,37.615,37.787,71248
2025-08-12,37.63,38.09,37.515,38.002,67394
2025-08-13,37.935,38.71,37.875,38.602,55853
2025-08-14,38.58,38.78,37.86,38.069,54756
2025-08-15,38.03,38.12,37.725,37.975,34910
2025-08-18,38.04,38.34,37.83,38.029,37267
2025-08-19,38.075,38.2,37.24,37.332,50869
2025-08-20,37.335,37.915,36.96,37.773,53944
2025-08-21,37.89,38.19,37.52,38.079,46535
2025-08-22,38.095,39.09,37.675,39.054,72111
2025-08-25,38.955,38.965,38.52,38.703,42151
2025-08-26,38.56,38.86,38.33,38.606,59354
2025-08-27,38.71,38.755,38.17,38.713,38378
2025-08-28,39.16,39.86,39.155,39.703,56614
2025-08-29,39.715,40.86,39.34,40.723,70042
2025-09-01,40.79,41.995,40.555,41.592,126509
2025-09-02,40.185,41.34,40.185,41.071,7079
2025-09-03,41.725,42.29,41.465,42.06,64660
2025-09-04,41.81,41.83,41.065,41.417,67311
2025-09-05,41.315,42.1,41.16,41.552,69581
2025-09-08,41.465,42.355,41.08,41.902,69164
2025-09-09,41.935,42.07,41.205,41.341,67610
2025-09-10,41.34,41.785,41.145,41.6,41195
2025-09-11,41.635,42.33,41.33,42.149,60283
2025-09-12,42.05,43.04,41.895,42.83,72263
2025-09-15,42.725,43.235,42.47,42.962,47427
2025-09-16,43.2,43.435,42.615,42.917,64806
2025-09-17,42.875,42.94,41.48,42.152,90893
2025-09-18,42,42.25,41.495,42.118,58344
2025-09-19,42.115,43.405,41.93,42.952,75303
2025-09-22,43.4,44.395,43.37,44.214,77894
2025-09-23,44.3,44.77,43.97,44.608,76625
2025-09-24,44.265,44.625,43.885,44.192,61231
2025-09-25,44.12,45.5,44.06,45.114,100807
2025-09-26,45.475,46.945,44.89,46.656,103418
2025-09-29,46.42,47.41,46.27,47.016,112824
2025-09-30,47.135,47.39,45.96,46.64,101717
2025-10-01,46.835,47.975,46.815,47.679,96862
2025-10-02,47.41,48.01,45.71,46.369,116809
2025-10-03,46.865,48.325,46.55,47.965,94925
2025-10-06,48.06,48.61,47.86,48.448,82320
2025-10-07,48.405,48.55,47.015,47.515,103496
2025-10-08,47.665,49.195,47.53,48.994,99323
2025-10-09,48.45,49.965,46.89,47.157,190550
2025-10-10,47.65,48.62,46.7,47.247,143898
2025-10-13,47.52,50.89,47.425,50.429,143898
2025-10-14,50.755,52.495,48.75,50.622,181883
2025-10-15,50.37,52.635,50.31,51.378,123351
2025-10-16,52.59,53.615,51.195,53.296,145088
2025-10-17,53.425,53.765,49.66,50.104,182730
2025-10-20,50.725,51.83,50.08,51.384,98506
2025-10-21,51.37,51.615,47.12,47.704,158671
2025-10-22,48.13,48.65,46.82,47.681,113826
2025-10-23,48.145,49.225,47.64,48.704,67564
2025-10-24,48.66,48.765,47.385,48.586,72549
2025-10-27,48.305,48.595,46.055,46.774,96341
2025-10-28,46.85,47.375,45.51,47.324,78343
2025-10-29,47.135,48.51,46.92,47.913,75846
2025-10-30,47.29,48.835,47.095,48.616,63295
2025-10-31,48.73,48.995,47.975,48.16,58103
2025-11-03,48.25,48.835,47.76,48.049,52385
2025-11-04,47.885,47.965,46.65,47.291,61285
2025-11-05,46.9,48.115,46.52,48.022,48013
2025-11-06,47.85,48.615,47.41,47.95,52201
2025-11-07,47.86,48.73,47.78,48.143,64217
2025-11-09,48.295,49.425,48.235,49.255,16135
2025-11-10,48.295,50.48,48.235,50.311,81072
2025-11-11,50.445,51.13,50.15,50.744,72739
2025-11-12,51.075,53.625,50.76,53.457,105123
2025-11-13,53.275,54.415,51.985,53.17,126578
2025-11-14,52.2,53.375,49.86,50.686,130252
2025-11-16,50.405,50.99,50.115,50.655,10271
2025-11-17,50.405,51.11,49.345,50.711,73309
2025-11-18,50.06,51.035,49.115,50.521,76558
2025-11-19,50.55,52.245,50.145,50.854,99439
2025-11-20,51.06,51.57,49.925,50.301,96740
2025-11-21,50.395,50.555,48.05,49.913,106794
2025-11-23,49.855,50.02,49.37,49.55,7459
2025-11-24,49.855,51.215,49.37,50.326,57172
2025-11-25,51.16,51.51,50.32,50.965,49588
2025-11-26,51.75,53.79,51.545,53.607,86093
2025-11-27,53.755,57.245,53.22,57.163,97730
2025-11-28,53.075,56.455,52.55,56.446,95722
2025-11-30,57,58.61,56.9,57.935,32006
2025-12-01,57,59.435,56.85,59.142,141445
2025-12-02,58.45,59.32,57.225,58.703,108758
2025-12-03,59.16,59.655,58.21,58.62,103402
2025-12-04,58.98,59.235,56.85,57.491,99355
2025-12-05,57.56,59.9,57.32,59.053,104519
2025-12-07,58.765,59.07,57.8,58.43,15070
2025-12-08,58.765,59.07,57.77,58.405,61212
2025-12-09,58.515,61.295,57.99,60.84,118783
2025-12-10,61.11,62.39,60.55,61.029,119065
2025-12-11,62.235,64.72,61.78,64.592,134400
2025-12-12,63.985,65.085,61.015,62.007,189230
2025-12-14,62.025,63.06,61.62,62.86,19396
2025-12-15,62.025,64.26,61.605,63.589,112645
2025-12-16,64.11,64.205,62.115,63.323,95991
2025-12-17,63.795,67.18,63.725,66.901,147107
2025-12-18,66.51,66.825,64.675,65.219,111668
2025-12-19,65.415,67.68,64.465,67.489,96489
2025-12-21,67.55,69.52,67.47,69.48,29468
2025-12-22,67.55,69.525,67.47,68.565,98556
2025-12-23,69.08,71.795,68.725,71.137,128796
2025-12-24,71.68,72.75,70.16,71.685,95689
2025-12-25,72.725,75.495,72.72,74.87,37100
2025-12-26,72.725,79.7,72.72,77.196,173542
2025-12-28,80,82.67,75.44,79.385,83774
2025-12-29,80,82.67,70.215,70.46,253366
2025-12-30,71.685,78.065,70.67,77.919,170489
2025-12-31,76.065,76.275,69.255,70.603,148597
2026-01-01,71.5,73.175,70.525,72.8,19324
2026-01-02,71.5,74.21,70.515,71.015,102054
2026-01-04,73.08,76.03,72.505,75.19,26542
2026-01-05,73.08,77.835,72.505,76.657,134969
2026-01-06,76.53,81.485,75.7,81.039,140621
2026-01-07,81.285,82.585,76.08,77.613,152706
2026-01-08,77.96,78.9,73.53,75.144,125461
2026-01-09,76.675,80.465,75.15,79.341,120865
2026-01-11,80.505,83.905,79.9,83.44,35942
2026-01-12,80.505,86.34,79.9,85.091,150778
2026-01-13,85.36,89.215,83.355,86.338,163536
2026-01-14,86.9,93.56,86.75,91.385,215463
2026-01-15,93.4,93.7,86.125,92.347,208029
2026-01-16,92.295,92.645,86.57,88.537,159619
2026-01-18,90.605,94.365,88.537,93.065,34026
2026-01-19,90.605,95.78,90.5,94.636,199925
2026-01-20,92.32,94.99,92.06,94.206,19342
2026-01-21,94.55,95.53,90.15,92.637,128648
2026-01-22,92.79,96.735,90.68,96.372,108415
2026-01-23,96.32,103.53,96.22,101.333,139089
2026-01-25,104.6,109.32,103.33,107.56,54989
2026-01-26,104.6,117.7,101.7,115.504,317872
2026-01-27,104.015,113.55,102.9,105.957,227336
2026-01-28,112.44,117.6,110.4,113.534,178312
2026-01-29,116.625,121.785,106.61,114.429,193651
2026-01-30,115.885,118.45,74,78.531,317238
2026-02-01,84.3,87.99,75,79.105,45980
2026-02-02,84.3,88,71.2,77.009,167862
2026-02-03,79.22,89.1,79.01,83.301,127585
2026-02-04,84.915,92.015,83,84.396,113335
2026-02-05,87.645,89.83,70.175,76.714,165087
2026-02-06,70.36,77.92,63.9,76.895,111205
2026-02-08,78.1,81.8,78.1,81.58,13336
2026-02-09,78.1,83.76,78.1,82.234,71599
2026-02-10,83.215,83.745,79.615,80.384,56170
2026-02-11,80.5,86.12,80.415,83.92,64910
2026-02-12,84.125,84.875,74.37,75.682,91033
2026-02-13,75.175,79.265,73.745,77.964,56877
2026-02-15,77.55,78.42,74.57,75.135,5723
2026-02-16,77.55,78.42,71.815,73.54,72731
2026-02-17,75.35,75.35,72,73.447,5960
2026-02-18,73.58,78.32,72.25,77.598,72731
2026-02-19,77.145,79.405,76.3,77.634,46410
2026-02-20,78.475,84.645,77.285,82.343,57450
2026-02-22,84.6,87.685,84.56,87.03,11623
2026-02-23,84.6,88.86,84.56,86.573,66356
2026-02-24,88.04,88.75,84.605,87.506,67446
2026-02-25,87.165,91.34,86.505,90.988,67446
2026-02-26,89.56,90.99,85.545,87.584,68048
2026-02-27,89.075,94.76,88.305,93.291,55735
2026-03-01,96,97.07,92.325,94.145,18093
2026-03-02,96,97.3,86.725,88.853,81847
2026-03-03,89.69,91.605,78.06,83.473,100358
2026-03-04,82.4,87.07,81.74,83.184,100358
2026-03-05,83.895,85.75,80.565,82.181,49373
2026-03-06,82.555,85.335,81.785,84.311,41414
2026-03-08,84.62,85.3,79.64,83.13,14808
2026-03-09,84.62,87.405,79.64,84.523,46176
2026-03-10,87.275,90.385,86.805,89.592,46176
2026-03-11,88.505,89.705,84.555,85.535,41853
2026-03-12,86.065,87.695,83.12,85.112,40528
2026-03-13,83.91,85.62,79.52,81.343,48942
2026-03-15,80.295,81.66,78.535,80.17,8814
2026-03-16,80.295,81.82,77.125,80.682,48942
2026-03-17,80.92,82.76,78.375,79.921,42629
2026-03-18,79.39,80.32,75.015,77.592,48497
2026-03-19,75.365,76.755,65.55,71.215,82024
2026-03-20,72.83,74.62,67.74,69.664,49908
2026-03-22,66.85,69.72,64.69,65.335,17489
2026-03-23,66.85,71.03,61.21,69.355,88791
2026-03-24,69.37,71.495,66.115,69.569,47950
2026-03-25,71.48,74.8,71.07,72.641,43003
2026-03-26,71.505,72.385,66.705,67.934,56509
2026-03-27,68.365,71.775,67.44,69.796,43573
2026-03-29,69.35,70.54,67.735,69.895,7853
2026-03-30,69.35,72.025,67.7,70.569,31428
2026-03-31,70.245,75.625,69.1,74.919,45385
2026-04-01,75.48,76.265,74,76.078,35871
2026-04-02,75.15,75.985,69.61,72.924,53384
2026-04-05,72.72,73.305,71.415,72.055,4543
2026-04-06,72.72,73.735,71.335,72.847,19198
2026-04-07,72.86,73.61,69.78,71.987,39435
2026-04-08,73.45,77.8,73.345,75.385,58461
2026-04-09,74.3,76.84,72.925,76.438,42677
2026-04-10,75.5,77.005,74.88,76.48,35110
2026-04-12,74.85,74.85,72.555,74.435,9077
2026-04-13,74.85,76,72.545,75.665,42170
2026-04-14,75.655,79.8,75.605,79.533,51729
2026-04-15,79.705,81.155,78.305,79.628,40932
2026-04-16,79.195,81.035,78.16,78.71,35315
2026-04-17,78.665,83.245,77.77,81.842,48688
2026-04-19,80.24,80.755,78.715,80.025,10538
2026-04-20,80.24,80.755,78.715,80.038,41300
2026-04-21,79.845,80.38,75.38,76.488,53536
2026-04-22,76.84,78.63,76.615,77.961,33227
2026-04-23,77.84,78.405,74.23,75.504,64014
2026-04-24,75.555,76.665,73.845,76.414,44372
2026-04-26,75.5,76.555,74.69,76.46,7130
2026-04-27,75.5,76.555,74.59,75.025,38739
2026-04-28,75.46,76.155,71.925,73.219,28613
2026-04-29,73.505,74.425,71.31,72.088,36954
2026-04-30,71.76,74.4,71.65,74.028,29451
2026-05-01,74.315,77.525,73.435,76.431,34644
2026-05-03,76.455,76.53,75.57,76.21,3224
2026-05-04,76.455,76.53,72.6,73.522,37619
2026-05-05,73.17,74.645,72.805,73.581,21547
2026-05-06,73.3,78.335,73.05,77.303,48497
2026-05-07,77.83,82.675,77.455,80.18,61624
2026-05-08,78.8,82.16,78.58,80.865,38343
2026-05-10,80.15,82.205,79.53,81.185,7355
2026-05-11,80.15,86.975,79.53,85.948,65556
2026-05-12,86.74,88,83.67,85.591,62897
2026-05-13,87.32,90.105,86.33,89.368,54973
2026-05-14,88.125,89.165,83.625,85.328,54849
2026-05-15,84,84.38,76.09,77.547,79618
2026-05-17,76.205,77.245,74.14,75.39,13444
2026-05-18,76.205,78.62,74.11,77.444,53625
2026-05-19,78.05,79.4,73.345,75.159,45519
2026-05-20,74.08,76.995,73.39,76.181,37661
2026-05-21,76.19,77.48,74.695,76.732,34376
2026-05-22,77.015,77.415,75.265,76.199,26330
2026-05-24,76.75,79.25,76.705,77.96,7806
2026-05-25,76.75,79.25,75.76,76.606,44530
2026-05-26,77.505,77.505,76.095,76.305,3529
2026-05-27,77.33,77.9,73.72,74.895,39380
2026-05-28,74.93,76.3,72,75.912,40992
2026-05-29,76.025,76.96,74.815,75.875,35181
2026-05-31,75.565,76.295,73.505,75.595,5377
2026-06-01,75.565,76.565,73.505,75.254,35872
2026-06-02,75.155,77.355,74.77,75.556,31885
2026-06-03,75.495,75.625,72.835,73.694,34967
2026-06-04,73.08,75.335,72.57,73.971,31061
2026-06-05,74.185,74.38,67.7,69.103,81236
2026-06-07,67.845,68.6,67.02,67.74,9208
2026-06-08,67.845,69.095,66.305,68.585,56268
2026-06-09,68.32,69.18,64.46,65.24,60371
2026-06-10,65.2,65.89,63.425,64.74,63668
2026-06-11,63.525,67.695,61.595,64.001,69486
2026-06-12,67.495,68.445,65.965,67.974,45251
2026-06-14,68.9,70.905,68.725,70.51,8800
2026-06-15,68.9,71.4,68.725,70.18,43465
2026-06-16,69.95,71.31,69.1,70.013,33202
2026-06-17,70.135,71.65,66.85,70.767,52834
2026-06-18,68.04,69.92,65.185,66.319,45515
2026-06-19,63.85,67.23,63.63,65.583,61898
2026-06-21,63.85,67.23,63.355,65.625,27582
2026-06-22,65.527,65.527,65.527,65.527,9690
2026-06-23,65.215,65.315,61.37,62.07,59910
2026-06-24,61.63,62.435,55.75,58.087,89541
2026-06-25,57.595,59.05,56.4,58.361,64225
2026-06-26,58.025,59.53,55.695,59.224,58069
2026-06-28,59.3,59.925,58.485,59.01,4636
2026-06-29,59.3,59.925,57.84,58.632,31247
2026-06-30,58.77,60.91,57.065,59.922,45335
2026-07-01,59.25,61.545,57.555,60.511,43868
2026-07-02,59.75,62.58,59.415,61.064,38012
2026-07-03,62.925,63.73,61.77,62.33,38554
2026-07-05,62.925,63.73,61.385,63.52,15633
2026-07-06,62.62,62.62,61.635,61.92,37630
2026-07-07,62.52,62.59,59.85,61.33,28641
2026-07-08,60.31,61.455,57.605,58.54,49524
2026-07-09,58.885,61.03,57.955,60.748,30884
2026-07-10,60.415,61.195,59.245,60.165,24161
2026-07-12,59.71,59.795,58.89,59.205,1346
2026-07-13,59.71,59.795,57.595,57.972,34291
2026-07-14,57.95,60.04,57.165,59.104,36340
2026-07-15,59.045,59.405,56.92,57.433,34524
2026-07-16,58.12,58.23,55.595,56.187,41394
2026-07-17,55.835,56.475,55,56.326,32270
2026-07-20,55.96,57.755,55.76,57.072,30853
2026-07-21,56.705,59.55,56.38,59.108,38145
2026-07-22,59.09,61.27,59.025,60.298,34336
2026-07-23,60.01,60.36,57.32,58.054,34948
2026-07-24,57.92,59.29,57.36,58.906,26668
2026-07-27,59.81,60.395,58.43,58.712,29440
2026-07-28,58.745,58.825,56.865,57.529,32765
2026-07-29,57.385,59.54,56.925,58.089,41404
2026-07-30,57.975,59.57,57.12,59.017,32830
2026-07-31,59.26,59.405,57.22,57.786,28164
2026-08-03,58.65,58.88,56.705,57.856,31432
2026-08-04,58.38,60.285,58.185,60.245,41710
2026-08-05,59.785,63.02,59.62,62.288,49400
2026-08-06,62.2,63.32,61.12,61.606,35838
2026-08-07,61.855,65.48,61.42,63.499,66440
2026-08-10,63.8,66.25,63.195,65.272,45005
2026-08-11,65.945,66.685,64.47,64.935,47580
2026-08-12,64.875,66.98,64.81,65.7,53293
2026-08-13,65.455,66.45,64.315,64.993,50691
2026-08-14,64.63,65.885,63.645,65.108,32325
2026-08-17,65.06,66.735,64.85,66.231,40609
2026-08-18,65.895,66.685,63.27,64.037,48956
2026-08-19,63.425,67.285,62.45,65.825,71059
2026-08-20,67.08,69.045,65.755,68.105,69575
2026-08-21,68.29,70.08,67.96,69.53,63659
2026-08-24,69.345,69.925,68.31,68.594,59857
2026-08-25,68.965,69.985,67.385,68.682,52181
2026-08-26,68.63,69.75,67.485,68.026,51327
2026-08-27,68.09,69.72,67.58,69.431,53747
2026-08-28,70.045,72.05,66.83,67.786,87627
2026-08-31,66.8,68.18,65.83,66.99,37431
2026-09-01,67.275,67.72,64.61,65.369,51366
2026-09-02,64.695,66.175,63.88,65.463,39888
2026-09-03,66.17,68.08,65.775,67.704,41845
2026-09-04,67.63,67.81,65.335,66.748,40938
2026-09-07,66.735,67.835,66.025,67,50917
2026-09-08,65.975,66.297,65.595,66.297,49930
2026-09-09,66.44,68.98,66.13,68.646,54865
2026-09-10,67.945,68.585,64.015,64.927,71694
2026-09-11,64.145,65.82,63.15,65.188,53688
2026-09-14,64.785,64.98,62.8,64.138,44132
2026-09-15,63.76,64.465,63.035,63.856,29092
2026-09-16,64.185,65.415,63.94,65.1,13065
