date,open,high,low,close,volume
2009-10-05,1.08256,1.08256,1.06897,1.06897,32811
2009-10-06,1.06897,1.07144,1.05466,1.05852,47917
2009-10-07,1.05852,1.06487,1.05277,1.06072,45116
2009-10-08,1.06072,1.06309,1.05055,1.05137,44850
2009-10-09,1.05137,1.05522,1.04107,1.04447,47664
2009-10-11,1.0347,1.0349,1.0322,1.0325,0
2009-10-12,1.04447,1.04511,1.03173,1.03447,32570
2009-10-13,1.03447,1.03748,1.02662,1.03147,54961
2009-10-14,1.03147,1.03252,1.02302,1.02307,53819
2009-10-15,1.02307,1.03713,1.02058,1.03337,59729
2009-10-16,1.03337,1.04353,1.02877,1.03757,57366
2009-10-18,1.0289,1.0295,1.0279,1.0288,0
2009-10-19,1.03757,1.04208,1.02787,1.02787,45012
2009-10-20,1.02787,1.05265,1.02666,1.04897,52594
2009-10-21,1.04897,1.05833,1.03777,1.04232,59921
2009-10-22,1.04232,1.05443,1.04162,1.04707,59396
2009-10-23,1.04707,1.05448,1.04468,1.05244,52571
2009-10-26,1.05244,1.06967,1.05008,1.06857,50397
2009-10-27,1.06857,1.07167,1.06268,1.06427,63731
2009-10-28,1.06427,1.08127,1.06356,1.08062,60815
2009-10-29,1.08062,1.08198,1.06548,1.06597,56392
2009-10-30,1.06597,1.08381,1.06527,1.08167,61785
2009-11-02,1.08167,1.08674,1.07142,1.07632,56108
2009-11-03,1.07632,1.08537,1.06517,1.06542,59902
2009-11-04,1.06542,1.06838,1.05946,1.06237,45978
2009-11-05,1.06237,1.06809,1.06051,1.06442,41998
2009-11-06,1.06442,1.07799,1.06078,1.07491,44982
2009-11-09,1.07491,1.07491,1.05417,1.05452,34497
2009-11-10,1.05452,1.06068,1.04818,1.04892,31758
2009-11-11,1.04892,1.05028,1.04318,1.04447,33140
2009-11-12,1.04447,1.05767,1.04158,1.05512,37153
2009-11-13,1.05512,1.05658,1.04715,1.05011,31019
2009-11-16,1.05011,1.05372,1.04261,1.04707,33709
2009-11-17,1.04707,1.06187,1.04636,1.05057,45661
2009-11-18,1.05057,1.05823,1.04498,1.05427,40130
2009-11-19,1.05427,1.06895,1.05397,1.06307,43688
2009-11-20,1.06307,1.07329,1.06133,1.06972,43658
2009-11-23,1.06972,1.07085,1.05391,1.05517,36174
2009-11-24,1.05517,1.06431,1.05497,1.05757,40342
2009-11-25,1.05757,1.05829,1.04501,1.04523,44123
2009-11-26,1.04523,1.06204,1.04505,1.05852,24685
2009-11-27,1.05852,1.07497,1.05795,1.06114,47190
2009-11-30,1.06114,1.06156,1.05332,1.05592,49069
2009-12-01,1.05592,1.05773,1.04057,1.04572,42284
2009-12-02,1.04572,1.05153,1.04313,1.04962,39372
2009-12-03,1.04962,1.05837,1.04617,1.05712,41623
2009-12-04,1.05712,1.05957,1.04358,1.05757,50073
2009-12-07,1.05757,1.06497,1.04818,1.05067,43302
2009-12-08,1.05067,1.06703,1.04858,1.06347,43017
2009-12-09,1.06347,1.06608,1.05147,1.05412,41370
2009-12-10,1.05412,1.05827,1.04787,1.05127,33245
2009-12-11,1.05127,1.06219,1.04797,1.05954,33459
2009-12-14,1.05954,1.06623,1.05663,1.05837,35057
2009-12-15,1.05837,1.06526,1.05515,1.06067,36837
2009-12-16,1.06067,1.06427,1.05707,1.06097,39181
2009-12-17,1.06097,1.0746,1.06072,1.07072,39752
2009-12-18,1.07072,1.07252,1.06284,1.06627,36018
2009-12-21,1.06627,1.06977,1.05358,1.06218,27843
2009-12-22,1.06218,1.06348,1.05409,1.05723,31277
2009-12-23,1.05723,1.05772,1.04699,1.04846,22008
2009-12-24,1.04846,1.04946,1.04471,1.04858,11301
2009-12-25,1.05,1.0502,1.0472,1.049,0
2009-12-28,1.04858,1.04989,1.04177,1.04266,12512
2009-12-29,1.04266,1.04444,1.03659,1.04316,23524
2009-12-30,1.04316,1.05773,1.04247,1.05498,26654
2009-12-31,1.05498,1.05593,1.04577,1.04635,13190
2010-01-01,1.0517,1.053,1.0512,1.0512,0
2010-01-04,1.04635,1.05183,1.03516,1.04189,30751
2010-01-05,1.04189,1.04194,1.03359,1.03871,37183
2010-01-06,1.03871,1.04101,1.03118,1.03211,35673
2010-01-07,1.03211,1.03729,1.02907,1.03418,39112
2010-01-08,1.03418,1.03848,1.02947,1.03079,40705
2010-01-11,1.03079,1.03435,1.02503,1.0335,25093
2010-01-12,1.0335,1.04133,1.03123,1.03868,37082
2010-01-13,1.03868,1.04113,1.02896,1.03117,36677
2010-01-14,1.03117,1.03222,1.02235,1.02312,31774
2010-01-15,1.02312,1.03135,1.0231,1.02923,34652
2010-01-18,1.02923,1.03144,1.0245,1.0245,14974
2010-01-19,1.0245,1.03477,1.0245,1.02926,35375
2010-01-20,1.02926,1.04884,1.02926,1.04621,44074
2010-01-21,1.04621,1.05243,1.04373,1.05169,40630
2010-01-22,1.05169,1.0602,1.04631,1.05562,35894
2010-01-25,1.05562,1.06127,1.05322,1.05764,31518
2010-01-26,1.05764,1.06917,1.05447,1.06291,46185
2010-01-27,1.06291,1.06874,1.06083,1.06418,47073
2010-01-28,1.06418,1.06698,1.05557,1.06618,49387
2010-01-29,1.06618,1.06952,1.06227,1.06924,44995
2010-02-01,1.06924,1.07209,1.06092,1.06092,37301
2010-02-02,1.06092,1.06397,1.05647,1.05717,39782
2010-02-03,1.05717,1.06358,1.05457,1.06218,39929
2010-02-04,1.06218,1.07517,1.05961,1.07304,46854
2010-02-05,1.07304,1.07807,1.06429,1.06993,60281
2010-02-08,1.06993,1.07557,1.06562,1.07533,44094
2010-02-09,1.07533,1.07733,1.06447,1.0658,52227
2010-02-10,1.0658,1.07077,1.05969,1.06248,52208
2010-02-11,1.06248,1.06278,1.04787,1.05003,51908
2010-02-12,1.05003,1.05787,1.04877,1.05149,49778
2010-02-15,1.05149,1.05317,1.04617,1.04892,19728
2010-02-16,1.04892,1.04977,1.04095,1.04387,37162
2010-02-17,1.04387,1.04707,1.0411,1.04619,36617
2010-02-18,1.04619,1.0497,1.03968,1.04633,40929
2010-02-19,1.04633,1.05307,1.03879,1.04034,44481
2010-02-22,1.04034,1.04407,1.03697,1.04299,27456
2010-02-23,1.04299,1.05797,1.03812,1.05662,37266
2010-02-24,1.05662,1.05941,1.05117,1.05359,26136
2010-02-25,1.05359,1.06797,1.05123,1.06333,46554
2010-02-26,1.06333,1.06333,1.05117,1.05208,44044
2010-03-01,1.05208,1.0573,1.04111,1.04118,45606
2010-03-02,1.04118,1.0442,1.03085,1.03337,50795
2010-03-03,1.03337,1.03645,1.02742,1.03177,41989
2010-03-04,1.03177,1.03394,1.02697,1.03159,43829
2010-03-05,1.03159,1.03313,1.02605,1.03044,25285
2010-03-08,1.03044,1.03044,1.02502,1.02725,34060
2010-03-09,1.02725,1.03197,1.0235,1.02618,37621
2010-03-10,1.02618,1.02917,1.02168,1.02487,32575
2010-03-11,1.02487,1.03216,1.02287,1.02413,34256
2010-03-12,1.02413,1.02502,1.01547,1.01805,29209
2010-03-15,1.01805,1.02317,1.01638,1.01892,30373
2010-03-16,1.01892,1.02029,1.01343,1.01357,25329
2010-03-17,1.01357,1.01459,1.007,1.00994,26554
2010-03-18,1.00994,1.01502,1.00887,1.01433,24383
2010-03-19,1.01433,1.01887,1.00564,1.01649,28855
2010-03-22,1.01649,1.02432,1.01462,1.01894,27283
2010-03-23,1.01894,1.02287,1.01507,1.01588,24771
2010-03-24,1.01588,1.02811,1.01549,1.02568,35162
2010-03-25,1.02568,1.02688,1.01697,1.02387,32485
2010-03-26,1.02387,1.03027,1.02048,1.02639,34005
2010-03-28,1.02692,1.02692,1.0177,1.02131,0
2010-03-29,1.02639,1.02708,1.01761,1.02087,24245
2010-03-30,1.02087,1.0222,1.01569,1.01977,24273
2010-03-31,1.01977,1.02016,1.01234,1.01543,30713
2010-04-01,1.01543,1.01624,1.00662,1.00848,25835
2010-04-02,1.00848,1.01293,1.00803,1.01057,8250
2010-04-04,1.008,1.00874,1.001,1.0019,0
2010-04-05,1.01057,1.01057,1.00097,1.00178,15030
2010-04-06,1.00178,1.00467,0.99868,1.00165,24649
2010-04-07,1.00165,1.00597,0.99767,1.00576,29179
2010-04-08,1.00576,1.01047,1.00177,1.00199,25397
2010-04-09,1.00199,1.00827,0.99905,1.00357,25673
2010-04-11,1.0025,1.00857,1.001,1.0027,0
2010-04-12,1.00357,1.00881,1.00087,1.00239,24261
2010-04-13,1.00239,1.00653,1.00039,1.00086,22793
2010-04-14,1.00086,1.00203,0.99526,0.99847,27522
2010-04-15,0.99847,1.00357,0.99623,1.00173,26559
2010-04-16,1.00173,1.01637,1.00027,1.01324,34956
2010-04-18,1.0154,1.0212,1.01369,1.0144,0
2010-04-19,1.01324,1.02157,1.01324,1.01447,29245
2010-04-20,1.01447,1.01633,0.99699,0.99848,29706
2010-04-21,0.99848,1.00129,0.99297,0.99951,33798
2010-04-22,0.99951,1.00387,0.99598,1.00016,33059
2010-04-23,1.00016,1.00647,0.99677,0.99917,34708
2010-04-25,0.9988,1.0021,0.9967,1.0002,0
2010-04-26,0.99917,1.00228,0.99702,1.00086,27478
2010-04-27,1.00086,1.01807,0.99991,1.01741,39812
2010-04-28,1.01741,1.01966,1.00735,1.00923,58011
2010-04-29,1.00923,1.01123,1.00131,1.0047,43610
2010-04-30,1.0047,1.01785,1.00155,1.016,45222
2010-05-02,1.0157,1.0184,1.01,1.0108,0
2010-05-03,1.016,1.01858,1.00998,1.01084,30756
2010-05-04,1.01084,1.02568,1.0101,1.02434,50442
2010-05-05,1.02434,1.03544,1.02309,1.03029,60345
2010-05-06,1.03029,1.07423,1.0281,1.05069,87338
2010-05-07,1.05069,1.05708,1.03373,1.0439,90572
2010-05-09,1.0364,1.0388,1.0209,1.0244,0
2010-05-10,1.0439,1.0439,1.02094,1.023,73561
2010-05-11,1.023,1.02879,1.01485,1.02158,71492
2010-05-12,1.02158,1.02472,1.01529,1.01933,55109
2010-05-13,1.01933,1.02084,1.011,1.0197,54982
2010-05-14,1.0197,1.03774,1.01932,1.03143,59870
2010-05-16,1.0344,1.0435,1.0306,1.0329,0
2010-05-17,1.03143,1.04388,1.03143,1.03254,76021
2010-05-18,1.03254,1.04103,1.02458,1.03904,73726
2010-05-19,1.03904,1.05373,1.03784,1.04324,83423
2010-05-20,1.04324,1.07192,1.04021,1.06924,89287
2010-05-21,1.06924,1.07503,1.05505,1.05951,71354
2010-05-23,1.06294,1.06574,1.0533,1.0626,0
2010-05-24,1.05951,1.06597,1.05335,1.0625,70124
2010-05-25,1.0625,1.08545,1.05916,1.06723,93098
2010-05-26,1.06723,1.07446,1.05803,1.07101,61224
2010-05-27,1.07101,1.07182,1.04806,1.04822,58650
2010-05-28,1.04822,1.0545,1.04434,1.05257,53623
2010-05-30,1.0548,1.05492,1.0415,1.0431,0
2010-05-31,1.05257,1.0553,1.04127,1.04441,25347
2010-06-01,1.04441,1.05629,1.04193,1.05496,81389
2010-06-02,1.05496,1.0572,1.03718,1.03817,79467
2010-06-03,1.03817,1.04627,1.03341,1.0402,67878
2010-06-04,1.0402,1.06255,1.03442,1.06048,72659
2010-06-06,1.0638,1.0678,1.05153,1.05946,0
2010-06-07,1.06048,1.06783,1.05155,1.06066,71425
2010-06-08,1.06066,1.06171,1.04696,1.04696,80054
2010-06-09,1.04696,1.05157,1.03641,1.04434,64013
2010-06-10,1.04434,1.04521,1.02871,1.03002,72239
2010-06-11,1.03002,1.03895,1.02724,1.03386,69553
2010-06-13,1.0323,1.0346,1.0223,1.03313,0
2010-06-14,1.03386,1.0349,1.02242,1.03383,42691
2010-06-15,1.03383,1.03612,1.0241,1.02538,67725
2010-06-16,1.02538,1.03241,1.02242,1.02415,49879
2010-06-17,1.02415,1.03378,1.02239,1.02769,55979
2010-06-18,1.02769,1.03126,1.02066,1.02155,264333
2010-06-20,1.0203,1.0256,1.0139,1.0233,0
2010-06-21,1.02155,1.02608,1.0138,1.02406,52911
2010-06-22,1.02406,1.02953,1.01813,1.02873,55157
2010-06-23,1.02873,1.04598,1.02695,1.03953,62112
2010-06-24,1.03953,1.04701,1.03739,1.0428,59528
2010-06-25,1.0428,1.04426,1.03408,1.03612,60794
2010-06-27,1.0368,1.03698,1.0318,1.0365,0
2010-06-28,1.03612,1.0372,1.03202,1.03561,47712
2010-06-29,1.03561,1.05767,1.03406,1.05578,63669
2010-06-30,1.05578,1.06476,1.04665,1.06367,59263
2010-07-01,1.06367,1.0674,1.05771,1.0595,73572
2010-07-02,1.0595,1.06683,1.0555,1.06229,61345
2010-07-04,1.0625,1.0674,1.0576,1.0649,0
2010-07-05,1.06229,1.0677,1.05763,1.0631,23735
2010-07-06,1.0631,1.06765,1.04856,1.05429,50072
2010-07-07,1.05429,1.06056,1.04673,1.047,46219
2010-07-08,1.047,1.04859,1.03791,1.04268,46099
2010-07-09,1.04268,1.0455,1.02957,1.03347,39830
2010-07-11,1.0327,1.0384,1.0299,1.0363,0
2010-07-12,1.03347,1.03861,1.0297,1.0371,37976
2010-07-13,1.0371,1.03857,1.0276,1.02978,47624
2010-07-14,1.02978,1.03711,1.02851,1.03248,54320
2010-07-15,1.03248,1.04431,1.02831,1.03806,59637
2010-07-16,1.03806,1.05581,1.03776,1.05448,54237
2010-07-18,1.0566,1.0579,1.05,1.0551,0
2010-07-19,1.05448,1.05801,1.04987,1.05483,47413
2010-07-20,1.05483,1.05866,1.04307,1.04328,61216
2010-07-21,1.04328,1.0502,1.0351,1.04894,61315
2010-07-22,1.04894,1.05027,1.03556,1.03698,66381
2010-07-23,1.03698,1.04393,1.0346,1.03633,63254
2010-07-25,1.0373,1.0379,1.0302,1.0318,0
2010-07-26,1.03633,1.03841,1.0303,1.03215,70372
2010-07-27,1.03215,1.03954,1.02558,1.0352,73203
2010-07-28,1.0352,1.039,1.02991,1.0387,62145
2010-07-29,1.0387,1.03912,1.0303,1.03696,59324
2010-07-30,1.03696,1.03763,1.02639,1.02774,72865
2010-08-01,1.0295,1.0296,1.0203,1.0226,0
2010-08-02,1.02774,1.0299,1.02042,1.02288,53934
2010-08-03,1.02288,1.02736,1.02192,1.02333,47210
2010-08-04,1.02333,1.0271,1.01629,1.0181,48643
2010-08-05,1.0181,1.01869,1.01076,1.01665,44291
2010-08-06,1.01665,1.03064,1.01454,1.02767,45632
2010-08-08,1.0282,1.0297,1.02567,1.02817,0
2010-08-09,1.02767,1.02996,1.02561,1.02688,35363
2010-08-10,1.02688,1.03888,1.0267,1.03134,52405
2010-08-11,1.03134,1.04745,1.03025,1.04623,62506
2010-08-12,1.04623,1.0494,1.04206,1.0422,47968
2010-08-13,1.0422,1.04389,1.03503,1.04152,44118
2010-08-15,1.0411,1.0463,1.0366,1.04099,0
2010-08-16,1.04152,1.04653,1.03704,1.04329,41667
2010-08-17,1.04329,1.04379,1.03086,1.03188,54709
2010-08-18,1.03188,1.0341,1.02706,1.02939,49855
2010-08-19,1.02939,1.04159,1.02476,1.04024,51959
2010-08-20,1.04024,1.05144,1.03819,1.04874,43946
2010-08-22,1.0486,1.05203,1.0444,1.0487,0
2010-08-23,1.04874,1.05298,1.04445,1.05208,43494
2010-08-24,1.05208,1.06642,1.05106,1.06133,59261
2010-08-25,1.06133,1.06677,1.05739,1.05975,55573
2010-08-26,1.05975,1.06044,1.0521,1.05775,50341
2010-08-27,1.05775,1.06491,1.05189,1.05215,49052
2010-08-29,1.0488,1.05684,1.0472,1.04877,0
2010-08-30,1.05215,1.06042,1.04719,1.05988,32701
2010-08-31,1.05988,1.06735,1.05752,1.06548,51940
2010-09-01,1.06548,1.06564,1.0484,1.04963,47343
2010-09-02,1.04963,1.05555,1.04708,1.05213,42229
2010-09-03,1.05213,1.05686,1.03856,1.03929,40228
2010-09-05,1.0388,1.0402,1.0339,1.039,0
2010-09-06,1.03929,1.04047,1.03399,1.03508,21678
2010-09-07,1.03508,1.04817,1.03468,1.04778,48237
2010-09-08,1.04778,1.05095,1.0346,1.03726,53429
2010-09-09,1.03726,1.03934,1.03011,1.0338,42385
2010-09-10,1.0338,1.03741,1.02869,1.03546,39177
2010-09-12,1.0321,1.0344,1.0268,1.0321,0
2010-09-13,1.03546,1.03546,1.02652,1.02705,41572
2010-09-14,1.02705,1.03055,1.0216,1.02751,50730
2010-09-15,1.02751,1.032,1.02513,1.02613,46893
2010-09-16,1.02613,1.02902,1.02387,1.02641,35303
2010-09-17,1.02641,1.03499,1.02159,1.03149,36989
2010-09-19,1.0322,1.0344,1.02631,1.0322,0
2010-09-20,1.03149,1.03467,1.02612,1.02814,35138
2010-09-21,1.02814,1.03309,1.02162,1.02668,42876
2010-09-22,1.02668,1.03588,1.01909,1.03068,52871
2010-09-23,1.03068,1.03797,1.02837,1.0342,50043
2010-09-24,1.0342,1.03548,1.02252,1.02551,44924
2010-09-26,1.0244,1.02852,1.02218,1.02434,0
2010-09-27,1.02551,1.02984,1.02229,1.02898,43003
2010-09-28,1.02898,1.03617,1.02834,1.02976,51485
2010-09-29,1.02976,1.03412,1.024,1.03249,51210
2010-09-30,1.03249,1.03454,1.02307,1.02913,59970
2010-10-01,1.02913,1.03134,1.01873,1.02018,57677
2010-10-03,1.0197,1.02396,1.01778,1.0201,0
2010-10-04,1.02018,1.02441,1.01799,1.02371,48705
2010-10-05,1.02371,1.02725,1.01536,1.01587,79032
2010-10-06,1.01587,1.0166,1.00621,1.01106,75501
2010-10-07,1.01106,1.02108,1.00776,1.01746,77287
2010-10-08,1.01746,1.0232,1.01055,1.01059,73144
2010-10-10,1.0103,1.01377,1.00913,1.00975,0
2010-10-11,1.01059,1.01497,1.00918,1.01366,53172
2010-10-12,1.01366,1.01827,1.00894,1.00998,87384
2010-10-13,1.00998,1.01054,1.00114,1.00338,67987
2010-10-14,1.00338,1.00739,0.998,1.00391,69822
2010-10-15,1.00391,1.01389,1.00127,1.01184,73486
2010-10-17,1.0129,1.0224,1.0123,1.0129,0
2010-10-18,1.01184,1.0228,1.01158,1.01704,59812
2010-10-19,1.01704,1.03738,1.01611,1.03348,94674
2010-10-20,1.03348,1.03489,1.02074,1.02084,80551
2010-10-21,1.02084,1.03021,1.0168,1.02661,81026
2010-10-22,1.02661,1.03022,1.0223,1.027,59518
2010-10-24,1.02655,1.0267,1.0156,1.0267,0
2010-10-25,1.027,1.027,1.0154,1.01988,51453
2010-10-26,1.01988,1.02665,1.01818,1.02367,69241
2010-10-27,1.02367,1.03394,1.02258,1.028,75018
2010-10-28,1.028,1.02861,1.01815,1.02095,63771
2010-10-29,1.02095,1.02482,1.0169,1.01989,68865
2010-11-01,1.01989,1.02024,1.01262,1.01521,48274
2010-11-02,1.01521,1.0163,1.00808,1.00808,61562
2010-11-03,1.00808,1.01564,1.00463,1.00509,68063
2010-11-04,1.00509,1.01198,1.00099,1.00201,65811
2010-11-05,1.00201,1.00844,0.99914,1.00021,64967
2010-11-08,1.00021,1.0055,0.99929,1.00346,44079
2010-11-09,1.00346,1.00944,0.998,1.00791,73663
2010-11-10,1.00791,1.00913,0.99936,1.00075,86067
2010-11-11,1.00075,1.00724,0.99771,1.00319,84999
2010-11-12,1.00319,1.01458,1.00203,1.00899,97859
2010-11-15,1.00899,1.01392,1.00566,1.00972,69469
2010-11-16,1.00972,1.02547,1.0069,1.02217,98748
2010-11-17,1.02217,1.02616,1.01806,1.02457,78842
2010-11-18,1.02457,1.02469,1.01552,1.01897,70522
2010-11-19,1.01897,1.02336,1.01632,1.01782,69484
2010-11-22,1.01782,1.02172,1.01212,1.01857,49217
2010-11-23,1.01857,1.0264,1.01584,1.02458,88714
2010-11-24,1.02458,1.02458,1.00914,1.01,89725
2010-11-25,1.01,1.01237,1.00759,1.00936,53620
2010-11-26,1.00936,1.02467,1.00846,1.01991,71532
2010-11-29,1.01991,1.02581,1.01625,1.018,82996
2010-11-30,1.018,1.02861,1.0171,1.02635,83839
2010-12-01,1.02635,1.02714,1.01413,1.01689,87158
2010-12-02,1.01689,1.01891,1.00246,1.00248,85159
2010-12-03,1.00248,1.00803,1.00022,1.00325,77893
2010-12-06,1.00325,1.00831,1.00218,1.00557,52452
2010-12-07,1.00557,1.01256,1.00112,1.01227,63753
2010-12-08,1.01227,1.01412,1.00631,1.01119,81796
2010-12-09,1.01119,1.01258,1.00662,1.01055,78795
2010-12-10,1.01055,1.01155,1.00836,1.0093,56696
2010-12-13,1.0093,1.01071,1.00276,1.0077,41731
2010-12-14,1.0077,1.01109,1.00284,1.00635,67938
2010-12-15,1.00635,1.00945,1.00008,1.00467,74355
2010-12-16,1.00467,1.00752,1.00322,1.00589,61984
2010-12-17,1.00589,1.01466,1.00377,1.01277,56346
2010-12-20,1.01277,1.02084,1.01022,1.01681,56820
2010-12-21,1.01681,1.02064,1.01513,1.0169,56742
2010-12-22,1.0169,1.0178,1.01113,1.01321,57149
2010-12-23,1.01321,1.01649,1.00708,1.00964,50993
2010-12-24,1.00964,1.01146,1.00501,1.00672,7344
2010-12-27,1.00672,1.01096,1.00577,1.00648,18727
2010-12-28,1.00648,1.00714,0.9975,1.00084,53940
2010-12-29,1.00084,1.0056,0.99747,1.00065,46977
2010-12-30,1.00065,1.00219,0.99909,0.99983,36808
2010-12-31,0.99983,1.00071,0.99308,0.99469,18431
2011-01-03,0.99469,0.99469,0.9888,0.99363,7250
2011-01-04,0.99363,1.00341,0.9916,0.99842,67581
2011-01-05,0.99842,1.00232,0.99334,0.99535,74088
2011-01-06,0.99535,0.99935,0.99251,0.99648,59751
2011-01-07,0.99648,1.00042,0.98991,0.99183,71853
2011-01-10,0.99183,0.99842,0.99105,0.99319,61379
2011-01-11,0.99319,0.99502,0.98922,0.99036,67494
2011-01-12,0.99036,0.99114,0.98482,0.98597,66911
2011-01-13,0.98597,0.99088,0.98541,0.98923,65165
2011-01-14,0.98923,0.99769,0.98858,0.9893,61402
2011-01-17,0.9893,0.9893,0.98644,0.9869,2171
2011-01-18,0.9869,0.99352,0.98372,0.99136,62576
2011-01-19,0.99136,0.99664,0.98885,0.9956,64482
2011-01-20,0.9956,1.00312,0.99483,0.99714,61588
2011-01-21,0.99714,0.99875,0.99084,0.99502,41276
2011-01-24,0.99502,0.99821,0.99182,0.9937,31170
2011-01-25,0.9937,1.00043,0.99115,0.99669,65621
2011-01-26,0.99669,0.9981,0.99364,0.99364,64393
2011-01-27,0.99364,0.99873,0.99261,0.99352,60437
2011-01-28,0.99352,1.00171,0.99325,1.00073,59659
2011-01-31,1.00073,1.00582,0.99622,1.00096,61666
2011-02-01,1.00096,1.00096,0.99002,0.99023,54957
2011-02-02,0.99023,0.99156,0.98603,0.98792,51242
2011-02-03,0.98792,0.99223,0.98655,0.99069,52578
2011-02-04,0.99069,0.9975,0.98316,0.98819,51404
2011-02-07,0.98819,0.99122,0.98579,0.99082,48749
2011-02-08,0.99082,0.99774,0.98687,0.99511,57099
2011-02-09,0.99511,0.9956,0.99153,0.99363,44986
2011-02-10,0.99363,0.99874,0.99303,0.99512,50955
2011-02-11,0.99512,0.9986,0.98631,0.98682,46612
2011-02-14,0.98682,0.99022,0.98476,0.98868,43601
2011-02-15,0.98868,0.99022,0.98512,0.98939,47405
2011-02-16,0.98939,0.99027,0.98441,0.98448,48823
2011-02-17,0.98448,0.98589,0.98154,0.98392,45631
2011-02-18,0.98392,0.98744,0.98184,0.98592,42321
2011-02-21,0.98592,0.98717,0.98218,0.98252,24708
2011-02-22,0.98252,0.99193,0.98223,0.99034,59511
2011-02-23,0.99034,0.99595,0.98576,0.98913,52447
2011-02-24,0.98913,0.99023,0.98165,0.98222,55135
2011-02-25,0.98222,0.98317,0.97793,0.97873,35411
2011-02-28,0.97873,0.97893,0.97092,0.97128,44566
2011-03-01,0.97128,0.97553,0.96829,0.9739,44029
2011-03-02,0.9739,0.97759,0.97083,0.9727,43237
2011-03-03,0.9727,0.97528,0.97145,0.97147,37522
2011-03-04,0.97147,0.97429,0.96996,0.97173,34912
2011-03-07,0.97173,0.97433,0.97003,0.97282,31593
2011-03-08,0.97282,0.97482,0.97075,0.97103,40156
2011-03-09,0.97103,0.97149,0.96672,0.96808,32820
2011-03-10,0.96808,0.97673,0.96797,0.97532,46973
2011-03-11,0.97532,0.9802,0.97102,0.97104,49614
2011-03-14,0.97104,0.97642,0.97101,0.97365,42688
2011-03-15,0.97365,0.99738,0.97335,0.98574,82902
2011-03-16,0.98574,0.99674,0.9807,0.99136,73672
2011-03-17,0.99136,0.9949,0.98343,0.98468,63518
2011-03-18,0.98468,0.98645,0.98042,0.98556,52110
2011-03-21,0.98556,0.98556,0.97492,0.97765,33738
2011-03-22,0.97765,0.98132,0.97467,0.98053,43586
2011-03-23,0.98053,0.98433,0.9792,0.98167,45188
2011-03-24,0.98167,0.98243,0.97312,0.97511,51090
2011-03-25,0.97511,0.98272,0.97421,0.98192,46771
2011-03-27,0.9809,0.9819,0.974,0.9812,0
2011-03-28,0.98192,0.98221,0.97415,0.97785,34727
2011-03-29,0.97785,0.97853,0.97385,0.97436,35260
2011-03-30,0.97436,0.97534,0.9686,0.97076,38526
2011-03-31,0.97076,0.97295,0.96832,0.97034,38235
2011-04-01,0.97034,0.97048,0.96262,0.96437,42171
2011-04-03,0.96318,0.9685,0.9612,0.963,0
2011-04-04,0.96437,0.96873,0.9616,0.96673,29031
2011-04-05,0.96673,0.96929,0.96276,0.96376,38203
2011-04-06,0.96376,0.96409,0.95689,0.9607,37543
2011-04-07,0.9607,0.96238,0.95702,0.95838,42217
2011-04-08,0.95838,0.95941,0.95266,0.95521,39398
2011-04-10,0.9558,0.95757,0.9542,0.95588,0
2011-04-11,0.95521,0.95774,0.95427,0.95656,39027
2011-04-12,0.95656,0.96574,0.9556,0.9633,61092
2011-04-13,0.9633,0.96554,0.95852,0.9622,50414
2011-04-14,0.9622,0.96696,0.95952,0.96106,53477
2011-04-15,0.96106,0.96493,0.95924,0.96031,40344
2011-04-17,0.9596,0.97201,0.9593,0.96,0
2011-04-18,0.96031,0.97214,0.95843,0.96406,53795
2011-04-19,0.96406,0.96662,0.95482,0.95605,52514
2011-04-20,0.95605,0.95638,0.94973,0.95237,48526
2011-04-21,0.95237,0.95374,0.94542,0.95301,45785
2011-04-22,0.95301,0.95455,0.95196,0.95426,7588
2011-04-24,0.9533,0.95585,0.9502,0.95308,0
2011-04-25,0.95426,0.9561,0.95034,0.95421,15327
2011-04-26,0.95421,0.95625,0.94955,0.95126,33132
2011-04-27,0.95126,0.95762,0.94872,0.94963,43143
2011-04-28,0.94963,0.95209,0.94646,0.95051,43941
2011-04-29,0.95051,0.95498,0.94494,0.94591,30459
2011-05-01,0.9454,0.94979,0.94473,0.94543,0
2011-05-02,0.94591,0.9518,0.94457,0.95052,44266
2011-05-03,0.95052,0.95417,0.94584,0.95225,42050
2011-05-04,0.95225,0.96038,0.95043,0.95931,56422
2011-05-05,0.95931,0.97128,0.95682,0.96685,67498
2011-05-06,0.96685,0.97026,0.95733,0.96659,88260
2011-05-08,0.9641,0.9691,0.9603,0.9641,0
2011-05-09,0.96659,0.96961,0.96041,0.96166,62590
2011-05-10,0.96166,0.96533,0.95668,0.95668,61267
2011-05-11,0.95668,0.9639,0.95128,0.96191,59954
2011-05-12,0.96191,0.96946,0.95988,0.96255,79220
2011-05-13,0.96255,0.97441,0.96046,0.9688,64096
2011-05-15,0.9692,0.9768,0.9681,0.9692,0
2011-05-16,0.9688,0.97703,0.96835,0.97576,69821
2011-05-17,0.97576,0.97934,0.97168,0.97191,71632
2011-05-18,0.97191,0.97596,0.96962,0.96975,56459
2011-05-19,0.96975,0.97141,0.96536,0.96749,59306
2011-05-20,0.96749,0.97723,0.96411,0.97265,58557
2011-05-22,0.97474,0.98077,0.9735,0.975,0
2011-05-23,0.97265,0.98104,0.97265,0.9779,64086
2011-05-24,0.9779,0.97929,0.9754,0.97655,60820
2011-05-25,0.97655,0.9816,0.97437,0.97572,66179
2011-05-26,0.97572,0.98159,0.97563,0.97762,61072
2011-05-27,0.97762,0.97979,0.97531,0.9774,58790
2011-05-29,0.977,0.9784,0.9748,0.977,0
2011-05-30,0.9774,0.9787,0.97494,0.97696,12455
2011-05-31,0.97696,0.977,0.96552,0.96813,58883
2011-06-01,0.96813,0.97741,0.9667,0.9773,65801
2011-06-02,0.9773,0.98098,0.97445,0.9756,72685
2011-06-03,0.9756,0.98519,0.97443,0.97762,65502
2011-06-05,0.9767,0.9816,0.9766,0.9766,0
2011-06-06,0.97762,0.98172,0.97674,0.98085,58705
2011-06-07,0.98085,0.98098,0.97313,0.97445,62480
2011-06-08,0.97445,0.98204,0.97386,0.97914,59192
2011-06-09,0.97914,0.98126,0.97235,0.97285,62272
2011-06-10,0.97285,0.9797,0.97123,0.9781,59148
2011-06-12,0.9796,0.9796,0.9747,0.9796,0
2011-06-13,0.9781,0.9798,0.97514,0.97565,53397
2011-06-14,0.97565,0.97718,0.9675,0.96806,53802
2011-06-15,0.96806,0.98295,0.96703,0.97906,66881
2011-06-16,0.97906,0.98981,0.97725,0.98105,74591
2011-06-17,0.98105,0.98689,0.97756,0.98039,66473
2011-06-19,0.9804,0.98474,0.9783,0.9807,0
2011-06-20,0.98039,0.98494,0.97814,0.97979,41074
2011-06-21,0.97979,0.98053,0.97071,0.97094,58065
2011-06-22,0.97094,0.97534,0.97005,0.97385,56431
2011-06-23,0.97385,0.9824,0.9713,0.97891,72521
2011-06-24,0.97891,0.98861,0.97704,0.98734,59231
2011-06-26,0.9886,0.99106,0.986,0.9889,0
2011-06-27,0.98734,0.99126,0.98578,0.98601,56525
2011-06-28,0.98601,0.98842,0.98101,0.98101,58040
2011-06-29,0.98101,0.98245,0.96892,0.96933,64708
2011-06-30,0.96933,0.9701,0.96245,0.96346,58530
2011-07-01,0.96346,0.96512,0.95826,0.9584,46956
2011-07-03,0.9586,0.96156,0.9579,0.9586,0
2011-07-04,0.9584,0.96179,0.95782,0.96085,26031
2011-07-05,0.96085,0.9642,0.95935,0.9633,43595
2011-07-06,0.9633,0.96945,0.96141,0.96526,51511
2011-07-07,0.96526,0.9666,0.95693,0.95829,54014
2011-07-08,0.95829,0.96653,0.95618,0.96072,49744
2011-07-10,0.9627,0.96943,0.96224,0.96262,0
2011-07-11,0.96072,0.96954,0.96072,0.96876,60790
2011-07-12,0.96876,0.9779,0.96263,0.96655,82781
2011-07-13,0.96655,0.96673,0.95782,0.9581,64645
2011-07-14,0.9581,0.96164,0.9549,0.96056,70950
2011-07-15,0.96056,0.9624,0.95202,0.9539,60971
2011-07-17,0.9537,0.96317,0.9537,0.9539,0
2011-07-18,0.9539,0.96355,0.95348,0.95966,64649
2011-07-19,0.95966,0.96011,0.9482,0.95001,62747
2011-07-20,0.95001,0.95128,0.94567,0.94735,51255
2011-07-21,0.94735,0.9493,0.94231,0.9431,66750
2011-07-22,0.9431,0.95306,0.94265,0.94853,49715
2011-07-24,0.9491,0.9523,0.9444,0.9491,0
2011-07-25,0.94853,0.95248,0.94345,0.94695,47925
2011-07-26,0.94695,0.94747,0.94066,0.94425,53000
2011-07-27,0.94425,0.95059,0.94105,0.9497,54929
2011-07-28,0.9497,0.95229,0.94576,0.94915,57420
2011-07-29,0.94915,0.959,0.94859,0.95524,66099
2011-07-31,0.9541,0.9603,0.9491,0.9541,0
2011-08-01,0.95524,0.96055,0.9491,0.95695,60954
2011-08-02,0.95695,0.96184,0.95475,0.96125,75419
2011-08-03,0.96125,0.96469,0.9568,0.96201,78125
2011-08-04,0.96201,0.98151,0.96028,0.98146,90445
2011-08-05,0.98146,0.98538,0.97423,0.97765,108980
2011-08-07,0.9856,0.9925,0.9781,0.9857,0
2011-08-08,0.97765,0.99444,0.97765,0.99441,109022
2011-08-09,0.99441,1.00102,0.97672,0.97702,130770
2011-08-10,0.97702,0.99542,0.97646,0.99473,73207
2011-08-11,0.99473,0.99685,0.9839,0.984,70388
2011-08-12,0.984,0.9919,0.98329,0.99028,49408
2011-08-14,0.9886,0.99044,0.9833,0.9886,0
2011-08-15,0.99028,0.9906,0.97901,0.97901,36208
2011-08-16,0.97901,0.98722,0.97895,0.98217,42216
2011-08-17,0.98217,0.9846,0.97748,0.98055,34620
2011-08-18,0.98055,0.99381,0.97983,0.99027,43800
2011-08-19,0.99027,0.99263,0.98264,0.98847,44968
2011-08-21,0.9899,0.9913,0.9828,0.991,0
2011-08-22,0.98847,0.99185,0.98291,0.99036,39020
2011-08-23,0.99036,0.99099,0.98494,0.98723,37195
2011-08-24,0.98723,0.99056,0.984,0.98697,34060
2011-08-25,0.98697,0.98873,0.97913,0.98826,37933
2011-08-26,0.98826,0.9924,0.98266,0.98289,37967
2011-08-28,0.9814,0.98175,0.9739,0.98141,0
2011-08-29,0.98289,0.98328,0.974,0.97665,26167
2011-08-30,0.97665,0.98171,0.97572,0.97757,31528
2011-08-31,0.97757,0.9801,0.97254,0.97756,33464
2011-09-01,0.97756,0.97964,0.97358,0.97673,35031
2011-09-02,0.97673,0.98472,0.97509,0.98393,34793
2011-09-04,0.9866,0.993,0.9852,0.987,0
2011-09-05,0.98393,0.9933,0.98393,0.98964,22364
2011-09-06,0.98964,0.99652,0.98639,0.99042,46110
2011-09-07,0.99042,0.99103,0.98303,0.98328,38155
2011-09-08,0.98328,0.98968,0.98299,0.98928,37312
2011-09-09,0.98928,0.99792,0.9868,0.99592,42431
2011-09-11,0.9971,1.0019,0.9942,0.9978,0
2011-09-12,0.99592,1.00264,0.99152,0.99258,43022
2011-09-13,0.99258,0.99765,0.98499,0.98557,50255
2011-09-14,0.98557,0.994,0.98464,0.98906,49002
2011-09-15,0.98906,0.99499,0.98299,0.98342,40565
2011-09-16,0.98342,0.9861,0.97855,0.9787,43844
2011-09-18,0.9814,0.992,0.9803,0.9817,0
2011-09-19,0.9787,0.99231,0.9787,0.99061,41389
2011-09-20,0.99061,0.99483,0.9882,0.99261,41151
2011-09-21,0.99261,1.00878,0.99099,1.00796,47658
2011-09-22,1.00796,1.03614,1.0052,1.0283,66669
2011-09-23,1.0283,1.03487,1.0224,1.02976,64986
2011-09-25,1.0272,1.0384,1.02597,1.0273,0
2011-09-26,1.02976,1.03856,1.02497,1.02497,90396
2011-09-27,1.02497,1.02809,1.01438,1.01911,49858
2011-09-28,1.01911,1.03374,1.01813,1.03341,69420
2011-09-29,1.03341,1.0402,1.02562,1.03575,74555
2011-09-30,1.03575,1.04844,1.03512,1.04839,68252
2011-10-02,1.0498,1.0521,1.0431,1.05,0
2011-10-03,1.04839,1.05476,1.0432,1.05451,75697
2011-10-04,1.05451,1.06579,1.05079,1.05106,91432
2011-10-05,1.05106,1.05719,1.0396,1.04006,74839
2011-10-06,1.04006,1.04822,1.03696,1.03696,72461
2011-10-07,1.03696,1.04187,1.02341,1.03767,66513
2011-10-09,1.0379,1.0386,1.0249,1.0378,0
2011-10-10,1.03767,1.03893,1.0251,1.02554,56674
2011-10-11,1.02554,1.03385,1.0255,1.02946,60520
2011-10-12,1.02946,1.03282,1.0133,1.01705,61451
2011-10-13,1.01705,1.02722,1.01634,1.02086,63298
2011-10-14,1.02086,1.02345,1.01017,1.01032,57291
2011-10-16,1.0094,1.0179,1.0044,1.0094,0
2011-10-17,1.01032,1.0237,1.00434,1.02338,57985
2011-10-18,1.02338,1.02636,1.0111,1.01395,75260
2011-10-19,1.01395,1.02166,1.00845,1.02045,64728
2011-10-20,1.02045,1.0246,1.01315,1.01531,79210
2011-10-21,1.01531,1.01874,1.00664,1.00853,60829
2011-10-23,1.0093,1.0093,1.0021,1.0093,0
2011-10-24,1.00853,1.00995,1.00213,1.00288,60122
2011-10-25,1.00288,1.02125,0.99905,1.01663,72237
2011-10-26,1.01663,1.01766,1.00369,1.00414,78829
2011-10-27,1.00414,1.00508,0.9892,0.99078,71123
2011-10-28,0.99078,0.997,0.98949,0.99221,55406
2011-10-31,0.99221,1.00269,0.99123,1.00066,62290
2011-11-01,1.00066,1.0208,0.99739,1.02026,97121
2011-11-02,1.02026,1.02227,1.01064,1.01335,73985
2011-11-03,1.01335,1.0216,1.00542,1.00657,84666
2011-11-04,1.00657,1.0228,1.00651,1.01669,66225
2011-11-07,1.01669,1.02035,1.01223,1.01256,57180
2011-11-08,1.01256,1.01819,1.00771,1.00873,63086
2011-11-09,1.00873,1.02451,1.00787,1.02451,82083
2011-11-10,1.02451,1.02661,1.0164,1.01683,77911
2011-11-11,1.01683,1.0232,1.01078,1.01246,56120
2011-11-14,1.01246,1.01944,1.00725,1.01661,61144
2011-11-15,1.01661,1.02627,1.01585,1.02094,65756
2011-11-16,1.02094,1.02876,1.01722,1.02444,78129
2011-11-17,1.02444,1.02949,1.02079,1.02904,90446
2011-11-18,1.02904,1.03019,1.01992,1.0272,74354
2011-11-21,1.0272,1.04189,1.02676,1.03988,74776
2011-11-22,1.03988,1.0413,1.0346,1.03812,71325
2011-11-23,1.03812,1.04973,1.03716,1.04846,78212
2011-11-24,1.04846,1.04921,1.04383,1.04671,46704
2011-11-25,1.04671,1.05236,1.04385,1.04943,58977
2011-11-28,1.04943,1.04943,1.03042,1.03388,67074
2011-11-29,1.03388,1.03638,1.02587,1.03171,70139
2011-11-30,1.03171,1.03631,1.01232,1.01691,77567
2011-12-01,1.01691,1.02229,1.01362,1.01368,65453
2011-12-02,1.01368,1.01952,1.00794,1.01851,55052
2011-12-05,1.01851,1.01938,1.01188,1.01621,58147
2011-12-06,1.01621,1.02072,1.0085,1.00988,60422
2011-12-07,1.00988,1.01331,1.00662,1.00947,56208
2011-12-08,1.00947,1.02342,1.0052,1.02293,72438
2011-12-09,1.02293,1.02624,1.01598,1.0162,82516
2011-12-12,1.0162,1.02854,1.0162,1.02698,74929
2011-12-13,1.02698,1.03491,1.02318,1.03403,82474
2011-12-14,1.03403,1.04233,1.0324,1.03952,75891
2011-12-15,1.03952,1.04054,1.03201,1.03486,82925
2011-12-16,1.03486,1.04067,1.02975,1.0369,77437
2011-12-19,1.0369,1.04149,1.03341,1.03868,76548
2011-12-20,1.03868,1.03882,1.02631,1.02954,81023
2011-12-21,1.02954,1.03092,1.02086,1.02591,88217
2011-12-22,1.02591,1.02809,1.02012,1.02018,78426
2011-12-23,1.02018,1.02143,1.01789,1.02009,50864
2011-12-26,1.02009,1.02328,1.01757,1.01998,5093
2011-12-27,1.01998,1.02156,1.01769,1.01808,33414
2011-12-28,1.01808,1.02507,1.01261,1.02423,57176
2011-12-29,1.02423,1.02683,1.01958,1.01975,65352
2011-12-30,1.01975,1.022,1.01571,1.0211,58840
2012-01-02,1.0211,1.0211,1.01794,1.01794,7122
2012-01-03,1.01794,1.01937,1.0076,1.01022,38047
2012-01-04,1.01022,1.01621,1.0102,1.0126,70368
2012-01-05,1.0126,1.02256,1.01208,1.01963,83753
2012-01-06,1.01963,1.02859,1.01698,1.02746,69871
2012-01-09,1.02746,1.03191,1.02255,1.02326,71956
2012-01-10,1.02326,1.02405,1.01532,1.01532,51146
2012-01-11,1.01532,1.02101,1.01396,1.01947,56440
2012-01-12,1.01947,1.02113,1.01403,1.01895,60133
2012-01-13,1.01895,1.02834,1.01632,1.02235,74486
2012-01-16,1.02235,1.02529,1.01646,1.01761,45822
2012-01-17,1.01761,1.01881,1.01124,1.01496,66088
2012-01-18,1.01496,1.01775,1.01104,1.0111,71757
2012-01-19,1.0111,1.01277,1.00705,1.01061,70504
2012-01-20,1.01061,1.01609,1.01047,1.01232,67631
2012-01-23,1.01285,1.01619,1.00524,1.00752,61964
2012-01-24,1.00752,1.01409,1.00706,1.00876,69162
2012-01-25,1.00876,1.01479,1.00282,1.00421,75968
2012-01-26,1.00421,1.00484,0.99813,1.00146,69460
2012-01-27,1.00146,1.00411,0.99878,1.0009,75190
2012-01-30,1.0009,1.00703,1.0009,1.00135,61551
2012-01-31,1.00135,1.00535,0.99652,1.00251,84297
2012-02-01,1.00251,1.00483,0.99637,0.99849,79848
2012-02-02,0.99849,1.00103,0.99682,0.99931,77717
2012-02-03,0.99931,1.00333,0.9925,0.9925,80570
2012-02-06,0.9925,0.99937,0.9925,0.99577,79680
2012-02-07,0.99577,0.9995,0.99408,0.99433,82745
2012-02-08,0.99433,0.99902,0.99353,0.99581,73286
2012-02-09,0.99581,0.99799,0.9925,0.99363,79765
2012-02-10,0.99363,1.00387,0.99363,1.00141,68257
2012-02-13,1.00141,1.00153,0.9972,0.99949,61677
2012-02-14,0.99949,1.00269,0.9979,0.99885,64208
2012-02-15,0.99885,1.00036,0.99384,0.99971,80369
2012-02-16,0.99971,1.00512,0.99533,0.99648,71542
2012-02-17,0.99648,0.99843,0.99412,0.9972,58479
2012-02-20,0.9972,0.9972,0.99067,0.99328,38933
2012-02-21,0.99328,0.99761,0.99243,0.99676,66765
2012-02-22,0.99676,1.00198,0.99543,0.99969,68078
2012-02-23,0.99969,1.00103,0.99533,0.99736,69630
2012-02-24,0.99736,1.00037,0.99661,0.99949,72815
2012-02-27,0.99949,1.00495,0.99765,0.99889,62163
2012-02-28,0.99889,0.99906,0.99415,0.99523,73608
2012-02-29,0.99523,0.99577,0.98445,0.98979,91584
2012-03-01,0.98979,0.99009,0.98422,0.98545,86033
2012-03-02,0.98545,0.9897,0.98482,0.98891,71198
2012-03-05,0.98891,0.99597,0.98854,0.99448,68244
2012-03-06,0.99448,1.00283,0.99369,1.00176,69064
2012-03-07,1.00176,1.00252,0.99733,0.99733,57244
2012-03-08,0.99733,0.99902,0.98931,0.99016,71044
2012-03-09,0.99016,0.99357,0.98725,0.9895,72696
2012-03-12,0.98925,0.99472,0.98925,0.99226,62645
2012-03-13,0.99226,0.99304,0.98841,0.98841,61305
2012-03-14,0.98841,0.99446,0.98805,0.99248,74834
2012-03-15,0.99248,0.99488,0.99057,0.99162,76248
2012-03-16,0.99162,0.99408,0.99007,0.99141,61810
2012-03-19,0.99141,0.99304,0.98604,0.98676,45341
2012-03-20,0.98676,0.99689,0.98621,0.99141,53258
2012-03-21,0.99141,0.9935,0.98748,0.99213,51551
2012-03-22,0.99213,1.00083,0.99117,0.99911,61974
2012-03-23,0.99911,1.00342,0.99708,0.9975,61441
2012-03-25,0.9965,0.99976,0.9906,0.9964,0
2012-03-26,0.9975,0.99991,0.99031,0.99033,57997
2012-03-27,0.99033,0.99558,0.99005,0.99458,50633
2012-03-28,0.99458,1.00001,0.99448,0.9982,56462
2012-03-29,0.9982,1.00188,0.99621,0.99627,65682
2012-03-30,0.99627,0.9999,0.99524,0.99785,65248
2012-04-01,0.99619,0.9988,0.9914,0.9961,0
2012-04-02,0.99785,0.99905,0.98882,0.99028,61823
2012-04-03,0.99028,0.99286,0.98883,0.99096,70553
2012-04-04,0.99096,0.99736,0.99034,0.99608,70136
2012-04-05,0.99608,0.99979,0.9907,0.99286,74928
2012-04-06,0.99286,0.99856,0.9917,0.99674,24307
2012-04-08,0.9969,1.00003,0.9956,0.9974,0
2012-04-09,0.99674,1.00015,0.99435,0.99749,35968
2012-04-10,0.99749,1.00441,0.99503,1.00418,69982
2012-04-11,1.00418,1.00521,1.00084,1.00366,69223
2012-04-12,1.00366,1.00402,0.9938,0.99407,68970
2012-04-13,0.99407,0.99942,0.99268,0.99927,77929
2012-04-15,0.99912,1.00245,0.9974,0.99895,0
2012-04-16,0.99927,1.00325,0.99739,0.99918,73085
2012-04-17,0.99918,1.00114,0.98649,0.99011,65101
2012-04-18,0.99011,0.9924,0.9882,0.99102,60451
2012-04-19,0.99102,0.99635,0.988,0.99553,71310
2012-04-20,0.99553,0.9959,0.9897,0.99208,57158
2012-04-22,0.9931,0.9976,0.9929,0.9931,0
2012-04-23,0.99208,0.99786,0.99063,0.99106,59775
2012-04-24,0.99106,0.99288,0.98699,0.98699,53671
2012-04-25,0.98699,0.98802,0.98233,0.98331,55255
2012-04-26,0.98331,0.9847,0.98061,0.98401,52855
2012-04-27,0.98401,0.987,0.98,0.98019,62019
2012-04-29,0.9808,0.98921,0.9799,0.9809,0
2012-04-30,0.98019,0.98944,0.98019,0.98713,49897
2012-05-01,0.98713,0.98979,0.98329,0.9843,39097
2012-05-02,0.9843,0.9904,0.9843,0.98609,55571
2012-05-03,0.98609,0.98921,0.98283,0.98826,50809
2012-05-04,0.98826,0.99634,0.98615,0.99521,56398
2012-05-06,0.99809,0.99856,0.993,0.9981,0
2012-05-07,0.99521,0.99872,0.99265,0.99293,61220
2012-05-08,0.99293,1.00227,0.99237,0.99841,64768
2012-05-09,0.99841,1.00629,0.99841,1.00253,78527
2012-05-10,1.00253,1.00314,0.99769,1.00186,72275
2012-05-11,1.00186,1.00548,0.99539,1.00006,66823
2012-05-13,1.00035,1.00503,0.9991,1.0002,0
2012-05-14,0.99993,1.00528,0.99899,1.00363,65402
2012-05-15,1.00363,1.00738,0.99899,1.00712,74724
2012-05-16,1.00712,1.01322,1.00543,1.01204,87045
2012-05-17,1.01204,1.01958,1.01047,1.01932,80065
2012-05-18,1.01932,1.02271,1.01384,1.0219,82533
2012-05-20,1.0212,1.02437,1.0175,1.0212,0
2012-05-21,1.0219,1.02464,1.0165,1.01726,68004
2012-05-22,1.01726,1.02345,1.01524,1.02033,68945
2012-05-23,1.02033,1.02964,1.02027,1.02506,83675
2012-05-24,1.02506,1.02958,1.02261,1.02659,85682
2012-05-25,1.02659,1.03118,1.02468,1.029,65587
2012-05-27,1.0259,1.0266,1.02229,1.0256,0
2012-05-28,1.029,1.029,1.02236,1.02355,39044
2012-05-29,1.02355,1.02699,1.02074,1.02192,67456
2012-05-30,1.02192,1.03112,1.0215,1.03007,83188
2012-05-31,1.03007,1.03658,1.02619,1.03264,83508
2012-06-01,1.03264,1.04428,1.03146,1.04087,60533
2012-06-03,1.04425,1.0444,1.037,1.04369,0
2012-06-04,1.04087,1.04465,1.03689,1.03917,67972
2012-06-05,1.03917,1.04255,1.03612,1.0378,76424
2012-06-06,1.0378,1.03838,1.02703,1.02746,75458
2012-06-07,1.02746,1.0296,1.02103,1.02774,81214
2012-06-08,1.02774,1.03547,1.02615,1.02651,73943
2012-06-10,1.0216,1.02971,1.0199,1.0215,0
2012-06-11,1.02651,1.03172,1.0201,1.03172,67327
2012-06-12,1.03172,1.0326,1.02562,1.02626,76439
2012-06-13,1.02626,1.03017,1.02416,1.03017,74281
2012-06-14,1.03017,1.03017,1.02233,1.02233,73710
2012-06-15,1.02233,1.02563,1.0215,1.0215,58714
2012-06-17,1.0206,1.02773,1.01907,1.02033,0
2012-06-18,1.0215,1.02792,1.01923,1.02406,79045
2012-06-19,1.02406,1.0244,1.01667,1.01768,87270
2012-06-20,1.01768,1.02323,1.01594,1.01807,90251
2012-06-21,1.01807,1.02956,1.01692,1.02951,88218
2012-06-22,1.02951,1.03003,1.02408,1.02429,68987
2012-06-24,1.0264,1.03173,1.0253,1.0266,0
2012-06-25,1.02429,1.0319,1.02429,1.0287,62464
2012-06-26,1.0287,1.02965,1.02329,1.02363,73367
2012-06-27,1.02363,1.02675,1.02317,1.02473,73183
2012-06-28,1.02473,1.03628,1.02319,1.033,86183
2012-06-29,1.033,1.03415,1.01637,1.01637,92667
2012-07-01,1.0179,1.02007,1.01547,1.0179,0
2012-07-02,1.01637,1.02013,1.01548,1.01691,69637
2012-07-03,1.01691,1.01724,1.01177,1.01203,51432
2012-07-04,1.01203,1.01419,1.01159,1.01251,46084
2012-07-05,1.01251,1.01575,1.01008,1.01402,67946
2012-07-06,1.01402,1.02077,1.01364,1.0191,62486
2012-07-08,1.01968,1.0218,1.0182,1.0196,0
2012-07-09,1.0191,1.02215,1.0181,1.01882,49967
2012-07-10,1.01882,1.02304,1.01657,1.02238,54570
2012-07-11,1.02238,1.02307,1.01731,1.01851,60157
2012-07-12,1.01851,1.02501,1.01769,1.01885,64296
2012-07-13,1.01885,1.02032,1.01293,1.01339,62256
2012-07-15,1.014,1.01716,1.0139,1.0139,0
2012-07-16,1.01339,1.01579,1.01265,1.01552,25721
2012-07-17,1.01552,1.01698,1.01168,1.0117,53121
2012-07-18,1.0117,1.0149,1.01001,1.01001,48692
2012-07-19,1.01001,1.01067,1.00657,1.00707,52869
2012-07-20,1.00707,1.01306,1.0062,1.01232,50653
2012-07-22,1.014,1.02027,1.014,1.0142,0
2012-07-23,1.01232,1.02045,1.01232,1.01853,67371
2012-07-24,1.01853,1.02271,1.01578,1.02067,65218
2012-07-25,1.02067,1.02319,1.01393,1.01528,70952
2012-07-26,1.01528,1.01659,1.00631,1.00996,83974
2012-07-27,1.00996,1.01061,1.00277,1.00277,86136
2012-07-29,1.0042,1.00523,1.00203,1.0042,0
2012-07-30,1.00277,1.00535,1.00133,1.00147,72131
2012-07-31,1.00147,1.00435,1.00032,1.0031,77833
2012-08-01,1.0031,1.00565,1.00039,1.00436,70978
2012-08-02,1.00436,1.00846,1.00021,1.00715,89339
2012-08-03,1.00715,1.00761,0.99799,1.00084,86289
2012-08-05,1.0004,1.0018,0.9982,1.00057,0
2012-08-06,1.00084,1.00204,0.99835,1.00018,72817
2012-08-07,1.00018,1.00118,0.99627,0.9969,77763
2012-08-08,0.9969,0.99887,0.99364,0.99415,82115
2012-08-09,0.99415,0.99505,0.99079,0.99079,81863
2012-08-10,0.99079,0.99702,0.99021,0.99078,71960
2012-08-12,0.99157,0.99388,0.9905,0.99148,0
2012-08-13,0.99078,0.99401,0.98947,0.99225,62789
2012-08-14,0.99225,0.99406,0.99067,0.99203,65588
2012-08-15,0.99203,0.99351,0.98864,0.98913,47325
2012-08-16,0.98913,0.98999,0.98602,0.98627,48242
2012-08-17,0.98627,0.99011,0.98596,0.98862,46174
2012-08-19,0.9885,0.99006,0.9873,0.9884,0
2012-08-20,0.98862,0.99019,0.98755,0.98819,38944
2012-08-21,0.98819,0.98997,0.98424,0.98894,47374
2012-08-22,0.98894,0.99474,0.98878,0.99111,54839
2012-08-23,0.99111,0.99486,0.98851,0.99343,57755
2012-08-24,0.99343,0.99476,0.99047,0.99232,54279
2012-08-26,0.99226,0.99226,0.9889,0.99208,0
2012-08-27,0.99232,0.99253,0.98902,0.99045,40977
2012-08-28,0.99045,0.99177,0.98425,0.98798,53138
2012-08-29,0.98798,0.98997,0.98662,0.98913,48871
2012-08-30,0.98913,0.99318,0.98881,0.99208,51835
2012-08-31,0.99208,0.99308,0.98517,0.98525,70961
2012-09-02,0.9861,0.98771,0.985,0.986,0
2012-09-03,0.98525,0.9878,0.98495,0.98495,32952
2012-09-04,0.98495,0.98749,0.98428,0.98518,52280
2012-09-05,0.98518,0.99185,0.98518,0.99032,62953
2012-09-06,0.99032,0.99144,0.98089,0.9825,75538
2012-09-07,0.9825,0.98347,0.97654,0.97836,63474
2012-09-09,0.9782,0.97874,0.9753,0.9783,0
2012-09-10,0.97836,0.97889,0.97547,0.97751,36351
2012-09-11,0.97751,0.97769,0.97134,0.97298,46755
2012-09-12,0.97298,0.97684,0.97151,0.97609,62828
2012-09-13,0.97609,0.97744,0.96651,0.96838,62032
2012-09-14,0.96838,0.97217,0.96334,0.97182,57893
2012-09-16,0.9716,0.9736,0.9692,0.97159,0
2012-09-17,0.97182,0.97603,0.96932,0.97466,43198
2012-09-18,0.97466,0.97657,0.97309,0.97429,51915
2012-09-19,0.97429,0.97641,0.97256,0.9747,53175
2012-09-20,0.9747,0.98165,0.97417,0.97677,51467
2012-09-21,0.97677,0.97798,0.97315,0.97651,51531
2012-09-23,0.9776,0.9815,0.97749,0.9776,0
2012-09-24,0.97651,0.98182,0.97522,0.9786,39040
2012-09-25,0.9786,0.98117,0.97562,0.98051,56959
2012-09-26,0.98051,0.98601,0.98005,0.98553,56967
2012-09-27,0.98553,0.98558,0.97915,0.98065,59802
2012-09-28,0.98065,0.98518,0.97813,0.98331,64916
2012-09-30,0.9844,0.98531,0.97959,0.9842,0
2012-10-01,0.98331,0.98546,0.97979,0.98246,53248
2012-10-02,0.98246,0.98433,0.98117,0.98419,49323
2012-10-03,0.98419,0.98844,0.98377,0.98753,55975
2012-10-04,0.98753,0.9878,0.98002,0.98035,56924
2012-10-05,0.98035,0.9812,0.97352,0.97868,51001
2012-10-07,0.97737,0.9799,0.97499,0.97724,0
2012-10-08,0.97868,0.98006,0.97514,0.97691,45862
2012-10-09,0.97691,0.98076,0.97446,0.97814,55793
2012-10-10,0.97814,0.98167,0.97685,0.98158,55176
2012-10-11,0.98158,0.9835,0.97634,0.97868,50859
2012-10-12,0.97868,0.98087,0.97681,0.97966,49908
2012-10-14,0.98047,0.981,0.97655,0.98044,0
2012-10-15,0.97966,0.98112,0.97692,0.98059,46370
2012-10-16,0.98059,0.9879,0.97999,0.9865,53151
2012-10-17,0.9865,0.9871,0.97724,0.97799,46043
2012-10-18,0.97799,0.98594,0.97641,0.98519,48741
2012-10-19,0.98519,0.99404,0.98446,0.99326,46653
2012-10-21,0.9942,0.9962,0.9913,0.99421,0
2012-10-22,0.99326,0.99643,0.99167,0.99228,46047
2012-10-23,0.99228,0.9976,0.99007,0.99239,48371
2012-10-24,0.99239,0.99585,0.98888,0.99359,50037
2012-10-25,0.99359,0.99553,0.99028,0.99477,47948
2012-10-26,0.99477,0.9994,0.9942,0.99707,51705
2012-10-29,0.99707,1.00112,0.99707,1.00105,33831
2012-10-30,1.00105,1.00192,0.99838,0.99938,23698
2012-10-31,0.99938,1.00144,0.99603,0.99968,48332
2012-11-01,0.99968,1.00133,0.99601,0.99653,42056
2012-11-02,0.99653,0.99849,0.99216,0.99562,59720
2012-11-05,0.99562,0.99774,0.99407,0.99631,47256
2012-11-06,0.99631,0.99675,0.99112,0.99199,49985
2012-11-07,0.99199,0.99832,0.98746,0.99655,82175
2012-11-08,0.99655,1.0004,0.99476,1.00024,66143
2012-11-09,1.00024,1.00335,0.99829,1.00158,45172
2012-11-12,1.00158,1.00158,0.99851,0.99986,29715
2012-11-13,0.99986,1.00355,0.99914,1.00221,36039
2012-11-14,1.00221,1.00408,0.99984,1.00365,34252
2012-11-15,1.00365,1.00417,1.0005,1.00086,34592
2012-11-16,1.00086,1.0057,0.99969,1.00103,38412
2012-11-19,1.00103,1.00177,0.99545,0.99616,31888
2012-11-20,0.99616,0.99912,0.99558,0.9969,35908
2012-11-21,0.9969,0.99922,0.99577,0.99638,36185
2012-11-22,0.99638,0.99824,0.99528,0.99697,22805
2012-11-23,0.99697,0.99818,0.99153,0.99257,29885
2012-11-26,0.99257,0.99603,0.99175,0.99339,32914
2012-11-27,0.99339,0.99482,0.9906,0.99429,36595
2012-11-28,0.99429,0.99611,0.99183,0.99211,40447
2012-11-29,0.99211,0.9939,0.99121,0.99259,38002
2012-11-30,0.99259,0.99518,0.99176,0.99418,37529
2012-12-03,0.99418,0.99527,0.99151,0.99505,34111
2012-12-04,0.99505,0.99544,0.99152,0.99291,36320
2012-12-05,0.99291,0.99415,0.99081,0.99189,38641
2012-12-06,0.99189,0.99269,0.98923,0.99125,37911
2012-12-07,0.99125,0.99339,0.98764,0.98891,37463
2012-12-10,0.98891,0.98891,0.98637,0.98648,32214
2012-12-11,0.98648,0.98804,0.98575,0.98613,32047
2012-12-12,0.98613,0.98659,0.98262,0.9845,34355
2012-12-13,0.9845,0.98558,0.9825,0.98478,31872
2012-12-14,0.98478,0.98662,0.98324,0.98584,31566
2012-12-17,0.98584,0.98815,0.98335,0.98363,30235
2012-12-18,0.98363,0.98588,0.98287,0.98569,27445
2012-12-19,0.98569,0.98873,0.98496,0.98869,31787
2012-12-20,0.98869,0.98965,0.98695,0.98758,33653
2012-12-21,0.98758,0.9953,0.98726,0.9934,38785
2012-12-24,0.9934,0.99453,0.99116,0.99131,17051
2012-12-25,0.9926,0.993,0.9908,0.9926,0
2012-12-26,0.99131,0.99509,0.99126,0.99418,14787
2012-12-27,0.99418,0.99591,0.99084,0.99512,30638
2012-12-28,0.99512,0.99701,0.99389,0.99681,28970
2012-12-31,0.99681,0.9971,0.99319,0.99479,21922
2013-01-01,0.9939,0.9947,0.992,0.992,0
2013-01-02,0.99479,0.99479,0.98365,0.98524,29783
2013-01-03,0.98524,0.9884,0.98431,0.98768,33153
2013-01-04,0.98768,0.99233,0.98482,0.98746,36691
2013-01-07,0.98746,0.98848,0.98537,0.98595,27923
2013-01-08,0.98595,0.98827,0.98433,0.98653,32198
2013-01-09,0.98653,0.98807,0.98553,0.98759,29857
2013-01-10,0.98759,0.98804,0.98339,0.98339,36440
2013-01-11,0.98339,0.9854,0.98155,0.98491,36601
2013-01-14,0.98491,0.98662,0.98319,0.98374,31386
2013-01-15,0.98374,0.98669,0.98315,0.98421,34076
2013-01-16,0.98421,0.98774,0.98378,0.98583,31782
2013-01-17,0.98583,0.98859,0.98434,0.98568,33052
2013-01-18,0.98568,0.99466,0.9852,0.99183,38317
2013-01-21,0.99183,0.99394,0.99098,0.99285,22189
2013-01-22,0.99285,0.99458,0.99093,0.99193,33463
2013-01-23,0.99193,1.00043,0.99038,0.99908,34235
2013-01-24,0.99908,1.00362,0.99888,1.0024,34253
2013-01-25,1.0024,1.01001,1.00193,1.00598,33168
2013-01-28,1.00598,1.01003,1.00572,1.00615,23293
2013-01-29,1.00615,1.00664,1.00076,1.00085,26667
2013-01-30,1.00085,1.00532,1.00072,1.00137,30574
2013-01-31,1.00137,1.00347,0.99577,0.99735,29299
2013-02-01,0.99735,1.00044,0.99627,0.99651,31561
2013-02-04,0.99672,0.99931,0.99481,0.99868,28434
2013-02-05,0.99868,0.99948,0.99545,0.99553,31591
2013-02-06,0.99553,0.99889,0.99486,0.99544,30896
2013-02-07,0.99544,0.99946,0.99329,0.99772,30467
2013-02-08,0.99772,1.00354,0.99706,1.00261,32337
2013-02-11,1.00245,1.00839,1.00238,1.00464,26207
2013-02-12,1.00464,1.00873,1.00207,1.00216,27724
2013-02-13,1.00216,1.00441,1.00124,1.00158,23064
2013-02-14,1.00158,1.00242,0.99996,1.001,25952
2013-02-15,1.001,1.00823,1.00023,1.00616,29313
2013-02-18,1.00711,1.01209,1.00577,1.01058,20539
2013-02-19,1.01058,1.01376,1.01018,1.01154,25396
2013-02-20,1.01154,1.01854,1.011,1.01658,35252
2013-02-21,1.01658,1.02075,1.0163,1.01847,35520
2013-02-22,1.01847,1.02563,1.01592,1.02019,36302
2013-02-25,1.022,1.02774,1.02133,1.02603,41172
2013-02-26,1.02603,1.03033,1.02412,1.02598,40335
2013-02-27,1.02598,1.02772,1.0228,1.02315,35106
2013-02-28,1.02315,1.03134,1.02168,1.03058,36298
2013-03-01,1.03058,1.03421,1.02624,1.02686,38603
2013-03-04,1.02727,1.03096,1.02658,1.02718,31946
2013-03-05,1.02718,1.02941,1.02562,1.02693,32582
2013-03-06,1.02693,1.0337,1.02549,1.03178,33293
2013-03-07,1.03178,1.03298,1.02851,1.02933,31355
2013-03-08,1.02933,1.03149,1.02336,1.02845,36186
2013-03-11,1.02875,1.02946,1.02548,1.02582,24025
2013-03-12,1.02582,1.02836,1.02489,1.02554,26866
2013-03-13,1.02554,1.02953,1.02463,1.02779,28265
2013-03-14,1.02779,1.02834,1.02117,1.02207,33200
2013-03-15,1.02207,1.02313,1.01805,1.01942,31013
2013-03-18,1.02151,1.02503,1.0204,1.02198,30683
2013-03-19,1.02198,1.02842,1.0209,1.02684,30680
2013-03-20,1.02684,1.02788,1.02384,1.02597,29220
2013-03-21,1.02597,1.02648,1.01989,1.02479,28949
2013-03-22,1.02479,1.02643,1.02203,1.02285,26633
2013-03-25,1.0228,1.02357,1.01879,1.02135,33175
2013-03-26,1.02135,1.02203,1.01596,1.01605,27723
2013-03-27,1.01605,1.01954,1.01501,1.0162,25951
2013-03-28,1.0162,1.0174,1.01449,1.01603,26587
2013-03-29,1.01603,1.01803,1.01557,1.01753,14862
2013-03-31,1.01707,1.01825,1.0154,1.01705,0
2013-04-01,1.01736,1.01828,1.01605,1.01673,14235
2013-04-02,1.01673,1.01683,1.01252,1.01463,24411
2013-04-03,1.01463,1.01553,1.01251,1.01454,23545
2013-04-04,1.01454,1.01668,1.01044,1.01279,34441
2013-04-05,1.01279,1.02359,1.01227,1.0173,34788
2013-04-07,1.0169,1.02116,1.01362,1.01692,0
2013-04-08,1.01803,1.02143,1.01561,1.01677,25426
2013-04-09,1.01677,1.01756,1.01344,1.01631,28977
2013-04-10,1.01631,1.01678,1.01395,1.01427,22847
2013-04-11,1.01427,1.01565,1.00833,1.01024,27074
2013-04-12,1.01024,1.01454,1.00942,1.01322,27880
2013-04-14,1.01471,1.0224,1.01328,1.01476,0
2013-04-15,1.01419,1.02589,1.01335,1.02519,47891
2013-04-16,1.02519,1.02575,1.02035,1.02118,42632
2013-04-17,1.02118,1.0294,1.02075,1.02648,44268
2013-04-18,1.02648,1.02771,1.02304,1.02585,39534
2013-04-19,1.02585,1.02695,1.02322,1.02661,32557
2013-04-21,1.0256,1.02846,1.0246,1.0256,0
2013-04-22,1.02541,1.02856,1.02479,1.02578,31348
2013-04-23,1.02578,1.02851,1.02508,1.02586,35064
2013-04-24,1.02586,1.02783,1.02467,1.02544,29708
2013-04-25,1.02544,1.02613,1.01854,1.02001,30879
2013-04-26,1.02001,1.02144,1.01577,1.01709,30023
2013-04-28,1.01634,1.0167,1.0131,1.01637,0
2013-04-29,1.01646,1.017,1.0108,1.01143,24525
2013-04-30,1.01143,1.01234,1.00535,1.00715,29335
2013-05-01,1.00715,1.00999,1.00513,1.00823,27617
2013-05-02,1.00823,1.01096,1.00594,1.01039,33384
2013-05-03,1.01039,1.01323,1.00764,1.00801,32731
2013-05-05,1.00828,1.00941,1.0067,1.00817,0
2013-05-06,1.00751,1.0096,1.00646,1.00684,20222
2013-05-07,1.00684,1.0083,1.00366,1.00426,26418
2013-05-08,1.00426,1.00587,1.00178,1.00323,25729
2013-05-09,1.00323,1.00896,1.00137,1.00669,34861
2013-05-10,1.00669,1.01525,1.00605,1.01055,46492
2013-05-12,1.01207,1.01313,1.00828,1.0121,0
2013-05-13,1.01144,1.01331,1.00822,1.01061,51201
2013-05-14,1.01061,1.01822,1.00897,1.01799,62834
2013-05-15,1.01799,1.02192,1.0157,1.01576,59321
2013-05-16,1.01576,1.02073,1.01489,1.01938,67848
2013-05-17,1.01938,1.0313,1.01799,1.0277,76835
2013-05-19,1.0283,1.02953,1.0268,1.0281,0
2013-05-20,1.02839,1.02959,1.02171,1.02417,38691
2013-05-21,1.02417,1.03214,1.02353,1.02685,43110
2013-05-22,1.02685,1.03879,1.02507,1.03677,64778
2013-05-23,1.03677,1.03934,1.0286,1.03015,59320
2013-05-24,1.03015,1.03556,1.02986,1.03154,41243
2013-05-26,1.0318,1.03317,1.0312,1.03187,0
2013-05-27,1.03013,1.03443,1.03013,1.03369,18385
2013-05-28,1.03369,1.04084,1.03245,1.03967,39598
2013-05-29,1.03967,1.0421,1.03458,1.03485,48689
2013-05-30,1.03485,1.03882,1.02961,1.02962,47658
2013-05-31,1.02962,1.03814,1.02935,1.03654,53281
2013-06-02,1.0358,1.03732,1.02874,1.0357,0
2013-06-03,1.03726,1.03749,1.02616,1.02784,48919
2013-06-04,1.02784,1.03614,1.02725,1.03396,47353
2013-06-05,1.03396,1.03802,1.03273,1.03426,49180
2013-06-06,1.03426,1.03672,1.01975,1.02617,64095
2013-06-07,1.02617,1.0288,1.01666,1.01899,62693
2013-06-09,1.0215,1.02175,1.01685,1.02147,0
2013-06-10,1.02121,1.02233,1.01681,1.01925,42394
2013-06-11,1.01925,1.02514,1.01752,1.01888,53363
2013-06-12,1.01888,1.02173,1.01554,1.02097,47817
2013-06-13,1.02097,1.02264,1.01474,1.01556,52159
2013-06-14,1.01556,1.0187,1.01372,1.01736,44012
2013-06-16,1.0165,1.01818,1.0143,1.01648,0
2013-06-17,1.01735,1.02053,1.01498,1.01799,31975
2013-06-18,1.01799,1.02169,1.01769,1.02136,33984
2013-06-19,1.02136,1.02865,1.01726,1.02724,54477
2013-06-20,1.02724,1.0394,1.02669,1.03845,72153
2013-06-21,1.03845,1.04886,1.03628,1.04561,62021
2013-06-23,1.04794,1.0554,1.0476,1.048,0
2013-06-24,1.04765,1.05562,1.04703,1.05001,66637
2013-06-25,1.05001,1.05476,1.04578,1.05142,63253
2013-06-26,1.05142,1.05279,1.04577,1.04674,54065
2013-06-27,1.04674,1.05044,1.04242,1.04764,51623
2013-06-28,1.04764,1.05534,1.0454,1.05135,59620
2013-06-30,1.0514,1.05322,1.04893,1.05132,0
2013-07-01,1.05242,1.0534,1.04872,1.04962,40186
2013-07-02,1.04962,1.05779,1.04919,1.05428,50988
2013-07-03,1.05428,1.05648,1.05028,1.0503,48160
2013-07-04,1.0503,1.05575,1.04717,1.05133,42613
2013-07-05,1.05133,1.06093,1.05112,1.05709,53721
2013-07-07,1.0573,1.06061,1.0545,1.05727,0
2013-07-08,1.05781,1.05855,1.05465,1.05584,33372
2013-07-09,1.05584,1.05747,1.05136,1.05278,41596
2013-07-10,1.05278,1.05403,1.04472,1.04623,50755
2013-07-11,1.04623,1.0472,1.0326,1.03649,72329
2013-07-12,1.03649,1.04043,1.03583,1.03963,44661
2013-07-14,1.03941,1.0432,1.0379,1.0392,0
2013-07-15,1.03839,1.04334,1.03799,1.04263,35714
2013-07-16,1.04263,1.04422,1.03636,1.03656,44240
2013-07-17,1.03656,1.04391,1.03557,1.04049,49278
2013-07-18,1.04049,1.04393,1.03751,1.03761,40231
2013-07-19,1.03761,1.03933,1.03556,1.03633,41032
2013-07-21,1.03537,1.03623,1.0331,1.0353,0
2013-07-22,1.03581,1.03705,1.03214,1.03321,36119
2013-07-23,1.03321,1.03492,1.02775,1.02865,38595
2013-07-24,1.02865,1.03249,1.02626,1.0312,46937
2013-07-25,1.0312,1.03196,1.02552,1.02792,43863
2013-07-26,1.02792,1.03029,1.0262,1.02738,35869
2013-07-28,1.02676,1.028,1.0259,1.02703,0
2013-07-29,1.0279,1.02849,1.02618,1.02756,21783
2013-07-30,1.02645,1.03106,1.02584,1.03023,38526
2013-07-31,1.03023,1.03365,1.02455,1.02765,56367
2013-08-01,1.02765,1.03511,1.0265,1.03454,48161
2013-08-02,1.03454,1.04026,1.0338,1.03862,48469
2013-08-04,1.03878,1.04024,1.0377,1.03875,0
2013-08-05,1.0386,1.04036,1.03594,1.03635,33007
2013-08-06,1.03635,1.03906,1.03481,1.03748,34465
2013-08-07,1.03748,1.04454,1.03677,1.04229,42447
2013-08-08,1.04229,1.04307,1.03034,1.03271,42015
2013-08-09,1.03271,1.03529,1.02753,1.0283,40535
2013-08-11,1.0285,1.03161,1.0279,1.0283,0
2013-08-12,1.02931,1.03168,1.02803,1.03049,32692
2013-08-13,1.03049,1.03485,1.03013,1.03434,36594
2013-08-14,1.03434,1.03697,1.03185,1.03402,36105
2013-08-15,1.03402,1.03644,1.03002,1.03069,51152
2013-08-16,1.03069,1.03601,1.02935,1.03386,40063
2013-08-18,1.03336,1.03407,1.03145,1.03319,0
2013-08-19,1.03413,1.03482,1.03161,1.03451,31193
2013-08-20,1.03451,1.04015,1.03217,1.03936,39977
2013-08-21,1.03936,1.04823,1.03877,1.04703,47247
2013-08-22,1.04703,1.05305,1.04692,1.05179,43878
2013-08-23,1.05179,1.05683,1.04958,1.04958,43938
2013-08-25,1.05038,1.0532,1.0498,1.0503,0
2013-08-26,1.05066,1.05335,1.04981,1.05031,23213
2013-08-27,1.05031,1.054,1.04719,1.04735,34960
2013-08-28,1.04735,1.05114,1.04714,1.04874,39850
2013-08-29,1.04874,1.0541,1.04798,1.0536,35327
2013-08-30,1.0536,1.05581,1.05086,1.05326,37475
2013-09-01,1.05355,1.05477,1.0513,1.05357,0
2013-09-02,1.05269,1.05585,1.05165,1.05486,20502
2013-09-03,1.05486,1.05597,1.05092,1.05336,35919
2013-09-04,1.05336,1.05423,1.04756,1.04947,36134
2013-09-05,1.04947,1.05161,1.04761,1.05037,34506
2013-09-06,1.05037,1.05052,1.03813,1.04077,36534
2013-09-08,1.04121,1.0413,1.03628,1.0413,0
2013-09-09,1.04081,1.0419,1.03596,1.03754,24955
2013-09-10,1.03754,1.038,1.03306,1.03478,28520
2013-09-11,1.03478,1.03651,1.03136,1.03184,29646
2013-09-12,1.03184,1.03363,1.03058,1.03232,32947
2013-09-13,1.03232,1.03557,1.03214,1.03512,29583
2013-09-15,1.0311,1.03224,1.0279,1.03099,0
2013-09-16,1.03111,1.03265,1.02825,1.03228,30893
2013-09-17,1.03228,1.03348,1.02743,1.0297,26156
2013-09-18,1.0297,1.03182,1.02013,1.02227,40480
2013-09-19,1.02227,1.02672,1.01824,1.0264,42419
2013-09-20,1.0264,1.03109,1.02624,1.03033,29880
2013-09-22,1.02994,1.03053,1.02749,1.02979,0
2013-09-23,1.03051,1.03097,1.02748,1.02836,26918
2013-09-24,1.02836,1.03108,1.02683,1.03018,25811
2013-09-25,1.03018,1.03193,1.02862,1.03137,27758
2013-09-26,1.03137,1.03404,1.0303,1.03091,25164
2013-09-27,1.03091,1.0332,1.02976,1.03014,24703
2013-09-29,1.03121,1.03163,1.02745,1.0312,0
2013-09-30,1.03175,1.03185,1.02753,1.03085,30266
2013-10-01,1.03085,1.03367,1.02877,1.03249,31164
2013-10-02,1.03249,1.03567,1.03229,1.03362,27245
2013-10-03,1.03362,1.03397,1.03129,1.03326,29330
2013-10-04,1.03326,1.03403,1.02901,1.02945,23107
2013-10-06,1.02983,1.03333,1.0295,1.02988,0
2013-10-07,1.02923,1.03337,1.02896,1.03121,21506
2013-10-08,1.03121,1.03738,1.03075,1.03681,25168
2013-10-09,1.03681,1.04073,1.03532,1.03938,27235
2013-10-10,1.03938,1.04198,1.03719,1.03974,24015
2013-10-11,1.03974,1.04123,1.034,1.03479,26066
2013-10-13,1.03642,1.0369,1.0337,1.03641,0
2013-10-14,1.03704,1.03704,1.03421,1.03528,16626
2013-10-15,1.03528,1.0391,1.03315,1.03803,23787
2013-10-16,1.03803,1.03853,1.03258,1.03269,25452
2013-10-17,1.03269,1.03321,1.02809,1.02932,28460
2013-10-18,1.02932,1.03012,1.02774,1.02849,19794
2013-10-20,1.0294,1.03014,1.0286,1.02946,0
2013-10-21,1.02904,1.03036,1.02894,1.03025,14669
2013-10-22,1.03025,1.031,1.02711,1.02882,22932
2013-10-23,1.02882,1.03972,1.02825,1.03843,32936
2013-10-24,1.03843,1.04382,1.03659,1.0421,26423
2013-10-25,1.0421,1.04607,1.04103,1.04493,22987
2013-10-28,1.04464,1.04516,1.04288,1.04435,17747
2013-10-29,1.04435,1.04712,1.04277,1.04683,23060
2013-10-30,1.04683,1.04987,1.04408,1.04776,26891
2013-10-31,1.04776,1.04901,1.04124,1.04289,27838
2013-11-01,1.04289,1.0454,1.04117,1.04216,24387
2013-11-04,1.04147,1.04282,1.03981,1.04242,18506
2013-11-05,1.04242,1.04622,1.04169,1.0455,23736
2013-11-06,1.0455,1.04592,1.04117,1.04182,21098
2013-11-07,1.04182,1.04632,1.04057,1.04602,33488
2013-11-08,1.04602,1.05035,1.04455,1.04754,31370
2013-11-11,1.04834,1.04861,1.04654,1.04735,16082
2013-11-12,1.04735,1.05085,1.04637,1.04947,24785
2013-11-13,1.04947,1.04965,1.04519,1.04546,22688
2013-11-14,1.04546,1.05259,1.04402,1.04661,31674
2013-11-15,1.04661,1.04847,1.04355,1.04355,21143
2013-11-18,1.04374,1.04426,1.04149,1.04283,20267
2013-11-19,1.04283,1.04852,1.04153,1.04693,23529
2013-11-20,1.04693,1.04739,1.0436,1.04521,31957
2013-11-21,1.04521,1.05266,1.04456,1.05192,31088
2013-11-22,1.05192,1.05693,1.05149,1.05153,28603
2013-11-25,1.0528,1.05831,1.05216,1.05426,24269
2013-11-26,1.05426,1.05584,1.05201,1.05407,28034
2013-11-27,1.05407,1.06027,1.05315,1.0594,27547
2013-11-28,1.0594,1.0598,1.0571,1.05808,16500
2013-11-29,1.05808,1.06284,1.05591,1.06084,28924
2013-12-02,1.06216,1.06541,1.06139,1.06429,56503
2013-12-03,1.06429,1.06725,1.0631,1.06488,56947
2013-12-04,1.06488,1.0707,1.06382,1.06828,81766
2013-12-05,1.06828,1.06994,1.06247,1.06519,77860
2013-12-06,1.06519,1.07084,1.06223,1.06345,79631
2013-12-09,1.06439,1.06702,1.06268,1.06268,48261
2013-12-10,1.06268,1.06457,1.06009,1.06013,51188
2013-12-11,1.06013,1.062,1.05845,1.05894,51880
2013-12-12,1.05894,1.0656,1.05607,1.06397,68822
2013-12-13,1.06397,1.0669,1.05805,1.05805,51973
2013-12-16,1.05884,1.05955,1.05725,1.05952,41163
2013-12-17,1.05952,1.06177,1.05761,1.06068,46907
2013-12-18,1.06068,1.07036,1.06014,1.07003,90646
2013-12-19,1.07003,1.07279,1.06606,1.06632,61285
2013-12-20,1.06632,1.07374,1.06278,1.06311,59314
2013-12-23,1.0636,1.06529,1.05816,1.06046,40358
2013-12-24,1.06046,1.0635,1.06022,1.06188,26272
2013-12-25,1.06306,1.0632,1.0568,1.06306,0
2013-12-26,1.06188,1.06497,1.0616,1.06464,14140
2013-12-27,1.06464,1.07189,1.06193,1.07018,40985
2013-12-30,1.0701,1.07274,1.06364,1.06467,35624
2013-12-31,1.06467,1.06565,1.06169,1.06354,26205
2014-01-01,1.06193,1.0622,1.0615,1.06193,0
2014-01-02,1.06354,1.0678,1.05884,1.0669,50630
2014-01-03,1.0669,1.06719,1.06023,1.06322,47568
2014-01-06,1.0634,1.06808,1.06086,1.06553,49605
2014-01-07,1.06553,1.07815,1.06477,1.07668,66405
2014-01-08,1.07668,1.08302,1.0761,1.08179,74269
2014-01-09,1.08179,1.08746,1.08169,1.08439,62564
2014-01-10,1.08439,1.09461,1.08371,1.08957,90524
2014-01-13,1.09056,1.09293,1.08426,1.08621,58613
2014-01-14,1.08621,1.09588,1.08587,1.09476,61653
2014-01-15,1.09476,1.09914,1.09203,1.09361,62982
2014-01-16,1.09361,1.09628,1.09051,1.09311,57839
2014-01-17,1.09311,1.09839,1.09261,1.09627,49917
2014-01-20,1.09627,1.09722,1.09295,1.09444,34408
2014-01-21,1.09444,1.10189,1.09392,1.09661,54535
2014-01-22,1.09661,1.10919,1.09535,1.10876,72540
2014-01-23,1.10876,1.11739,1.10821,1.11006,110265
2014-01-24,1.11006,1.11374,1.10508,1.10798,93002
2014-01-27,1.10629,1.11175,1.10318,1.11146,63068
2014-01-28,1.11146,1.11771,1.10783,1.11517,62626
2014-01-29,1.11517,1.1187,1.11024,1.11678,83514
2014-01-30,1.11678,1.12004,1.11508,1.11588,62251
2014-01-31,1.11588,1.12244,1.10877,1.11261,80150
2014-02-03,1.11087,1.11334,1.10413,1.11172,66174
2014-02-04,1.11172,1.11235,1.10483,1.1081,65689
2014-02-05,1.1081,1.11214,1.10368,1.1082,68352
2014-02-06,1.1082,1.11227,1.10506,1.10694,59109
2014-02-07,1.10694,1.1079,1.09676,1.10329,69614
2014-02-10,1.10339,1.10622,1.10186,1.10584,40440
2014-02-11,1.10584,1.10902,1.1003,1.10077,57028
2014-02-12,1.10077,1.1025,1.09763,1.10018,53500
2014-02-13,1.10018,1.10265,1.09544,1.09761,55207
2014-02-14,1.09761,1.09901,1.09404,1.09859,52609
2014-02-17,1.09852,1.09875,1.09529,1.09619,29467
2014-02-18,1.09619,1.09764,1.094,1.09464,51236
2014-02-19,1.09464,1.10865,1.09102,1.10782,71785
2014-02-20,1.10782,1.11126,1.10605,1.10979,69099
2014-02-21,1.10979,1.11945,1.10935,1.1113,81292
2014-02-24,1.11049,1.11427,1.10545,1.10559,53120
2014-02-25,1.10559,1.10962,1.10542,1.10839,47694
2014-02-26,1.10839,1.11445,1.10731,1.11272,62488
2014-02-27,1.11272,1.11596,1.11178,1.11198,62138
2014-02-28,1.11198,1.11462,1.10404,1.1065,74531
2014-03-03,1.10759,1.11105,1.10384,1.10759,60637
2014-03-04,1.10759,1.1118,1.10622,1.10909,53692
2014-03-05,1.10909,1.10997,1.10284,1.10286,59800
2014-03-06,1.10286,1.10461,1.09553,1.09839,66773
2014-03-07,1.09839,1.11007,1.09761,1.1082,61389
2014-03-10,1.10908,1.11309,1.10871,1.11068,46058
2014-03-11,1.11068,1.11308,1.10715,1.11053,46685
2014-03-12,1.11053,1.11538,1.10903,1.11181,56641
2014-03-13,1.11181,1.11226,1.10435,1.10738,68535
2014-03-14,1.10738,1.11107,1.10645,1.10988,59415
2014-03-17,1.11006,1.11079,1.10449,1.10508,49178
2014-03-18,1.10508,1.11465,1.10242,1.11343,68007
2014-03-19,1.11343,1.12714,1.11222,1.12371,96165
2014-03-20,1.12371,1.12785,1.12342,1.12428,61937
2014-03-21,1.12428,1.12626,1.11738,1.12241,67977
2014-03-24,1.12079,1.12464,1.11834,1.11911,54234
2014-03-25,1.11911,1.12106,1.11552,1.11668,56593
2014-03-26,1.11668,1.11704,1.10807,1.11019,64764
2014-03-27,1.11019,1.11065,1.10134,1.10298,76502
2014-03-28,1.10298,1.10778,1.10008,1.10599,58476
2014-03-30,1.10513,1.10665,1.10055,1.105,0
2014-03-31,1.10598,1.10672,1.10019,1.10492,65691
2014-04-01,1.10492,1.10703,1.10125,1.10234,49346
2014-04-02,1.10234,1.10478,1.10046,1.10324,44062
2014-04-03,1.10324,1.10455,1.10061,1.10341,50325
2014-04-04,1.10341,1.10417,1.09569,1.09763,64146
2014-04-06,1.0979,1.10082,1.09651,1.09799,0
2014-04-07,1.0978,1.10096,1.09618,1.09738,47839
2014-04-08,1.09738,1.09777,1.09124,1.09213,64760
2014-04-09,1.09213,1.09423,1.0858,1.08776,63664
2014-04-10,1.08776,1.09358,1.08678,1.09358,57428
2014-04-11,1.09358,1.09843,1.09182,1.09771,57325
2014-04-13,1.09745,1.09904,1.09424,1.09762,0
2014-04-14,1.09765,1.09923,1.09424,1.09608,52006
2014-04-15,1.09608,1.10135,1.09578,1.0977,55955
2014-04-16,1.0977,1.10336,1.09585,1.10094,70578
2014-04-17,1.10094,1.1019,1.09836,1.10021,44827
2014-04-18,1.10021,1.10288,1.09981,1.10188,21321
2014-04-20,1.10215,1.10302,1.10066,1.10208,0
2014-04-21,1.10246,1.1031,1.10069,1.1009,20217
2014-04-22,1.1009,1.10422,1.10006,1.10253,42364
2014-04-23,1.10253,1.10532,1.10175,1.10308,50391
2014-04-24,1.10308,1.10384,1.10153,1.10207,36925
2014-04-25,1.10207,1.10473,1.10142,1.10327,37923
2014-04-27,1.10344,1.10381,1.1015,1.1034,0
2014-04-28,1.10379,1.10398,1.10173,1.10277,37321
2014-04-29,1.10277,1.10297,1.09428,1.09428,60489
2014-04-30,1.09428,1.09799,1.09427,1.09608,61890
2014-05-01,1.09608,1.09955,1.09525,1.09551,46267
2014-05-02,1.09551,1.10065,1.09355,1.09732,62131
2014-05-04,1.09759,1.09874,1.0952,1.0976,0
2014-05-05,1.09778,1.0989,1.09488,1.09517,38597
2014-05-06,1.09517,1.09609,1.08741,1.08936,54545
2014-05-07,1.08936,1.09076,1.08759,1.08987,47072
2014-05-08,1.08987,1.09039,1.08143,1.08287,57238
2014-05-09,1.08287,1.09161,1.08167,1.08977,64553
2014-05-11,1.08987,1.09026,1.0869,1.0898,0
2014-05-12,1.08985,1.0904,1.08747,1.0894,38275
2014-05-13,1.0894,1.09264,1.08872,1.09037,52829
2014-05-14,1.09037,1.09217,1.08698,1.08879,51433
2014-05-15,1.08879,1.08912,1.0852,1.08827,59890
2014-05-16,1.08827,1.08885,1.08558,1.08565,49978
2014-05-18,1.08646,1.08754,1.0848,1.08639,0
2014-05-19,1.08614,1.08756,1.08502,1.08727,47702
2014-05-20,1.08727,1.09168,1.08713,1.0907,48492
2014-05-21,1.0907,1.0942,1.08935,1.09117,55359
2014-05-22,1.09117,1.09307,1.08844,1.089,46748
2014-05-23,1.089,1.09092,1.08627,1.08651,39556
2014-05-25,1.08699,1.08716,1.0852,1.0869,0
2014-05-26,1.08699,1.08727,1.08532,1.08571,16335
2014-05-27,1.08571,1.08747,1.08358,1.08569,42562
2014-05-28,1.08569,1.08864,1.08435,1.08741,45351
2014-05-29,1.08741,1.08778,1.08253,1.08365,47256
2014-05-30,1.08365,1.08698,1.08225,1.08407,48694
2014-06-01,1.0842,1.09031,1.0842,1.0843,0
2014-06-02,1.08382,1.09117,1.08368,1.08985,44880
2014-06-03,1.08985,1.0922,1.08907,1.09075,48957
2014-06-04,1.09075,1.09552,1.09058,1.0937,65460
2014-06-05,1.0937,1.09605,1.09166,1.0923,76203
2014-06-06,1.0923,1.0948,1.0902,1.09261,68229
2014-06-08,1.0935,1.09368,1.0901,1.09253,0
2014-06-09,1.09232,1.0941,1.09008,1.09033,50573
2014-06-10,1.09033,1.09213,1.08907,1.09032,55154
2014-06-11,1.09032,1.09072,1.08615,1.08664,57240
2014-06-12,1.08664,1.087,1.08418,1.08553,56544
2014-06-13,1.08553,1.08703,1.08478,1.08505,53403
2014-06-15,1.0857,1.08804,1.0835,1.0856,0
2014-06-16,1.08475,1.08819,1.08356,1.08432,61122
2014-06-17,1.08432,1.08749,1.08404,1.08609,51730
2014-06-18,1.08609,1.08989,1.08342,1.08345,65591
2014-06-19,1.08345,1.08426,1.08101,1.0817,55662
2014-06-20,1.0817,1.0826,1.07517,1.07529,62410
2014-06-22,1.07522,1.07528,1.07168,1.0752,0
2014-06-23,1.07606,1.07606,1.07168,1.07303,56035
2014-06-24,1.07303,1.07455,1.07157,1.07435,44204
2014-06-25,1.07435,1.07518,1.07173,1.07184,42432
2014-06-26,1.07184,1.07249,1.06831,1.06879,43384
2014-06-27,1.06879,1.06965,1.06599,1.06617,41143
2014-06-29,1.0665,1.06946,1.06513,1.06655,0
2014-06-30,1.06627,1.06966,1.06465,1.06689,43913
2014-07-01,1.06689,1.06777,1.06303,1.0631,47984
2014-07-02,1.0631,1.06705,1.06267,1.06642,59431
2014-07-03,1.06642,1.06804,1.06205,1.06327,84717
2014-07-04,1.06327,1.0659,1.06304,1.0651,56263
2014-07-06,1.0652,1.0676,1.063,1.065,0
2014-07-07,1.0646,1.06832,1.06313,1.06832,62905
2014-07-08,1.06832,1.06939,1.06621,1.0677,60241
2014-07-09,1.0677,1.06836,1.0641,1.06501,71648
2014-07-10,1.06501,1.06759,1.06446,1.0649,70051
2014-07-11,1.0649,1.07371,1.06305,1.07298,86097
2014-07-13,1.0727,1.07464,1.0702,1.07273,0
2014-07-14,1.07328,1.07473,1.07097,1.07112,69060
2014-07-15,1.07112,1.07694,1.07092,1.07585,84324
2014-07-16,1.07585,1.07942,1.07232,1.07398,97074
2014-07-17,1.07398,1.07629,1.0728,1.07607,77835
2014-07-18,1.07607,1.07662,1.07084,1.07292,90105
2014-07-20,1.0738,1.07512,1.0727,1.07393,0
2014-07-21,1.07296,1.07522,1.0726,1.07376,55868
2014-07-22,1.07376,1.07595,1.07306,1.07367,44139
2014-07-23,1.07367,1.07457,1.07101,1.07274,47241
2014-07-24,1.07274,1.07517,1.07179,1.07436,43924
2014-07-25,1.07436,1.08214,1.07381,1.08123,73293
2014-07-27,1.0811,1.08172,1.0797,1.08105,0
2014-07-28,1.08164,1.08184,1.07964,1.07974,63185
2014-07-29,1.07974,1.0866,1.07958,1.08507,82110
2014-07-30,1.08507,1.09167,1.08488,1.09017,106241
2014-07-31,1.09017,1.09296,1.08766,1.09049,92191
2014-08-01,1.09049,1.09442,1.08847,1.09119,113205
2014-08-03,1.09226,1.09327,1.0912,1.09216,0
2014-08-04,1.09136,1.09338,1.09047,1.09047,60115
2014-08-05,1.09047,1.0977,1.09042,1.09605,73009
2014-08-06,1.09605,1.0986,1.09123,1.09153,52311
2014-08-07,1.09153,1.09384,1.09034,1.0925,54996
2014-08-08,1.0925,1.0984,1.09096,1.09719,65222
2014-08-10,1.09707,1.0976,1.0933,1.0968,0
2014-08-11,1.09703,1.09772,1.09185,1.09201,40399
2014-08-12,1.09201,1.0953,1.09135,1.09223,46968
2014-08-13,1.09223,1.09403,1.09066,1.09136,49801
2014-08-14,1.09136,1.09211,1.0887,1.09013,42869
2014-08-15,1.09013,1.09189,1.08596,1.08929,58388
2014-08-17,1.0892,1.0899,1.0871,1.08923,0
2014-08-18,1.0881,1.08992,1.08753,1.08858,34038
2014-08-19,1.08858,1.09494,1.08854,1.09411,47668
2014-08-20,1.09411,1.0974,1.09321,1.09683,58577
2014-08-21,1.09683,1.09863,1.09399,1.09399,46127
2014-08-22,1.09399,1.09801,1.09279,1.09369,59654
2014-08-24,1.0968,1.09794,1.0939,1.09689,0
2014-08-25,1.09602,1.09861,1.09428,1.09827,48182
2014-08-26,1.09827,1.09977,1.09411,1.09496,49240
2014-08-27,1.09496,1.09557,1.08283,1.08637,72746
2014-08-28,1.08637,1.0869,1.08365,1.0861,56649
2014-08-29,1.0861,1.08786,1.08107,1.08741,54686
2014-08-31,1.08762,1.08773,1.0853,1.08761,0
2014-09-01,1.08698,1.08783,1.08563,1.08699,31541
2014-09-02,1.08699,1.09354,1.08666,1.09264,56159
2014-09-03,1.09264,1.09428,1.0871,1.08871,65220
2014-09-04,1.08871,1.09095,1.08207,1.08736,74185
2014-09-05,1.08736,1.09029,1.08399,1.08781,67633
2014-09-07,1.08846,1.09357,1.0882,1.08855,0
2014-09-08,1.08784,1.0983,1.08747,1.09721,65280
2014-09-09,1.09721,1.10317,1.09643,1.09835,98678
2014-09-10,1.09835,1.1014,1.09337,1.09363,88583
2014-09-11,1.09363,1.1059,1.09342,1.10339,95779
2014-09-12,1.10339,1.10977,1.10286,1.10861,87360
2014-09-14,1.1087,1.10984,1.10505,1.10872,0
2014-09-15,1.10797,1.1099,1.10354,1.10532,73443
2014-09-16,1.10532,1.10716,1.09658,1.09669,97098
2014-09-17,1.09669,1.10204,1.09265,1.09936,112279
2014-09-18,1.09936,1.10235,1.09286,1.09336,85152
2014-09-19,1.09336,1.09798,1.08868,1.09551,98211
2014-09-21,1.09453,1.10207,1.0926,1.09455,0
2014-09-22,1.09655,1.10432,1.09263,1.10428,72044
2014-09-23,1.10428,1.10836,1.09862,1.10773,94909
2014-09-24,1.10773,1.11222,1.10531,1.10566,90242
2014-09-25,1.10566,1.11274,1.10556,1.11087,110732
2014-09-26,1.11087,1.11689,1.10923,1.11555,87900
2014-09-28,1.11649,1.11776,1.11314,1.1164,0
2014-09-29,1.11518,1.11785,1.11312,1.11633,94387
2014-09-30,1.11633,1.12195,1.11349,1.11952,102461
2014-10-01,1.11952,1.12232,1.11602,1.11628,95508
2014-10-02,1.11628,1.11781,1.10714,1.11558,133080
2014-10-03,1.11558,1.12707,1.11531,1.12425,95826
2014-10-05,1.12593,1.126,1.11726,1.12597,0
2014-10-06,1.12483,1.12652,1.11113,1.11319,82982
2014-10-07,1.11319,1.1196,1.11234,1.11729,105661
2014-10-08,1.11729,1.12102,1.10927,1.1107,118379
2014-10-09,1.1107,1.11888,1.10817,1.11852,125082
2014-10-10,1.11852,1.12221,1.11584,1.11896,155309
2014-10-12,1.1186,1.1218,1.11806,1.11875,0
2014-10-13,1.11733,1.12196,1.11709,1.11973,95877
2014-10-14,1.11973,1.13133,1.11896,1.12955,106550
2014-10-15,1.12955,1.13853,1.12265,1.1253,206380
2014-10-16,1.1253,1.13611,1.12266,1.12581,220849
2014-10-17,1.12581,1.1283,1.12106,1.12749,110340
2014-10-19,1.1289,1.1289,1.1247,1.1288,0
2014-10-20,1.12823,1.12932,1.12507,1.12827,89415
2014-10-21,1.12827,1.12963,1.12026,1.12198,98336
2014-10-22,1.12198,1.12929,1.1184,1.12317,116658
2014-10-23,1.12317,1.1264,1.12074,1.12287,96946
2014-10-24,1.12287,1.12432,1.11947,1.12358,76875
2014-10-27,1.12274,1.12553,1.12127,1.12461,69068
2014-10-28,1.12461,1.12532,1.11653,1.11657,96564
2014-10-29,1.11657,1.12249,1.11221,1.11823,118298
2014-10-30,1.11823,1.12231,1.11652,1.11812,105044
2014-10-31,1.11812,1.13325,1.11786,1.12671,147505
2014-11-03,1.12786,1.13773,1.12634,1.13577,128312
2014-11-04,1.13577,1.14272,1.13397,1.14094,122701
2014-11-05,1.14094,1.14665,1.13709,1.13852,141551
2014-11-06,1.13852,1.14436,1.13786,1.14224,158141
2014-11-07,1.14224,1.14486,1.1312,1.13297,158198
2014-11-10,1.13213,1.13848,1.13001,1.138,96071
2014-11-11,1.138,1.14017,1.13178,1.13328,92393
2014-11-12,1.13328,1.13592,1.12811,1.13172,117487
2014-11-13,1.13172,1.13916,1.1299,1.13661,113864
2014-11-14,1.13661,1.13933,1.12642,1.12893,144784
2014-11-17,1.12788,1.13279,1.12684,1.13052,107245
2014-11-18,1.13052,1.13239,1.12601,1.12938,103964
2014-11-19,1.12938,1.13593,1.12931,1.13397,150472
2014-11-20,1.13397,1.13691,1.12926,1.13034,156501
2014-11-21,1.13034,1.13261,1.11906,1.1232,153988
2014-11-24,1.12322,1.13123,1.12247,1.12781,103584
2014-11-25,1.12781,1.13167,1.12322,1.12542,144467
2014-11-26,1.12542,1.1297,1.1228,1.12426,118532
2014-11-27,1.12426,1.13545,1.12351,1.13289,112650
2014-11-28,1.13289,1.14441,1.13253,1.14129,151743
2014-12-01,1.14277,1.14591,1.1313,1.1327,160196
2014-12-02,1.1327,1.14242,1.13183,1.1406,138618
2014-12-03,1.1406,1.14182,1.13468,1.13627,144044
2014-12-04,1.13627,1.13969,1.13401,1.13799,156550
2014-12-05,1.13799,1.1476,1.13798,1.14286,156828
2014-12-08,1.14376,1.14855,1.14267,1.14777,147806
2014-12-09,1.14777,1.15009,1.13969,1.14446,198614
2014-12-10,1.14446,1.15022,1.14357,1.14806,182494
2014-12-11,1.14806,1.15502,1.14484,1.15201,214865
2014-12-12,1.15201,1.15912,1.15158,1.15746,190044
2014-12-15,1.15901,1.16734,1.15482,1.16668,178482
2014-12-16,1.16668,1.16693,1.16067,1.16235,206414
2014-12-17,1.16235,1.16716,1.15601,1.16285,217945
2014-12-18,1.16285,1.16477,1.15691,1.15754,175110
2014-12-19,1.15754,1.16332,1.15672,1.15996,151739
2014-12-22,1.15986,1.16458,1.1578,1.16265,113857
2014-12-23,1.16265,1.16669,1.15987,1.16152,137488
2014-12-24,1.16152,1.16412,1.15897,1.16217,84950
2014-12-25,1.16201,1.1627,1.16063,1.16201,0
2014-12-26,1.16217,1.16298,1.16031,1.16231,54655
2014-12-29,1.16133,1.16482,1.16048,1.16348,98365
2014-12-30,1.16348,1.16511,1.15969,1.161,105517
2014-12-31,1.161,1.16176,1.15646,1.16133,89639
2015-01-01,1.16146,1.16146,1.16146,1.16146,0
2015-01-02,1.16133,1.17859,1.16133,1.17806,111873
2015-01-05,1.17797,1.18419,1.17434,1.17615,173162
2015-01-06,1.17615,1.18395,1.17308,1.18353,174521
2015-01-07,1.18353,1.18737,1.18119,1.18135,216915
2015-01-08,1.18135,1.18441,1.17964,1.18282,161890
2015-01-09,1.18282,1.18901,1.18037,1.18561,185495
2015-01-12,1.18611,1.19736,1.1835,1.19732,151283
2015-01-13,1.19732,1.19931,1.1926,1.19529,174543
2015-01-14,1.19529,1.20172,1.19289,1.19502,209178
2015-01-15,1.19502,1.19942,1.18024,1.19557,301387
2015-01-16,1.19557,1.20465,1.19493,1.19806,211380
2015-01-19,1.19785,1.19854,1.19337,1.19367,238274
2015-01-20,1.19367,1.21139,1.19324,1.21127,215253
2015-01-21,1.21127,1.2394,1.2049,1.23352,208265
2015-01-22,1.23352,1.24196,1.23131,1.23787,225522
2015-01-23,1.23787,1.24565,1.23601,1.2413,207091
2015-01-26,1.24325,1.24891,1.2405,1.24698,159793
2015-01-27,1.24698,1.25001,1.23792,1.2398,182113
2015-01-28,1.2398,1.2537,1.23873,1.25349,199721
2015-01-29,1.25349,1.2677,1.25115,1.26156,208603
2015-01-30,1.26156,1.27985,1.26072,1.2717,236160
2015-02-02,1.26925,1.27729,1.25574,1.2563,209976
2015-02-03,1.2563,1.26441,1.23515,1.24142,298184
2015-02-04,1.24142,1.25923,1.23901,1.25733,294774
2015-02-05,1.25733,1.25866,1.23935,1.24319,527570
2015-02-06,1.24319,1.25463,1.23771,1.25051,701834
2015-02-09,1.25316,1.25397,1.24281,1.24656,438162
2015-02-10,1.24656,1.26244,1.2451,1.25868,287408
2015-02-11,1.25868,1.26975,1.25714,1.26297,182010
2015-02-12,1.26297,1.26455,1.24379,1.25075,176102
2015-02-13,1.25075,1.25364,1.24218,1.24433,164956
2015-02-16,1.24405,1.249,1.24205,1.24656,117070
2015-02-17,1.24656,1.2478,1.23624,1.23852,167686
2015-02-18,1.23852,1.24659,1.23805,1.2453,144185
2015-02-19,1.2453,1.2555,1.24367,1.24945,146379
2015-02-20,1.24945,1.25645,1.2422,1.25314,131044
2015-02-23,1.25296,1.26243,1.25222,1.25682,96308
2015-02-24,1.25682,1.2663,1.24784,1.24854,148530
2015-02-25,1.24854,1.24973,1.24003,1.24342,116668
2015-02-26,1.24342,1.25346,1.23873,1.25122,144874
2015-02-27,1.25122,1.253,1.24483,1.24969,115820
2015-03-02,1.25003,1.25651,1.24759,1.25337,85035
2015-03-03,1.25337,1.25432,1.24324,1.24946,108577
2015-03-04,1.24946,1.2542,1.24066,1.24246,125689
2015-03-05,1.24246,1.25185,1.24061,1.24845,110019
2015-03-06,1.24845,1.26267,1.24241,1.26175,133301
2015-03-09,1.26128,1.26266,1.25731,1.25989,75500
2015-03-10,1.25989,1.26897,1.25973,1.26869,140789
2015-03-11,1.26869,1.27985,1.26641,1.27444,151568
2015-03-12,1.27444,1.27683,1.26162,1.26842,138265
2015-03-13,1.26842,1.28234,1.26769,1.27676,143765
2015-03-16,1.27812,1.28186,1.27345,1.27709,109550
2015-03-17,1.27709,1.27972,1.27488,1.27872,92513
2015-03-18,1.27872,1.28348,1.24476,1.25602,176784
2015-03-19,1.25602,1.27581,1.25074,1.27138,170467
2015-03-20,1.27138,1.27228,1.2545,1.25537,153639
2015-03-23,1.25489,1.26153,1.24953,1.25197,169578
2015-03-24,1.25197,1.25461,1.24273,1.24917,181762
2015-03-25,1.24917,1.25402,1.24731,1.25182,158366
2015-03-26,1.25182,1.25327,1.24099,1.24803,184547
2015-03-27,1.24803,1.26207,1.24682,1.26129,146750
2015-03-29,1.2608,1.2703,1.2602,1.2608,0
2015-03-30,1.26011,1.27064,1.25954,1.26729,116866
2015-03-31,1.26729,1.2784,1.26522,1.26835,150670
2015-04-01,1.26835,1.27098,1.2576,1.26202,163789
2015-04-02,1.26202,1.26557,1.25552,1.25566,159992
2015-04-03,1.25566,1.25741,1.2429,1.24849,129540
2015-04-05,1.2476,1.24841,1.24364,1.2475,0
2015-04-06,1.24688,1.25065,1.24371,1.24787,80001
2015-04-07,1.24787,1.25219,1.24541,1.25047,146127
2015-04-08,1.25047,1.25583,1.23874,1.25422,189556
2015-04-09,1.25422,1.26137,1.25085,1.2574,135457
2015-04-10,1.2574,1.26671,1.25661,1.25661,142584
2015-04-12,1.2573,1.26436,1.2563,1.25695,0
2015-04-13,1.25641,1.26458,1.2562,1.25949,152535
2015-04-14,1.25949,1.26029,1.24445,1.24829,161473
2015-04-15,1.24829,1.25703,1.22803,1.22886,223766
2015-04-16,1.22886,1.23276,1.21427,1.21828,206294
2015-04-17,1.21828,1.22712,1.20876,1.22349,188674
2015-04-19,1.221,1.22561,1.2177,1.22107,0
2015-04-20,1.22063,1.22595,1.21796,1.22186,125621
2015-04-21,1.22186,1.23055,1.2214,1.22788,147235
2015-04-22,1.22788,1.22874,1.22109,1.22357,119195
2015-04-23,1.22357,1.22689,1.2121,1.21396,138159
2015-04-24,1.21396,1.21859,1.21029,1.218,156538
2015-04-26,1.217,1.21934,1.20792,1.21694,0
2015-04-27,1.21893,1.21953,1.20799,1.20842,138330
2015-04-28,1.20842,1.21171,1.2015,1.20303,139745
2015-04-29,1.20303,1.20734,1.19446,1.20159,191560
2015-04-30,1.20159,1.21325,1.19969,1.2074,173301
2015-05-01,1.2074,1.22047,1.20629,1.21574,110155
2015-05-03,1.21629,1.21792,1.2091,1.2162,0
2015-05-04,1.21501,1.21814,1.20875,1.20945,86316
2015-05-05,1.20945,1.21315,1.2002,1.20673,129256
2015-05-06,1.20673,1.20875,1.19401,1.20457,154782
2015-05-07,1.20457,1.21632,1.2034,1.21245,129711
2015-05-08,1.21245,1.21455,1.20454,1.20749,153946
2015-05-10,1.20921,1.21435,1.20642,1.20904,0
2015-05-11,1.20743,1.21443,1.2065,1.21006,92904
2015-05-12,1.21006,1.21071,1.19785,1.20172,104018
2015-05-13,1.20172,1.20285,1.19285,1.19564,117285
2015-05-14,1.19564,1.20061,1.19196,1.19818,117734
2015-05-15,1.19818,1.20674,1.19805,1.20096,124965
2015-05-17,1.2015,1.21578,1.20118,1.20118,0
2015-05-18,1.19995,1.21709,1.19994,1.21578,108089
2015-05-19,1.21578,1.22502,1.21296,1.22313,154760
2015-05-20,1.22313,1.22562,1.21671,1.22065,172560
2015-05-21,1.22065,1.22425,1.21713,1.21972,133938
2015-05-22,1.21972,1.23221,1.21726,1.22779,146745
2015-05-24,1.2294,1.2314,1.2274,1.2295,0
2015-05-25,1.2284,1.23184,1.22757,1.23081,46798
2015-05-26,1.23081,1.24476,1.23049,1.24328,165750
2015-05-27,1.24328,1.24923,1.23952,1.24505,167779
2015-05-28,1.24505,1.25384,1.24224,1.24342,195787
2015-05-29,1.24342,1.25273,1.24112,1.24454,177203
2015-05-31,1.24596,1.25609,1.24469,1.24561,0
2015-06-01,1.24369,1.25631,1.24369,1.25201,145301
2015-06-02,1.25201,1.25351,1.23674,1.24003,171967
2015-06-03,1.24003,1.25094,1.23852,1.24492,163187
2015-06-04,1.24492,1.25037,1.24365,1.25007,152413
2015-06-05,1.25007,1.25627,1.24271,1.24332,179230
2015-06-07,1.24617,1.24696,1.2396,1.2457,0
2015-06-08,1.24333,1.24727,1.23831,1.24089,145771
2015-06-09,1.24089,1.24418,1.23071,1.23346,151753
2015-06-10,1.23346,1.23521,1.22019,1.22533,179969
2015-06-11,1.22533,1.23544,1.22526,1.22905,158434
2015-06-12,1.22905,1.23471,1.22774,1.23081,114991
2015-06-14,1.2314,1.23582,1.2312,1.23147,0
2015-06-15,1.23097,1.23606,1.22974,1.23229,120621
2015-06-16,1.23229,1.23464,1.22835,1.22893,108870
2015-06-17,1.22893,1.23528,1.22207,1.22267,149633
2015-06-18,1.22267,1.22505,1.21277,1.22215,169963
2015-06-19,1.22215,1.22955,1.22152,1.22623,126622
2015-06-21,1.2275,1.23009,1.2216,1.2274,0
2015-06-22,1.22529,1.2329,1.22182,1.23081,132723
2015-06-23,1.23081,1.23825,1.23058,1.23251,131580
2015-06-24,1.23251,1.2423,1.22766,1.23814,143007
2015-06-25,1.23814,1.23995,1.23119,1.23239,135860
2015-06-26,1.23239,1.23974,1.23094,1.23158,134101
2015-06-28,1.23515,1.2407,1.2306,1.2351,0
2015-06-29,1.23352,1.24126,1.23039,1.24009,229063
2015-06-30,1.24009,1.25002,1.23624,1.24883,199919
2015-07-01,1.24883,1.25977,1.24752,1.25866,156211
2015-07-02,1.25866,1.26333,1.25377,1.25387,198858
2015-07-03,1.25387,1.26026,1.25379,1.25679,156621
2015-07-05,1.26115,1.26588,1.25647,1.26141,0
2015-07-06,1.25965,1.26638,1.25632,1.26507,214520
2015-07-07,1.26507,1.27797,1.2644,1.27052,243757
2015-07-08,1.27052,1.27679,1.26886,1.27458,262364
2015-07-09,1.27458,1.27462,1.26659,1.27041,236675
2015-07-10,1.27041,1.27533,1.2653,1.26545,259452
2015-07-12,1.26973,1.27882,1.26831,1.2696,0
2015-07-13,1.26994,1.27903,1.268,1.27401,227263
2015-07-14,1.27401,1.2805,1.2717,1.2728,227037
2015-07-15,1.2728,1.29582,1.2723,1.2909,264504
2015-07-16,1.2909,1.29696,1.29051,1.29574,231811
2015-07-17,1.29574,1.30075,1.29477,1.29686,229342
2015-07-19,1.29891,1.30209,1.2951,1.2987,0
2015-07-20,1.29737,1.30243,1.29527,1.2992,248068
2015-07-21,1.2992,1.3013,1.29167,1.29445,287601
2015-07-22,1.29445,1.30527,1.29368,1.30295,256445
2015-07-23,1.30295,1.30477,1.29454,1.3036,271829
2015-07-24,1.3036,1.31029,1.30173,1.30427,253536
2015-07-26,1.304,1.30426,1.298,1.3041,0
2015-07-27,1.30397,1.30548,1.2979,1.30369,262571
2015-07-28,1.30369,1.30429,1.29116,1.29207,266208
2015-07-29,1.29207,1.29672,1.28606,1.29443,312591
2015-07-30,1.29443,1.30445,1.29432,1.29948,284814
2015-07-31,1.29948,1.30931,1.29404,1.30856,375029
2015-08-02,1.3123,1.31739,1.3109,1.3121,0
2015-08-03,1.30893,1.31757,1.30792,1.31547,304810
2015-08-04,1.31547,1.32017,1.31054,1.31914,336518
2015-08-05,1.31914,1.32134,1.31102,1.31772,343385
2015-08-06,1.31772,1.3197,1.30938,1.31081,290466
2015-08-07,1.31081,1.31838,1.30483,1.31342,310078
2015-08-09,1.31491,1.31792,1.3049,1.3145,0
2015-08-10,1.31186,1.31822,1.29911,1.30002,271683
2015-08-11,1.30002,1.31499,1.29951,1.31135,328950
2015-08-12,1.31135,1.31573,1.29519,1.29762,359589
2015-08-13,1.29762,1.30906,1.29592,1.30589,316885
2015-08-14,1.30589,1.30973,1.30162,1.30949,289597
2015-08-16,1.3099,1.31513,1.3087,1.31003,0
2015-08-17,1.30914,1.3152,1.30598,1.30784,260840
2015-08-18,1.30784,1.31264,1.30408,1.30578,267963
2015-08-19,1.30578,1.31776,1.30242,1.31268,294283
2015-08-20,1.31268,1.3176,1.30596,1.30829,293905
2015-08-21,1.30829,1.31939,1.30594,1.31796,324826
2015-08-23,1.322,1.32856,1.31604,1.3219,0
2015-08-24,1.31804,1.32889,1.3135,1.32857,454768
2015-08-25,1.32857,1.3353,1.31437,1.33358,362231
2015-08-26,1.33358,1.33491,1.32507,1.32916,382799
2015-08-27,1.32916,1.33052,1.3179,1.31979,326956
2015-08-28,1.31979,1.33005,1.31666,1.31971,360322
2015-08-30,1.3241,1.33243,1.32104,1.3238,0
2015-08-31,1.32067,1.33268,1.31168,1.31393,323624
2015-09-01,1.31393,1.32591,1.31166,1.32582,392395
2015-09-02,1.32582,1.33243,1.3199,1.32675,414411
2015-09-03,1.32675,1.32896,1.31368,1.31784,364319
2015-09-04,1.31784,1.32894,1.31593,1.32773,317285
2015-09-06,1.328,1.3308,1.3244,1.3276,0
2015-09-07,1.3273,1.33099,1.32449,1.33064,244603
2015-09-08,1.33064,1.33088,1.31852,1.32083,232516
2015-09-09,1.32083,1.32623,1.31546,1.32571,267710
2015-09-10,1.32571,1.32879,1.31761,1.32501,334914
2015-09-11,1.32501,1.33099,1.32153,1.3262,252363
2015-09-13,1.32446,1.32692,1.3224,1.32474,0
2015-09-14,1.3262,1.32804,1.32245,1.32641,248392
2015-09-15,1.32641,1.32728,1.32267,1.32467,242200
2015-09-16,1.32467,1.3257,1.31603,1.31713,203022
2015-09-17,1.31713,1.32054,1.30732,1.31813,250661
2015-09-18,1.31813,1.32294,1.30123,1.32191,263128
2015-09-20,1.3219,1.32557,1.3175,1.3219,0
2015-09-21,1.32283,1.32653,1.31758,1.32531,214271
2015-09-22,1.32531,1.32981,1.32188,1.32708,187058
2015-09-23,1.32708,1.33577,1.32332,1.33202,216386
2015-09-24,1.33202,1.34165,1.32911,1.33006,246334
2015-09-25,1.33006,1.33546,1.32976,1.33259,208612
2015-09-27,1.33321,1.33779,1.3317,1.3334,0
2015-09-28,1.33346,1.33976,1.33172,1.33941,189303
2015-09-29,1.33941,1.34572,1.33718,1.34203,241243
2015-09-30,1.34203,1.34305,1.33063,1.33122,246958
2015-10-01,1.33122,1.33321,1.32184,1.32658,233851
2015-10-02,1.32658,1.32684,1.31497,1.31497,219233
2015-10-04,1.31729,1.31729,1.3064,1.3167,0
2015-10-05,1.31462,1.31751,1.30644,1.30838,366030
2015-10-06,1.30838,1.31341,1.30258,1.30334,333940
2015-10-07,1.30334,1.3072,1.29714,1.30567,358369
2015-10-08,1.30567,1.30741,1.29787,1.30149,347814
2015-10-09,1.30149,1.30211,1.29008,1.29399,309747
2015-10-11,1.2953,1.2971,1.29,1.295,0
2015-10-12,1.29527,1.30111,1.29013,1.29966,265841
2015-10-13,1.29966,1.30802,1.29563,1.30368,307256
2015-10-14,1.30368,1.30393,1.29114,1.29347,329688
2015-10-15,1.29347,1.29485,1.28321,1.28623,268884
2015-10-16,1.28623,1.29393,1.28478,1.29109,206330
2015-10-18,1.29163,1.29978,1.29017,1.29169,0
2015-10-19,1.2901,1.30284,1.29007,1.30182,177588
2015-10-20,1.30182,1.30476,1.29354,1.29786,203284
2015-10-21,1.29786,1.31423,1.29686,1.31379,237029
2015-10-22,1.31379,1.31596,1.30836,1.30879,312820
2015-10-23,1.30879,1.31983,1.30396,1.31626,339891
2015-10-26,1.31564,1.31836,1.3121,1.31517,254390
2015-10-27,1.31517,1.32726,1.31515,1.32674,292861
2015-10-28,1.32674,1.32796,1.30896,1.31893,363999
2015-10-29,1.31893,1.32379,1.31328,1.31708,357678
2015-10-30,1.31708,1.31932,1.30554,1.30716,345658
2015-11-02,1.30741,1.31163,1.30638,1.30935,239708
2015-11-03,1.30935,1.3165,1.30381,1.3059,284204
2015-11-04,1.3059,1.31918,1.30451,1.31488,283800
2015-11-05,1.31488,1.31864,1.31407,1.31689,292326
2015-11-06,1.31689,1.33179,1.31569,1.33001,275418
2015-11-09,1.32984,1.33101,1.32456,1.32858,206043
2015-11-10,1.32858,1.32975,1.32449,1.3273,208460
2015-11-11,1.3273,1.32838,1.32323,1.32577,192646
2015-11-12,1.32577,1.33411,1.32246,1.32897,255296
2015-11-13,1.32897,1.33496,1.3267,1.33205,210544
2015-11-16,1.33021,1.33708,1.329,1.33296,218824
2015-11-17,1.33296,1.33441,1.32972,1.33211,219240
2015-11-18,1.33211,1.33688,1.32982,1.33019,200658
2015-11-19,1.33019,1.33134,1.32465,1.32839,223561
2015-11-20,1.32839,1.33559,1.32699,1.3345,218390
2015-11-23,1.33339,1.34357,1.333,1.33645,241993
2015-11-24,1.33645,1.33774,1.32843,1.33021,230800
2015-11-25,1.33021,1.3339,1.32798,1.32874,247602
2015-11-26,1.32874,1.33244,1.32839,1.32891,186183
2015-11-27,1.32891,1.33753,1.32867,1.33669,180430
2015-11-30,1.33571,1.33929,1.33122,1.33614,249079
2015-12-01,1.33614,1.33969,1.33095,1.33565,298508
2015-12-02,1.33565,1.34077,1.33076,1.33427,320555
2015-12-03,1.33427,1.33999,1.32932,1.33535,418127
2015-12-04,1.33535,1.34163,1.33143,1.33604,388978
2015-12-07,1.33691,1.35238,1.33649,1.34977,292399
2015-12-08,1.34977,1.36225,1.34964,1.35848,365038
2015-12-09,1.35848,1.36198,1.35167,1.35791,359316
2015-12-10,1.35791,1.36397,1.35321,1.36241,298970
2015-12-11,1.36241,1.37577,1.36226,1.37547,269327
2015-12-14,1.37151,1.3781,1.36763,1.37329,506434
2015-12-15,1.37329,1.37662,1.3673,1.37339,391657
2015-12-16,1.37339,1.38477,1.37281,1.37788,331922
2015-12-17,1.37788,1.39868,1.37774,1.39359,300209
2015-12-18,1.39359,1.40018,1.38541,1.39577,306488
2015-12-21,1.39337,1.39934,1.3913,1.39582,250954
2015-12-22,1.39582,1.39643,1.39159,1.39191,205579
2015-12-23,1.39191,1.39368,1.38356,1.38432,211974
2015-12-24,1.38432,1.38742,1.38173,1.38461,130316
2015-12-25,1.38189,1.38275,1.38015,1.38275,0
2015-12-28,1.38156,1.39156,1.38134,1.39041,149846
2015-12-29,1.39041,1.39399,1.38158,1.38428,176947
2015-12-30,1.38428,1.39271,1.38288,1.38792,204333
2015-12-31,1.38792,1.3903,1.38226,1.38273,156481
2016-01-01,1.38997,1.38997,1.38322,1.38997,0
2016-01-04,1.38148,1.39832,1.38124,1.39518,288591
2016-01-05,1.39518,1.4019,1.38981,1.39956,273009
2016-01-06,1.39956,1.41084,1.39732,1.40754,324531
2016-01-07,1.40754,1.41698,1.40503,1.41141,410949
2016-01-08,1.41141,1.41766,1.40582,1.41688,360848
2016-01-11,1.41643,1.42452,1.40649,1.42156,320308
2016-01-12,1.42156,1.43154,1.41763,1.4261,362670
2016-01-13,1.4261,1.43802,1.41872,1.43397,379305
2016-01-14,1.43397,1.43976,1.43342,1.43658,398039
2016-01-15,1.43658,1.45538,1.43429,1.45343,451532
2016-01-18,1.46051,1.46054,1.44863,1.45566,324440
2016-01-19,1.45566,1.4589,1.44315,1.45771,415460
2016-01-20,1.45771,1.46899,1.44739,1.45037,563191
2016-01-21,1.45037,1.45408,1.42275,1.42651,562485
2016-01-22,1.42651,1.42999,1.41144,1.41158,474464
2016-01-25,1.4145,1.42922,1.41262,1.42896,404661
2016-01-26,1.42896,1.43255,1.40445,1.4117,490303
2016-01-27,1.4117,1.41564,1.40278,1.40945,544829
2016-01-28,1.40945,1.41227,1.39472,1.40269,551802
2016-01-29,1.40269,1.41091,1.3967,1.39687,522419
2016-02-01,1.39671,1.40621,1.39078,1.39456,415611
2016-02-02,1.39456,1.40821,1.39352,1.40535,409657
2016-02-03,1.40535,1.41026,1.37569,1.37786,505049
2016-02-04,1.37786,1.37973,1.36392,1.37532,491977
2016-02-05,1.37532,1.39179,1.37093,1.39126,431353
2016-02-08,1.38964,1.39782,1.38404,1.39237,468789
2016-02-09,1.39237,1.39605,1.37859,1.38647,548857
2016-02-10,1.38647,1.39988,1.38201,1.39217,573989
2016-02-11,1.39217,1.40168,1.38825,1.39347,659550
2016-02-12,1.39347,1.39649,1.38128,1.38435,484417
2016-02-15,1.38502,1.38602,1.37978,1.38323,258253
2016-02-16,1.38323,1.39115,1.37057,1.38629,490169
2016-02-17,1.38629,1.38989,1.3667,1.36709,494443
2016-02-18,1.36709,1.37514,1.36534,1.37244,439026
2016-02-19,1.37244,1.38465,1.37132,1.37656,366120
2016-02-22,1.37699,1.37922,1.36621,1.37049,362339
2016-02-23,1.37049,1.38208,1.36949,1.37916,377495
2016-02-24,1.37916,1.3859,1.36773,1.37001,412817
2016-02-25,1.37001,1.37349,1.35169,1.35286,397026
2016-02-26,1.35286,1.35642,1.35048,1.35116,371768
2016-02-29,1.35152,1.35871,1.34811,1.35364,373334
2016-03-01,1.35364,1.35513,1.33858,1.34059,360609
2016-03-02,1.34059,1.34989,1.34028,1.34154,328146
2016-03-03,1.34154,1.34728,1.33713,1.34027,294503
2016-03-04,1.34027,1.3471,1.33091,1.33107,313711
2016-03-07,1.33302,1.33776,1.32612,1.32809,269220
2016-03-08,1.32809,1.3425,1.32799,1.34079,293734
2016-03-09,1.34079,1.34462,1.32281,1.32466,347829
2016-03-10,1.32466,1.33977,1.32316,1.33448,435418
2016-03-11,1.33448,1.33513,1.31671,1.32156,310153
2016-03-14,1.32189,1.33081,1.32113,1.32591,291172
2016-03-15,1.32591,1.34019,1.32581,1.33546,305666
2016-03-16,1.33546,1.34051,1.30927,1.30947,343007
2016-03-17,1.30947,1.31328,1.29451,1.29752,386670
2016-03-18,1.29752,1.30428,1.29231,1.30028,323020
2016-03-21,1.3017,1.3101,1.3017,1.30987,283202
2016-03-22,1.30987,1.31387,1.3028,1.30478,318976
2016-03-23,1.30478,1.32192,1.3037,1.32023,350729
2016-03-24,1.32023,1.32959,1.32001,1.32469,335574
2016-03-25,1.32469,1.32845,1.32249,1.32609,87177
2016-03-27,1.32756,1.32829,1.3183,1.3271,0
2016-03-28,1.3256,1.32849,1.31668,1.31852,222407
2016-03-29,1.31852,1.32163,1.30503,1.30729,370371
2016-03-30,1.30729,1.30811,1.29119,1.29647,440084
2016-03-31,1.29647,1.30108,1.28571,1.30027,425409
2016-04-01,1.30027,1.31471,1.29679,1.30099,410257
2016-04-03,1.30371,1.3081,1.30058,1.3036,0
2016-04-04,1.30312,1.30869,1.3002,1.30867,327545
2016-04-05,1.30867,1.32186,1.30658,1.31357,383836
2016-04-06,1.31357,1.31863,1.30624,1.30879,442229
2016-04-07,1.30879,1.31806,1.30184,1.31431,393021
2016-04-08,1.31431,1.31554,1.2952,1.29842,378649
2016-04-10,1.29791,1.30137,1.2891,1.29791,0
2016-04-11,1.29813,1.30157,1.2885,1.28977,380649
2016-04-12,1.28977,1.29204,1.27499,1.27575,372132
2016-04-13,1.27575,1.28279,1.27435,1.28156,408009
2016-04-14,1.28156,1.28972,1.27816,1.28427,337420
2016-04-15,1.28427,1.29025,1.2797,1.28148,306748
2016-04-17,1.2978,1.2987,1.28028,1.2979,0
2016-04-18,1.29553,1.29899,1.27778,1.27832,396746
2016-04-19,1.27832,1.27964,1.26304,1.26697,391749
2016-04-20,1.26697,1.27301,1.25927,1.26525,348205
2016-04-21,1.26525,1.27496,1.26275,1.27318,338879
2016-04-22,1.27318,1.27578,1.26218,1.26661,383848
2016-04-24,1.26695,1.2715,1.2658,1.26702,0
2016-04-25,1.26552,1.27171,1.26488,1.26761,327939
2016-04-26,1.26761,1.26859,1.25946,1.26016,311605
2016-04-27,1.26016,1.2694,1.25709,1.2598,364052
2016-04-28,1.2598,1.26065,1.2515,1.25539,414538
2016-04-29,1.25539,1.25873,1.24983,1.25501,415509
2016-05-01,1.254,1.25605,1.25131,1.2543,0
2016-05-02,1.25514,1.25624,1.25131,1.2529,412645
2016-05-03,1.2529,1.27313,1.24607,1.27232,440664
2016-05-04,1.27232,1.28854,1.2697,1.28671,440333
2016-05-05,1.28671,1.28752,1.27852,1.28528,393803
2016-05-06,1.28528,1.29521,1.28345,1.29061,385447
2016-05-08,1.29322,1.29993,1.29064,1.29281,0
2016-05-09,1.2953,1.30155,1.29057,1.29612,373901
2016-05-10,1.29612,1.298,1.29077,1.29089,354200
2016-05-11,1.29089,1.29419,1.28299,1.28515,346389
2016-05-12,1.28515,1.28783,1.27715,1.28452,367079
2016-05-13,1.28452,1.29575,1.28356,1.29347,314633
2016-05-15,1.2958,1.29612,1.28763,1.29548,0
2016-05-16,1.29438,1.29625,1.28748,1.2894,230074
2016-05-17,1.2894,1.29551,1.28369,1.29092,281102
2016-05-18,1.29092,1.30368,1.28939,1.30339,343302
2016-05-19,1.30339,1.31541,1.30104,1.30932,374846
2016-05-20,1.30932,1.31624,1.30767,1.31077,270300
2016-05-22,1.3124,1.3173,1.3098,1.3124,0
2016-05-23,1.31114,1.31736,1.30988,1.31423,241688
2016-05-24,1.31423,1.3188,1.30857,1.31212,286618
2016-05-25,1.31212,1.31334,1.30144,1.30182,290633
2016-05-26,1.30182,1.30367,1.29107,1.29772,264346
2016-05-27,1.29772,1.30683,1.29665,1.30227,248818
2016-05-29,1.3048,1.30934,1.3034,1.3046,0
2016-05-30,1.30214,1.30944,1.30214,1.3046,195170
2016-05-31,1.3046,1.31344,1.3017,1.30922,294933
2016-06-01,1.30922,1.31223,1.30421,1.30766,316731
2016-06-02,1.30766,1.3144,1.30553,1.30956,303553
2016-06-03,1.30956,1.31062,1.2915,1.29299,316734
2016-06-05,1.29568,1.29817,1.28259,1.29593,0
2016-06-06,1.29391,1.29823,1.2803,1.28167,309160
2016-06-07,1.28167,1.28391,1.2733,1.27347,278531
2016-06-08,1.27347,1.27607,1.26544,1.26916,287412
2016-06-09,1.26916,1.27664,1.26704,1.27232,306745
2016-06-10,1.27232,1.27811,1.266,1.27719,323590
2016-06-12,1.27786,1.28257,1.27539,1.27823,0
2016-06-13,1.27913,1.28391,1.27498,1.28368,328749
2016-06-14,1.28368,1.2873,1.28135,1.28712,325380
2016-06-15,1.28712,1.2943,1.28259,1.29115,373620
2016-06-16,1.29115,1.30856,1.28951,1.29658,426078
2016-06-17,1.29658,1.29662,1.28292,1.28886,341870
2016-06-19,1.28499,1.2856,1.2773,1.28479,0
2016-06-20,1.28429,1.28604,1.27723,1.28048,277995
2016-06-21,1.28048,1.28263,1.27622,1.28165,296223
2016-06-22,1.28165,1.28527,1.27417,1.28394,296030
2016-06-23,1.28394,1.28433,1.26778,1.27545,425478
2016-06-24,1.27545,1.30989,1.27107,1.29876,425788
2016-06-26,1.30241,1.31178,1.2997,1.3021,0
2016-06-27,1.30443,1.31204,1.29939,1.30712,351582
2016-06-28,1.30712,1.31076,1.29662,1.30242,285668
2016-06-29,1.30242,1.30424,1.2931,1.29337,329461
2016-06-30,1.29337,1.30161,1.2914,1.29238,378541
2016-07-01,1.29238,1.29748,1.28648,1.2907,258519
2016-07-03,1.29106,1.29133,1.2831,1.2911,0
2016-07-04,1.2914,1.29224,1.28313,1.28454,188695
2016-07-05,1.28454,1.3017,1.2839,1.29782,279085
2016-07-06,1.29782,1.30559,1.29469,1.29607,412565
2016-07-07,1.29607,1.3021,1.28765,1.30023,349111
2016-07-08,1.30023,1.30904,1.29879,1.3036,371413
2016-07-10,1.30488,1.3137,1.303,1.3045,0
2016-07-11,1.30418,1.31395,1.30298,1.31168,302714
2016-07-12,1.31168,1.3133,1.29806,1.30419,314254
2016-07-13,1.30419,1.30837,1.29356,1.2977,335616
2016-07-14,1.2977,1.29869,1.28622,1.28902,311311
2016-07-15,1.28902,1.29875,1.2861,1.29615,264846
2016-07-17,1.29559,1.30219,1.29296,1.29569,0
2016-07-18,1.29361,1.30221,1.29267,1.29434,215634
2016-07-19,1.29434,1.30542,1.2939,1.30192,207188
2016-07-20,1.30192,1.30956,1.30135,1.30569,226812
2016-07-21,1.30569,1.31007,1.3024,1.30869,281411
2016-07-22,1.30869,1.31855,1.30552,1.31222,270637
2016-07-24,1.31354,1.32379,1.31228,1.31355,0
2016-07-25,1.31224,1.32417,1.31206,1.32159,218001
2016-07-26,1.32159,1.3244,1.31741,1.3186,260288
2016-07-27,1.3186,1.32541,1.31571,1.31858,303330
2016-07-28,1.31858,1.31922,1.31006,1.31559,269408
2016-07-29,1.31559,1.31862,1.30013,1.304,313514
2016-07-31,1.306,1.3112,1.30297,1.30583,0
2016-08-01,1.30291,1.31272,1.30265,1.31204,203019
2016-08-02,1.31204,1.31414,1.30051,1.31099,258834
2016-08-03,1.31099,1.31478,1.30629,1.30645,270899
2016-08-04,1.30645,1.30889,1.29956,1.30175,229270
2016-08-05,1.30175,1.32004,1.30088,1.31648,255367
2016-08-07,1.31822,1.3187,1.31379,1.31799,0
2016-08-08,1.31751,1.31902,1.31361,1.31516,186386
2016-08-09,1.31516,1.31899,1.31091,1.31187,224255
2016-08-10,1.31187,1.31234,1.29901,1.30565,262252
2016-08-11,1.30565,1.30796,1.29579,1.29909,235093
2016-08-12,1.29909,1.29927,1.29241,1.29487,222172
2016-08-14,1.29586,1.29742,1.29017,1.29587,0
2016-08-15,1.29461,1.29754,1.29017,1.29229,180786
2016-08-16,1.29229,1.29337,1.27987,1.28618,296933
2016-08-17,1.28618,1.29177,1.28304,1.28431,312599
2016-08-18,1.28431,1.2857,1.27638,1.27811,296569
2016-08-19,1.27811,1.28917,1.27726,1.28615,258752
2016-08-21,1.2889,1.29575,1.2889,1.28916,0
2016-08-22,1.28921,1.29654,1.28702,1.29455,257495
2016-08-23,1.29455,1.2946,1.28588,1.29126,267067
2016-08-24,1.29126,1.29579,1.29015,1.29267,275511
2016-08-25,1.29267,1.29394,1.28985,1.29219,219500
2016-08-26,1.29219,1.30117,1.28305,1.29969,335260
2016-08-28,1.30181,1.30469,1.2996,1.30148,0
2016-08-29,1.29906,1.30475,1.29848,1.30094,299927
2016-08-30,1.30094,1.31034,1.30094,1.30979,257368
2016-08-31,1.30979,1.31455,1.30799,1.31041,291555
2016-09-01,1.31041,1.31479,1.30826,1.31027,334255
2016-09-02,1.31027,1.31146,1.29815,1.29815,474706
2016-09-04,1.29945,1.29945,1.29074,1.2994,0
2016-09-05,1.29821,1.29953,1.29063,1.29284,278031
2016-09-06,1.29284,1.29333,1.28265,1.28441,331940
2016-09-07,1.28441,1.29141,1.28224,1.28836,331661
2016-09-08,1.28836,1.29396,1.28511,1.29363,379744
2016-09-09,1.29363,1.30529,1.29101,1.30445,353873
2016-09-11,1.30518,1.3123,1.3048,1.3048,0
2016-09-12,1.30501,1.31237,1.30287,1.30398,431840
2016-09-13,1.30398,1.31901,1.30294,1.31762,449952
2016-09-14,1.31762,1.32084,1.31281,1.31939,329738
2016-09-15,1.31939,1.32357,1.31307,1.31586,342740
2016-09-16,1.31586,1.32481,1.31418,1.32071,306918
2016-09-18,1.31986,1.32024,1.31358,1.31987,0
2016-09-19,1.32161,1.32239,1.31353,1.32018,270004
2016-09-20,1.32018,1.3243,1.31843,1.31856,273331
2016-09-21,1.31856,1.32384,1.31,1.31004,249663
2016-09-22,1.31004,1.31025,1.30002,1.30411,211948
2016-09-23,1.30411,1.3181,1.30297,1.31659,229556
2016-09-25,1.31504,1.31992,1.31391,1.31516,0
2016-09-26,1.31555,1.32439,1.31361,1.32266,258864
2016-09-27,1.32266,1.32809,1.31636,1.31955,337477
2016-09-28,1.31955,1.32696,1.30761,1.30791,350017
2016-09-29,1.30791,1.31841,1.3048,1.31447,367847
2016-09-30,1.31447,1.31948,1.30859,1.31229,308949
2016-10-02,1.313,1.31431,1.30683,1.31326,0
2016-10-03,1.31204,1.31443,1.30683,1.31191,177241
2016-10-04,1.31191,1.32154,1.31108,1.31908,232915
2016-10-05,1.31908,1.32323,1.31609,1.31751,184709
2016-10-06,1.31751,1.32487,1.31743,1.32172,252826
2016-10-07,1.32172,1.33137,1.31861,1.32933,377724
2016-10-09,1.32478,1.32749,1.31405,1.32514,0
2016-10-10,1.32374,1.32781,1.31394,1.31749,210102
2016-10-11,1.31749,1.32726,1.31635,1.32639,319378
2016-10-12,1.32639,1.32879,1.32089,1.3275,302570
2016-10-13,1.3275,1.33069,1.31856,1.31927,377603
2016-10-14,1.31927,1.32198,1.31016,1.31375,393295
2016-10-16,1.31416,1.3182,1.31203,1.31417,0
2016-10-17,1.31152,1.31834,1.31152,1.3127,321447
2016-10-18,1.3127,1.31396,1.30526,1.31085,320609
2016-10-19,1.31085,1.31412,1.3006,1.31137,344212
2016-10-20,1.31137,1.32324,1.31063,1.32281,366512
2016-10-21,1.32281,1.33549,1.32238,1.33336,213007
2016-10-23,1.33531,1.33874,1.3326,1.3353,0
2016-10-24,1.33256,1.33975,1.32852,1.32865,312514
2016-10-25,1.32865,1.3371,1.32781,1.33503,376813
2016-10-26,1.33503,1.33846,1.33142,1.33798,393023
2016-10-27,1.33798,1.34071,1.33527,1.33863,396144
2016-10-28,1.33863,1.34333,1.33527,1.33913,471643
2016-10-31,1.3425,1.3425,1.3375,1.34074,332225
2016-11-01,1.34074,1.34256,1.33531,1.33896,380788
2016-11-02,1.33896,1.34234,1.33591,1.3393,379682
2016-11-03,1.3393,1.34025,1.33616,1.3396,310179
2016-11-04,1.3396,1.34654,1.33852,1.33995,326425
2016-11-07,1.33361,1.34175,1.33361,1.33628,247346
2016-11-08,1.33628,1.33911,1.32854,1.32872,254768
2016-11-09,1.32872,1.35248,1.32643,1.34228,609986
2016-11-10,1.34228,1.35088,1.33863,1.34691,557883
2016-11-11,1.34691,1.35479,1.3456,1.35334,656652
2016-11-14,1.35006,1.35885,1.34973,1.35516,510946
2016-11-15,1.35516,1.35601,1.3444,1.34477,435760
2016-11-16,1.34477,1.35061,1.34045,1.34458,441140
2016-11-17,1.34458,1.35255,1.33998,1.35205,376582
2016-11-18,1.35205,1.35642,1.34925,1.34966,451458
2016-11-21,1.34931,1.35133,1.33864,1.3417,357372
2016-11-22,1.3417,1.34671,1.3378,1.34404,363066
2016-11-23,1.34404,1.35167,1.3424,1.34876,388139
2016-11-24,1.34876,1.35356,1.34763,1.34839,257454
2016-11-25,1.34839,1.35344,1.34531,1.35132,352470
2016-11-28,1.34982,1.35373,1.33965,1.34114,403438
2016-11-29,1.34114,1.34809,1.33998,1.34315,364545
2016-11-30,1.34315,1.34634,1.33567,1.34371,467703
2016-12-01,1.34371,1.34388,1.33005,1.33182,397350
2016-12-02,1.33182,1.33189,1.32536,1.32853,334180
2016-12-05,1.3282,1.33573,1.32358,1.32703,300043
2016-12-06,1.32703,1.33115,1.32522,1.32765,224099
2016-12-07,1.32765,1.32968,1.32231,1.32335,234666
2016-12-08,1.32335,1.32503,1.31842,1.319,305044
2016-12-09,1.319,1.32127,1.31522,1.31692,226529
2016-12-12,1.31391,1.31615,1.31082,1.31304,345653
2016-12-13,1.31304,1.31398,1.31022,1.31318,296671
2016-12-14,1.31318,1.32947,1.308,1.32822,405075
2016-12-15,1.32822,1.3417,1.32676,1.33355,458711
2016-12-16,1.33355,1.33922,1.3318,1.33342,310824
2016-12-19,1.3331,1.34225,1.33173,1.34066,310671
2016-12-20,1.34066,1.3434,1.33599,1.33678,297546
2016-12-21,1.33678,1.34273,1.33578,1.3412,283139
2016-12-22,1.3412,1.35204,1.34101,1.34805,354473
2016-12-23,1.34805,1.35571,1.34794,1.35321,241748
2016-12-26,1.35203,1.3543,1.34724,1.35202,0
2016-12-27,1.35321,1.35804,1.35039,1.35732,207535
2016-12-28,1.35732,1.35985,1.35384,1.35592,256805
2016-12-29,1.35592,1.35605,1.3481,1.35017,298701
2016-12-30,1.35017,1.35073,1.34008,1.34348,407836
2017-01-02,1.3434,1.34496,1.3386,1.3434,0
2017-01-03,1.34348,1.34612,1.33984,1.34262,347653
2017-01-04,1.34262,1.34573,1.32816,1.33005,425203
2017-01-05,1.33005,1.33127,1.31912,1.32257,479125
2017-01-06,1.32257,1.32681,1.31777,1.32365,381676
2017-01-09,1.32435,1.32772,1.31968,1.32167,198440
2017-01-10,1.32167,1.32574,1.31918,1.32321,351962
2017-01-11,1.32321,1.32942,1.31188,1.31783,574893
2017-01-12,1.31783,1.3185,1.3029,1.31447,407178
2017-01-13,1.31447,1.3168,1.31079,1.31079,404822
2017-01-16,1.31351,1.3188,1.31186,1.31734,260642
2017-01-17,1.31734,1.31895,1.30186,1.30415,468714
2017-01-18,1.30415,1.32709,1.30381,1.32689,435420
2017-01-19,1.32689,1.33535,1.3252,1.33179,498060
2017-01-20,1.33179,1.33875,1.32839,1.33085,449469
2017-01-23,1.3321,1.33347,1.32205,1.32367,423504
2017-01-24,1.32367,1.32993,1.31056,1.31555,404674
2017-01-25,1.31555,1.31636,1.30609,1.30688,399906
2017-01-26,1.30688,1.31306,1.30531,1.30895,416812
2017-01-27,1.30895,1.31551,1.30852,1.31485,390338
2017-01-30,1.3133,1.31694,1.30762,1.31169,393778
2017-01-31,1.31169,1.31236,1.29684,1.30278,467958
2017-02-01,1.30278,1.31025,1.30268,1.3049,438445
2017-02-02,1.3049,1.3052,1.29802,1.30244,375285
2017-02-03,1.30244,1.30747,1.29922,1.30192,368984
2017-02-06,1.30231,1.31356,1.30069,1.30808,264236
2017-02-07,1.30808,1.32121,1.3074,1.31841,268494
2017-02-08,1.31841,1.32,1.31348,1.31436,255602
2017-02-09,1.31436,1.31681,1.30942,1.31391,236222
2017-02-10,1.31391,1.3158,1.30627,1.30868,194368
2017-02-13,1.30811,1.31209,1.30537,1.30651,226455
2017-02-14,1.30651,1.31071,1.30246,1.30655,277465
2017-02-15,1.30655,1.31202,1.30641,1.30787,295410
2017-02-16,1.30787,1.30806,1.30088,1.30707,283525
2017-02-17,1.30707,1.31262,1.30596,1.30893,229626
2017-02-20,1.30948,1.31198,1.30738,1.31049,139096
2017-02-21,1.31049,1.31654,1.30978,1.31375,222415
2017-02-22,1.31375,1.32101,1.31091,1.31597,248555
2017-02-23,1.31597,1.317,1.30823,1.3103,257562
2017-02-24,1.3103,1.31183,1.30509,1.30962,234768
2017-02-27,1.30901,1.31809,1.30831,1.31768,230145
2017-02-28,1.31768,1.33143,1.31643,1.32995,286181
2017-03-01,1.32995,1.33576,1.32841,1.33262,335500
2017-03-02,1.33262,1.34019,1.33203,1.33897,267112
2017-03-03,1.33897,1.34372,1.33715,1.33757,279647
2017-03-06,1.33766,1.34249,1.33721,1.34096,187994
2017-03-07,1.34096,1.34353,1.33829,1.34118,217172
2017-03-08,1.34118,1.35001,1.3397,1.34888,251098
2017-03-09,1.34888,1.35349,1.34822,1.35102,334258
2017-03-10,1.35102,1.35149,1.34209,1.34613,294559
2017-03-13,1.34491,1.34762,1.34304,1.3445,233283
2017-03-14,1.3445,1.34959,1.3439,1.34789,254277
2017-03-15,1.34789,1.34844,1.32952,1.33011,314853
2017-03-16,1.33011,1.33525,1.32759,1.33155,277695
2017-03-17,1.33155,1.3378,1.33037,1.33426,221676
2017-03-20,1.33328,1.33728,1.33033,1.33538,199614
2017-03-21,1.33538,1.33645,1.32635,1.3353,284895
2017-03-22,1.3353,1.34094,1.33202,1.33264,271683
2017-03-23,1.33264,1.33568,1.33154,1.33486,235996
2017-03-24,1.33486,1.33857,1.33457,1.33775,224207
2017-03-26,1.3327,1.33992,1.33215,1.33245,0
2017-03-27,1.33555,1.34038,1.3321,1.33774,240660
2017-03-28,1.33774,1.34142,1.3354,1.33819,205916
2017-03-29,1.33819,1.3401,1.33225,1.33252,217002
2017-03-30,1.33252,1.33519,1.32775,1.3346,218449
2017-03-31,1.3346,1.3368,1.32843,1.33176,224423
2017-04-02,1.33257,1.33994,1.3309,1.33258,0
2017-04-03,1.33103,1.33997,1.32947,1.3381,199164
2017-04-04,1.3381,1.34555,1.33734,1.34026,210117
2017-04-05,1.34026,1.34399,1.33786,1.34366,219663
2017-04-06,1.34366,1.34508,1.33981,1.34126,190672
2017-04-07,1.34126,1.34313,1.33414,1.34065,269195
2017-04-09,1.3407,1.34247,1.33431,1.3407,0
2017-04-10,1.33956,1.34264,1.33217,1.33249,176452
2017-04-11,1.33249,1.33575,1.33096,1.33258,198991
2017-04-12,1.33258,1.33391,1.32385,1.32456,272348
2017-04-13,1.32456,1.33382,1.32232,1.33261,233940
2017-04-14,1.33261,1.33368,1.33068,1.33245,84477
2017-04-16,1.33122,1.3313,1.32635,1.3313,0
2017-04-17,1.33086,1.33226,1.3262,1.3315,166979
2017-04-18,1.3315,1.33997,1.33123,1.33812,238412
2017-04-19,1.33812,1.34901,1.3374,1.34841,202250
2017-04-20,1.34841,1.34996,1.34566,1.34687,198759
2017-04-21,1.34687,1.35252,1.34571,1.34942,186427
2017-04-23,1.34807,1.35157,1.3411,1.3483,0
2017-04-24,1.34522,1.35213,1.34104,1.34982,231684
2017-04-25,1.34982,1.36264,1.34979,1.35699,213338
2017-04-26,1.35699,1.36223,1.35419,1.36183,259235
2017-04-27,1.36183,1.36705,1.35296,1.36314,266193
2017-04-28,1.36314,1.36974,1.36244,1.36524,213702
2017-04-30,1.36418,1.36844,1.3637,1.3642,0
2017-05-01,1.36551,1.36865,1.36369,1.36785,111328
2017-05-02,1.36785,1.37575,1.36502,1.3708,167297
2017-05-03,1.3708,1.37401,1.3679,1.37309,191734
2017-05-04,1.37309,1.37763,1.37002,1.37515,229694
2017-05-05,1.37515,1.37934,1.36393,1.36473,287638
2017-05-07,1.36706,1.37323,1.3642,1.36713,0
2017-05-08,1.36492,1.37336,1.36434,1.36919,204609
2017-05-09,1.36919,1.37531,1.36703,1.3718,236981
2017-05-10,1.3718,1.37326,1.36473,1.36507,247016
2017-05-11,1.36507,1.377,1.36507,1.36954,234279
2017-05-12,1.36954,1.37423,1.36662,1.37088,205358
2017-05-14,1.37182,1.37218,1.36016,1.37176,0
2017-05-15,1.36951,1.37225,1.36014,1.36313,227156
2017-05-16,1.36313,1.36593,1.3575,1.36024,243520
2017-05-17,1.36024,1.36417,1.35714,1.36025,287147
2017-05-18,1.36025,1.36691,1.35801,1.3602,335567
2017-05-19,1.3602,1.36106,1.35074,1.35088,225947
2017-05-21,1.35172,1.35397,1.3485,1.35162,0
2017-05-22,1.35152,1.35407,1.3485,1.35013,153469
2017-05-23,1.35013,1.35251,1.34559,1.35116,206517
2017-05-24,1.35116,1.35403,1.34041,1.34043,238379
2017-05-25,1.34043,1.34937,1.33875,1.3485,266683
2017-05-26,1.3485,1.34971,1.3433,1.34465,202211
2017-05-28,1.3451,1.34653,1.3427,1.34534,0
2017-05-29,1.34456,1.34662,1.34273,1.34497,79685
2017-05-30,1.34497,1.35062,1.34493,1.34576,166351
2017-05-31,1.34576,1.35229,1.34331,1.34985,191919
2017-06-01,1.34985,1.35275,1.34715,1.35156,191696
2017-06-02,1.35156,1.35471,1.34818,1.34851,191071
2017-06-04,1.34995,1.35008,1.346,1.34984,0
2017-06-05,1.34872,1.35011,1.34589,1.34678,152582
2017-06-06,1.34678,1.34867,1.3437,1.3451,188791
2017-06-07,1.3451,1.35257,1.34263,1.35093,191880
2017-06-08,1.35093,1.35218,1.34848,1.35035,206383
2017-06-09,1.35035,1.35379,1.34225,1.34628,199368
2017-06-11,1.34558,1.34622,1.34296,1.34561,0
2017-06-12,1.34565,1.34704,1.33195,1.33238,176071
2017-06-13,1.33238,1.33246,1.32112,1.32416,195278
2017-06-14,1.32416,1.32714,1.3165,1.32464,292479
2017-06-15,1.32464,1.33084,1.32245,1.32681,221026
2017-06-16,1.32681,1.32735,1.32098,1.3212,171817
2017-06-18,1.3213,1.32531,1.3189,1.32118,0
2017-06-19,1.32102,1.32573,1.31911,1.3217,158346
2017-06-20,1.3217,1.32855,1.3204,1.32667,168423
2017-06-21,1.32667,1.33475,1.32626,1.33307,209400
2017-06-22,1.33307,1.33381,1.32081,1.32348,179549
2017-06-23,1.32348,1.33081,1.32102,1.32683,180913
2017-06-25,1.32604,1.3264,1.32122,1.32617,0
2017-06-26,1.32559,1.32703,1.32122,1.3247,156255
2017-06-27,1.3247,1.32608,1.3147,1.31981,202970
2017-06-28,1.31981,1.31981,1.30131,1.30393,293848
2017-06-29,1.30393,1.30439,1.2986,1.29998,226438
2017-06-30,1.29998,1.30122,1.2945,1.29622,209059
2017-07-02,1.29757,1.30058,1.29654,1.29746,0
2017-07-03,1.29668,1.30116,1.29648,1.30062,142927
2017-07-04,1.30062,1.30146,1.29122,1.29322,147435
2017-07-05,1.29322,1.30146,1.29273,1.29561,189278
2017-07-06,1.29561,1.29833,1.29231,1.2977,180561
2017-07-07,1.2977,1.29937,1.28594,1.28772,211772
2017-07-09,1.28775,1.29311,1.28719,1.2881,0
2017-07-10,1.28802,1.29326,1.28711,1.28894,172260
2017-07-11,1.28894,1.29435,1.2885,1.29141,158268
2017-07-12,1.29141,1.29394,1.26796,1.27484,278933
2017-07-13,1.27484,1.2771,1.27206,1.27212,189651
2017-07-14,1.27212,1.27478,1.26439,1.26489,185397
2017-07-16,1.26421,1.2686,1.26272,1.26418,0
2017-07-17,1.26443,1.26987,1.26272,1.26955,178251
2017-07-18,1.26955,1.27013,1.25807,1.26261,239035
2017-07-19,1.26261,1.26526,1.2578,1.26029,164257
2017-07-20,1.26029,1.26408,1.25404,1.25899,231532
2017-07-21,1.25899,1.26091,1.2522,1.25407,212382
2017-07-23,1.25335,1.2549,1.24851,1.25345,0
2017-07-24,1.25332,1.25522,1.24832,1.25091,186318
2017-07-25,1.25091,1.25328,1.24809,1.25049,198259
2017-07-26,1.25049,1.25437,1.24132,1.24463,274528
2017-07-27,1.24463,1.25761,1.24138,1.25512,254428
2017-07-28,1.25512,1.25673,1.24194,1.24356,269265
2017-07-30,1.24616,1.25266,1.24496,1.24614,0
2017-07-31,1.24422,1.25292,1.24307,1.24789,238499
2017-08-01,1.24789,1.25536,1.24508,1.2539,231588
2017-08-02,1.2539,1.25926,1.2532,1.25684,226661
2017-08-03,1.25684,1.26185,1.25526,1.25861,212914
2017-08-04,1.25861,1.26676,1.25561,1.26492,216591
2017-08-06,1.2642,1.27137,1.2629,1.2641,0
2017-08-07,1.26532,1.27146,1.26279,1.26778,155479
2017-08-08,1.26778,1.27057,1.26509,1.26644,191513
2017-08-09,1.26644,1.27214,1.26626,1.26945,224582
2017-08-10,1.26945,1.27453,1.26726,1.27419,223789
2017-08-11,1.27419,1.27531,1.26525,1.26778,235367
2017-08-13,1.26734,1.27143,1.2671,1.26736,0
2017-08-14,1.26702,1.27307,1.26669,1.27231,165468
2017-08-15,1.27231,1.27782,1.27183,1.27573,187416
2017-08-16,1.27573,1.27702,1.26134,1.26174,191520
2017-08-17,1.26174,1.26833,1.25883,1.26786,182480
2017-08-18,1.26786,1.2691,1.2557,1.25828,205939
2017-08-20,1.25861,1.26052,1.25656,1.25857,18238
2017-08-21,1.25723,1.26071,1.25537,1.25568,153965
2017-08-22,1.25568,1.25951,1.2526,1.25625,158305
2017-08-23,1.25625,1.25984,1.25408,1.25493,167836
2017-08-24,1.25493,1.25612,1.25143,1.25185,143394
2017-08-25,1.25185,1.254,1.24658,1.24809,183603
2017-08-27,1.24731,1.25005,1.24446,1.24718,19592
2017-08-28,1.24744,1.25101,1.2444,1.25073,118581
2017-08-29,1.25073,1.25504,1.24409,1.25111,209268
2017-08-30,1.25111,1.26373,1.25007,1.26185,173695
2017-08-31,1.26185,1.26633,1.24765,1.2481,222971
2017-09-01,1.2481,1.24918,1.234,1.23926,223537
2017-09-03,1.23778,1.24251,1.2374,1.23785,24809
2017-09-04,1.2423,1.24261,1.23752,1.24155,95837
2017-09-05,1.24155,1.24172,1.23359,1.23738,202370
2017-09-06,1.23738,1.24151,1.21341,1.22245,226962
2017-09-07,1.22245,1.22413,1.21103,1.21135,235367
2017-09-08,1.21135,1.21652,1.20613,1.21564,217090
2017-09-10,1.21529,1.21687,1.2096,1.21514,24261
2017-09-11,1.21555,1.21705,1.20977,1.21094,168110
2017-09-12,1.21094,1.21896,1.20822,1.21858,203136
2017-09-13,1.21858,1.222,1.21304,1.21721,178262
2017-09-14,1.21721,1.22394,1.21564,1.21637,205719
2017-09-15,1.21637,1.22186,1.21184,1.2196,198812
2017-09-17,1.21979,1.22388,1.2169,1.2198,17039
2017-09-18,1.219,1.23381,1.21709,1.22906,169405
2017-09-19,1.22906,1.23088,1.22548,1.22898,190337
2017-09-20,1.22898,1.23906,1.21942,1.23217,230352
2017-09-21,1.23217,1.23678,1.2321,1.23249,179451
2017-09-22,1.23249,1.23513,1.2253,1.23285,179600
2017-09-24,1.23456,1.23496,1.23131,1.2346,22748
2017-09-25,1.2334,1.23852,1.23129,1.23679,162769
2017-09-26,1.23679,1.24133,1.23299,1.23477,189157
2017-09-27,1.23477,1.24827,1.23359,1.24759,252259
2017-09-28,1.24759,1.25193,1.24164,1.24233,210790
2017-09-29,1.24233,1.2532,1.24168,1.24634,194636
2017-10-01,1.24736,1.2523,1.24043,1.24732,15308
2017-10-02,1.24858,1.25245,1.24677,1.25061,157066
2017-10-03,1.25061,1.25383,1.24806,1.24855,165645
2017-10-04,1.24855,1.24985,1.24486,1.24744,158314
2017-10-05,1.24744,1.25847,1.24619,1.25645,177885
2017-10-06,1.25645,1.25976,1.25254,1.25292,207449
2017-10-08,1.25365,1.25576,1.2524,1.25363,15554
2017-10-09,1.25301,1.25587,1.25261,1.25465,94619
2017-10-10,1.25465,1.25556,1.24835,1.25148,157266
2017-10-11,1.25148,1.25306,1.24527,1.24529,170318
2017-10-12,1.24529,1.24907,1.24329,1.24745,168968
2017-10-13,1.24745,1.25202,1.24519,1.24691,186871
2017-10-15,1.24784,1.25494,1.24693,1.2477,15767
2017-10-16,1.24732,1.25581,1.247,1.25163,163190
2017-10-17,1.25163,1.25909,1.25134,1.25199,175302
2017-10-18,1.25199,1.25337,1.24581,1.24662,197589
2017-10-19,1.24662,1.24942,1.24506,1.24839,203964
2017-10-20,1.24839,1.26298,1.24729,1.2621,213388
2017-10-22,1.26366,1.26584,1.2612,1.2637,0
2017-10-23,1.2621,1.26605,1.26136,1.26456,138652
2017-10-24,1.26456,1.2693,1.26219,1.26742,177535
2017-10-25,1.26742,1.28167,1.26319,1.27961,230912
2017-10-26,1.27961,1.28576,1.27813,1.28462,202692
2017-10-27,1.28462,1.29167,1.28074,1.28075,231421
2017-10-30,1.28176,1.28611,1.28119,1.2832,149009
2017-10-31,1.2832,1.29148,1.28229,1.28867,164521
2017-11-01,1.28867,1.29104,1.28539,1.28651,172978
2017-11-02,1.28651,1.28758,1.27988,1.28086,179796
2017-11-03,1.28086,1.28354,1.2715,1.27577,153857
2017-11-06,1.27605,1.27829,1.27017,1.27037,134442
2017-11-07,1.27037,1.28196,1.27029,1.2776,141710
2017-11-08,1.2776,1.27781,1.27152,1.27265,142030
2017-11-09,1.27265,1.27407,1.26675,1.26799,163196
2017-11-10,1.26799,1.2696,1.2666,1.26846,149506
2017-11-13,1.26862,1.27416,1.26782,1.27316,116946
2017-11-14,1.27316,1.27732,1.27007,1.27307,179051
2017-11-15,1.27307,1.27894,1.2713,1.27637,195519
2017-11-16,1.27637,1.27835,1.27283,1.27559,164966
2017-11-17,1.27559,1.28236,1.27137,1.27693,220211
2017-11-20,1.27642,1.28206,1.27547,1.2819,175153
2017-11-21,1.2819,1.28368,1.2749,1.27781,193323
2017-11-22,1.27781,1.27878,1.26938,1.26958,181222
2017-11-23,1.26958,1.27245,1.26726,1.27094,126087
2017-11-24,1.27094,1.27475,1.2693,1.2703,156234
2017-11-27,1.27028,1.27709,1.26802,1.27687,159974
2017-11-28,1.27687,1.28248,1.27543,1.28139,172678
2017-11-29,1.28139,1.28748,1.28049,1.28637,192129
2017-11-30,1.28637,1.29094,1.28505,1.28952,187115
2017-12-01,1.28952,1.2902,1.26821,1.26835,269157
2017-12-04,1.27011,1.2727,1.26561,1.26723,153843
2017-12-05,1.26723,1.27047,1.26237,1.26861,150189
2017-12-06,1.26861,1.28074,1.26531,1.27876,158285
2017-12-07,1.27876,1.28686,1.27823,1.28524,129200
2017-12-08,1.28524,1.28799,1.28042,1.28458,143437
2017-12-11,1.28528,1.28687,1.28308,1.28545,121319
2017-12-12,1.28545,1.28926,1.28132,1.28619,133607
2017-12-13,1.28619,1.28803,1.27919,1.28145,193141
2017-12-14,1.28145,1.2866,1.27135,1.27943,216214
2017-12-15,1.27943,1.28942,1.2739,1.28669,208560
2017-12-18,1.28655,1.28816,1.28424,1.28609,141677
2017-12-19,1.28609,1.29202,1.28501,1.2875,166151
2017-12-20,1.2875,1.28806,1.28185,1.28309,156651
2017-12-21,1.28309,1.28392,1.26991,1.27383,168852
2017-12-22,1.27383,1.27962,1.26977,1.27257,163290
2017-12-25,1.2723,1.2792,1.26806,1.2726,0
2017-12-26,1.27257,1.2728,1.26822,1.2683,75845
2017-12-27,1.2683,1.26956,1.26275,1.26523,149327
2017-12-28,1.26523,1.26606,1.25658,1.25675,143555
2017-12-29,1.25675,1.25889,1.25147,1.25793,172300
2018-01-01,1.25808,1.2638,1.23536,1.25808,0
2018-01-02,1.25793,1.25793,1.25001,1.25104,141915
2018-01-03,1.25104,1.2554,1.24991,1.25356,158196
2018-01-04,1.25356,1.25552,1.24838,1.24865,171055
2018-01-05,1.24865,1.25132,1.23552,1.24113,193302
2018-01-08,1.24127,1.245,1.23782,1.24179,140277
2018-01-09,1.24179,1.24779,1.2398,1.24628,161113
2018-01-10,1.24628,1.25834,1.24274,1.25447,255145
2018-01-11,1.25447,1.25904,1.25153,1.2519,225353
2018-01-12,1.2519,1.25564,1.24525,1.24554,230868
2018-01-15,1.24672,1.24713,1.24027,1.24277,260066
2018-01-16,1.24277,1.24526,1.23971,1.24343,189775
2018-01-17,1.24343,1.25313,1.23622,1.24349,296845
2018-01-18,1.24349,1.2487,1.24141,1.2416,235248
2018-01-19,1.2416,1.25081,1.23999,1.24957,211845
2018-01-22,1.24749,1.24965,1.2435,1.2442,154276
2018-01-23,1.2442,1.24912,1.24175,1.24178,201067
2018-01-24,1.24178,1.24275,1.23164,1.2346,251355
2018-01-25,1.2346,1.23915,1.22821,1.23759,372750
2018-01-26,1.23759,1.23904,1.22932,1.23142,288019
2018-01-29,1.23105,1.23611,1.23105,1.23375,216836
2018-01-30,1.23375,1.23792,1.23098,1.23332,208491
2018-01-31,1.23332,1.23481,1.22472,1.23121,267829
2018-02-01,1.23121,1.23317,1.22573,1.22654,237155
2018-02-02,1.22654,1.24365,1.22556,1.24214,305804
2018-02-05,1.24348,1.25436,1.23975,1.25363,323285
2018-02-06,1.25363,1.25668,1.24899,1.24899,416145
2018-02-07,1.24899,1.25776,1.24896,1.2565,258000
2018-02-08,1.2565,1.2614,1.25463,1.26011,345171
2018-02-09,1.26011,1.26886,1.25602,1.25814,373823
2018-02-12,1.2586,1.26233,1.2556,1.25758,212927
2018-02-13,1.25758,1.2625,1.25663,1.25908,210410
2018-02-14,1.25908,1.26493,1.24891,1.24907,281711
2018-02-15,1.24907,1.25373,1.24653,1.24792,282483
2018-02-16,1.24792,1.25676,1.24502,1.25548,235333
2018-02-19,1.25606,1.25923,1.25276,1.25587,140909
2018-02-20,1.25587,1.26489,1.25536,1.26449,214412
2018-02-21,1.26449,1.27027,1.26251,1.27009,242609
2018-02-22,1.27009,1.27606,1.26718,1.27037,223703
2018-02-23,1.27037,1.27258,1.26135,1.26288,196771
2018-02-26,1.26393,1.27116,1.2615,1.26757,165262
2018-02-27,1.26757,1.27775,1.26681,1.27749,213834
2018-02-28,1.27749,1.28418,1.27617,1.28286,195637
2018-03-01,1.28286,1.28955,1.28088,1.28368,239481
2018-03-02,1.28368,1.29156,1.28198,1.28849,210641
2018-03-05,1.28775,1.3001,1.2869,1.29647,197583
2018-03-06,1.29647,1.29948,1.28623,1.28748,220740
2018-03-07,1.28748,1.30009,1.28745,1.29105,261015
2018-03-08,1.29105,1.29611,1.28672,1.28955,240790
2018-03-09,1.28955,1.2909,1.28064,1.28096,225661
2018-03-12,1.28099,1.28452,1.28034,1.28411,180125
2018-03-13,1.28411,1.29844,1.28302,1.29637,215622
2018-03-14,1.29637,1.29761,1.29212,1.2952,221651
2018-03-15,1.2952,1.30674,1.29452,1.30525,189785
2018-03-16,1.30525,1.30987,1.3046,1.30946,159964
2018-03-19,1.30885,1.31246,1.30468,1.30779,191037
2018-03-20,1.30779,1.31033,1.30529,1.3071,201571
2018-03-21,1.3071,1.30768,1.28901,1.29024,249772
2018-03-22,1.29024,1.29486,1.28297,1.29378,250751
2018-03-23,1.29378,1.29402,1.2824,1.28936,280736
2018-03-25,1.288,1.29187,1.284,1.28807,24458
2018-03-26,1.28887,1.29222,1.28394,1.28425,185684
2018-03-27,1.28425,1.2903,1.2815,1.28843,189213
2018-03-28,1.28843,1.29335,1.28632,1.29212,261024
2018-03-29,1.29212,1.29399,1.28616,1.28821,218713
2018-03-30,1.28821,1.29006,1.28603,1.28954,72406
2018-04-01,1.28932,1.2929,1.28633,1.28929,21180
2018-04-02,1.28949,1.29435,1.28626,1.29116,139777
2018-04-03,1.29116,1.29237,1.27811,1.2806,179275
2018-04-04,1.2806,1.28478,1.27572,1.27679,207158
2018-04-05,1.27679,1.28066,1.27442,1.27474,187487
2018-04-06,1.27474,1.27956,1.27315,1.27799,223060
2018-04-08,1.2781,1.28169,1.27007,1.27787,22749
2018-04-09,1.27667,1.28191,1.26875,1.26963,173073
2018-04-10,1.26963,1.27083,1.25883,1.2601,178611
2018-04-11,1.2601,1.26235,1.25444,1.25795,165069
2018-04-12,1.25795,1.26225,1.25617,1.25874,180386
2018-04-13,1.25874,1.26173,1.25521,1.26087,147301
2018-04-15,1.26013,1.26225,1.257,1.26018,16590
2018-04-16,1.25964,1.26233,1.25615,1.25644,129219
2018-04-17,1.25644,1.25796,1.25273,1.25493,140432
2018-04-18,1.25493,1.26595,1.25457,1.26265,190086
2018-04-19,1.26265,1.26762,1.25856,1.26712,204246
2018-04-20,1.26712,1.27647,1.26306,1.27645,207849
2018-04-22,1.27667,1.28477,1.2749,1.27667,16508
2018-04-23,1.27492,1.28576,1.27492,1.28476,164929
2018-04-24,1.28476,1.2861,1.28125,1.28329,185816
2018-04-25,1.28329,1.28975,1.28208,1.28401,186147
2018-04-26,1.28401,1.28853,1.28212,1.2869,227937
2018-04-27,1.2869,1.29003,1.28262,1.28273,173178
2018-04-29,1.28424,1.28739,1.28151,1.28398,20692
2018-04-30,1.28352,1.28746,1.28052,1.28425,186384
2018-05-01,1.28425,1.29139,1.28205,1.28452,211140
2018-05-02,1.28452,1.28877,1.28035,1.28824,257602
2018-05-03,1.28824,1.29086,1.28164,1.28464,247642
2018-05-04,1.28464,1.29175,1.2836,1.28477,204596
2018-05-06,1.28562,1.28905,1.2837,1.28558,19903
2018-05-07,1.28455,1.28994,1.28395,1.28809,155999
2018-05-08,1.28809,1.29976,1.28761,1.29471,263709
2018-05-09,1.29471,1.29748,1.28252,1.28522,221284
2018-05-10,1.28522,1.28626,1.27428,1.27667,271630
2018-05-11,1.27667,1.27997,1.27289,1.27915,175002
2018-05-13,1.27811,1.27905,1.27538,1.2781,16648
2018-05-14,1.27915,1.28126,1.27502,1.28124,161058
2018-05-15,1.28124,1.29245,1.2792,1.28764,256562
2018-05-16,1.28764,1.28767,1.27779,1.27898,265894
2018-05-17,1.27898,1.28223,1.27496,1.28047,237507
2018-05-18,1.28047,1.29113,1.27913,1.28801,228431
2018-05-20,1.28788,1.28893,1.2831,1.28771,27537
2018-05-21,1.28719,1.28903,1.2782,1.27845,187297
2018-05-22,1.27845,1.28225,1.27424,1.28178,199251
2018-05-23,1.28178,1.29155,1.28121,1.28302,292287
2018-05-24,1.28302,1.29205,1.28288,1.28811,266642
2018-05-25,1.28811,1.29883,1.2876,1.29701,239523
2018-05-27,1.29762,1.30178,1.2972,1.29761,29098
2018-05-28,1.29631,1.30218,1.296,1.29934,160753
2018-05-29,1.29934,1.30468,1.29679,1.30154,272892
2018-05-30,1.30154,1.304,1.28359,1.28729,308137
2018-05-31,1.28729,1.29906,1.28184,1.29566,313422
2018-06-01,1.29566,1.30078,1.29308,1.29522,258052
2018-06-03,1.29558,1.29558,1.29,1.2954,24989
2018-06-04,1.29506,1.29642,1.28998,1.29302,238484
2018-06-05,1.29302,1.30671,1.29143,1.29661,276592
2018-06-06,1.29661,1.29735,1.28562,1.29429,289375
2018-06-07,1.29429,1.30013,1.29354,1.29708,256990
2018-06-08,1.29708,1.30386,1.29205,1.29257,270992
2018-06-10,1.29685,1.30259,1.2955,1.29689,18340
2018-06-11,1.29986,1.3028,1.29552,1.29782,175122
2018-06-12,1.29782,1.30297,1.29765,1.30126,251683
2018-06-13,1.30126,1.30518,1.29552,1.29858,256038
2018-06-14,1.29858,1.31094,1.29495,1.31033,287030
2018-06-15,1.31033,1.32056,1.30968,1.32022,270129
2018-06-17,1.31981,1.32293,1.31601,1.3197,23742
2018-06-18,1.31837,1.32373,1.31592,1.31994,192245
2018-06-19,1.31994,1.32917,1.31958,1.32857,296568
2018-06-20,1.32857,1.33213,1.3269,1.3305,258849
2018-06-21,1.3305,1.33353,1.32828,1.33113,302556
2018-06-22,1.33113,1.33821,1.326,1.32605,243799
2018-06-24,1.328,1.33187,1.32723,1.32788,30192
2018-06-25,1.3267,1.33247,1.32664,1.3297,210136
2018-06-26,1.3297,1.33294,1.32807,1.33066,216131
2018-06-27,1.33066,1.33861,1.32772,1.33405,273502
2018-06-28,1.33405,1.33514,1.32415,1.32484,265370
2018-06-29,1.32484,1.32692,1.31301,1.31332,302036
2018-07-01,1.31474,1.32157,1.31469,1.31478,46147
2018-07-02,1.31505,1.3225,1.31392,1.31843,203379
2018-07-03,1.31843,1.32081,1.31325,1.31383,207221
2018-07-04,1.31383,1.31614,1.31119,1.3141,165683
2018-07-05,1.3141,1.31603,1.31152,1.31306,205390
2018-07-06,1.31306,1.31506,1.30766,1.30888,218739
2018-07-08,1.30957,1.31114,1.3066,1.30959,28442
2018-07-09,1.30872,1.31229,1.30661,1.31067,191804
2018-07-10,1.31067,1.31461,1.31009,1.31117,187613
2018-07-11,1.31117,1.32153,1.30642,1.32089,292639
2018-07-12,1.32089,1.32184,1.31495,1.31538,229188
2018-07-13,1.31538,1.32087,1.31501,1.31528,213650
2018-07-15,1.31574,1.31606,1.31107,1.3156,30425
2018-07-16,1.31547,1.31626,1.31095,1.31328,181851
2018-07-17,1.31328,1.32191,1.31108,1.31905,220848
2018-07-18,1.31905,1.32598,1.31618,1.31672,227674
2018-07-19,1.31672,1.32896,1.316,1.32719,280202
2018-07-20,1.32719,1.32897,1.31147,1.31413,319385
2018-07-22,1.31192,1.31594,1.3114,1.31182,39645
2018-07-23,1.31308,1.31794,1.31146,1.31701,196306
2018-07-24,1.31701,1.31914,1.31358,1.3154,211207
2018-07-25,1.3154,1.31663,1.30246,1.3046,280101
2018-07-26,1.3046,1.30931,1.30248,1.30719,247654
2018-07-27,1.30719,1.3079,1.30398,1.30589,223309
2018-07-29,1.30634,1.30781,1.2993,1.3061,22768
2018-07-30,1.305,1.30789,1.29945,1.30353,171035
2018-07-31,1.30353,1.30964,1.29814,1.30055,272250
2018-08-01,1.30055,1.30327,1.29752,1.30026,210183
2018-08-02,1.30026,1.30395,1.29939,1.30228,185283
2018-08-03,1.30228,1.30391,1.2968,1.29904,230980
2018-08-05,1.30131,1.30373,1.29877,1.30138,22406
2018-08-06,1.2992,1.30397,1.29873,1.3002,137314
2018-08-07,1.3002,1.30752,1.29623,1.30527,178488
2018-08-08,1.30527,1.312,1.30066,1.3021,209234
2018-08-09,1.3021,1.30642,1.30002,1.30503,179532
2018-08-10,1.30503,1.31533,1.30378,1.31367,324068
2018-08-12,1.31498,1.31688,1.31039,1.315,47595
2018-08-13,1.3163,1.31709,1.31036,1.31331,283813
2018-08-14,1.31331,1.31366,1.30565,1.30582,240272
2018-08-15,1.30582,1.31746,1.30504,1.31408,265285
2018-08-16,1.31408,1.31746,1.31138,1.31556,247600
2018-08-17,1.31556,1.31694,1.3052,1.30612,224878
2018-08-19,1.3058,1.30895,1.30489,1.30598,25998
2018-08-20,1.30596,1.30926,1.30398,1.30409,180833
2018-08-21,1.30409,1.30574,1.30139,1.3034,218956
2018-08-22,1.3034,1.30443,1.29868,1.29965,239852
2018-08-23,1.29965,1.30993,1.29919,1.30808,209398
2018-08-24,1.30808,1.31034,1.30112,1.30252,232920
2018-08-26,1.30101,1.30653,1.2953,1.30088,26654
2018-08-27,1.30167,1.30673,1.29531,1.29668,203527
2018-08-28,1.29668,1.29826,1.28873,1.29313,221683
2018-08-29,1.29313,1.29629,1.29029,1.29068,236117
2018-08-30,1.29068,1.30003,1.29034,1.29802,245692
2018-08-31,1.29802,1.30885,1.29693,1.30417,289224
2018-09-02,1.3061,1.31021,1.3044,1.306,28294
2018-09-03,1.30703,1.3103,1.30448,1.30916,138410
2018-09-04,1.30916,1.3208,1.30894,1.31878,244439
2018-09-05,1.31878,1.32063,1.31583,1.31774,265310
2018-09-06,1.31774,1.32264,1.31281,1.31406,246218
2018-09-07,1.31406,1.31904,1.31097,1.31663,268561
2018-09-09,1.31726,1.31978,1.31517,1.3169,25206
2018-09-10,1.31647,1.3198,1.31513,1.31633,159853
2018-09-11,1.31633,1.31748,1.30422,1.30668,190569
2018-09-12,1.30668,1.30784,1.29805,1.29968,239960
2018-09-13,1.29968,1.30256,1.2976,1.29965,205683
2018-09-14,1.29965,1.30544,1.29829,1.30399,203096
2018-09-16,1.30442,1.30479,1.3002,1.30427,4528
2018-09-17,1.30369,1.30486,1.30028,1.30422,153127
2018-09-18,1.30422,1.30645,1.29719,1.29744,248201
2018-09-19,1.29744,1.30154,1.29,1.29165,228429
2018-09-20,1.29165,1.29328,1.28843,1.29025,248439
2018-09-21,1.29025,1.29433,1.28856,1.29116,215372
2018-09-23,1.2913,1.29483,1.2908,1.2913,0
2018-09-24,1.29257,1.29557,1.29089,1.29543,168605
2018-09-25,1.29543,1.29728,1.2936,1.29525,164068
2018-09-26,1.29525,1.30256,1.2945,1.30172,199227
2018-09-27,1.30172,1.30818,1.30118,1.30412,211391
2018-09-28,1.30412,1.30486,1.29033,1.29077,178479
2018-09-30,1.28407,1.28621,1.27869,1.28406,0
2018-10-01,1.28469,1.28884,1.27823,1.28123,193908
2018-10-02,1.28123,1.28411,1.27994,1.2823,184918
2018-10-03,1.2823,1.2883,1.28073,1.28636,207192
2018-10-04,1.28636,1.29377,1.2857,1.29217,209650
2018-10-05,1.29217,1.29555,1.28847,1.29389,196003
2018-10-07,1.29482,1.301,1.2942,1.2948,0
2018-10-08,1.2945,1.30105,1.29358,1.29602,158901
2018-10-09,1.29602,1.30036,1.29354,1.29438,226912
2018-10-10,1.29438,1.30694,1.29267,1.30662,228695
2018-10-11,1.30662,1.30718,1.3015,1.30316,354983
2018-10-12,1.30316,1.30523,1.30026,1.30191,252974
2018-10-14,1.30226,1.30505,1.29552,1.30233,0
2018-10-15,1.30153,1.30514,1.2955,1.29882,254565
2018-10-16,1.29882,1.2999,1.29162,1.29333,206539
2018-10-17,1.29333,1.30259,1.2932,1.30184,247707
2018-10-18,1.30184,1.30889,1.30153,1.30846,257949
2018-10-19,1.30846,1.31322,1.30278,1.30998,271631
2018-10-21,1.31,1.31163,1.3078,1.31034,43346
2018-10-22,1.3091,1.31264,1.30793,1.30998,242943
2018-10-23,1.30998,1.31224,1.3076,1.30834,277095
2018-10-24,1.30834,1.31002,1.29692,1.30557,341442
2018-10-25,1.30557,1.30984,1.30151,1.30702,288713
2018-10-26,1.30702,1.31597,1.30679,1.31038,338974
2018-10-29,1.3093,1.31493,1.30823,1.31323,254007
2018-10-30,1.31323,1.31473,1.31006,1.31099,261226
2018-10-31,1.31099,1.31702,1.31049,1.31561,249815
2018-11-01,1.31561,1.31689,1.30687,1.30859,251439
2018-11-02,1.30859,1.31191,1.30487,1.30989,280796
2018-11-05,1.3089,1.31159,1.30711,1.3109,199333
2018-11-06,1.3109,1.31446,1.31014,1.31238,194975
2018-11-07,1.31238,1.31587,1.30561,1.31107,300027
2018-11-08,1.31107,1.31838,1.30877,1.31544,295611
2018-11-09,1.31544,1.32333,1.31404,1.32074,261234
2018-11-12,1.3201,1.32497,1.31828,1.32455,235203
2018-11-13,1.32455,1.32636,1.32153,1.32309,286020
2018-11-14,1.32309,1.3264,1.32075,1.32404,307294
2018-11-15,1.32404,1.32492,1.3156,1.31767,281273
2018-11-16,1.31767,1.31866,1.31271,1.31448,228894
2018-11-19,1.31528,1.3202,1.31413,1.31696,193492
2018-11-20,1.31696,1.33179,1.31553,1.33064,277266
2018-11-21,1.33064,1.33172,1.32281,1.32313,216097
2018-11-22,1.32313,1.32452,1.3181,1.31859,151414
2018-11-23,1.31859,1.32585,1.31822,1.32334,256239
2018-11-26,1.32214,1.32612,1.31869,1.32509,182584
2018-11-27,1.32509,1.33282,1.32355,1.32959,216803
2018-11-28,1.32959,1.33599,1.3242,1.32742,267030
2018-11-29,1.32742,1.33126,1.32533,1.32822,263188
2018-11-30,1.32822,1.33337,1.32722,1.32858,234815
2018-12-03,1.3235,1.32678,1.31599,1.31971,266227
2018-12-04,1.31971,1.32667,1.31639,1.32618,298384
2018-12-05,1.32618,1.33993,1.32527,1.33526,190755
2018-12-06,1.33526,1.34449,1.33514,1.33813,341875
2018-12-07,1.33813,1.34005,1.32537,1.33217,311518
2018-12-10,1.3333,1.34166,1.32929,1.33967,257142
2018-12-11,1.33967,1.34242,1.33782,1.33898,239915
2018-12-12,1.33898,1.3396,1.33224,1.33504,240763
2018-12-13,1.33504,1.33839,1.33382,1.33511,220873
2018-12-14,1.33511,1.34015,1.33458,1.33829,213790
2018-12-17,1.33784,1.34207,1.33724,1.34064,228816
2018-12-18,1.34064,1.34967,1.33907,1.3462,264411
2018-12-19,1.3462,1.35075,1.34153,1.34841,317196
2018-12-20,1.34841,1.35305,1.34465,1.35079,357713
2018-12-21,1.35079,1.36017,1.3493,1.35984,346888
2018-12-24,1.3594,1.36111,1.35648,1.36098,233603
2018-12-25,1.3608,1.3728,1.35381,1.3608,0
2018-12-26,1.36098,1.36183,1.35672,1.35736,139957
2018-12-27,1.35736,1.36607,1.35662,1.36168,315703
2018-12-28,1.36168,1.36614,1.35948,1.36374,256896
2018-12-31,1.3638,1.36648,1.36089,1.36461,169371
2019-01-01,1.33943,1.3646,1.32631,1.33943,0
2019-01-02,1.36461,1.36625,1.35691,1.35769,265983
2019-01-03,1.35769,1.36544,1.34691,1.34874,372514
2019-01-04,1.34874,1.34961,1.33706,1.33706,295002
2019-01-07,1.33782,1.33888,1.32784,1.32978,193594
2019-01-08,1.32978,1.3323,1.32675,1.32727,188344
2019-01-09,1.32727,1.32786,1.31798,1.32089,267452
2019-01-10,1.32089,1.32592,1.3201,1.32356,216184
2019-01-11,1.32356,1.32786,1.31834,1.32639,200528
2019-01-14,1.32567,1.32977,1.32527,1.32844,173519
2019-01-15,1.32844,1.32941,1.32262,1.32654,227247
2019-01-16,1.32654,1.32842,1.32353,1.32518,203902
2019-01-17,1.32518,1.33189,1.32472,1.32767,215455
2019-01-18,1.32767,1.32842,1.32277,1.32648,181120
2019-01-21,1.32655,1.33182,1.32511,1.32921,161533
2019-01-22,1.32921,1.33575,1.32921,1.33538,181080
2019-01-23,1.33538,1.33711,1.3305,1.33441,190121
2019-01-24,1.33441,1.33751,1.33292,1.33474,229723
2019-01-25,1.33474,1.3361,1.32146,1.32153,211274
2019-01-28,1.32179,1.32857,1.32032,1.32601,149956
2019-01-29,1.32601,1.32848,1.32415,1.32685,200623
2019-01-30,1.32685,1.32816,1.31185,1.31476,263320
2019-01-31,1.31476,1.31653,1.31203,1.31233,225705
2019-02-01,1.31233,1.31575,1.30684,1.30993,208773
2019-02-04,1.30989,1.31475,1.30854,1.31098,144941
2019-02-05,1.31098,1.31532,1.31021,1.31262,144516
2019-02-06,1.31262,1.32151,1.31242,1.32123,184361
2019-02-07,1.32123,1.33172,1.32036,1.3308,182651
2019-02-08,1.3308,1.33291,1.32321,1.32745,189409
2019-02-11,1.32692,1.3319,1.32616,1.33001,169022
2019-02-12,1.33001,1.33148,1.32331,1.32351,174524
2019-02-13,1.32351,1.32594,1.31962,1.32543,162469
2019-02-14,1.32543,1.33401,1.32289,1.32946,214102
2019-02-15,1.32946,1.33131,1.3242,1.32421,189331
2019-02-18,1.325,1.3255,1.32252,1.32368,125326
2019-02-19,1.32368,1.32814,1.32055,1.321,188553
2019-02-20,1.321,1.32164,1.31502,1.31742,202526
2019-02-21,1.31742,1.32346,1.31622,1.32312,259312
2019-02-22,1.32312,1.32421,1.31331,1.31348,203145
2019-02-25,1.31339,1.31974,1.31127,1.31871,199150
2019-02-26,1.31871,1.32357,1.3155,1.31684,183187
2019-02-27,1.31684,1.31762,1.31179,1.31555,442272
2019-02-28,1.31555,1.32073,1.31402,1.31718,222213
2019-03-01,1.31718,1.33062,1.31299,1.32964,246819
2019-03-04,1.3274,1.33376,1.3274,1.3302,197031
2019-03-05,1.3302,1.33604,1.33,1.33485,177457
2019-03-06,1.33485,1.34573,1.33479,1.34415,202718
2019-03-07,1.34415,1.34674,1.34135,1.34534,228459
2019-03-08,1.34534,1.34662,1.33903,1.34158,225565
2019-03-11,1.34155,1.34398,1.33923,1.33929,167487
2019-03-12,1.33929,1.34172,1.33524,1.3353,185631
2019-03-13,1.3353,1.33713,1.32905,1.32994,177636
2019-03-14,1.32994,1.33471,1.32869,1.33339,188117
2019-03-15,1.33339,1.33713,1.32891,1.33353,182885
2019-03-18,1.333,1.33655,1.33016,1.33342,165171
2019-03-19,1.33342,1.33445,1.32506,1.33182,207038
2019-03-20,1.33182,1.33477,1.32574,1.33032,210129
2019-03-21,1.33032,1.33999,1.32752,1.33628,248162
2019-03-22,1.33628,1.34291,1.3352,1.34269,301003
2019-03-25,1.34245,1.34445,1.33992,1.34035,217058
2019-03-26,1.34035,1.3417,1.3372,1.33803,197143
2019-03-27,1.33803,1.34398,1.33769,1.34076,225982
2019-03-28,1.34076,1.34509,1.33961,1.34364,236410
2019-03-29,1.34364,1.34423,1.33415,1.33462,192578
2019-03-31,1.3348,1.3366,1.33362,1.3347,0
2019-04-01,1.33452,1.33707,1.32976,1.33064,195471
2019-04-02,1.33064,1.3374,1.33021,1.33361,183654
2019-04-03,1.33361,1.33534,1.32962,1.33423,181930
2019-04-04,1.33423,1.33726,1.33364,1.33584,158121
2019-04-05,1.33584,1.34029,1.33489,1.33809,162430
2019-04-07,1.33737,1.33857,1.33154,1.3371,0
2019-04-08,1.3384,1.33875,1.33048,1.33125,136554
2019-04-09,1.33125,1.33319,1.32839,1.33283,144622
2019-04-10,1.33283,1.33598,1.33062,1.33167,165328
2019-04-11,1.33167,1.33958,1.33091,1.3382,144344
2019-04-12,1.3382,1.3386,1.33127,1.33244,169023
2019-04-14,1.33335,1.3388,1.3297,1.33325,0
2019-04-15,1.33355,1.33903,1.32973,1.33667,139780
2019-04-16,1.33667,1.34029,1.33461,1.33493,158476
2019-04-17,1.33493,1.33724,1.32744,1.33413,170562
2019-04-18,1.33413,1.33996,1.33329,1.33733,180246
2019-04-19,1.33733,1.33924,1.3365,1.33895,135973
2019-04-21,1.3382,1.3382,1.3349,1.33809,0
2019-04-22,1.33855,1.33905,1.33352,1.33462,107453
2019-04-23,1.33462,1.3443,1.33431,1.34213,151508
2019-04-24,1.34213,1.35214,1.34148,1.3489,228526
2019-04-25,1.3489,1.35168,1.34818,1.34853,179178
2019-04-26,1.34853,1.3498,1.34518,1.3455,217091
2019-04-28,1.346,1.34788,1.3446,1.346,0
2019-04-29,1.34527,1.34797,1.34399,1.34571,131594
2019-04-30,1.34571,1.34807,1.3381,1.3388,212787
2019-05-01,1.3388,1.34609,1.3377,1.3444,172337
2019-05-02,1.3444,1.34765,1.34307,1.34744,180797
2019-05-03,1.34744,1.34895,1.34063,1.34198,175906
2019-05-05,1.347,1.34932,1.3443,1.34722,0
2019-05-06,1.346,1.3494,1.34324,1.34456,211858
2019-05-07,1.34456,1.3489,1.34099,1.3473,213099
2019-05-08,1.3473,1.34866,1.34448,1.34733,231199
2019-05-09,1.34733,1.35056,1.3459,1.34755,256403
2019-05-10,1.34755,1.34851,1.33804,1.34131,317926
2019-05-12,1.344,1.34758,1.3418,1.34394,0
2019-05-13,1.34213,1.34845,1.34158,1.34748,235883
2019-05-14,1.34748,1.34874,1.3456,1.34608,195542
2019-05-15,1.34608,1.34935,1.34271,1.34381,223777
2019-05-16,1.34381,1.34696,1.3401,1.34604,185508
2019-05-17,1.34604,1.35135,1.34348,1.34619,244514
2019-05-19,1.34462,1.34469,1.34162,1.34469,0
2019-05-20,1.344,1.34566,1.34161,1.34282,191243
2019-05-21,1.34282,1.34335,1.33956,1.3405,206701
2019-05-22,1.3405,1.34377,1.33569,1.34367,205351
2019-05-23,1.34367,1.35023,1.34291,1.34735,257501
2019-05-24,1.34735,1.34825,1.34301,1.3441,206616
2019-05-26,1.34376,1.34517,1.3428,1.3435,0
2019-05-27,1.34362,1.34529,1.34295,1.34426,109202
2019-05-28,1.34426,1.3499,1.34334,1.34925,211248
2019-05-29,1.34925,1.35465,1.34811,1.35192,280205
2019-05-30,1.35192,1.35204,1.34855,1.34995,196623
2019-05-31,1.34995,1.3565,1.34933,1.35156,304916
2019-06-02,1.3519,1.35227,1.34621,1.35202,0
2019-06-03,1.3517,1.3527,1.34348,1.34369,291378
2019-06-04,1.34369,1.345,1.33813,1.33945,276326
2019-06-05,1.33945,1.34283,1.33628,1.34146,271640
2019-06-06,1.34146,1.34303,1.33577,1.33617,256983
2019-06-07,1.33617,1.3368,1.32622,1.32657,247669
2019-06-09,1.3267,1.32779,1.32516,1.32689,0
2019-06-10,1.3238,1.32809,1.3238,1.32685,171318
2019-06-11,1.32685,1.3309,1.32503,1.32833,180899
2019-06-12,1.32833,1.33448,1.32734,1.33428,182752
2019-06-13,1.33428,1.33435,1.33002,1.33261,186553
2019-06-14,1.33261,1.34228,1.33234,1.34088,191679
2019-06-16,1.3408,1.34181,1.3393,1.3409,21985
2019-06-17,1.3407,1.342,1.33932,1.34125,135447
2019-06-18,1.34125,1.34324,1.3375,1.33759,210879
2019-06-19,1.33759,1.33834,1.32793,1.32798,245358
2019-06-20,1.32798,1.32859,1.3151,1.31918,263912
2019-06-21,1.31918,1.32295,1.31624,1.3219,222791
2019-06-23,1.32008,1.32127,1.3176,1.32004,25294
2019-06-24,1.32113,1.32161,1.31777,1.31795,155847
2019-06-25,1.31795,1.32085,1.31524,1.31687,234835
2019-06-26,1.31687,1.3196,1.31069,1.31256,180120
2019-06-27,1.31256,1.3138,1.30915,1.30944,146879
2019-06-28,1.30944,1.31024,1.30595,1.30869,169743
2019-06-30,1.30905,1.31274,1.3083,1.30904,38174
2019-07-01,1.30761,1.31453,1.30701,1.31348,156895
2019-07-02,1.31348,1.31386,1.30967,1.31064,156452
2019-07-03,1.31064,1.31194,1.3055,1.3055,134969
2019-07-04,1.3055,1.30795,1.30374,1.30459,88606
2019-07-05,1.30459,1.31368,1.30443,1.30782,148458
2019-07-07,1.30782,1.30984,1.3049,1.30756,21302
2019-07-08,1.30679,1.31032,1.30492,1.30964,109678
2019-07-09,1.30964,1.31414,1.30874,1.31261,120930
2019-07-10,1.31261,1.31443,1.30622,1.30808,191415
2019-07-11,1.30808,1.30916,1.3042,1.30708,157575
2019-07-12,1.30708,1.3074,1.3018,1.30262,129939
2019-07-14,1.3032,1.30503,1.3019,1.3033,38418
2019-07-15,1.30327,1.30536,1.30214,1.30486,117749
2019-07-16,1.30486,1.3092,1.30228,1.30876,140977
2019-07-17,1.30876,1.30935,1.30353,1.30525,119762
2019-07-18,1.30525,1.30956,1.30254,1.30274,158732
2019-07-19,1.30274,1.31098,1.30159,1.30585,172995
2019-07-21,1.30552,1.31173,1.30398,1.3052,28380
2019-07-22,1.30571,1.31199,1.30406,1.31172,107383
2019-07-23,1.31172,1.31641,1.31119,1.31307,132915
2019-07-24,1.31307,1.31508,1.31189,1.31368,125135
2019-07-25,1.31368,1.31674,1.31153,1.31647,177714
2019-07-26,1.31647,1.31992,1.31553,1.31655,123381
2019-07-28,1.3168,1.31818,1.31485,1.3169,12376
2019-07-29,1.31602,1.31826,1.3149,1.31616,90803
2019-07-30,1.31616,1.31922,1.31438,1.31507,115583
2019-07-31,1.31507,1.32146,1.31052,1.31908,248039
2019-08-01,1.31908,1.32474,1.31828,1.32111,243137
2019-08-02,1.32111,1.32659,1.31991,1.32012,249158
2019-08-04,1.32033,1.3247,1.31776,1.32029,57969
2019-08-05,1.32063,1.32475,1.31775,1.32025,212207
2019-08-06,1.32025,1.32912,1.3187,1.32778,237558
2019-08-07,1.32778,1.33448,1.3264,1.33015,289599
2019-08-08,1.33015,1.33141,1.32215,1.32242,206653
2019-08-09,1.32242,1.3274,1.31961,1.32148,171727
2019-08-11,1.3215,1.32495,1.32127,1.32174,19799
2019-08-12,1.32009,1.32505,1.31974,1.32376,162323
2019-08-13,1.32376,1.32933,1.31848,1.32228,250440
2019-08-14,1.32228,1.33258,1.32107,1.33191,255099
2019-08-15,1.33191,1.33392,1.32852,1.33126,274662
2019-08-16,1.33126,1.33249,1.32606,1.32626,158507
2019-08-18,1.32679,1.3308,1.3251,1.32669,0
2019-08-19,1.32695,1.33372,1.32509,1.33236,118265
2019-08-20,1.33236,1.3346,1.33086,1.33174,124919
2019-08-21,1.33174,1.33247,1.32495,1.32863,142167
2019-08-22,1.32863,1.33153,1.32751,1.3303,154835
2019-08-23,1.3303,1.33393,1.32768,1.32825,233488
2019-08-25,1.3312,1.3314,1.32676,1.3313,38139
2019-08-26,1.3292,1.33193,1.32467,1.32538,240666
2019-08-27,1.32538,1.33008,1.3225,1.32819,184460
2019-08-28,1.32819,1.33183,1.32758,1.33062,180055
2019-08-29,1.33062,1.33189,1.32726,1.32868,178750
2019-08-30,1.32868,1.33331,1.32467,1.33078,163199
2019-09-01,1.33183,1.3358,1.331,1.3317,21847
2019-09-02,1.3314,1.33609,1.3312,1.33213,93205
2019-09-03,1.33213,1.33825,1.33193,1.33359,172756
2019-09-04,1.33359,1.33445,1.32186,1.32224,176088
2019-09-05,1.32224,1.32466,1.31912,1.32276,159668
2019-09-06,1.32276,1.32444,1.31581,1.31641,171735
2019-09-08,1.31686,1.31763,1.31392,1.3168,24161
2019-09-09,1.3175,1.3177,1.31391,1.31681,121569
2019-09-10,1.31681,1.31915,1.3134,1.3152,134484
2019-09-11,1.3152,1.32145,1.31392,1.31928,136356
2019-09-12,1.31928,1.32208,1.31766,1.32096,185045
2019-09-13,1.32096,1.32869,1.32028,1.32844,132336
2019-09-15,1.32138,1.32702,1.3213,1.3213,44782
2019-09-16,1.322,1.32713,1.32093,1.324,188466
2019-09-17,1.324,1.32996,1.32332,1.32435,174120
2019-09-18,1.32435,1.33103,1.32367,1.32879,163777
2019-09-19,1.32879,1.33073,1.3242,1.32606,138120
2019-09-20,1.32606,1.33008,1.32535,1.32622,135963
2019-09-22,1.32669,1.33039,1.32622,1.3266,15402
2019-09-23,1.32582,1.33048,1.32546,1.32633,110339
2019-09-24,1.32633,1.32746,1.32322,1.32415,123508
2019-09-25,1.32415,1.32885,1.32352,1.32668,131708
2019-09-26,1.32668,1.32763,1.32317,1.32677,129996
2019-09-27,1.32677,1.32785,1.3214,1.32367,148862
2019-09-29,1.32368,1.32581,1.3222,1.3235,0
2019-09-30,1.32367,1.32597,1.32242,1.32401,122607
2019-10-01,1.32401,1.32905,1.32096,1.32196,155317
2019-10-02,1.32196,1.33279,1.3206,1.33228,136984
2019-10-03,1.33228,1.33477,1.33094,1.3334,159916
2019-10-04,1.3334,1.33387,1.32968,1.33064,149362
2019-10-06,1.3304,1.33304,1.3287,1.33063,17567
2019-10-07,1.3323,1.33306,1.32902,1.33091,124738
2019-10-08,1.33091,1.33367,1.32878,1.33253,157248
2019-10-09,1.33253,1.33386,1.32952,1.33316,134319
2019-10-10,1.33316,1.33458,1.32687,1.32851,169148
2019-10-11,1.32851,1.33001,1.3171,1.31918,191442
2019-10-13,1.32022,1.32333,1.3199,1.3199,15968
2019-10-14,1.31996,1.32393,1.31913,1.32345,96873
2019-10-15,1.32345,1.32395,1.31957,1.31992,125678
2019-10-16,1.31992,1.32327,1.31844,1.31974,133817
2019-10-17,1.31974,1.32118,1.3131,1.31363,131781
2019-10-18,1.31363,1.31457,1.31195,1.31233,90066
2019-10-20,1.31317,1.31363,1.3096,1.3132,12690
2019-10-21,1.31328,1.31383,1.30821,1.30879,92719
2019-10-22,1.30879,1.31229,1.3071,1.30924,116829
2019-10-23,1.30924,1.31095,1.30685,1.30711,96009
2019-10-24,1.30711,1.30931,1.30532,1.30707,121713
2019-10-25,1.30707,1.30767,1.30551,1.30551,92727
2019-10-28,1.30598,1.30784,1.30492,1.30552,94700
2019-10-29,1.30552,1.31005,1.30421,1.30865,98237
2019-10-30,1.30865,1.32083,1.30745,1.31585,147535
2019-10-31,1.31585,1.31782,1.31353,1.31638,148382
2019-11-01,1.31638,1.31961,1.31381,1.31381,153080
2019-11-04,1.31363,1.31606,1.31277,1.31502,103543
2019-11-05,1.31502,1.31784,1.31152,1.31563,139495
2019-11-06,1.31563,1.31929,1.31397,1.31807,107090
2019-11-07,1.31807,1.31971,1.316,1.31741,133414
2019-11-08,1.31741,1.32372,1.3172,1.32254,108683
2019-11-11,1.32182,1.32351,1.32127,1.32322,77707
2019-11-12,1.32322,1.32575,1.32165,1.32323,117807
2019-11-13,1.32323,1.32683,1.32271,1.325,116368
2019-11-14,1.325,1.32706,1.32439,1.32474,114901
2019-11-15,1.32474,1.3252,1.32165,1.32169,102108
2019-11-18,1.32224,1.32354,1.32002,1.32059,94617
2019-11-19,1.32059,1.32725,1.31902,1.3267,116080
2019-11-20,1.3267,1.33276,1.32624,1.3304,132711
2019-11-21,1.3304,1.33249,1.32697,1.32849,156854
2019-11-22,1.32849,1.33014,1.32543,1.32968,126181
2019-11-25,1.32953,1.33189,1.3285,1.32985,100993
2019-11-26,1.32985,1.33162,1.32693,1.32715,119054
2019-11-27,1.32715,1.32898,1.32602,1.32806,110472
2019-11-28,1.32806,1.32995,1.32753,1.32814,64653
2019-11-29,1.32814,1.33137,1.32706,1.3274,97868
2019-12-02,1.32704,1.33088,1.32704,1.3308,107572
2019-12-03,1.3308,1.33208,1.3283,1.32951,111882
2019-12-04,1.32951,1.32979,1.31923,1.32001,124966
2019-12-05,1.32001,1.32029,1.31584,1.31735,110718
2019-12-06,1.31735,1.327,1.31714,1.32483,94361
2019-12-09,1.32514,1.32652,1.32224,1.32395,81175
2019-12-10,1.32395,1.32497,1.32243,1.32301,102327
2019-12-11,1.32301,1.32397,1.31621,1.31729,108150
2019-12-12,1.31729,1.31942,1.31629,1.31789,276068
2019-12-13,1.31789,1.32048,1.31509,1.31667,183871
2019-12-16,1.31719,1.31861,1.31151,1.31495,117127
2019-12-17,1.31495,1.3185,1.31455,1.31596,107314
2019-12-18,1.31596,1.31758,1.31024,1.31142,100350
2019-12-19,1.31142,1.31381,1.31081,1.31251,90345
2019-12-20,1.31251,1.31812,1.31187,1.31565,104954
2019-12-23,1.31453,1.31767,1.31407,1.31465,93100
2019-12-24,1.31465,1.31678,1.31407,1.31649,64926
2019-12-25,1.3166,1.3181,1.315,1.3164,0
2019-12-26,1.31649,1.31649,1.31035,1.31112,37426
2019-12-27,1.31112,1.31206,1.30642,1.30847,106899
2019-12-30,1.30682,1.30846,1.30504,1.30688,122546
2019-12-31,1.30688,1.30688,1.29517,1.29753,109041
2020-01-01,1.3002,1.3011,1.29193,1.3002,0
2020-01-02,1.29753,1.30083,1.29687,1.29791,108427
2020-01-03,1.29791,1.30053,1.29612,1.29882,159340
2020-01-06,1.2986,1.29902,1.29602,1.29641,132685
2020-01-07,1.29641,1.30295,1.2957,1.30025,126591
2020-01-08,1.30025,1.30439,1.29762,1.3039,201697
2020-01-09,1.3039,1.31049,1.30261,1.30556,131392
2020-01-10,1.30556,1.30757,1.30292,1.30604,124665
2020-01-13,1.30503,1.30677,1.30318,1.30562,118081
2020-01-14,1.30562,1.30795,1.30469,1.30616,122043
2020-01-15,1.30616,1.30782,1.30351,1.30415,126045
2020-01-16,1.30415,1.30563,1.30322,1.30417,111790
2020-01-17,1.30417,1.30752,1.30338,1.30696,113657
2020-01-20,1.30573,1.30726,1.30435,1.30477,71551
2020-01-21,1.30477,1.30799,1.30446,1.307,122692
2020-01-22,1.307,1.31526,1.30359,1.3135,154436
2020-01-23,1.3135,1.31715,1.3124,1.3127,153630
2020-01-24,1.3127,1.31529,1.31174,1.3144,140419
2020-01-27,1.31535,1.32,1.3148,1.31939,159311
2020-01-28,1.31939,1.32059,1.31542,1.31554,133068
2020-01-29,1.31554,1.32097,1.3155,1.3199,115925
2020-01-30,1.3199,1.32267,1.3187,1.32083,159025
2020-01-31,1.32083,1.32532,1.31953,1.32363,176352
2020-02-03,1.32364,1.33038,1.32316,1.32855,180635
2020-02-04,1.32855,1.33017,1.32636,1.3276,154290
2020-02-05,1.3276,1.33031,1.32629,1.3282,171883
2020-02-06,1.3282,1.33094,1.32703,1.32839,136216
2020-02-07,1.32839,1.33211,1.3278,1.33021,152678
2020-02-10,1.33003,1.33295,1.32886,1.33165,147505
2020-02-11,1.33165,1.33202,1.32764,1.32851,121943
2020-02-12,1.32851,1.32958,1.32359,1.32496,118374
2020-02-13,1.32496,1.32712,1.32401,1.32672,147335
2020-02-14,1.32672,1.32693,1.32358,1.32493,97772
2020-02-17,1.32451,1.32504,1.32252,1.32345,62926
2020-02-18,1.32345,1.32785,1.32293,1.32597,120372
2020-02-19,1.32597,1.326,1.32152,1.32188,124132
2020-02-20,1.32188,1.32689,1.32119,1.32566,134839
2020-02-21,1.32566,1.32685,1.32022,1.32184,147230
2020-02-24,1.3252,1.33075,1.32419,1.32932,167058
2020-02-25,1.32932,1.33056,1.32673,1.3278,169260
2020-02-26,1.3278,1.33354,1.32715,1.33317,206114
2020-02-27,1.33317,1.33944,1.33165,1.33899,240202
2020-02-28,1.33899,1.34645,1.33781,1.34137,348292
2020-03-02,1.34332,1.34385,1.33149,1.3321,311168
2020-03-03,1.3321,1.33911,1.33185,1.33854,327613
2020-03-04,1.33854,1.34314,1.33269,1.33845,238871
2020-03-05,1.33845,1.34385,1.33829,1.3411,195181
2020-03-06,1.3411,1.34395,1.33794,1.34206,285216
2020-03-09,1.35494,1.37597,1.35175,1.36987,483919
2020-03-10,1.36987,1.37962,1.36091,1.37265,399527
2020-03-11,1.37265,1.37946,1.36814,1.37736,323770
2020-03-12,1.37736,1.39615,1.37071,1.39242,441487
2020-03-13,1.39242,1.3995,1.37816,1.38058,510603
2020-03-16,1.38887,1.40175,1.37283,1.4015,632226
2020-03-17,1.4015,1.42771,1.39609,1.42025,483898
2020-03-18,1.42025,1.46503,1.41666,1.45183,519959
2020-03-19,1.45183,1.46674,1.44203,1.45121,575268
2020-03-20,1.45121,1.45361,1.41486,1.4336,520978
2020-03-23,1.43516,1.45604,1.43355,1.4493,660034
2020-03-24,1.4493,1.45314,1.43746,1.44623,436501
2020-03-25,1.44623,1.44821,1.41776,1.4191,417781
2020-03-26,1.4191,1.42757,1.401,1.40193,356696
2020-03-27,1.40193,1.41544,1.39206,1.39712,387320
2020-03-29,1.40517,1.41829,1.40121,1.40469,61000
2020-03-30,1.40167,1.41836,1.40114,1.41636,386482
2020-03-31,1.41636,1.43493,1.40112,1.40584,473756
2020-04-01,1.40584,1.42716,1.40584,1.41867,399102
2020-04-02,1.41867,1.42983,1.40782,1.41355,432833
2020-04-03,1.41355,1.42243,1.40939,1.41969,390086
2020-04-05,1.42525,1.42553,1.40866,1.4252,69831
2020-04-06,1.42245,1.42612,1.40809,1.41077,388786
2020-04-07,1.41077,1.41433,1.39446,1.39923,422394
2020-04-08,1.39923,1.40816,1.3985,1.40121,349016
2020-04-09,1.40121,1.40774,1.39311,1.3971,412769
2020-04-10,1.3971,1.40085,1.39442,1.39515,55582
2020-04-12,1.3964,1.39867,1.39251,1.39684,35418
2020-04-13,1.3923,1.4001,1.38553,1.39032,229727
2020-04-14,1.39032,1.3925,1.38626,1.3882,235765
2020-04-15,1.3882,1.41321,1.38762,1.41138,295948
2020-04-16,1.41138,1.41823,1.40628,1.4081,294486
2020-04-17,1.4081,1.41178,1.39969,1.39972,290577
2020-04-19,1.40485,1.41321,1.4037,1.4048,35323
2020-04-20,1.40145,1.4151,1.40142,1.4148,281258
2020-04-21,1.4148,1.4265,1.41135,1.42093,485521
2020-04-22,1.42093,1.42375,1.4115,1.416,345403
2020-04-23,1.416,1.41983,1.40003,1.40726,316970
2020-04-24,1.40726,1.41201,1.40238,1.40934,268395
2020-04-26,1.4109,1.41125,1.40389,1.4108,43947
2020-04-27,1.40934,1.41173,1.40272,1.40324,251036
2020-04-28,1.40324,1.4073,1.39356,1.39975,243936
2020-04-29,1.39975,1.40036,1.38745,1.38795,212824
2020-04-30,1.38795,1.39587,1.38504,1.39445,261847
2020-05-01,1.39445,1.41093,1.39289,1.40873,228455
2020-05-03,1.41344,1.41506,1.4051,1.4135,37531
2020-05-04,1.40825,1.41528,1.40511,1.4087,233113
2020-05-05,1.4087,1.40947,1.40079,1.40448,201999
2020-05-06,1.40448,1.41572,1.40228,1.41442,220401
2020-05-07,1.41442,1.4173,1.39525,1.39721,210232
2020-05-08,1.39721,1.39887,1.39085,1.39159,169051
2020-05-10,1.39262,1.40424,1.39002,1.39241,27959
2020-05-11,1.39319,1.40425,1.39001,1.40065,209460
2020-05-12,1.40065,1.40794,1.39724,1.4077,215769
2020-05-13,1.4077,1.41148,1.40063,1.40999,277453
2020-05-14,1.40999,1.41408,1.4032,1.40492,264395
2020-05-15,1.40492,1.41171,1.40183,1.4105,250014
2020-05-17,1.40917,1.4096,1.39647,1.4091,27669
2020-05-18,1.40882,1.41148,1.39351,1.39351,195474
2020-05-19,1.39351,1.39694,1.38664,1.39416,237068
2020-05-20,1.39416,1.39605,1.38679,1.38992,199934
2020-05-21,1.38992,1.39703,1.38911,1.3953,220182
2020-05-22,1.3953,1.40486,1.39411,1.4004,210904
2020-05-24,1.3985,1.40071,1.39689,1.39859,33320
2020-05-25,1.39865,1.40077,1.39685,1.39836,183271
2020-05-26,1.39836,1.39857,1.3757,1.37748,224995
2020-05-27,1.37748,1.38225,1.37276,1.37517,297185
2020-05-28,1.37517,1.37899,1.37342,1.376,291320
2020-05-29,1.376,1.38325,1.37144,1.37679,343733
2020-05-31,1.37791,1.37805,1.3603,1.3778,54789
2020-06-01,1.37754,1.38005,1.35583,1.3572,271390
2020-06-02,1.3572,1.35852,1.34839,1.35181,248973
2020-06-03,1.35181,1.35726,1.34802,1.34955,296605
2020-06-04,1.34955,1.35412,1.34676,1.3498,288666
2020-06-05,1.3498,1.3513,1.33912,1.34174,301025
2020-06-07,1.34053,1.3436,1.3374,1.33928,38559
2020-06-08,1.34074,1.34368,1.33566,1.33806,233776
2020-06-09,1.33806,1.3488,1.33593,1.34155,308698
2020-06-10,1.34155,1.3438,1.33154,1.34117,424881
2020-06-11,1.34117,1.36321,1.3397,1.36268,462769
2020-06-12,1.36268,1.36666,1.35272,1.35806,503565
2020-06-14,1.36327,1.36821,1.3581,1.36371,79622
2020-06-15,1.35806,1.36861,1.35463,1.35712,457323
2020-06-16,1.35712,1.36229,1.35046,1.35403,440566
2020-06-17,1.35403,1.35948,1.35119,1.35632,349409
2020-06-18,1.35632,1.36163,1.35212,1.35986,343672
2020-06-19,1.35986,1.36177,1.35471,1.3604,294837
2020-06-21,1.36189,1.36239,1.3533,1.3617,48085
2020-06-22,1.36105,1.36301,1.35185,1.3521,228956
2020-06-23,1.3521,1.35709,1.34858,1.35495,291621
2020-06-24,1.35495,1.36405,1.35278,1.36367,317961
2020-06-25,1.36367,1.36702,1.36076,1.36369,324096
2020-06-26,1.36369,1.37156,1.36281,1.36824,244758
2020-06-28,1.36771,1.37038,1.3646,1.36783,46717
2020-06-29,1.36824,1.37055,1.36467,1.36579,296532
2020-06-30,1.36579,1.36995,1.35698,1.3574,296971
2020-07-01,1.3574,1.36016,1.35457,1.35852,256350
2020-07-02,1.35852,1.36242,1.35607,1.35631,261491
2020-07-03,1.35631,1.35817,1.35441,1.35454,164988
2020-07-05,1.35485,1.35588,1.352,1.35491,29281
2020-07-06,1.35639,1.35639,1.35193,1.35379,201425
2020-07-07,1.35379,1.36101,1.35246,1.36021,230345
2020-07-08,1.36021,1.36239,1.34925,1.35111,224630
2020-07-09,1.35111,1.35944,1.34909,1.35844,243668
2020-07-10,1.35844,1.36316,1.35744,1.35905,217924
2020-07-12,1.35981,1.36006,1.35383,1.3598,34590
2020-07-13,1.35831,1.36121,1.35365,1.36077,215778
2020-07-14,1.36077,1.36462,1.35955,1.36148,287186
2020-07-15,1.36148,1.36183,1.35051,1.35079,232470
2020-07-16,1.35079,1.35819,1.35013,1.35741,216850
2020-07-17,1.35741,1.35892,1.3557,1.35776,146196
2020-07-19,1.35747,1.35994,1.35297,1.35748,31710
2020-07-20,1.35675,1.36003,1.35257,1.35342,165356
2020-07-21,1.35342,1.35364,1.34248,1.34581,176158
2020-07-22,1.34581,1.34831,1.33998,1.34156,217801
2020-07-23,1.34156,1.34274,1.33512,1.34092,244543
2020-07-24,1.34092,1.34452,1.33771,1.34109,280995
2020-07-26,1.34193,1.34193,1.3368,1.34168,55868
2020-07-27,1.34205,1.34312,1.33536,1.33554,232760
2020-07-28,1.33554,1.34072,1.33311,1.33787,225996
2020-07-29,1.33787,1.33871,1.33317,1.33364,211862
2020-07-30,1.33364,1.34598,1.33304,1.34216,325579
2020-07-31,1.34216,1.34363,1.3372,1.34062,323735
2020-08-02,1.3398,1.34504,1.3395,1.33972,56445
2020-08-03,1.34003,1.34511,1.33801,1.33906,212802
2020-08-04,1.33906,1.34207,1.33175,1.33185,226523
2020-08-05,1.33185,1.3331,1.32334,1.32655,248932
2020-08-06,1.32655,1.33234,1.32439,1.33018,274404
2020-08-07,1.33018,1.33986,1.32819,1.33772,283714
2020-08-09,1.3386,1.33939,1.33336,1.33868,31300
2020-08-10,1.33883,1.33947,1.33338,1.33504,166394
2020-08-11,1.33504,1.33611,1.32708,1.32995,272714
2020-08-12,1.32995,1.33473,1.32291,1.32451,283143
2020-08-13,1.32451,1.32569,1.3192,1.32221,232630
2020-08-14,1.32221,1.3272,1.32063,1.32637,220949
2020-08-16,1.32539,1.32617,1.31944,1.32524,19133
2020-08-17,1.32637,1.32637,1.3192,1.32135,156853
2020-08-18,1.32135,1.32317,1.31516,1.31668,220535
2020-08-19,1.31668,1.32273,1.31332,1.32118,243263
2020-08-20,1.32118,1.32446,1.31686,1.3185,247563
2020-08-21,1.3185,1.32342,1.3159,1.31695,230238
2020-08-23,1.31793,1.32234,1.31353,1.31799,27701
2020-08-24,1.31705,1.32384,1.31344,1.32166,200796
2020-08-25,1.32166,1.32394,1.31676,1.31712,215767
2020-08-26,1.31712,1.32053,1.3132,1.31429,205491
2020-08-27,1.31429,1.31665,1.31017,1.31266,324779
2020-08-28,1.31266,1.31328,1.30471,1.30941,308466
2020-08-30,1.30819,1.31035,1.30252,1.30803,39432
2020-08-31,1.30981,1.31045,1.30201,1.30463,274830
2020-09-01,1.30463,1.3087,1.29942,1.30633,308970
2020-09-02,1.30633,1.30955,1.30373,1.30437,267177
2020-09-03,1.30437,1.31622,1.30369,1.31269,339962
2020-09-04,1.31269,1.31408,1.30444,1.30599,368070
2020-09-06,1.30763,1.31155,1.3066,1.30757,52605
2020-09-07,1.30502,1.31161,1.30502,1.30927,163650
2020-09-08,1.30927,1.32384,1.30865,1.32359,337528
2020-09-09,1.32359,1.32594,1.31451,1.31451,273456
2020-09-10,1.31451,1.32025,1.31191,1.319,321409
2020-09-11,1.319,1.32075,1.31509,1.31731,240824
2020-09-13,1.31787,1.31959,1.3152,1.31812,31760
2020-09-14,1.31731,1.31969,1.31531,1.31747,206321
2020-09-15,1.31747,1.32024,1.31346,1.31846,209743
2020-09-16,1.31846,1.32005,1.31276,1.31763,318536
2020-09-17,1.31763,1.32472,1.31501,1.31653,319310
2020-09-18,1.31653,1.32088,1.31372,1.31986,301804
2020-09-20,1.31974,1.33188,1.31705,1.31972,45388
2020-09-21,1.32012,1.33205,1.31711,1.3306,334237
2020-09-22,1.3306,1.3346,1.32835,1.33022,343684
2020-09-23,1.33022,1.33853,1.32941,1.3385,310086
2020-09-24,1.3385,1.34182,1.33251,1.33608,375665
2020-09-25,1.33608,1.34182,1.33278,1.33843,273170
2020-09-27,1.338,1.34027,1.33553,1.33788,44433
2020-09-28,1.33792,1.34036,1.33544,1.33683,267655
2020-09-29,1.33683,1.34188,1.33521,1.33845,245719
2020-09-30,1.33845,1.34205,1.33017,1.33161,354718
2020-10-01,1.33161,1.33225,1.32674,1.32882,273232
2020-10-02,1.32882,1.33313,1.3273,1.33062,358551
2020-10-04,1.32915,1.32923,1.32594,1.3291,39280
2020-10-05,1.32967,1.33031,1.32552,1.32633,197671
2020-10-06,1.32633,1.3317,1.32422,1.33088,256884
2020-10-07,1.33088,1.33407,1.32542,1.32544,211676
2020-10-08,1.32544,1.32659,1.31948,1.31959,177875
2020-10-09,1.31959,1.31984,1.31093,1.31159,191345
2020-10-11,1.3131,1.31424,1.31009,1.313,36161
2020-10-12,1.31261,1.31435,1.31012,1.31096,137782
2020-10-13,1.31096,1.31469,1.30991,1.31361,193175
2020-10-14,1.31361,1.31631,1.31163,1.31455,197541
2020-10-15,1.31455,1.32596,1.31375,1.32125,232077
2020-10-16,1.32125,1.32377,1.31772,1.31834,208499
2020-10-18,1.31799,1.31904,1.3151,1.31793,0
2020-10-19,1.31851,1.31933,1.31507,1.31902,175441
2020-10-20,1.31902,1.32039,1.31044,1.31269,174375
2020-10-21,1.31269,1.31522,1.3081,1.31445,191312
2020-10-22,1.31445,1.31776,1.31239,1.31329,185216
2020-10-23,1.31329,1.31603,1.31092,1.31217,174161
2020-10-26,1.31217,1.32252,1.31217,1.32115,185072
2020-10-27,1.32115,1.32123,1.31421,1.31841,160209
2020-10-28,1.31841,1.33339,1.31766,1.33212,263755
2020-10-29,1.33212,1.33899,1.3278,1.33243,278035
2020-10-30,1.33243,1.33495,1.32798,1.33155,309447
2020-11-02,1.33138,1.33705,1.32132,1.32164,260848
2020-11-03,1.32164,1.32344,1.31039,1.31258,224182
2020-11-04,1.31258,1.32993,1.30956,1.31262,523082
2020-11-05,1.31262,1.31784,1.30284,1.30436,348358
2020-11-06,1.30436,1.3097,1.30195,1.30547,300112
2020-11-09,1.30371,1.30508,1.29283,1.30066,407357
2020-11-10,1.30066,1.30508,1.29849,1.30303,304665
2020-11-11,1.30303,1.30774,1.30086,1.30628,211931
2020-11-12,1.30628,1.31498,1.30518,1.3136,199691
2020-11-13,1.3136,1.31726,1.31151,1.31183,167880
2020-11-16,1.31307,1.31357,1.30655,1.30738,189760
2020-11-17,1.30738,1.31166,1.30637,1.3105,183438
2020-11-18,1.3105,1.31178,1.30343,1.30756,177884
2020-11-19,1.30756,1.31233,1.30523,1.30715,191933
2020-11-20,1.30715,1.30971,1.3039,1.30911,185900
2020-11-23,1.3083,1.31126,1.30455,1.30796,181899
2020-11-24,1.30796,1.30909,1.29944,1.29962,210802
2020-11-25,1.29962,1.30291,1.29863,1.30055,192879
2020-11-26,1.30055,1.30228,1.29904,1.30133,130330
2020-11-27,1.30133,1.30249,1.2972,1.29893,141386
2020-11-30,1.29938,1.30097,1.29233,1.29952,218218
2020-12-01,1.29952,1.30092,1.29279,1.29337,202584
2020-12-02,1.29337,1.29588,1.29101,1.2917,203526
2020-12-03,1.2917,1.29414,1.28522,1.28605,184317
2020-12-04,1.28605,1.28738,1.27722,1.27833,204332
2020-12-07,1.27775,1.28329,1.27696,1.27969,198083
2020-12-08,1.27969,1.28258,1.2768,1.28172,181941
2020-12-09,1.28172,1.28335,1.27694,1.28142,190848
2020-12-10,1.28142,1.28293,1.2707,1.27355,218560
2020-12-11,1.27355,1.27926,1.27195,1.27689,207318
2020-12-14,1.27486,1.27898,1.27198,1.27613,177738
2020-12-15,1.27613,1.27716,1.2688,1.26959,177674
2020-12-16,1.26959,1.27897,1.26931,1.27395,179330
2020-12-17,1.27395,1.27505,1.26888,1.27177,156524
2020-12-18,1.27177,1.27985,1.27159,1.27806,169376
2020-12-21,1.27961,1.29572,1.27842,1.28567,282522
2020-12-22,1.28567,1.29337,1.28433,1.29066,214124
2020-12-23,1.29066,1.29149,1.28342,1.28447,186551
2020-12-24,1.28447,1.28539,1.28132,1.28425,129770
2020-12-25,1.28607,1.2913,1.27108,1.28482,0
2020-12-28,1.28425,1.28758,1.28134,1.28428,162731
2020-12-29,1.28428,1.28531,1.27798,1.2816,167190
2020-12-30,1.2816,1.28272,1.27492,1.27525,168872
2020-12-31,1.27525,1.27701,1.2714,1.2756,145679
2021-01-01,1.23499,1.2729,1.23499,1.23499,0
2021-01-04,1.27132,1.2798,1.26651,1.27718,262591
2021-01-05,1.27718,1.27913,1.2656,1.26674,245341
2021-01-06,1.26674,1.27234,1.26299,1.26729,358742
2021-01-07,1.26729,1.2734,1.26636,1.269,251725
2021-01-08,1.269,1.27431,1.26587,1.26855,272298
2021-01-11,1.27002,1.28353,1.26936,1.27832,210999
2021-01-12,1.27832,1.27914,1.27082,1.27099,204255
2021-01-13,1.27099,1.27472,1.26801,1.26944,187031
2021-01-14,1.26944,1.27075,1.26247,1.26291,194702
2021-01-15,1.26291,1.27644,1.26285,1.27369,221199
2021-01-18,1.27272,1.27994,1.27253,1.27517,226129
2021-01-19,1.27517,1.27642,1.27154,1.27333,185747
2021-01-20,1.27333,1.27378,1.26062,1.26319,199681
2021-01-21,1.26319,1.26477,1.25889,1.26354,190064
2021-01-22,1.26354,1.27407,1.26323,1.27307,199771
2021-01-25,1.27122,1.27792,1.26872,1.27373,218951
2021-01-26,1.27373,1.27823,1.26897,1.26914,189331
2021-01-27,1.26914,1.28227,1.26852,1.27923,318607
2021-01-28,1.27923,1.28814,1.27817,1.28287,338242
2021-01-29,1.28287,1.28747,1.27375,1.27744,400322
2021-02-01,1.2785,1.28644,1.27613,1.28451,334142
2021-02-02,1.28451,1.28698,1.27796,1.27805,273749
2021-02-03,1.27805,1.28115,1.27631,1.27842,227328
2021-02-04,1.27842,1.28452,1.27771,1.28249,211177
2021-02-05,1.28249,1.28328,1.27491,1.27569,207366
2021-02-08,1.27549,1.27827,1.27348,1.27366,188746
2021-02-09,1.27366,1.27661,1.26903,1.26917,198778
2021-02-10,1.26917,1.27106,1.26676,1.26996,220356
2021-02-11,1.26996,1.2711,1.26607,1.27028,174274
2021-02-12,1.27028,1.2763,1.26767,1.26889,143351
2021-02-15,1.26819,1.26914,1.26308,1.2633,96535
2021-02-16,1.2633,1.27025,1.261,1.26842,183202
2021-02-17,1.26842,1.27463,1.26817,1.26992,218470
2021-02-18,1.26992,1.2731,1.26653,1.26741,190062
2021-02-19,1.26741,1.2714,1.25943,1.26104,191738
2021-02-22,1.26102,1.26539,1.25806,1.26108,208811
2021-02-23,1.26108,1.26472,1.25788,1.25845,235808
2021-02-24,1.25845,1.25984,1.2505,1.25108,269505
2021-02-25,1.25108,1.26147,1.24679,1.25969,685618
2021-02-26,1.25969,1.27478,1.25872,1.27401,466496
2021-03-01,1.2727,1.27365,1.26408,1.26446,236927
2021-03-02,1.26446,1.26982,1.26003,1.2626,271312
2021-03-03,1.2626,1.26585,1.25929,1.2653,270567
2021-03-04,1.2653,1.2694,1.25754,1.26657,397406
2021-03-05,1.26657,1.27373,1.26416,1.26509,384678
2021-03-08,1.26498,1.27001,1.26223,1.2656,322040
2021-03-09,1.2656,1.26858,1.25905,1.26315,265138
2021-03-10,1.26315,1.26836,1.26095,1.26154,260287
2021-03-11,1.26154,1.26253,1.25205,1.25279,196889
2021-03-12,1.25279,1.25735,1.2462,1.24742,209982
2021-03-15,1.24722,1.25132,1.24408,1.24704,177084
2021-03-16,1.24704,1.25005,1.24359,1.24421,168188
2021-03-17,1.24421,1.24932,1.24001,1.2404,195550
2021-03-18,1.2404,1.25268,1.23652,1.24847,237778
2021-03-19,1.24847,1.25479,1.24618,1.25032,216023
2021-03-22,1.25179,1.25412,1.24733,1.25216,134194
2021-03-23,1.25216,1.25946,1.25081,1.2587,184056
2021-03-24,1.2587,1.26088,1.25426,1.25683,171447
2021-03-25,1.25683,1.26291,1.25465,1.26084,212379
2021-03-26,1.26084,1.26093,1.25607,1.25714,149709
2021-03-28,1.25844,1.26244,1.2578,1.25842,14961
2021-03-29,1.25698,1.2627,1.25697,1.25907,140262
2021-03-30,1.25907,1.26474,1.25804,1.26278,161684
2021-03-31,1.26278,1.26308,1.25392,1.25616,180649
2021-04-01,1.25616,1.2602,1.25396,1.25446,185733
2021-04-02,1.25446,1.25798,1.25282,1.25764,56718
2021-04-04,1.25678,1.25934,1.2502,1.2564,12360
2021-04-05,1.25764,1.25947,1.25019,1.25184,108282
2021-04-06,1.25184,1.25829,1.25164,1.25644,137917
2021-04-07,1.25644,1.26346,1.25619,1.2606,192453
2021-04-08,1.2606,1.26272,1.25579,1.25599,185152
2021-04-09,1.25599,1.2611,1.25233,1.25233,201919
2021-04-11,1.2532,1.25687,1.2529,1.25308,19355
2021-04-12,1.25233,1.25742,1.25233,1.25578,164649
2021-04-13,1.25578,1.26299,1.25272,1.2532,203275
2021-04-14,1.2532,1.25762,1.24998,1.25185,203536
2021-04-15,1.25185,1.25585,1.24767,1.25381,215245
2021-04-16,1.25381,1.25597,1.24943,1.25064,153512
2021-04-18,1.2516,1.25354,1.247,1.25176,17159
2021-04-19,1.25043,1.2544,1.24712,1.25306,170195
2021-04-20,1.25306,1.26238,1.24786,1.26037,201643
2021-04-21,1.26037,1.26539,1.24598,1.24954,200572
2021-04-22,1.24954,1.25347,1.24729,1.25042,189183
2021-04-23,1.25042,1.25094,1.24608,1.24743,151183
2021-04-25,1.24883,1.24883,1.23839,1.24876,15088
2021-04-26,1.24749,1.24905,1.2384,1.23955,163884
2021-04-27,1.23955,1.24189,1.23886,1.23973,143170
2021-04-28,1.23973,1.24183,1.23101,1.23121,175080
2021-04-29,1.23121,1.23219,1.22755,1.22799,156530
2021-04-30,1.22799,1.23225,1.22661,1.22782,180178
2021-05-02,1.22808,1.23164,1.2267,1.22791,13279
2021-05-03,1.22863,1.23189,1.22667,1.22746,142578
2021-05-04,1.22746,1.23519,1.2273,1.23038,185330
2021-05-05,1.23038,1.2312,1.22517,1.22658,146968
2021-05-06,1.22658,1.22884,1.21416,1.21467,166954
2021-05-07,1.21467,1.21936,1.21225,1.21231,179804
2021-05-09,1.21166,1.2129,1.2081,1.2114,17874
2021-05-10,1.21136,1.21306,1.20789,1.2098,169596
2021-05-11,1.2098,1.21261,1.20782,1.21007,205623
2021-05-12,1.21007,1.21375,1.20458,1.21319,257643
2021-05-13,1.21319,1.22031,1.21039,1.2161,256873
2021-05-14,1.2161,1.21791,1.20803,1.20937,153812
2021-05-16,1.2113,1.21351,1.207,1.2111,23830
2021-05-17,1.21129,1.21364,1.20608,1.20673,155788
2021-05-18,1.20673,1.20814,1.20129,1.20596,136556
2021-05-19,1.20596,1.21429,1.20539,1.2133,242847
2021-05-20,1.2133,1.21443,1.2049,1.20583,188868
2021-05-21,1.20583,1.20948,1.20273,1.20584,205084
2021-05-23,1.20693,1.20845,1.20501,1.2067,0
2021-05-24,1.20673,1.20855,1.20408,1.20427,146323
2021-05-25,1.20427,1.20788,1.2029,1.20643,179007
2021-05-26,1.20643,1.21278,1.20434,1.21191,176673
2021-05-27,1.21191,1.21423,1.20564,1.2064,144340
2021-05-28,1.2064,1.21201,1.20607,1.20675,138658
2021-05-30,1.20767,1.20891,1.2059,1.20778,16523
2021-05-31,1.20658,1.20919,1.20464,1.20582,125081
2021-06-01,1.20582,1.20776,1.20068,1.20694,127369
2021-06-02,1.20694,1.2092,1.20289,1.20337,89266
2021-06-03,1.20337,1.21199,1.20265,1.21045,101256
2021-06-04,1.21045,1.21331,1.20694,1.20697,110040
2021-06-06,1.2075,1.21065,1.20618,1.20758,14005
2021-06-07,1.20694,1.21066,1.20571,1.20799,91348
2021-06-08,1.20799,1.21177,1.20711,1.21066,101505
2021-06-09,1.21066,1.21175,1.20579,1.21087,90690
2021-06-10,1.21087,1.2125,1.207,1.20933,126560
2021-06-11,1.20933,1.21772,1.208,1.21507,102707
2021-06-13,1.21566,1.217,1.21284,1.2158,11617
2021-06-14,1.21558,1.21713,1.2128,1.21383,105420
2021-06-15,1.21383,1.22041,1.21297,1.21767,113022
2021-06-16,1.21767,1.22837,1.21568,1.22749,181885
2021-06-17,1.22749,1.23782,1.22614,1.23515,170651
2021-06-18,1.23515,1.24807,1.23389,1.24622,173320
2021-06-20,1.24521,1.24848,1.2366,1.24499,29400
2021-06-21,1.24608,1.24869,1.23519,1.23572,176321
2021-06-22,1.23572,1.24032,1.23016,1.23053,141731
2021-06-23,1.23053,1.23286,1.22525,1.23049,134831
2021-06-24,1.23049,1.23407,1.22824,1.23201,122263
2021-06-25,1.23201,1.23296,1.22721,1.22972,106973
2021-06-27,1.22911,1.23468,1.2287,1.22919,9762
2021-06-28,1.2288,1.23478,1.22878,1.23302,119338
2021-06-29,1.23302,1.2403,1.23293,1.24012,114746
2021-06-30,1.24012,1.24237,1.23555,1.23952,137531
2021-07-01,1.23952,1.24456,1.23645,1.24293,115845
2021-07-02,1.24293,1.24498,1.2309,1.23245,138236
2021-07-04,1.23328,1.23688,1.23263,1.233,15650
2021-07-05,1.23081,1.23718,1.23081,1.23383,76614
2021-07-06,1.23383,1.24946,1.23027,1.2456,149389
2021-07-07,1.2456,1.25194,1.2423,1.24765,174760
2021-07-08,1.24765,1.25902,1.24712,1.25297,217375
2021-07-09,1.25297,1.25567,1.24402,1.24429,160824
2021-07-11,1.2449,1.25124,1.2447,1.2447,4070
2021-07-12,1.24429,1.25143,1.24429,1.24525,117754
2021-07-13,1.24525,1.25396,1.24423,1.25134,128312
2021-07-14,1.25134,1.25261,1.24239,1.25074,140520
2021-07-15,1.25074,1.26136,1.25013,1.25907,150291
2021-07-16,1.25907,1.26201,1.25609,1.26078,129418
2021-07-18,1.26176,1.28009,1.2615,1.26169,20478
2021-07-19,1.26038,1.28075,1.26027,1.27437,213043
2021-07-20,1.27437,1.27867,1.26745,1.26786,226688
2021-07-21,1.26786,1.27302,1.25256,1.25577,249648
2021-07-22,1.25577,1.25947,1.2529,1.2553,226548
2021-07-23,1.2553,1.26072,1.25528,1.25566,182433
2021-07-25,1.25687,1.25895,1.25299,1.25675,23297
2021-07-26,1.25578,1.25909,1.25279,1.25417,194155
2021-07-27,1.25417,1.26046,1.25379,1.26004,202122
2021-07-28,1.26004,1.26042,1.25156,1.25213,289192
2021-07-29,1.25213,1.25305,1.24321,1.24422,193743
2021-07-30,1.24422,1.24915,1.24221,1.2469,229812
2021-08-01,1.24713,1.25026,1.24531,1.24667,23819
2021-08-02,1.2469,1.25148,1.24527,1.25037,183713
2021-08-03,1.25037,1.25759,1.24895,1.25346,218619
2021-08-04,1.25346,1.25628,1.25154,1.25379,174704
2021-08-05,1.25379,1.25477,1.24747,1.24977,180580
2021-08-06,1.24977,1.25811,1.2493,1.25526,184465
2021-08-08,1.2572,1.25867,1.25316,1.25709,22583
2021-08-09,1.2545,1.25878,1.25315,1.25732,162467
2021-08-10,1.25732,1.25891,1.25173,1.25173,123507
2021-08-11,1.25173,1.25483,1.24891,1.24986,134198
2021-08-12,1.24986,1.25333,1.2497,1.25195,110106
2021-08-13,1.25195,1.2532,1.25014,1.25135,90081
2021-08-15,1.2514,1.2583,1.2514,1.2516,12848
2021-08-16,1.25119,1.25842,1.25114,1.25694,105923
2021-08-17,1.25694,1.2649,1.25652,1.26241,151635
2021-08-18,1.26241,1.26624,1.25981,1.26512,162423
2021-08-19,1.26512,1.28309,1.26467,1.28255,238469
2021-08-20,1.28255,1.2949,1.28138,1.28227,189635
2021-08-22,1.28206,1.2826,1.26612,1.2826,19729
2021-08-23,1.28185,1.28327,1.26425,1.26432,149506
2021-08-24,1.26432,1.26578,1.25786,1.2586,124100
2021-08-25,1.2586,1.26436,1.25837,1.25869,123665
2021-08-26,1.25869,1.26954,1.25857,1.26851,144579
2021-08-27,1.26851,1.27082,1.26052,1.26101,181935
2021-08-29,1.2609,1.26328,1.2575,1.2611,16420
2021-08-30,1.26101,1.26341,1.25734,1.26022,117957
2021-08-31,1.26022,1.26534,1.25694,1.26147,180868
2021-09-01,1.26147,1.26372,1.25801,1.26148,145579
2021-09-02,1.26148,1.26381,1.25478,1.25515,128881
2021-09-03,1.25515,1.25592,1.24934,1.25244,188917
2021-09-05,1.25305,1.2558,1.25241,1.25303,16574
2021-09-06,1.25254,1.2559,1.2515,1.25284,106130
2021-09-07,1.25284,1.26561,1.25197,1.26459,164507
2021-09-08,1.26459,1.2762,1.26263,1.2688,204326
2021-09-09,1.2688,1.27276,1.26227,1.2663,224650
2021-09-10,1.2663,1.26948,1.25826,1.26869,194230
2021-09-12,1.26777,1.26936,1.2638,1.26795,2378
2021-09-13,1.26811,1.26954,1.26382,1.26436,188469
2021-09-14,1.26436,1.26985,1.26011,1.26916,212994
2021-09-15,1.26916,1.27087,1.26205,1.26231,207335
2021-09-16,1.26231,1.27,1.26164,1.26812,182930
2021-09-17,1.26812,1.27727,1.26367,1.27699,189832
2021-09-19,1.2762,1.2892,1.2758,1.2764,19154
2021-09-20,1.27546,1.28964,1.27501,1.28137,284426
2021-09-21,1.28137,1.28483,1.27427,1.28096,263593
2021-09-22,1.28096,1.28263,1.26981,1.27694,298069
2021-09-23,1.27694,1.27962,1.26334,1.26534,236438
2021-09-24,1.26534,1.27305,1.26404,1.26441,200250
2021-09-26,1.2649,1.26692,1.261,1.26494,20256
2021-09-27,1.26444,1.26726,1.26101,1.2628,208941
2021-09-28,1.2628,1.27073,1.25937,1.26844,322280
2021-09-29,1.26844,1.27746,1.26684,1.27517,297442
2021-09-30,1.27517,1.27632,1.26298,1.26756,320484
2021-10-01,1.26756,1.27389,1.26279,1.26412,291631
2021-10-03,1.2624,1.26533,1.25576,1.2625,26525
2021-10-04,1.2642,1.2655,1.25576,1.25881,298904
2021-10-05,1.25881,1.26298,1.25454,1.25806,208740
2021-10-06,1.25806,1.2648,1.25733,1.25857,278859
2021-10-07,1.25857,1.25995,1.25404,1.25482,182550
2021-10-08,1.25482,1.25623,1.24514,1.24653,231912
2021-10-10,1.24858,1.24858,1.2445,1.24841,20351
2021-10-11,1.24712,1.24919,1.24462,1.24765,140003
2021-10-12,1.24765,1.24985,1.24342,1.24645,196394
2021-10-13,1.24645,1.24787,1.24304,1.24418,181179
2021-10-14,1.24418,1.24452,1.23547,1.23696,167660
2021-10-15,1.23696,1.23976,1.23365,1.23566,187566
2021-10-17,1.23747,1.24084,1.23504,1.23737,15180
2021-10-18,1.23566,1.24098,1.23484,1.23767,185774
2021-10-19,1.23767,1.23828,1.23112,1.2359,171527
2021-10-20,1.2359,1.2368,1.23074,1.23167,174933
2021-10-21,1.23167,1.23838,1.22881,1.23619,191208
2021-10-22,1.23619,1.23901,1.23207,1.23651,207382
2021-10-24,1.23695,1.23885,1.23376,1.23713,21560
2021-10-25,1.2365,1.24002,1.23384,1.23775,174799
2021-10-26,1.23775,1.23966,1.235,1.23847,161167
2021-10-27,1.23847,1.24317,1.23004,1.23549,247670
2021-10-28,1.23549,1.23827,1.23299,1.23433,252568
2021-10-29,1.23433,1.24079,1.2328,1.23784,208482
2021-11-01,1.23789,1.24034,1.23519,1.23675,174413
2021-11-02,1.23675,1.24248,1.23617,1.24032,184689
2021-11-03,1.24032,1.24573,1.23801,1.23856,218679
2021-11-04,1.23856,1.24716,1.23773,1.2452,182845
2021-11-05,1.2452,1.24797,1.2436,1.24528,173214
2021-11-08,1.2443,1.24656,1.24358,1.24418,136244
2021-11-09,1.24418,1.24862,1.24284,1.24346,160482
2021-11-10,1.24346,1.25036,1.23869,1.24861,220387
2021-11-11,1.24861,1.25964,1.24725,1.25722,172404
2021-11-12,1.25722,1.26046,1.25379,1.25482,133291
2021-11-15,1.25407,1.2556,1.25016,1.25106,125265
2021-11-16,1.25106,1.25682,1.24926,1.25537,126732
2021-11-17,1.25537,1.26227,1.25403,1.26043,133428
2021-11-18,1.26043,1.26471,1.25928,1.25968,129161
2021-11-19,1.25968,1.26621,1.25846,1.26362,153788
2021-11-22,1.26402,1.27052,1.26277,1.26955,141197
2021-11-23,1.26955,1.27448,1.26599,1.26685,169070
2021-11-24,1.26685,1.27103,1.2651,1.26622,160250
2021-11-25,1.26622,1.26771,1.26405,1.2646,83976
2021-11-26,1.2646,1.27992,1.26452,1.27867,243499
2021-11-29,1.2746,1.27933,1.27204,1.27373,180830
2021-11-30,1.27373,1.28369,1.27302,1.27772,278053
2021-12-01,1.27772,1.28297,1.27127,1.2814,213886
2021-12-02,1.2814,1.28376,1.27782,1.28052,236306
2021-12-03,1.28052,1.28543,1.27435,1.28342,230136
2021-12-06,1.28216,1.28427,1.27534,1.27545,168287
2021-12-07,1.27545,1.27674,1.26351,1.2637,136482
2021-12-08,1.2637,1.26665,1.2606,1.26502,191188
2021-12-09,1.26502,1.27223,1.26452,1.2712,141720
2021-12-10,1.2712,1.27395,1.26793,1.27222,136129
2021-12-13,1.27252,1.28213,1.27057,1.28012,139257
2021-12-14,1.28012,1.28651,1.27973,1.28607,142388
2021-12-15,1.28607,1.29375,1.28278,1.28323,192508
2021-12-16,1.28323,1.28576,1.27635,1.27699,198066
2021-12-17,1.27699,1.29014,1.27677,1.28917,192514
2021-12-20,1.28869,1.29638,1.28775,1.29385,214986
2021-12-21,1.29385,1.2947,1.29114,1.2913,139269
2021-12-22,1.2913,1.29243,1.28316,1.28316,124249
2021-12-23,1.28316,1.28535,1.27979,1.28028,101924
2021-12-24,1.28028,1.28347,1.27852,1.28143,424955
2021-12-27,1.2804,1.28474,1.27787,1.27834,69208
2021-12-28,1.27834,1.28317,1.2778,1.28142,74368
2021-12-29,1.28142,1.28349,1.27864,1.27869,91314
2021-12-30,1.27869,1.28127,1.27338,1.2738,88614
2021-12-31,1.2738,1.27508,1.26202,1.26407,111111
2022-01-03,1.26407,1.2779,1.26299,1.27423,99700
2022-01-04,1.27423,1.2766,1.2667,1.27027,108170
2022-01-05,1.27027,1.27663,1.26915,1.27547,132907
2022-01-06,1.27547,1.28138,1.27066,1.27242,158520
2022-01-07,1.27242,1.27307,1.26318,1.26437,140068
2022-01-10,1.26478,1.26977,1.26104,1.26741,157608
2022-01-11,1.26741,1.26767,1.25672,1.25718,173622
2022-01-12,1.25718,1.25797,1.24951,1.25057,150417
2022-01-13,1.25057,1.25205,1.24533,1.25194,139174
2022-01-14,1.25194,1.25704,1.24707,1.25518,173923
2022-01-17,1.253,1.25568,1.24999,1.25112,102246
2022-01-18,1.25112,1.25638,1.24858,1.25115,203143
2022-01-19,1.25115,1.25247,1.24504,1.25145,191228
2022-01-20,1.25145,1.25167,1.24531,1.25005,172672
2022-01-21,1.25005,1.25875,1.24983,1.25732,229981
2022-01-24,1.25747,1.27019,1.25543,1.26347,279265
2022-01-25,1.26347,1.26692,1.25973,1.26244,287769
2022-01-26,1.26244,1.26881,1.25592,1.26654,323765
2022-01-27,1.26654,1.27479,1.26501,1.274,340212
2022-01-28,1.274,1.27968,1.27127,1.27662,290114
2022-01-31,1.27662,1.27768,1.26818,1.27052,221606
2022-02-01,1.27052,1.27264,1.26547,1.26825,208648
2022-02-02,1.26825,1.27058,1.26504,1.26653,177870
2022-02-03,1.26653,1.27152,1.26579,1.26747,232469
2022-02-04,1.26747,1.27875,1.26627,1.27643,231387
2022-02-07,1.2746,1.27562,1.26577,1.26657,195476
2022-02-08,1.26657,1.27211,1.26594,1.27032,169642
2022-02-09,1.27032,1.27152,1.26651,1.26681,123456
2022-02-10,1.26681,1.27277,1.26362,1.27157,235260
2022-02-11,1.27157,1.27537,1.26692,1.27336,291315
2022-02-14,1.27304,1.27839,1.27196,1.27262,305623
2022-02-15,1.27262,1.27742,1.27007,1.27174,213433
2022-02-16,1.27174,1.27259,1.26633,1.26833,215106
2022-02-17,1.26833,1.27342,1.26745,1.2707,281345
2022-02-18,1.2707,1.27609,1.26734,1.27471,220438
2022-02-21,1.27447,1.27608,1.27215,1.27455,178771
2022-02-22,1.27455,1.27833,1.27186,1.27684,274329
2022-02-23,1.27684,1.27699,1.26814,1.27322,201212
2022-02-24,1.27322,1.28775,1.27262,1.2812,481387
2022-02-25,1.2812,1.28204,1.26946,1.27001,302882
2022-02-28,1.27617,1.28095,1.26592,1.2671,336569
2022-03-01,1.2671,1.27504,1.26535,1.27415,251224
2022-03-02,1.27415,1.27447,1.26282,1.26294,287151
2022-03-03,1.26294,1.26925,1.25869,1.26804,243403
2022-03-04,1.26804,1.27921,1.26696,1.27255,275611
2022-03-07,1.27296,1.28208,1.26852,1.28205,339084
2022-03-08,1.28205,1.2901,1.2796,1.28809,351986
2022-03-09,1.28809,1.28941,1.28034,1.28058,258599
2022-03-10,1.28058,1.28417,1.27503,1.27641,231749
2022-03-11,1.27641,1.27937,1.26935,1.27485,233823
2022-03-14,1.27485,1.28264,1.2725,1.28233,220143
2022-03-15,1.28233,1.28713,1.27614,1.27646,208721
2022-03-16,1.27646,1.2778,1.26739,1.26767,246178
2022-03-17,1.26767,1.26988,1.2613,1.26268,219378
2022-03-18,1.26268,1.26466,1.25884,1.2603,148140
2022-03-21,1.2603,1.26218,1.2565,1.25911,154058
2022-03-22,1.25911,1.2624,1.2567,1.25684,147587
2022-03-23,1.25684,1.26055,1.25419,1.25558,139300
2022-03-24,1.25558,1.2586,1.25094,1.25255,149808
2022-03-25,1.25255,1.25531,1.24649,1.2475,143450
2022-03-27,1.24871,1.25917,1.24733,1.24871,25453
2022-03-28,1.24849,1.25926,1.24734,1.25165,154731
2022-03-29,1.25165,1.25302,1.24694,1.24934,179126
2022-03-30,1.24934,1.25087,1.24293,1.24774,185675
2022-03-31,1.24774,1.25332,1.24639,1.25031,156036
2022-04-01,1.25031,1.25398,1.24802,1.25088,166121
2022-04-03,1.25265,1.25273,1.2468,1.25265,13717
2022-04-04,1.25143,1.25287,1.24678,1.24816,93977
2022-04-05,1.24816,1.24981,1.24027,1.24821,118191
2022-04-06,1.24821,1.25584,1.24785,1.2542,152438
2022-04-07,1.2542,1.26114,1.25319,1.25898,140100
2022-04-08,1.25898,1.26191,1.25646,1.25706,121025
2022-04-10,1.2576,1.26279,1.2572,1.2576,19386
2022-04-11,1.2565,1.26408,1.25624,1.26255,136523
2022-04-12,1.26255,1.26615,1.25812,1.26428,188684
2022-04-13,1.26428,1.26761,1.25548,1.25622,133603
2022-04-14,1.25622,1.26421,1.25211,1.2595,156658
2022-04-15,1.2595,1.26211,1.25896,1.26061,344237
2022-04-17,1.2615,1.2643,1.26032,1.2615,19310
2022-04-18,1.26088,1.26441,1.26029,1.26072,110528
2022-04-19,1.26072,1.26469,1.25677,1.26127,161518
2022-04-20,1.26127,1.26241,1.2472,1.24942,170721
2022-04-21,1.24942,1.25902,1.24582,1.25773,170002
2022-04-22,1.25773,1.27263,1.25669,1.27093,187487
2022-04-24,1.2721,1.27763,1.2719,1.2721,26891
2022-04-25,1.27196,1.27773,1.26968,1.27336,227241
2022-04-26,1.27336,1.28276,1.26843,1.28247,195161
2022-04-27,1.28247,1.28542,1.27777,1.28137,224964
2022-04-28,1.28137,1.28798,1.27908,1.28043,213781
2022-04-29,1.28043,1.28606,1.27186,1.28569,213207
2022-05-01,1.2853,1.29124,1.2846,1.2853,27259
2022-05-02,1.28569,1.29138,1.28409,1.28754,209699
2022-05-03,1.28754,1.28936,1.28252,1.2837,216211
2022-05-04,1.2837,1.28533,1.27301,1.27326,263309
2022-05-05,1.27326,1.2868,1.27136,1.28328,263652
2022-05-06,1.28328,1.29124,1.28129,1.29081,313768
2022-05-08,1.29182,1.29911,1.29089,1.29182,19298
2022-05-09,1.29029,1.30153,1.29022,1.30079,286214
2022-05-10,1.30079,1.30522,1.29615,1.30258,318614
2022-05-11,1.30258,1.30393,1.2921,1.29884,318734
2022-05-12,1.29884,1.30766,1.29767,1.30432,359305
2022-05-13,1.30432,1.30481,1.2889,1.28974,234124
2022-05-15,1.2907,1.29804,1.28797,1.2907,41666
2022-05-16,1.29163,1.29814,1.28362,1.28449,279548
2022-05-17,1.28449,1.28586,1.28065,1.28094,251300
2022-05-18,1.28094,1.28956,1.27946,1.28868,244639
2022-05-19,1.28868,1.28917,1.27826,1.28236,355936
2022-05-20,1.28236,1.28679,1.27762,1.28361,272837
2022-05-22,1.2812,1.2818,1.27689,1.2812,23567
2022-05-23,1.28361,1.2842,1.27657,1.27658,228314
2022-05-24,1.27658,1.28725,1.27639,1.28172,254067
2022-05-25,1.28172,1.28851,1.28022,1.28146,267614
2022-05-26,1.28146,1.28488,1.27683,1.27707,225559
2022-05-27,1.27707,1.27837,1.27172,1.272,192257
2022-05-29,1.27237,1.27253,1.26502,1.27237,25503
2022-05-30,1.2718,1.2728,1.26502,1.26546,141364
2022-05-31,1.26546,1.26868,1.26291,1.26469,249251
2022-06-01,1.26469,1.26766,1.2605,1.26566,236708
2022-06-02,1.26566,1.26858,1.25646,1.25691,194447
2022-06-03,1.25691,1.25956,1.25509,1.25926,190995
2022-06-05,1.25849,1.2597,1.25359,1.25849,24452
2022-06-06,1.25943,1.26013,1.25351,1.25778,181566
2022-06-07,1.25778,1.26184,1.25237,1.25292,216919
2022-06-08,1.25292,1.25653,1.25176,1.25576,197841
2022-06-09,1.25576,1.27053,1.25486,1.26966,225188
2022-06-10,1.26966,1.28126,1.26808,1.27844,256151
2022-06-12,1.27976,1.28795,1.2792,1.27976,33679
2022-06-13,1.27776,1.29005,1.27749,1.2897,367446
2022-06-14,1.2897,1.29749,1.28658,1.29438,354840
2022-06-15,1.29438,1.29959,1.28627,1.28904,413851
2022-06-16,1.28904,1.29703,1.28603,1.2946,655718
2022-06-17,1.2946,1.30788,1.29388,1.30258,324244
2022-06-19,1.30005,1.30244,1.29814,1.30005,39847
2022-06-20,1.30258,1.3036,1.29782,1.29791,190815
2022-06-21,1.29791,1.29862,1.29059,1.29193,216392
2022-06-22,1.29193,1.29963,1.29116,1.29457,272655
2022-06-23,1.29457,1.30174,1.2936,1.29907,297556
2022-06-24,1.29907,1.30004,1.28891,1.28933,228929
2022-06-26,1.28971,1.29154,1.2863,1.28971,31591
2022-06-27,1.289,1.29166,1.28642,1.28727,243552
2022-06-28,1.28727,1.28946,1.2819,1.28727,259205
2022-06-29,1.28727,1.29002,1.28438,1.28936,264318
2022-06-30,1.28936,1.29333,1.28611,1.28724,301203
2022-07-01,1.28724,1.29663,1.28666,1.28822,270149
2022-07-03,1.2886,1.2902,1.2837,1.2886,34600
2022-07-04,1.28822,1.29027,1.2837,1.28597,151319
2022-07-05,1.28597,1.30834,1.28432,1.30303,301647
2022-07-06,1.30303,1.30778,1.30116,1.30363,346911
2022-07-07,1.30363,1.30556,1.29631,1.29646,236231
2022-07-08,1.29646,1.30348,1.29356,1.29363,280419
2022-07-10,1.2947,1.30494,1.2947,1.2947,32087
2022-07-11,1.29475,1.30515,1.29404,1.30062,242272
2022-07-12,1.30062,1.30507,1.29838,1.3022,293203
2022-07-13,1.3022,1.30606,1.29365,1.29697,335131
2022-07-14,1.29697,1.32237,1.29639,1.31167,373259
2022-07-15,1.31167,1.31356,1.30135,1.30258,271208
2022-07-17,1.30094,1.3024,1.29003,1.30094,29521
2022-07-18,1.3015,1.30252,1.28984,1.29766,243848
2022-07-19,1.29766,1.29896,1.28678,1.28697,258847
2022-07-20,1.28697,1.2907,1.28544,1.28819,261483
2022-07-21,1.28819,1.29367,1.28593,1.28664,300364
2022-07-22,1.28664,1.29278,1.28221,1.29141,242508
2022-07-24,1.29246,1.29445,1.28427,1.29246,31434
2022-07-25,1.29175,1.29465,1.28346,1.284,224384
2022-07-26,1.284,1.29012,1.28158,1.28839,217991
2022-07-27,1.28839,1.29114,1.2808,1.2818,262896
2022-07-28,1.2818,1.28693,1.27949,1.28058,262646
2022-07-29,1.28058,1.28552,1.27885,1.27941,244313
2022-07-31,1.28156,1.28381,1.27669,1.28156,25913
2022-08-01,1.27941,1.2856,1.27674,1.28397,221938
2022-08-02,1.28397,1.28873,1.28337,1.28808,316352
2022-08-03,1.28808,1.28918,1.28322,1.28401,247730
2022-08-04,1.28401,1.28762,1.28179,1.28638,231043
2022-08-05,1.28638,1.29849,1.28601,1.29348,222876
2022-08-07,1.29445,1.29491,1.2839,1.29445,23683
2022-08-08,1.29295,1.29501,1.28387,1.28532,183749
2022-08-09,1.28532,1.29004,1.28433,1.28831,187580
2022-08-10,1.28831,1.28952,1.27512,1.27716,214751
2022-08-11,1.27716,1.27919,1.27276,1.27613,209092
2022-08-12,1.27613,1.2803,1.27392,1.27728,184084
2022-08-14,1.27795,1.29327,1.27728,1.27795,20590
2022-08-15,1.27728,1.2934,1.27662,1.29032,182105
2022-08-16,1.29032,1.29285,1.28308,1.28404,200095
2022-08-17,1.28404,1.29364,1.28272,1.29091,247261
2022-08-18,1.29091,1.2967,1.28808,1.29455,210075
2022-08-19,1.29455,1.30092,1.29425,1.29906,177219
2022-08-21,1.30003,1.30471,1.2975,1.30003,4
2022-08-22,1.29825,1.3061,1.29712,1.30519,186754
2022-08-23,1.30519,1.30631,1.29333,1.29491,233424
2022-08-24,1.29491,1.30187,1.29479,1.29643,210588
2022-08-25,1.29643,1.29757,1.28951,1.29237,212413
2022-08-26,1.29237,1.30433,1.29041,1.30288,235478
2022-08-28,1.30613,1.30755,1.2992,1.30613,28280
2022-08-29,1.303,1.30759,1.29904,1.30067,230839
2022-08-30,1.30067,1.31082,1.29718,1.30923,264336
2022-08-31,1.30923,1.31407,1.30628,1.31261,291892
2022-09-01,1.31261,1.32077,1.31186,1.31552,285748
2022-09-02,1.31552,1.31696,1.30746,1.31247,266334
2022-09-04,1.31427,1.31729,1.31299,1.31427,29718
2022-09-05,1.31249,1.31736,1.31249,1.31375,176169
2022-09-06,1.31375,1.31702,1.30962,1.3151,282905
2022-09-07,1.3151,1.32087,1.31104,1.31161,312801
2022-09-08,1.31161,1.31594,1.30771,1.30884,296835
2022-09-09,1.30884,1.30939,1.29817,1.30211,253728
2022-09-11,1.3023,1.30358,1.29645,1.3023,23983
2022-09-12,1.30451,1.30451,1.29636,1.29865,208081
2022-09-13,1.29865,1.31752,1.29538,1.31636,294285
2022-09-14,1.31636,1.32062,1.31392,1.3166,287789
2022-09-15,1.3166,1.32401,1.31533,1.32263,275554
2022-09-16,1.32263,1.33079,1.32258,1.32648,266446
2022-09-18,1.32582,1.33426,1.3249,1.32582,28093
2022-09-19,1.32623,1.33442,1.32452,1.32503,257021
2022-09-20,1.32503,1.3375,1.32267,1.33662,239646
2022-09-21,1.33662,1.34675,1.33573,1.34614,379680
2022-09-22,1.34614,1.35444,1.3409,1.34852,366272
2022-09-23,1.34852,1.36124,1.34675,1.3588,328512
2022-09-25,1.35808,1.37634,1.35644,1.35808,56675
2022-09-26,1.35996,1.38082,1.35595,1.37304,490323
2022-09-27,1.37304,1.37756,1.36395,1.37235,408181
2022-09-28,1.37235,1.38333,1.36025,1.36045,495451
2022-09-29,1.36045,1.37556,1.36041,1.36787,454255
2022-09-30,1.36787,1.38372,1.36577,1.3827,416967
2022-10-02,1.37873,1.3804,1.36343,1.37873,39312
2022-10-03,1.3827,1.3827,1.362,1.36235,378861
2022-10-04,1.36235,1.36642,1.35029,1.35095,358174
2022-10-05,1.35095,1.36956,1.35033,1.36161,333266
2022-10-06,1.36161,1.37552,1.35642,1.37475,345196
2022-10-07,1.37475,1.37606,1.36753,1.3733,333545
2022-10-09,1.37321,1.37784,1.37038,1.37321,37747
2022-10-10,1.37272,1.37823,1.37029,1.37785,293059
2022-10-11,1.37785,1.3855,1.37142,1.37977,427269
2022-10-12,1.37977,1.38302,1.37597,1.38133,390564
2022-10-13,1.38133,1.39775,1.37068,1.37512,430768
2022-10-14,1.37512,1.38982,1.37038,1.38814,415384
2022-10-16,1.3855,1.38578,1.37105,1.3855,39648
2022-10-17,1.38701,1.38784,1.36986,1.37154,331609
2022-10-18,1.37154,1.38107,1.36569,1.37311,351108
2022-10-19,1.37311,1.38094,1.37181,1.3763,307470
2022-10-20,1.3763,1.38066,1.36509,1.37636,356121
2022-10-21,1.37636,1.38544,1.36294,1.36441,402503
2022-10-23,1.36462,1.37727,1.36462,1.36462,47030
2022-10-24,1.363,1.37745,1.36062,1.37043,453419
2022-10-25,1.37043,1.37478,1.36009,1.36072,304976
2022-10-26,1.36072,1.3651,1.35072,1.35477,362106
2022-10-27,1.35477,1.36264,1.34955,1.35645,382722
2022-10-28,1.35645,1.36345,1.3525,1.36037,317028
2022-10-31,1.36131,1.36852,1.35996,1.3624,244735
2022-11-01,1.3624,1.36688,1.35298,1.36302,317126
2022-11-02,1.36302,1.37135,1.35478,1.37105,359422
2022-11-03,1.37105,1.38081,1.36822,1.37446,332180
2022-11-04,1.37446,1.3751,1.34686,1.34793,358376
2022-11-07,1.3525,1.35536,1.3465,1.34908,321553
2022-11-08,1.34908,1.35268,1.33873,1.34268,286597
2022-11-09,1.34268,1.35418,1.34107,1.35255,392927
2022-11-14,1.3273,1.33162,1.32391,1.33128,332732
2022-11-15,1.33128,1.33356,1.32259,1.32783,396359
2022-11-16,1.32783,1.33468,1.3228,1.33274,358258
2022-11-17,1.33274,1.34011,1.33046,1.33241,304192
2022-11-18,1.33241,1.34091,1.33002,1.33846,261650
2022-11-21,1.33885,1.3495,1.3373,1.34519,265064
2022-11-22,1.34519,1.34534,1.33648,1.33715,250610
2022-11-23,1.33715,1.344,1.33447,1.33535,281906
2022-11-24,1.33535,1.33619,1.33163,1.33365,143747
2022-11-25,1.33365,1.33983,1.3317,1.33754,196044
2022-11-28,1.3399,1.35048,1.33846,1.34948,288790
2022-11-29,1.34948,1.36457,1.34086,1.35787,328526
2022-11-30,1.35787,1.35938,1.34211,1.34225,349325
2022-12-01,1.34225,1.34706,1.33948,1.34311,317623
2022-12-02,1.34311,1.35206,1.34204,1.34703,284335
2022-12-05,1.34635,1.36052,1.33848,1.35876,274767
2022-12-06,1.35876,1.36757,1.35704,1.36516,280883
2022-12-07,1.36516,1.37,1.35879,1.36523,325865
2022-12-08,1.36523,1.36894,1.35611,1.35933,268462
2022-12-09,1.35933,1.36911,1.35689,1.36426,263484
2022-12-12,1.36315,1.36832,1.36183,1.36342,219537
2022-12-13,1.36342,1.3644,1.35218,1.35445,373354
2022-12-14,1.35445,1.36121,1.35187,1.35454,372124
2022-12-15,1.35454,1.36741,1.35397,1.3664,313985
2022-12-16,1.3664,1.3705,1.36174,1.3696,290700
2022-12-19,1.36762,1.36943,1.36231,1.36519,214494
2022-12-20,1.36519,1.37042,1.35797,1.36122,346879
2022-12-21,1.36122,1.36378,1.3589,1.36103,254669
2022-12-22,1.36103,1.36847,1.35706,1.36474,230171
2022-12-23,1.36474,1.36584,1.35626,1.35866,202823
2022-12-26,1.35866,1.36116,1.35711,1.35752,214591
2022-12-27,1.35752,1.35791,1.34841,1.35214,174741
2022-12-28,1.35214,1.36119,1.34855,1.35992,212847
2022-12-29,1.35992,1.36088,1.3538,1.35456,179948
2022-12-30,1.35456,1.35816,1.35137,1.35415,187184
2023-01-02,1.35415,1.35847,1.35352,1.35756,197125
2023-01-03,1.35756,1.36851,1.35229,1.36672,316945
2023-01-04,1.36672,1.36801,1.34749,1.34775,350498
2023-01-05,1.34775,1.35953,1.34701,1.35686,287187
2023-01-06,1.35686,1.36645,1.34333,1.34428,270684
2023-01-09,1.34428,1.34441,1.33569,1.33887,260657
2023-01-10,1.33887,1.34452,1.33758,1.34238,273527
2023-01-11,1.34238,1.34451,1.34043,1.34229,203870
2023-01-12,1.34229,1.3458,1.3345,1.33636,285514
2023-01-13,1.33636,1.34393,1.33214,1.33931,220412
2023-01-16,1.33806,1.34184,1.33524,1.34051,163156
2023-01-17,1.34051,1.34369,1.3369,1.33858,268295
2023-01-18,1.33858,1.35005,1.33506,1.34917,303033
2023-01-19,1.34917,1.35207,1.34463,1.34633,239123
2023-01-20,1.34633,1.34973,1.33731,1.33755,198789
2023-01-23,1.33827,1.34177,1.33421,1.33625,216022
2023-01-24,1.33625,1.34135,1.33465,1.33627,193940
2023-01-25,1.33627,1.3428,1.33396,1.33843,215122
2023-01-26,1.33843,1.34078,1.33031,1.33165,186989
2023-01-27,1.33165,1.33465,1.33001,1.33065,161161
2023-01-30,1.33115,1.33891,1.32993,1.33859,214627
2023-01-31,1.33859,1.34716,1.32987,1.33038,234226
2023-02-01,1.33038,1.33799,1.32668,1.32897,246227
2023-02-02,1.32897,1.33476,1.3262,1.33145,271726
2023-02-03,1.33145,1.34259,1.33113,1.34007,256131
2023-02-06,1.3406,1.34756,1.33961,1.34455,234958
2023-02-07,1.34455,1.34689,1.33795,1.3393,305711
2023-02-08,1.3393,1.34504,1.33599,1.34449,216108
2023-02-09,1.34449,1.34631,1.33725,1.34492,179707
2023-02-10,1.34492,1.34723,1.33377,1.33422,235826
2023-02-13,1.33426,1.33796,1.3325,1.33323,166394
2023-02-14,1.33323,1.33905,1.32736,1.33358,317802
2023-02-15,1.33358,1.34402,1.33317,1.33936,240133
2023-02-16,1.33936,1.34795,1.33574,1.34558,222371
2023-02-17,1.34558,1.35373,1.34446,1.34714,202234
2023-02-20,1.348,1.34945,1.34412,1.34505,118899
2023-02-21,1.34505,1.35493,1.34413,1.35355,243551
2023-02-22,1.35355,1.35681,1.35141,1.35511,212902
2023-02-23,1.35511,1.35812,1.35162,1.35478,189827
2023-02-24,1.35478,1.3665,1.3527,1.36062,211989
2023-02-27,1.36099,1.36242,1.35338,1.35748,200432
2023-02-28,1.35748,1.36481,1.35605,1.36467,204024
2023-03-01,1.36467,1.36589,1.35841,1.35903,246947
2023-03-02,1.35903,1.36414,1.35821,1.35962,214639
2023-03-03,1.35962,1.36442,1.3555,1.35919,190432
2023-03-06,1.36,1.36287,1.35818,1.36117,180212
2023-03-07,1.36117,1.37611,1.35994,1.37532,246757
2023-03-08,1.37532,1.38148,1.37434,1.38033,205459
2023-03-09,1.38033,1.38371,1.37524,1.38274,205176
2023-03-10,1.38274,1.38621,1.37611,1.38226,320543
2023-03-13,1.38051,1.38158,1.3677,1.37303,580003
2023-03-14,1.37303,1.37501,1.36512,1.36837,392558
2023-03-15,1.36837,1.38142,1.36599,1.3766,370944
2023-03-16,1.3766,1.37877,1.37139,1.37203,333100
2023-03-17,1.37203,1.37732,1.36775,1.37322,224529
2023-03-20,1.37171,1.37468,1.36514,1.36641,273671
2023-03-21,1.36641,1.37373,1.36438,1.37125,179795
2023-03-22,1.37125,1.37438,1.36565,1.37316,208729
2023-03-23,1.37316,1.3735,1.36304,1.3715,228640
2023-03-24,1.3715,1.38046,1.3706,1.37397,233481
2023-03-26,1.37274,1.37429,1.3685,1.37274,25919
2023-03-27,1.37299,1.37452,1.36493,1.36602,185021
2023-03-28,1.36602,1.36952,1.35917,1.35986,166874
2023-03-29,1.35986,1.36165,1.35563,1.35583,153135
2023-03-30,1.35583,1.35811,1.35157,1.35221,152302
2023-03-31,1.35221,1.35646,1.35073,1.35154,162584
2023-04-02,1.35018,1.3534,1.34257,1.35018,27093
2023-04-03,1.34886,1.35365,1.34114,1.34356,190311
2023-04-04,1.34356,1.34674,1.34058,1.34441,197154
2023-04-05,1.34441,1.34832,1.34235,1.34568,171756
2023-04-06,1.34568,1.35059,1.34467,1.34911,150333
2023-04-07,1.34911,1.35308,1.34767,1.3513,85998
2023-04-09,1.3504,1.35518,1.34847,1.3504,17886
2023-04-10,1.35196,1.35537,1.34847,1.3508,112448
2023-04-11,1.3508,1.35161,1.3462,1.34642,140678
2023-04-12,1.34642,1.34893,1.3428,1.34415,181643
2023-04-14,1.33364,1.33956,1.33006,1.33544,169533
2023-04-16,1.3365,1.34189,1.3342,1.3365,20508
2023-04-17,1.33544,1.342,1.33426,1.33908,150878
2023-04-18,1.33908,1.33995,1.33594,1.33893,151250
2023-04-19,1.33893,1.34669,1.33845,1.34588,148573
2023-04-20,1.34588,1.34896,1.34484,1.34764,143312
2023-04-21,1.34764,1.35633,1.34684,1.35384,141072
2023-04-23,1.35384,1.35662,1.35228,1.35384,20744
2023-04-24,1.35294,1.35674,1.35225,1.35404,138049
2023-04-25,1.35404,1.36479,1.35244,1.36268,155387
2023-04-26,1.36268,1.3651,1.35993,1.36355,198031
2023-04-28,1.35914,1.36678,1.35361,1.35422,191356
2023-04-30,1.35591,1.35821,1.35313,1.35591,21372
2023-05-01,1.35316,1.35831,1.35303,1.35427,154451
2023-05-02,1.35427,1.36375,1.3528,1.36251,203282
2023-05-03,1.36251,1.36394,1.35814,1.36144,204980
2023-05-04,1.36144,1.36328,1.3519,1.35386,233283
2023-05-05,1.35386,1.35394,1.33711,1.3374,185697
2023-05-07,1.338,1.33855,1.33158,1.338,26319
2023-05-08,1.3383,1.33874,1.33147,1.33727,142871
2023-05-09,1.33727,1.34064,1.33622,1.33831,161951
2023-05-10,1.33831,1.34148,1.33347,1.33711,211363
2023-05-11,1.33711,1.34958,1.33628,1.34896,210439
2023-05-12,1.34896,1.35651,1.34774,1.35567,179804
2023-05-14,1.3554,1.35669,1.34822,1.3554,26459
2023-05-15,1.35369,1.35678,1.34593,1.34659,176980
2023-05-16,1.34659,1.34937,1.3404,1.34784,197956
2023-05-17,1.34784,1.35358,1.34372,1.34542,190696
2023-05-18,1.34542,1.35245,1.3442,1.35018,186387
2023-05-19,1.35018,1.35237,1.34686,1.34943,191388
2023-05-21,1.3488,1.35173,1.34854,1.3488,31590
2023-05-22,1.34943,1.35188,1.3485,1.3504,187165
2023-05-23,1.3504,1.35487,1.34844,1.3503,209873
2023-05-24,1.3503,1.36056,1.34938,1.35939,203346
2023-05-25,1.35939,1.36447,1.35862,1.36398,195447
2023-05-26,1.36398,1.36545,1.36008,1.36121,175445
2023-05-28,1.3609,1.36129,1.3581,1.3609,25230
2023-05-29,1.36057,1.3618,1.35828,1.35891,86639
2023-05-30,1.35891,1.36135,1.3567,1.36011,183777
2023-05-31,1.36011,1.36513,1.35693,1.35707,196728
2023-06-01,1.35707,1.3585,1.34365,1.3449,195750
2023-06-02,1.3449,1.34511,1.34067,1.34222,180154
2023-06-04,1.34283,1.34609,1.34201,1.34283,26673
2023-06-05,1.34183,1.34619,1.34161,1.34448,167390
2023-06-06,1.34448,1.34523,1.33898,1.34029,169244
2023-06-07,1.34029,1.34266,1.33208,1.3368,177194
2023-06-08,1.3368,1.33878,1.33339,1.33563,175383
2023-06-09,1.33563,1.33712,1.3313,1.33352,161219
2023-06-11,1.33368,1.33826,1.33152,1.33368,26041
2023-06-12,1.33351,1.33836,1.33145,1.33676,155905
2023-06-13,1.33676,1.33784,1.32858,1.33156,190364
2023-06-14,1.33156,1.33527,1.3272,1.33236,192375
2023-06-15,1.33236,1.33545,1.32096,1.32216,157929
2023-06-16,1.32216,1.32392,1.31776,1.31956,163014
2023-06-18,1.3198,1.32281,1.3179,1.3198,13677
2023-06-19,1.31956,1.32288,1.31791,1.32084,113150
2023-06-20,1.32084,1.32697,1.32055,1.3234,205378
2023-06-21,1.3234,1.32459,1.3157,1.3163,214684
2023-06-22,1.3163,1.31791,1.31385,1.315,201370
2023-06-23,1.315,1.32258,1.31428,1.31796,192832
2023-06-25,1.31647,1.31758,1.3138,1.31647,34473
2023-06-26,1.3179,1.31807,1.31358,1.31526,175327
2023-06-27,1.31526,1.31918,1.31166,1.31911,207334
2023-06-28,1.31911,1.32766,1.31889,1.32554,202679
2023-06-29,1.32554,1.32856,1.3239,1.32519,188997
2023-06-30,1.32519,1.32844,1.32067,1.3241,174359
2023-07-02,1.325,1.32728,1.32306,1.325,27614
2023-07-03,1.32325,1.32733,1.323,1.32464,144630
2023-07-04,1.32464,1.32567,1.3203,1.3222,104645
2023-07-05,1.3222,1.3293,1.32186,1.32804,166938
2023-07-06,1.32804,1.33724,1.3275,1.33662,196697
2023-07-07,1.33662,1.33869,1.32657,1.32756,170572
2023-07-09,1.3278,1.33022,1.32689,1.3278,30800
2023-07-10,1.3267,1.33043,1.32661,1.32796,174611
2023-07-11,1.32796,1.32896,1.32291,1.32296,179231
2023-07-12,1.32296,1.32338,1.31437,1.31864,202214
2023-07-13,1.31864,1.31948,1.31035,1.31086,198324
2023-07-14,1.31086,1.32269,1.30922,1.32135,180134
2023-07-16,1.3225,1.32296,1.3161,1.3225,20938
2023-07-17,1.32165,1.32323,1.31609,1.31989,159552
2023-07-18,1.31989,1.32432,1.3167,1.31684,189490
2023-07-19,1.31684,1.31933,1.31556,1.31632,196870
2023-07-20,1.31632,1.31947,1.31193,1.31673,187745
2023-07-21,1.31673,1.32263,1.31529,1.32225,174512
2023-07-23,1.3224,1.32276,1.31542,1.3224,26959
2023-07-24,1.3214,1.32287,1.31502,1.31668,203361
2023-07-25,1.31668,1.32095,1.31466,1.31712,178473
2023-07-26,1.31712,1.32378,1.31636,1.32069,222774
2023-07-27,1.32069,1.32431,1.31581,1.32231,221316
2023-07-28,1.32231,1.32508,1.32001,1.32503,200388
2023-07-30,1.3251,1.32609,1.3149,1.3251,29912
2023-07-31,1.32503,1.32616,1.3151,1.31895,171495
2023-08-01,1.31895,1.33001,1.31792,1.3281,189048
2023-08-02,1.3281,1.33531,1.32616,1.33494,207028
2023-08-03,1.33494,1.33778,1.33286,1.33526,198099
2023-08-04,1.33526,1.33939,1.33193,1.33797,207236
2023-08-06,1.3373,1.33985,1.33558,1.3373,31715
2023-08-07,1.33697,1.33994,1.33558,1.33688,164676
2023-08-08,1.33688,1.35019,1.33574,1.34131,206263
2023-08-09,1.34131,1.34541,1.3404,1.34182,188027
2023-08-10,1.34182,1.34499,1.3372,1.34479,214994
2023-08-11,1.34479,1.34658,1.34123,1.34414,182573
2023-08-13,1.34398,1.34782,1.3437,1.34398,31295
2023-08-14,1.34326,1.34799,1.34308,1.346,217523
2023-08-15,1.346,1.35016,1.34392,1.34968,231896
2023-08-16,1.34968,1.35452,1.3475,1.35317,215637
2023-08-17,1.35317,1.35525,1.34963,1.3545,216984
2023-08-18,1.3545,1.35748,1.3524,1.35503,209735
2023-08-20,1.35416,1.3573,1.3496,1.35416,18307
2023-08-21,1.35428,1.35729,1.3496,1.35438,207006
2023-08-22,1.35438,1.35649,1.3513,1.35496,204441
2023-08-23,1.35496,1.36039,1.35203,1.35246,202697
2023-08-24,1.35246,1.35889,1.35098,1.35813,208707
2023-08-25,1.35813,1.364,1.35677,1.36042,204585
2023-08-27,1.3594,1.36108,1.35706,1.3594,33814
2023-08-28,1.35833,1.36118,1.357,1.35987,170520
2023-08-29,1.35987,1.36374,1.35494,1.35515,196098
2023-08-30,1.35515,1.35769,1.3513,1.35316,205003
2023-08-31,1.35316,1.35578,1.3504,1.35078,183206
2023-09-01,1.35078,1.36126,1.34891,1.35878,176730
2023-09-03,1.35945,1.36044,1.35756,1.35945,21296
2023-09-04,1.35799,1.36047,1.35753,1.35899,88821
2023-09-05,1.35899,1.36694,1.35863,1.36408,198121
2023-09-06,1.36408,1.36764,1.36222,1.36345,177182
2023-09-07,1.36345,1.36944,1.36309,1.36842,163980
2023-09-08,1.36842,1.36896,1.36079,1.36396,158509
2023-09-10,1.3627,1.36338,1.35636,1.3627,30386
2023-09-11,1.36303,1.36368,1.35608,1.35686,170286
2023-09-12,1.35686,1.35933,1.35434,1.35522,164862
2023-09-13,1.35522,1.35869,1.35207,1.3548,211653
2023-09-14,1.3548,1.35541,1.34933,1.35077,188184
2023-09-15,1.35077,1.35497,1.34939,1.35213,190642
2023-09-17,1.35219,1.3527,1.34718,1.35219,23353
2023-09-18,1.35164,1.35285,1.34718,1.34855,153497
2023-09-19,1.34855,1.34897,1.33789,1.34473,189314
2023-09-20,1.34473,1.34773,1.33955,1.34613,221491
2023-09-21,1.34613,1.35236,1.34481,1.3483,222631
2023-09-22,1.3483,1.34917,1.34233,1.34783,177416
2023-09-24,1.3477,1.34913,1.34541,1.3477,33090
2023-09-25,1.34783,1.34917,1.3453,1.34534,197961
2023-09-26,1.34534,1.35281,1.34487,1.35164,225091
2023-09-27,1.35164,1.35429,1.34953,1.34981,217161
2023-09-28,1.34981,1.3516,1.34706,1.34865,240958
2023-09-29,1.34865,1.35847,1.34168,1.35776,231786
2023-10-01,1.35737,1.3675,1.3562,1.35737,24789
2023-10-02,1.3563,1.36798,1.35569,1.36752,233216
2023-10-03,1.36752,1.37359,1.36617,1.37041,283730
2023-10-04,1.37041,1.37796,1.369,1.37446,267241
2023-10-05,1.37446,1.37855,1.37031,1.37043,248098
2023-10-06,1.37043,1.37446,1.36439,1.36565,252115
2023-10-08,1.36611,1.36749,1.36128,1.36611,31521
2023-10-09,1.36667,1.36792,1.35809,1.35892,213351
2023-10-10,1.35892,1.36172,1.35691,1.35829,244765
2023-10-11,1.35829,1.36237,1.3571,1.35916,210004
2023-10-12,1.35916,1.37003,1.35784,1.36897,208564
2023-10-13,1.36897,1.36944,1.36363,1.3654,208977
2023-10-15,1.36443,1.36547,1.36124,1.36443,26863
2023-10-16,1.36478,1.36565,1.36064,1.36104,187561
2023-10-17,1.36104,1.37029,1.36041,1.36466,210920
2023-10-18,1.36466,1.37162,1.3617,1.37149,205528
2023-10-19,1.37149,1.37408,1.3679,1.37183,231703
2023-10-20,1.37183,1.3734,1.36695,1.37145,193210
2023-10-22,1.3703,1.37361,1.3676,1.3703,19537
2023-10-23,1.37145,1.37365,1.36674,1.3691,209747
2023-10-24,1.3691,1.37546,1.36608,1.37401,213267
2023-10-25,1.37401,1.381,1.37294,1.37958,209879
2023-10-26,1.37958,1.38439,1.37893,1.38306,223163
2023-10-27,1.38306,1.38807,1.37963,1.38678,191452
2023-10-29,1.38447,1.38726,1.38447,1.38634,2453
2023-10-30,1.38541,1.3873,1.38132,1.38257,183421
2023-10-31,1.38257,1.38922,1.38134,1.38733,198268
2023-11-01,1.38733,1.38989,1.38409,1.38557,209772
2023-11-02,1.38557,1.38557,1.37356,1.37372,167132
2023-11-03,1.37372,1.37604,1.36514,1.36531,168323
2023-11-05,1.36491,1.36711,1.36455,1.36606,1348
2023-11-06,1.36528,1.37027,1.36292,1.36997,162116
2023-11-07,1.36997,1.37827,1.36831,1.37664,175220
2023-11-08,1.37664,1.38146,1.37543,1.37923,177882
2023-11-09,1.37923,1.38162,1.37465,1.38069,182950
2023-11-10,1.38069,1.38548,1.37887,1.37888,166315
2023-11-12,1.37941,1.38014,1.37812,1.37971,1816
2023-11-13,1.37952,1.38317,1.3777,1.37969,147002
2023-11-14,1.37969,1.38433,1.36844,1.36923,189746
2023-11-15,1.36923,1.37099,1.36544,1.36819,180618
2023-11-16,1.36819,1.37768,1.36746,1.37543,187862
2023-11-17,1.37543,1.37709,1.37078,1.37137,165781
2023-11-19,1.37071,1.37206,1.3704,1.37206,1814
2023-11-20,1.37137,1.37494,1.36894,1.3724,175592
2023-11-21,1.3724,1.37314,1.36809,1.37005,210605
2023-11-22,1.37005,1.37655,1.36859,1.36868,190851
2023-11-23,1.36868,1.37109,1.36508,1.36943,112042
2023-11-24,1.36943,1.37116,1.35937,1.36246,141937
2023-11-26,1.36057,1.36379,1.36057,1.36306,1313
2023-11-27,1.36341,1.3661,1.36134,1.36158,167843
2023-11-28,1.36158,1.36205,1.35601,1.35735,197625
2023-11-29,1.35735,1.3615,1.35411,1.35884,199224
2023-11-30,1.35884,1.36265,1.35521,1.35607,214251
2023-12-01,1.35607,1.35641,1.34869,1.34891,195094
2023-12-03,1.34967,1.35031,1.34794,1.34892,2598
2023-12-04,1.34999,1.35622,1.34799,1.35363,217847
2023-12-05,1.35363,1.35943,1.35302,1.35917,214537
2023-12-06,1.35917,1.35963,1.35486,1.35928,179892
2023-12-07,1.35928,1.36194,1.35837,1.35982,189909
2023-12-08,1.35982,1.36093,1.35503,1.35767,202914
2023-12-10,1.35647,1.35904,1.35647,1.35808,1574
2023-12-11,1.35804,1.36045,1.35501,1.35733,178671
2023-12-12,1.35733,1.36185,1.35446,1.35889,173899
2023-12-13,1.35889,1.36083,1.34949,1.35175,185594
2023-12-14,1.35175,1.35177,1.3394,1.34053,214727
2023-12-15,1.34053,1.34149,1.33502,1.33749,191849
2023-12-17,1.3359,1.33812,1.3354,1.33812,1654
2023-12-18,1.33664,1.34094,1.33496,1.33987,153663
2023-12-19,1.33987,1.34005,1.33318,1.33327,144837
2023-12-20,1.33327,1.33706,1.33116,1.33692,162326
2023-12-21,1.33692,1.3371,1.32758,1.32816,180957
2023-12-22,1.32816,1.32927,1.3219,1.3263,162908
2023-12-24,1.32642,1.32642,1.32558,1.32568,3546
2023-12-25,1.32568,1.3289,1.31746,1.32568,0
2023-12-26,1.3263,1.3263,1.31944,1.31948,77221
2023-12-27,1.31948,1.32194,1.31773,1.32077,114217
2023-12-28,1.32077,1.32352,1.31823,1.32282,136250
2023-12-29,1.32282,1.32654,1.3178,1.32432,146166
2023-12-31,1.32392,1.32392,1.32392,1.32392,3
2024-01-01,1.32392,1.3249,1.32392,1.32392,0
2024-01-02,1.32432,1.33339,1.32285,1.33208,154976
2024-01-03,1.33208,1.33718,1.33169,1.33525,208923
2024-01-04,1.33525,1.33661,1.33169,1.335,173621
2024-01-05,1.335,1.33991,1.32873,1.33551,196428
2024-01-07,1.33433,1.33652,1.33393,1.33598,1346
2024-01-08,1.33551,1.34051,1.33446,1.3347,167877
2024-01-09,1.3347,1.34146,1.33402,1.33898,155494
2024-01-10,1.33898,1.33946,1.33652,1.33799,148488
2024-01-11,1.33799,1.3443,1.33504,1.33939,201433
2024-01-12,1.33939,1.34119,1.33432,1.34032,174534
2024-01-14,1.33885,1.34119,1.33885,1.34066,2046
2024-01-15,1.34032,1.34483,1.33818,1.34255,109281
2024-01-16,1.34255,1.35018,1.34207,1.34947,205533
2024-01-17,1.34947,1.35418,1.348,1.35054,190980
2024-01-18,1.35054,1.35281,1.34794,1.34866,182571
2024-01-19,1.34866,1.35021,1.34218,1.34227,174025
2024-01-21,1.34244,1.34379,1.34181,1.34316,2492
2024-01-22,1.34227,1.34827,1.34148,1.34785,157015
2024-01-23,1.34785,1.34917,1.34531,1.34611,148347
2024-01-24,1.34611,1.35283,1.34297,1.35227,171705
2024-01-25,1.35227,1.35346,1.34679,1.34748,177905
2024-01-26,1.34748,1.3483,1.3414,1.34447,168983
2024-01-28,1.34522,1.34556,1.3444,1.34555,1266
2024-01-29,1.34447,1.34652,1.34097,1.34141,151072
2024-01-30,1.34141,1.34462,1.33953,1.33975,170670
2024-01-31,1.33975,1.34462,1.33585,1.34341,233998
2024-02-01,1.34341,1.34641,1.33677,1.33858,221735
2024-02-02,1.33858,1.34756,1.33657,1.3464,204379
2024-02-04,1.34598,1.34748,1.34567,1.34701,2119
2024-02-05,1.3459,1.35438,1.34563,1.35395,191610
2024-02-06,1.35395,1.35437,1.34763,1.34917,196284
2024-02-07,1.34917,1.34923,1.34548,1.3462,198403
2024-02-08,1.3462,1.34929,1.34477,1.34574,172432
2024-02-09,1.34574,1.34817,1.34127,1.34571,164713
2024-02-11,1.34587,1.34652,1.34523,1.34576,1504
2024-02-12,1.34586,1.3475,1.343,1.34503,153201
2024-02-13,1.34503,1.35862,1.34391,1.3564,204720
2024-02-14,1.3564,1.35724,1.35308,1.35403,191768
2024-02-15,1.35403,1.35516,1.34617,1.34643,188204
2024-02-16,1.34643,1.35077,1.34595,1.3481,187970
2024-02-18,1.34688,1.34858,1.34688,1.34775,1346
2024-02-19,1.34833,1.34966,1.34679,1.34892,115217
2024-02-20,1.34892,1.35297,1.34722,1.3523,196427
2024-02-21,1.3523,1.35361,1.3494,1.35056,207127
2024-02-22,1.35056,1.35077,1.34407,1.34816,194201
2024-02-23,1.34816,1.35175,1.34615,1.35072,199311
2024-02-25,1.34904,1.35105,1.34893,1.35103,1329
2024-02-26,1.34903,1.35286,1.34895,1.35053,152531
2024-02-27,1.35053,1.35392,1.34844,1.3528,182367
2024-02-28,1.3528,1.36061,1.35225,1.35761,172307
2024-02-29,1.35761,1.35974,1.3541,1.35782,215001
2024-03-01,1.35782,1.36018,1.3545,1.35558,175848
2024-03-03,1.35463,1.35564,1.35453,1.35513,1699
2024-03-04,1.3546,1.35839,1.35454,1.35736,172318
2024-03-05,1.35736,1.36051,1.35551,1.35924,177576
2024-03-06,1.35924,1.35999,1.34988,1.35133,208035
2024-03-07,1.35133,1.35256,1.34541,1.34583,182713
2024-03-08,1.34583,1.34978,1.34199,1.34822,198702
2024-03-10,1.34815,1.34911,1.3478,1.34805,2100
2024-03-11,1.34814,1.35098,1.34693,1.34824,176927
2024-03-12,1.34824,1.35254,1.34666,1.34906,204035
2024-03-13,1.34906,1.34984,1.34589,1.34706,163106
2024-03-14,1.34706,1.35412,1.34594,1.35323,171202
2024-03-15,1.35323,1.35518,1.35099,1.35371,173708
2024-03-17,1.35363,1.3548,1.35363,1.35459,1279
2024-03-18,1.35284,1.35516,1.35206,1.35341,131710
2024-03-19,1.35341,1.36134,1.35251,1.35665,174622
2024-03-20,1.35665,1.36048,1.34819,1.34918,180226
2024-03-21,1.34918,1.35416,1.34557,1.35292,187174
2024-03-22,1.35292,1.36139,1.35193,1.36035,147570
2024-03-24,1.36001,1.36118,1.36001,1.36117,1284
2024-03-25,1.35966,1.36142,1.35702,1.35853,136054
2024-03-26,1.35853,1.35905,1.35527,1.35838,125606
2024-03-27,1.35838,1.36083,1.3565,1.35673,146040
2024-03-28,1.35673,1.36139,1.35249,1.35399,145432
2024-03-29,1.35399,1.35611,1.35283,1.35359,98900
2024-03-31,1.35219,1.35845,1.3515,1.35219,15414
2024-04-01,1.35359,1.35866,1.35148,1.35701,142495
2024-04-02,1.35701,1.35843,1.35563,1.35665,144568
2024-04-03,1.35665,1.35889,1.35116,1.35268,156261
2024-04-04,1.35268,1.3559,1.34778,1.35426,131956
2024-04-05,1.35426,1.36474,1.35365,1.35889,200492
2024-04-07,1.36041,1.36163,1.35699,1.36041,20091
2024-04-08,1.35888,1.36166,1.35693,1.35718,158163
2024-04-09,1.35718,1.35987,1.3547,1.35708,167445
2024-04-10,1.35708,1.37029,1.3556,1.36814,239007
2024-04-11,1.36814,1.37257,1.36608,1.36887,226329
2024-04-12,1.36887,1.37872,1.36818,1.37687,208322
2024-04-14,1.3758,1.37801,1.37254,1.3758,20707
2024-04-15,1.37731,1.37936,1.37251,1.37879,235239
2024-04-16,1.37879,1.38461,1.3774,1.38286,260383
2024-04-17,1.38286,1.38378,1.37596,1.37729,222922
2024-04-18,1.37729,1.37816,1.37416,1.37671,209028
2024-04-19,1.37671,1.38046,1.37234,1.37469,273375
2024-04-21,1.3738,1.3749,1.371,1.3739,17628
2024-04-22,1.37521,1.37526,1.36868,1.37002,170641
2024-04-23,1.37002,1.37143,1.36561,1.3663,183520
2024-04-24,1.3663,1.37289,1.36546,1.37031,160480
2024-04-25,1.37031,1.3731,1.36501,1.36569,193228
2024-04-26,1.36569,1.36958,1.3632,1.36671,174956
2024-04-28,1.36559,1.36754,1.36316,1.36559,18519
2024-04-29,1.36572,1.36767,1.3632,1.36603,152391
2024-04-30,1.36603,1.37845,1.36568,1.37779,175509
2024-05-01,1.37779,1.3783,1.37033,1.37388,201651
2024-05-02,1.37388,1.37408,1.36694,1.36735,186703
2024-05-03,1.36735,1.36916,1.3605,1.36847,222833
2024-05-05,1.36915,1.36968,1.3647,1.36915,15184
2024-05-06,1.36742,1.3697,1.36479,1.36653,121227
2024-05-07,1.36653,1.37413,1.36588,1.3726,149032
2024-05-08,1.3726,1.37626,1.37159,1.37196,138673
2024-05-09,1.37196,1.37379,1.36744,1.36768,138146
2024-05-10,1.36768,1.36905,1.36302,1.36696,139911
2024-05-12,1.3677,1.36892,1.36611,1.3677,16016
2024-05-13,1.36625,1.36897,1.36606,1.36657,119640
2024-05-14,1.36657,1.36906,1.36326,1.36502,138383
2024-05-15,1.36502,1.3661,1.35882,1.36021,151191
2024-05-16,1.36021,1.36412,1.35897,1.36176,138924
2024-05-17,1.36176,1.36438,1.36011,1.36099,133391
2024-05-19,1.36079,1.36344,1.35964,1.36079,19087
2024-05-20,1.36125,1.36355,1.3596,1.36246,133321
2024-05-21,1.36246,1.36754,1.36146,1.36541,160827
2024-05-22,1.36541,1.36984,1.36236,1.36945,165333
2024-05-23,1.36945,1.37434,1.36567,1.37291,195575
2024-05-24,1.37291,1.37386,1.36479,1.36617,151634
2024-05-26,1.3666,1.36702,1.363,1.3666,12065
2024-05-27,1.36631,1.3671,1.36296,1.36316,86864
2024-05-28,1.36316,1.36538,1.36147,1.3645,156027
2024-05-29,1.3645,1.37193,1.36395,1.37179,175228
2024-05-30,1.37179,1.37348,1.36602,1.36803,184962
2024-05-31,1.36803,1.36896,1.36192,1.36257,200059
2024-06-02,1.36189,1.36673,1.36029,1.36189,17685
2024-06-03,1.36286,1.36685,1.36028,1.36272,197047
2024-06-04,1.36272,1.36991,1.36199,1.36756,230317
2024-06-05,1.36756,1.37414,1.36652,1.36943,194888
2024-06-06,1.36943,1.371,1.36641,1.367,167891
2024-06-07,1.367,1.37675,1.36616,1.37642,220466
2024-06-09,1.3759,1.37814,1.3753,1.3759,15546
2024-06-10,1.37535,1.37818,1.37521,1.37584,172711
2024-06-11,1.37584,1.37917,1.3748,1.3758,190800
2024-06-12,1.3758,1.37606,1.36799,1.37231,234576
2024-06-13,1.37231,1.37635,1.37115,1.37417,212509
2024-06-14,1.37417,1.37794,1.37235,1.3733,208991
2024-06-16,1.3733,1.37634,1.3729,1.3733,14961
2024-06-17,1.3732,1.37644,1.37206,1.37236,169422
2024-06-18,1.37236,1.37565,1.3709,1.37178,187785
2024-06-19,1.37178,1.37258,1.3698,1.37025,96355
2024-06-20,1.37025,1.37209,1.36821,1.36892,167510
2024-06-21,1.36892,1.37181,1.36745,1.36881,170214
2024-06-23,1.37013,1.3708,1.3651,1.37013,17474
2024-06-24,1.36879,1.37081,1.36498,1.36505,162061
2024-06-25,1.36505,1.36807,1.36171,1.36575,172248
2024-06-26,1.36575,1.37076,1.36479,1.36996,181070
2024-06-27,1.36996,1.37124,1.36757,1.37005,182291
2024-06-28,1.37005,1.37341,1.36553,1.36766,218900
2024-06-30,1.36727,1.37473,1.36632,1.36727,14627
2024-07-01,1.36693,1.37489,1.36616,1.37353,189085
2024-07-02,1.37353,1.37553,1.36673,1.3678,184162
2024-07-03,1.3678,1.36866,1.36172,1.36348,196544
2024-07-04,1.36348,1.3639,1.36078,1.36085,97723
2024-07-05,1.36085,1.36531,1.36024,1.36402,180684
2024-07-07,1.3638,1.36459,1.3624,1.3638,777
2024-07-08,1.36444,1.36473,1.3624,1.36344,178697
2024-07-09,1.36344,1.36484,1.36275,1.36359,186742
2024-07-10,1.36359,1.36431,1.3608,1.36192,162437
2024-07-11,1.36192,1.36479,1.3584,1.36317,231757
2024-07-12,1.36317,1.36394,1.36113,1.36351,221513
2024-07-14,1.3646,1.36668,1.36313,1.3646,15816
2024-07-15,1.36427,1.36891,1.36275,1.36827,144093
2024-07-16,1.36827,1.37079,1.3664,1.36731,210188
2024-07-17,1.36731,1.37015,1.36567,1.36826,234928
2024-07-18,1.36826,1.37184,1.36703,1.37057,226775
2024-07-19,1.37057,1.37478,1.36986,1.37276,217311
2024-07-21,1.3707,1.37745,1.3707,1.3707,18861
2024-07-22,1.37108,1.37748,1.37053,1.37572,202717
2024-07-23,1.37572,1.37856,1.3752,1.37845,188276
2024-07-24,1.37845,1.38165,1.37772,1.38074,207059
2024-07-25,1.38074,1.3849,1.37967,1.38247,276788
2024-07-26,1.38247,1.3849,1.38072,1.3833,193633
2024-07-28,1.3828,1.38642,1.38164,1.3828,17362
2024-07-29,1.38279,1.3865,1.38161,1.38516,191816
2024-07-30,1.38516,1.38644,1.38379,1.38488,213173
2024-07-31,1.38488,1.38587,1.37871,1.3808,261271
2024-08-01,1.3808,1.3889,1.3792,1.3875,257904
2024-08-02,1.3875,1.38884,1.38339,1.38698,324900
2024-08-04,1.38831,1.39409,1.38091,1.38831,34078
2024-08-05,1.3868,1.39465,1.38092,1.38244,498946
2024-08-06,1.38244,1.38557,1.37565,1.37855,422105
2024-08-07,1.37855,1.37908,1.37208,1.37574,336745
2024-08-08,1.37574,1.37656,1.37263,1.37329,319026
2024-08-09,1.37329,1.37558,1.37179,1.37264,283246
2024-08-11,1.37359,1.37468,1.3718,1.37359,15818
2024-08-12,1.37322,1.37478,1.37183,1.37424,228621
2024-08-13,1.37424,1.37471,1.37045,1.37051,221013
2024-08-14,1.37051,1.37245,1.36888,1.3711,201113
2024-08-15,1.3711,1.37384,1.36952,1.37295,183009
2024-08-16,1.37295,1.37371,1.36708,1.36722,163079
2024-08-18,1.36783,1.36844,1.36354,1.36783,28210
2024-08-19,1.3679,1.36848,1.36297,1.36333,171617
2024-08-20,1.36333,1.36414,1.36037,1.36196,219071
2024-08-21,1.36196,1.36236,1.35754,1.35942,266206
2024-08-22,1.35942,1.36188,1.3571,1.36148,188347
2024-08-23,1.36148,1.36161,1.34987,1.35038,202289
2024-08-25,1.3508,1.35136,1.34631,1.3508,19182
2024-08-26,1.34982,1.35152,1.3463,1.34861,192514
2024-08-27,1.34861,1.34883,1.34425,1.34434,183274
2024-08-28,1.34434,1.3488,1.34362,1.34811,226552
2024-08-29,1.34811,1.34911,1.345,1.34846,252687
2024-08-30,1.34846,1.35094,1.34647,1.34835,219938
2024-09-01,1.3489,1.35046,1.3484,1.3489,20041
2024-09-02,1.34812,1.35052,1.34806,1.34922,106199
2024-09-03,1.34922,1.35624,1.34867,1.355,219469
2024-09-04,1.355,1.35654,1.35002,1.35056,237031
2024-09-05,1.35056,1.35251,1.34993,1.35032,224575
2024-09-06,1.35032,1.35824,1.34648,1.35698,265270
2024-09-08,1.35621,1.35755,1.3551,1.35621,27854
2024-09-09,1.35566,1.35771,1.35462,1.35589,208296
2024-09-10,1.35589,1.36155,1.3553,1.36095,221118
2024-09-11,1.36095,1.36229,1.35666,1.35749,242424
2024-09-12,1.35749,1.36046,1.35648,1.358,218204
2024-09-13,1.358,1.36001,1.35651,1.35828,183505
2024-09-15,1.35777,1.36071,1.3565,1.35777,16954
2024-09-16,1.35934,1.36077,1.35667,1.35863,183247
2024-09-17,1.35857,1.36163,1.35783,1.35972,200126
2024-09-18,1.35972,1.36225,1.35393,1.36038,289854
2024-09-19,1.36038,1.36469,1.35324,1.35578,296421
2024-09-20,1.35578,1.35891,1.35412,1.35652,247296
2024-09-22,1.35642,1.35818,1.34894,1.35642,21673
2024-09-23,1.35529,1.35814,1.34864,1.35398,197415
2024-09-24,1.35398,1.35398,1.34297,1.34303,212219
2024-09-25,1.34303,1.34865,1.34189,1.3484,229350
2024-09-26,1.3484,1.34891,1.34569,1.34635,259622
2024-09-27,1.34635,1.35261,1.3458,1.35116,259997
2024-09-29,1.35088,1.35267,1.34898,1.35088,33557
2024-09-30,1.35057,1.35372,1.34889,1.35245,245925
2024-10-01,1.35245,1.35392,1.34803,1.34893,301919
2024-10-02,1.34893,1.35093,1.34716,1.35008,212489
2024-10-03,1.35008,1.35592,1.3491,1.35539,260898
2024-10-04,1.35539,1.35906,1.3544,1.35716,220968
2024-10-06,1.35792,1.36185,1.35725,1.35792,32426
2024-10-07,1.35716,1.3639,1.35646,1.36188,203216
2024-10-08,1.36188,1.36745,1.36104,1.36461,214250
2024-10-09,1.36461,1.37181,1.36403,1.37103,189852
2024-10-10,1.37103,1.37748,1.36907,1.37407,205401
2024-10-11,1.37407,1.37828,1.37242,1.37579,149896
2024-10-13,1.37812,1.38005,1.37708,1.37812,30925
2024-10-14,1.37545,1.38048,1.37512,1.37947,159458
2024-10-15,1.37947,1.38381,1.37692,1.37737,168827
2024-10-16,1.37737,1.37926,1.3749,1.37507,167223
2024-10-17,1.37507,1.38007,1.3745,1.3794,178138
2024-10-18,1.3794,1.38145,1.37841,1.3797,176862
2024-10-20,1.37996,1.38488,1.37996,1.37996,39217
2024-10-21,1.37978,1.3849,1.37949,1.38301,181047
2024-10-22,1.38301,1.38372,1.3813,1.38167,178713
2024-10-23,1.38167,1.38621,1.38103,1.38355,209314
2024-10-24,1.38355,1.38679,1.38119,1.38535,187460
2024-10-25,1.38535,1.3897,1.38374,1.38878,177856
2024-10-27,1.38833,1.38973,1.38803,1.38953,2195
2024-10-28,1.38796,1.39079,1.38795,1.38886,146295
2024-10-29,1.38886,1.3929,1.3876,1.39139,187814
2024-10-30,1.39139,1.394,1.38945,1.3903,209502
2024-10-31,1.3903,1.39447,1.38901,1.39328,219080
2024-11-01,1.39328,1.39583,1.39018,1.39439,199546
2024-11-03,1.39197,1.39267,1.3915,1.39205,2077
2024-11-04,1.39163,1.39265,1.38743,1.3901,208338
2024-11-05,1.3901,1.39062,1.38216,1.38237,182324
2024-11-06,1.38237,1.39584,1.38172,1.39383,348112
2024-11-07,1.39383,1.39477,1.38414,1.38595,219125
2024-11-08,1.38595,1.39274,1.38535,1.39029,191666
2024-11-10,1.39013,1.39146,1.39007,1.39101,1516
2024-11-11,1.39059,1.39501,1.39043,1.39239,150227
2024-11-12,1.39239,1.39667,1.39162,1.39433,203578
2024-11-13,1.39433,1.40022,1.39299,1.3997,221392
2024-11-14,1.3997,1.4064,1.39873,1.40589,231665
2024-11-15,1.40589,1.4105,1.40319,1.40829,227403
2024-11-17,1.40847,1.40894,1.40805,1.4086,2266
2024-11-18,1.40819,1.4102,1.40035,1.40136,180680
2024-11-19,1.40136,1.40359,1.39541,1.39553,215094
2024-11-20,1.39553,1.40138,1.39499,1.39736,174634
2024-11-21,1.39736,1.39775,1.39305,1.39731,204547
2024-11-22,1.39731,1.40204,1.39569,1.39709,242529
2024-11-25,1.3947,1.40068,1.39269,1.39856,208325
2024-11-26,1.39856,1.41772,1.3978,1.40531,284915
2024-11-27,1.40531,1.40775,1.40083,1.40282,217059
2024-11-28,1.40282,1.40311,1.39977,1.40118,111846
2024-11-29,1.40118,1.40451,1.39798,1.39989,254397
2024-12-01,1.39851,1.40177,1.39817,1.40131,1801
2024-12-02,1.3989,1.4089,1.39852,1.40439,241980
2024-12-03,1.40439,1.40753,1.40085,1.40681,184229
2024-12-04,1.40681,1.40825,1.40512,1.4065,183659
2024-12-05,1.4065,1.40788,1.40096,1.40234,155319
2024-12-06,1.40234,1.4164,1.40156,1.41499,201702
2024-12-08,1.41488,1.41642,1.4145,1.41476,1788
2024-12-09,1.41485,1.41743,1.40926,1.41707,154195
2024-12-10,1.41707,1.41942,1.4155,1.41801,164066
2024-12-11,1.41801,1.41968,1.4119,1.41578,224263
2024-12-12,1.41578,1.42273,1.41304,1.42192,222189
2024-12-13,1.42192,1.42446,1.42087,1.42272,179114
2024-12-15,1.42256,1.42358,1.42224,1.42254,1634
2024-12-16,1.42284,1.42701,1.42161,1.42412,158258
2024-12-17,1.42412,1.43231,1.42312,1.43089,180534
2024-12-18,1.43089,1.44488,1.43018,1.44459,213800
2024-12-19,1.44459,1.44664,1.43436,1.43968,251732
2024-12-20,1.43968,1.44348,1.43347,1.43689,228860
2024-12-22,1.43572,1.43675,1.4356,1.43592,1739
2024-12-23,1.43596,1.44328,1.43481,1.43692,173712
2024-12-24,1.43692,1.44197,1.43621,1.43625,122335
2024-12-25,1.4362,1.4402,1.4206,1.4362,0
2024-12-26,1.43625,1.44198,1.43603,1.44065,110925
2024-12-27,1.44065,1.4449,1.43742,1.44089,170272
2024-12-29,1.44077,1.4414,1.4401,1.44024,1373
2024-12-30,1.44123,1.44324,1.43439,1.43537,183857
2024-12-31,1.43537,1.4409,1.43372,1.43809,163044
2025-01-01,1.4382,1.4405,1.43291,1.43744,3847
2025-01-02,1.43809,1.44416,1.43698,1.44021,164630
2025-01-03,1.44021,1.44629,1.43823,1.44419,178085
2025-01-05,1.44346,1.44484,1.44317,1.44383,1440
2025-01-06,1.44419,1.44485,1.42788,1.43308,251112
2025-01-07,1.43308,1.43704,1.4297,1.43661,202294
2025-01-08,1.43661,1.4409,1.43385,1.43699,217410
2025-01-09,1.43699,1.44044,1.43643,1.43932,141459
2025-01-10,1.43932,1.44421,1.43748,1.44154,249248
2025-01-12,1.44173,1.4422,1.44106,1.44146,1960
2025-01-13,1.44154,1.44465,1.43739,1.43774,221458
2025-01-14,1.43774,1.44097,1.43422,1.43479,246559
2025-01-15,1.43479,1.43661,1.43013,1.43392,211166
2025-01-16,1.43392,1.44026,1.43185,1.43931,224871
2025-01-17,1.43931,1.4484,1.43816,1.44777,206050
2025-01-19,1.44594,1.4485,1.44502,1.447,1725
2025-01-20,1.44637,1.44851,1.42602,1.43046,263215
2025-01-21,1.43046,1.4516,1.42887,1.43187,338921
2025-01-22,1.43187,1.43905,1.43,1.43769,221817
2025-01-23,1.43769,1.44128,1.43337,1.4381,245914
2025-01-24,1.4381,1.4383,1.43139,1.43388,248549
2025-01-26,1.43569,1.43871,1.435,1.43856,2064
2025-01-27,1.43589,1.4401,1.43327,1.43715,283931
2025-01-28,1.43715,1.44195,1.43619,1.43942,233501
2025-01-29,1.43942,1.44709,1.43886,1.44144,276404
2025-01-30,1.44144,1.45939,1.43917,1.44809,254278
2025-01-31,1.44809,1.45588,1.43691,1.45218,396549
2025-02-02,1.47339,1.47485,1.47027,1.4712,5596
2025-02-03,1.47353,1.47926,1.43875,1.44235,629547
2025-02-04,1.44235,1.45019,1.43012,1.43181,292969
2025-02-05,1.43181,1.43437,1.42691,1.43057,229687
2025-02-06,1.43057,1.4366,1.43005,1.43034,187681
2025-02-07,1.43034,1.43446,1.42724,1.42849,270427
2025-02-09,1.43528,1.43786,1.43297,1.43324,3226
2025-02-10,1.43529,1.43772,1.43045,1.43143,187874
2025-02-11,1.43143,1.43449,1.42783,1.42799,183555
2025-02-12,1.42799,1.43418,1.4255,1.43001,260017
2025-02-13,1.43001,1.43045,1.41824,1.419,282372
2025-02-14,1.419,1.42002,1.41501,1.41788,205314
2025-02-16,1.41619,1.41893,1.41499,1.41808,2490
2025-02-17,1.41732,1.41937,1.41587,1.41785,146338
2025-02-18,1.41785,1.42122,1.41736,1.4194,200516
2025-02-19,1.4194,1.42449,1.41748,1.42293,200474
2025-02-20,1.42293,1.42439,1.41656,1.41686,212676
2025-02-21,1.41686,1.42355,1.41657,1.42144,221189
2025-02-23,1.42179,1.4223,1.41768,1.42101,2290
2025-02-24,1.42144,1.42673,1.41812,1.42559,246047
2025-02-25,1.42558,1.43169,1.4239,1.43104,260692
2025-02-26,1.43104,1.43677,1.42932,1.43354,283687
2025-02-27,1.43354,1.44486,1.43215,1.44341,300887
2025-02-28,1.44341,1.44703,1.43989,1.44579,300296
2025-03-02,1.44389,1.44482,1.44272,1.44432,3261
2025-03-03,1.44372,1.45411,1.43672,1.44816,327358
2025-03-04,1.44816,1.45424,1.43698,1.43866,426067
2025-03-05,1.43866,1.4449,1.43294,1.43332,422814
2025-03-06,1.43332,1.43758,1.42372,1.42925,386674
2025-03-07,1.42925,1.44256,1.42787,1.43611,327340
2025-03-09,1.43655,1.43868,1.43402,1.43726,5856
2025-03-10,1.43714,1.44718,1.43523,1.44344,290066
2025-03-11,1.44344,1.45206,1.43781,1.4434,390424
2025-03-12,1.4434,1.44841,1.43525,1.43671,270745
2025-03-13,1.43671,1.44507,1.43583,1.44362,283713
2025-03-14,1.44362,1.44436,1.43541,1.43686,254841
2025-03-16,1.43761,1.43761,1.4321,1.43728,3779
2025-03-17,1.43823,1.43823,1.42747,1.4288,197028
2025-03-18,1.4288,1.43189,1.42589,1.42918,199524
2025-03-19,1.42918,1.43481,1.42894,1.43246,201020
2025-03-20,1.43246,1.44007,1.4312,1.43223,201367
2025-03-21,1.43223,1.43722,1.43128,1.43488,187851
2025-03-23,1.43476,1.43496,1.43256,1.43331,2930
2025-03-24,1.43473,1.43499,1.42886,1.43124,186073
2025-03-25,1.43124,1.43321,1.42702,1.42748,166560
2025-03-26,1.42748,1.42975,1.42344,1.42651,194454
2025-03-27,1.42651,1.43282,1.42587,1.43042,235742
2025-03-28,1.43042,1.43324,1.42756,1.43112,196966
2025-03-30,1.43091,1.43941,1.42986,1.43091,5797027
2025-03-31,1.43057,1.43951,1.42985,1.43861,247207
2025-04-01,1.43861,1.44145,1.42973,1.43019,247099
2025-04-02,1.43019,1.43654,1.42262,1.42316,273305
2025-04-03,1.42316,1.43183,1.40248,1.40946,572968
2025-04-04,1.40946,1.42585,1.40525,1.42252,717158
2025-04-06,1.42411,1.42944,1.41837,1.42411,6359194
2025-04-07,1.42631,1.42954,1.41748,1.4247,975234
2025-04-08,1.4247,1.42712,1.41421,1.42637,541261
2025-04-09,1.42637,1.42726,1.40734,1.40772,774210
2025-04-10,1.40772,1.41096,1.39506,1.39764,549476
2025-04-11,1.39764,1.39839,1.38382,1.38624,727240
2025-04-13,1.38739,1.39007,1.38297,1.38739,4685182
2025-04-14,1.3855,1.391,1.38278,1.38682,347277
2025-04-15,1.38682,1.39768,1.3849,1.39572,273760
2025-04-16,1.39572,1.39647,1.38518,1.38518,278630
2025-04-17,1.38518,1.39051,1.38275,1.38321,231823
2025-04-18,1.38321,1.3869,1.38259,1.38405,549416
2025-04-20,1.3848,1.3848,1.3832,1.3846,4441474
2025-04-21,1.38302,1.38488,1.37802,1.38382,209600
2025-04-22,1.38382,1.38611,1.37922,1.38072,219036
2025-04-23,1.38072,1.39039,1.37972,1.38763,278285
2025-04-24,1.38763,1.38982,1.38388,1.38499,202135
2025-04-25,1.38499,1.38918,1.3843,1.38475,172948
2025-04-27,1.38708,1.38913,1.38257,1.38708,29123
2025-04-28,1.38611,1.38921,1.38158,1.38281,174980
2025-04-29,1.38281,1.38709,1.38078,1.38301,191143
2025-04-30,1.38301,1.38547,1.37692,1.37972,184232
2025-05-01,1.37972,1.38615,1.37836,1.38527,165150
2025-05-02,1.38527,1.38549,1.37593,1.38116,200799
2025-05-04,1.38223,1.38286,1.37866,1.38223,36672
2025-05-05,1.37949,1.38292,1.37857,1.38234,171782
2025-05-06,1.38234,1.38444,1.37497,1.37748,183396
2025-05-07,1.37748,1.38384,1.37626,1.38375,201666
2025-05-08,1.38375,1.39322,1.38127,1.39206,191516
2025-05-09,1.39206,1.39438,1.39056,1.39298,149391
2025-05-11,1.3924,1.40073,1.3917,1.3924,37736
2025-05-12,1.38878,1.40151,1.38878,1.39736,213735
2025-05-13,1.39736,1.40157,1.39303,1.3935,176947
2025-05-14,1.3935,1.39856,1.39007,1.39813,182128
2025-05-15,1.39813,1.40039,1.39548,1.39569,155827
2025-05-16,1.39569,1.39949,1.39344,1.3965,139101
2025-05-18,1.39526,1.3972,1.39181,1.39526,0
2025-05-19,1.39687,1.39722,1.39164,1.39502,292369
2025-05-20,1.39502,1.39677,1.39083,1.39147,162629
2025-05-21,1.39147,1.39181,1.38134,1.38584,197957
2025-05-22,1.38584,1.38882,1.38454,1.38558,178201
2025-05-23,1.38558,1.3862,1.37086,1.37269,185957
2025-05-25,1.37372,1.37372,1.36858,1.37372,36228
2025-05-26,1.37137,1.37386,1.36853,1.37347,111835
2025-05-27,1.37347,1.38348,1.37213,1.38079,162053
2025-05-28,1.38079,1.38439,1.38003,1.38352,163693
2025-05-29,1.38352,1.38609,1.37841,1.3807,217160
2025-05-30,1.3807,1.38291,1.37133,1.37347,194563
2025-06-01,1.37262,1.37275,1.3674,1.37262,0
2025-06-02,1.37385,1.37385,1.36737,1.37122,185694
2025-06-03,1.37122,1.37423,1.37006,1.3719,153197
2025-06-04,1.3719,1.37311,1.36516,1.36776,172336
2025-06-05,1.36776,1.36832,1.36338,1.36731,180357
2025-06-06,1.36731,1.37037,1.36594,1.36878,168960
2025-06-08,1.36906,1.37069,1.3669,1.36906,22747
2025-06-09,1.36878,1.37069,1.36684,1.36992,138440
2025-06-10,1.36992,1.3728,1.36671,1.36691,160848
2025-06-11,1.36691,1.36895,1.36489,1.36681,171973
2025-06-12,1.36681,1.36749,1.35986,1.36014,175535
2025-06-13,1.36014,1.36511,1.35654,1.35777,281310
2025-06-15,1.3584,1.36061,1.35406,1.3584,61651
2025-06-16,1.35777,1.36064,1.35389,1.35693,213981
2025-06-17,1.35693,1.36927,1.35556,1.36743,208090
2025-06-18,1.36743,1.37027,1.36336,1.36927,244091
2025-06-19,1.36927,1.37456,1.36809,1.36985,166241
2025-06-20,1.36985,1.37465,1.36866,1.37317,188069
2025-06-22,1.37393,1.37975,1.3726,1.37393,52776
2025-06-23,1.37547,1.37972,1.37242,1.37332,263230
2025-06-24,1.37332,1.37373,1.36776,1.37234,197672
2025-06-25,1.37234,1.3754,1.37068,1.37232,160909
2025-06-26,1.37232,1.37237,1.36168,1.36386,207021
2025-06-27,1.36386,1.37583,1.36269,1.36771,213481
2025-06-29,1.36814,1.36973,1.36184,1.36814,46201
2025-06-30,1.36876,1.36993,1.35991,1.36014,224265
2025-07-01,1.36021,1.36672,1.3591,1.36454,193390
2025-07-02,1.36454,1.36588,1.35833,1.35864,180362
2025-07-03,1.35864,1.36238,1.35564,1.35816,179354
2025-07-04,1.35816,1.3617,1.35664,1.3596,252447
2025-07-06,1.36033,1.36838,1.35969,1.36033,36202
2025-07-07,1.35869,1.36856,1.35869,1.36817,197443
2025-07-08,1.36817,1.36944,1.36382,1.3659,191151
2025-07-09,1.3659,1.371,1.36537,1.36846,168626
2025-07-10,1.36846,1.37084,1.36536,1.36542,153905
2025-07-11,1.36542,1.37309,1.36504,1.36843,216875
2025-07-13,1.3684,1.37013,1.36692,1.3684,37981
2025-07-14,1.3698,1.37082,1.36697,1.37054,162902
2025-07-15,1.37054,1.37299,1.36715,1.37214,175957
2025-07-16,1.37214,1.37557,1.36798,1.3681,212997
2025-07-17,1.3681,1.37743,1.36759,1.37519,167474
2025-07-18,1.37519,1.3753,1.36955,1.3718,135077
2025-07-20,1.3724,1.37337,1.36784,1.3724,28867
2025-07-21,1.37083,1.37347,1.36776,1.3682,140185
2025-07-22,1.3682,1.36955,1.36026,1.36047,149592
2025-07-23,1.36047,1.36289,1.35753,1.35963,158797
2025-07-24,1.35963,1.36547,1.35895,1.36326,172543
2025-07-25,1.36326,1.37259,1.363,1.3697,218865
2025-07-27,1.37021,1.37418,1.36887,1.37021,41433
2025-07-28,1.37028,1.37423,1.36885,1.3738,206314
2025-07-29,1.3738,1.37884,1.37285,1.37698,183537
2025-07-30,1.37698,1.38453,1.37584,1.38274,206272
2025-07-31,1.38274,1.3858,1.38131,1.38521,216387
2025-08-01,1.38521,1.38793,1.37627,1.37867,326459
2025-08-03,1.37783,1.37934,1.37587,1.37783,0
2025-08-04,1.37722,1.3795,1.37583,1.37778,216212
2025-08-05,1.37778,1.38103,1.37632,1.37709,183140
2025-08-06,1.37709,1.37797,1.37351,1.37394,160942
2025-08-07,1.37394,1.37737,1.3721,1.37442,186202
2025-08-08,1.37442,1.37636,1.37254,1.37538,140515
2025-08-10,1.37527,1.37948,1.3743,1.37527,0
2025-08-11,1.37465,1.37954,1.37445,1.37778,133629
2025-08-12,1.37778,1.3806,1.37539,1.37719,209285
2025-08-13,1.37719,1.37821,1.37514,1.37579,142578
2025-08-14,1.37579,1.38195,1.37444,1.38159,171329
2025-08-15,1.38159,1.38194,1.37875,1.38137,125127
2025-08-17,1.3815,1.38301,1.37826,1.3815,19066
2025-08-18,1.38097,1.38315,1.37829,1.38022,114240
2025-08-19,1.38022,1.387,1.37963,1.38673,132132
2025-08-20,1.38673,1.38836,1.38534,1.38728,141194
2025-08-21,1.38728,1.39124,1.38677,1.39101,290432
2025-08-22,1.39101,1.39247,1.38144,1.382,171691
2025-08-24,1.38288,1.38429,1.38171,1.38288,0
2025-08-25,1.3822,1.38641,1.38168,1.38589,115689
2025-08-26,1.38589,1.3868,1.3822,1.38383,168328
2025-08-27,1.38383,1.38578,1.37826,1.37893,163758
2025-08-28,1.37893,1.37902,1.37412,1.37487,280264
2025-08-29,1.37487,1.37793,1.37264,1.37375,160224
2025-08-31,1.3744,1.37448,1.3728,1.37364,22987
2025-09-01,1.37375,1.3762,1.37273,1.37503,109219
2025-09-02,1.37503,1.3815,1.37435,1.3782,197454
2025-09-03,1.3782,1.38077,1.37739,1.37929,180125
2025-09-04,1.37929,1.38455,1.37896,1.38182,271600
2025-09-05,1.38182,1.38543,1.37561,1.38233,210611
2025-09-07,1.3829,1.38441,1.3821,1.383,34740
2025-09-08,1.38282,1.38442,1.3788,1.38025,171519
2025-09-09,1.38025,1.38599,1.37932,1.38414,163616
2025-09-10,1.38414,1.38698,1.38304,1.38621,162892
2025-09-11,1.38621,1.38922,1.3826,1.38317,315532
2025-09-12,1.38317,1.38635,1.38285,1.38433,134974
2025-09-14,1.3839,1.38449,1.37947,1.3839,30056
2025-09-15,1.38433,1.38458,1.37668,1.37779,146528
2025-09-16,1.37779,1.37827,1.37344,1.37383,161339
2025-09-17,1.37383,1.37872,1.37264,1.37729,209667
2025-09-18,1.37729,1.38098,1.37647,1.37967,347428
2025-09-19,1.37967,1.38252,1.37688,1.37713,202540
2025-09-21,1.37753,1.3785,1.37713,1.37819,3819
2025-09-22,1.37713,1.38318,1.37713,1.38178,154534
2025-09-23,1.38178,1.38501,1.38097,1.38341,162595
2025-09-24,1.38341,1.3907,1.38282,1.38956,195613
2025-09-25,1.38956,1.39494,1.38849,1.394,335788
2025-09-26,1.394,1.39587,1.39252,1.39378,178630
2025-09-28,1.39382,1.39383,1.39042,1.39382,3227
2025-09-29,1.39378,1.39473,1.39031,1.39128,158088
2025-09-30,1.39128,1.39358,1.38963,1.39194,155001
2025-10-01,1.39194,1.39571,1.39069,1.39344,192873
2025-10-02,1.39344,1.39862,1.39288,1.39668,266246
2025-10-03,1.39668,1.39691,1.39395,1.3944,150924
2025-10-05,1.3948,1.39676,1.3941,1.39473,150924
2025-10-06,1.39548,1.39675,1.39402,1.39418,146550
2025-10-07,1.39418,1.39628,1.39387,1.39492,151003
2025-10-08,1.39492,1.39712,1.39316,1.39499,148685
2025-10-09,1.39499,1.40339,1.39334,1.40147,352808
2025-10-10,1.40147,1.40341,1.39758,1.39958,220818
2025-10-12,1.39985,1.40322,1.39829,1.39985,41496
2025-10-13,1.39848,1.40394,1.39827,1.40339,185164
2025-10-14,1.40339,1.408,1.40277,1.40416,207655
2025-10-15,1.40416,1.40598,1.40266,1.40382,195794
2025-10-16,1.40382,1.40608,1.40224,1.40537,409388
2025-10-17,1.40537,1.4067,1.40086,1.4017,214599
2025-10-19,1.40159,1.40505,1.40052,1.40159,22508
2025-10-20,1.40134,1.4051,1.40051,1.40373,128608
2025-10-21,1.40373,1.40658,1.40033,1.40213,172740
2025-10-22,1.40213,1.40323,1.39757,1.39928,164795
2025-10-23,1.39928,1.40048,1.39796,1.39911,242666
2025-10-24,1.39911,1.4039,1.39726,1.39927,161689
2025-10-26,1.40064,1.40096,1.39783,1.39871,30702
2025-10-27,1.40064,1.40096,1.39702,1.39896,145871
2025-10-28,1.39896,1.40056,1.39332,1.39452,152578
2025-10-29,1.39452,1.39549,1.38878,1.39421,222514
2025-10-30,1.39421,1.40141,1.39267,1.39842,391268
2025-10-31,1.39842,1.40355,1.39787,1.40014,174336
2025-11-02,1.40047,1.40176,1.39907,1.40155,22525
2025-11-03,1.39913,1.40759,1.39913,1.40557,136606
2025-11-04,1.40557,1.41079,1.40529,1.41028,173542
2025-11-05,1.41028,1.41405,1.40942,1.41078,165977
2025-11-06,1.41078,1.41402,1.409,1.41169,331618
2025-11-07,1.41169,1.41261,1.40271,1.40447,167191
2025-11-09,1.40387,1.40472,1.40171,1.40432,60621
2025-11-10,1.40447,1.40463,1.40009,1.40211,200389
2025-11-11,1.40211,1.4041,1.40018,1.40163,162441
2025-11-12,1.40163,1.40216,1.399,1.40053,178065
2025-11-13,1.40053,1.40379,1.39852,1.40354,319716
2025-11-14,1.40354,1.40453,1.40141,1.40182,208242
2025-11-16,1.40043,1.40261,1.3996,1.40182,29980
2025-11-17,1.40182,1.40579,1.40153,1.40545,167287
2025-11-18,1.40545,1.40623,1.39712,1.39882,202594
2025-11-19,1.39882,1.40654,1.39807,1.40488,196271
2025-11-20,1.40488,1.41071,1.40396,1.40948,407844
2025-11-21,1.40948,1.41308,1.40815,1.40967,229730
2025-11-23,1.40981,1.41045,1.409,1.40951,23716
2025-11-24,1.40981,1.41187,1.40907,1.41067,130964
2025-11-25,1.41067,1.41249,1.40896,1.40984,177379
2025-11-26,1.40984,1.4105,1.40347,1.40427,176783
2025-11-27,1.40427,1.40497,1.40277,1.40287,236653
2025-11-28,1.40287,1.40514,1.39382,1.39701,632843
2025-11-30,1.39708,1.39776,1.39632,1.39698,42762
2025-12-01,1.3971,1.40016,1.39546,1.39979,194360
2025-12-02,1.39979,1.40145,1.39653,1.39653,151107
2025-12-03,1.39653,1.39754,1.39384,1.39499,154221
2025-12-04,1.39499,1.39774,1.39252,1.39577,379352
2025-12-05,1.39577,1.39605,1.38129,1.38142,152434
2025-12-07,1.38212,1.38351,1.37876,1.38347,24730
2025-12-08,1.38422,1.38597,1.37998,1.38569,143654
2025-12-09,1.38569,1.38608,1.38234,1.38456,160533
2025-12-10,1.38456,1.38717,1.37835,1.37922,197052
2025-12-11,1.37922,1.38228,1.37567,1.37683,376200
2025-12-12,1.37683,1.37947,1.37533,1.37695,169484
2025-12-14,1.37695,1.37737,1.37599,1.37669,34038
2025-12-15,1.37695,1.37883,1.37477,1.3768,161785
2025-12-16,1.3768,1.37814,1.373,1.37504,209259
2025-12-17,1.37504,1.37982,1.37491,1.37847,154730
2025-12-18,1.37847,1.37961,1.37559,1.37715,356744
2025-12-19,1.37715,1.38056,1.37548,1.3796,145274
2025-12-21,1.3796,1.38031,1.379,1.37932,31430
2025-12-22,1.3796,1.38031,1.37357,1.37438,137012
2025-12-23,1.37438,1.37509,1.36855,1.36862,144702
2025-12-24,1.36862,1.36901,1.36649,1.36705,108786
2025-12-25,1.36862,1.36901,1.36639,1.36791,108786
2025-12-26,1.36705,1.3685,1.36423,1.36707,129530
2025-12-28,1.36707,1.36735,1.36574,1.3667,55556
2025-12-29,1.36707,1.37014,1.36574,1.36891,243779
2025-12-30,1.36891,1.37088,1.36787,1.36956,197983
2025-12-31,1.36956,1.37279,1.36881,1.37213,190023
2026-01-01,1.36956,1.37279,1.36881,1.3714,190023
2026-01-02,1.37213,1.37477,1.37002,1.37273,126626
2026-01-04,1.37436,1.37775,1.37314,1.37707,42664
2026-01-05,1.37436,1.38155,1.37314,1.37673,205098
2026-01-06,1.37673,1.38165,1.37514,1.38136,160932
2026-01-07,1.38136,1.38618,1.37902,1.38606,144759
2026-01-08,1.38606,1.38882,1.38504,1.38563,152029
2026-01-09,1.38563,1.39196,1.38563,1.39099,168316
2026-01-11,1.39103,1.39176,1.38834,1.38974,38059
2026-01-12,1.39103,1.39176,1.38672,1.38718,163305
2026-01-13,1.38718,1.38983,1.38544,1.38851,153873
2026-01-14,1.38851,1.38979,1.38662,1.38785,150580
2026-01-15,1.38785,1.39198,1.38741,1.38857,129177
2026-01-16,1.38857,1.39287,1.38843,1.39133,171914
2026-01-18,1.3908,1.39182,1.38904,1.38936,45059
2026-01-19,1.3908,1.39182,1.38596,1.38647,141860
2026-01-20,1.38647,1.38789,1.38142,1.38329,201385
2026-01-21,1.38329,1.38428,1.37855,1.38328,203171
2026-01-22,1.38328,1.38448,1.3783,1.37847,359686
2026-01-23,1.37847,1.37997,1.36935,1.36965,193756
2026-01-25,1.36953,1.37095,1.3675,1.3678,53072
2026-01-26,1.36953,1.37198,1.36714,1.37078,239169
2026-01-27,1.37078,1.37392,1.35584,1.35693,246371
2026-01-28,1.35693,1.36147,1.35353,1.35548,295425
2026-01-29,1.35548,1.35778,1.34845,1.34892,561304
2026-01-30,1.34892,1.36236,1.34813,1.36155,322575
2026-02-01,1.3616,1.36575,1.36028,1.36473,62854
2026-02-02,1.3616,1.37026,1.36028,1.36801,281121
2026-02-03,1.36801,1.36858,1.36324,1.36357,198502
2026-02-04,1.36357,1.36839,1.36285,1.36607,184747
2026-02-05,1.36607,1.37113,1.3652,1.37095,404868
2026-02-06,1.37095,1.37245,1.36243,1.36698,156618
2026-02-08,1.36683,1.36737,1.36505,1.36574,21645
2026-02-09,1.36683,1.36737,1.35526,1.35566,224655
2026-02-10,1.35566,1.35763,1.3523,1.35497,193168
2026-02-11,1.35497,1.36188,1.3504,1.35744,220575
2026-02-12,1.35744,1.36357,1.35553,1.36084,328004
2026-02-13,1.36084,1.36374,1.35934,1.36135,220426
2026-02-15,1.35997,1.36244,1.35924,1.3618,14229
2026-02-16,1.36135,1.36387,1.36031,1.36339,65898
2026-02-17,1.36339,1.36927,1.36267,1.36357,136590
2026-02-18,1.36357,1.37004,1.36317,1.36948,115775
2026-02-19,1.36948,1.37148,1.36673,1.3679,258296
2026-02-20,1.3679,1.37107,1.3669,1.36731,194937
2026-02-22,1.3671,1.36785,1.36482,1.36702,25402
2026-02-23,1.3671,1.37043,1.36482,1.36965,141273
2026-02-24,1.36965,1.37248,1.36884,1.36979,112713
2026-02-25,1.36979,1.37067,1.36728,1.36729,170888
2026-02-26,1.36729,1.37124,1.36589,1.36805,354592
2026-02-27,1.36805,1.36845,1.36249,1.36375,178884
2026-03-01,1.36805,1.36845,1.36249,1.36506,178884
2026-03-02,1.3648,1.37188,1.36306,1.36728,305295
2026-03-03,1.36728,1.37529,1.36532,1.36789,427340
2026-03-04,1.36789,1.36998,1.36267,1.36427,314422
2026-03-05,1.36427,1.37162,1.36148,1.36738,315610
2026-03-06,1.36738,1.36769,1.35591,1.35591,319834
2026-03-08,1.35976,1.36061,1.35526,1.35611,77090
2026-03-09,1.35976,1.36062,1.35253,1.35867,398688
2026-03-10,1.35867,1.36017,1.35421,1.35794,266925
2026-03-11,1.35794,1.3605,1.35544,1.35923,220582
2026-03-12,1.35923,1.36427,1.35766,1.36377,451106
2026-03-13,1.36377,1.37416,1.36208,1.37201,243884
2026-03-15,1.37147,1.37256,1.3704,1.37087,35297
2026-03-16,1.37147,1.37257,1.36529,1.36857,195830
2026-03-17,1.36857,1.37226,1.36788,1.36903,163285
2026-03-18,1.36903,1.37376,1.36869,1.37303,197943
2026-03-19,1.37303,1.37483,1.37045,1.37386,572104
2026-03-20,1.37386,1.37477,1.36995,1.37183,253921
2026-03-22,1.37183,1.37325,1.37007,1.37129,53014
2026-03-23,1.37183,1.37549,1.36694,1.37247,398668
2026-03-24,1.37247,1.37854,1.37167,1.37628,300727
2026-03-25,1.37628,1.38198,1.375,1.381,202116
2026-03-26,1.381,1.3866,1.38006,1.38594,363490
2026-03-27,1.38594,1.38955,1.38449,1.389,181799
2026-03-29,1.39,1.39442,1.38853,1.38995,41210
2026-03-30,1.38771,1.39454,1.38767,1.39223,170192
2026-03-31,1.39223,1.39668,1.39058,1.39146,220293
2026-04-01,1.39146,1.39185,1.3872,1.38728,192418
2026-04-02,1.38728,1.39333,1.38676,1.39176,388170
2026-04-03,1.39176,1.39491,1.39102,1.39345,62423
2026-04-05,1.3945,1.39467,1.39019,1.39457,24134
2026-04-06,1.3926,1.39475,1.39023,1.39111,134261
2026-04-07,1.39111,1.39296,1.38826,1.3883,169671
2026-04-08,1.3883,1.38999,1.38237,1.38432,241714
2026-04-09,1.38432,1.38606,1.38045,1.38088,305426
2026-04-10,1.38088,1.38441,1.37991,1.38387,137524
2026-04-12,1.38749,1.38763,1.38055,1.38727,29918
2026-04-13,1.38591,1.38773,1.37859,1.37903,157923
2026-04-14,1.37903,1.37903,1.37308,1.37655,142216
2026-04-15,1.37655,1.37883,1.37267,1.37405,135547
2026-04-16,1.37405,1.37405,1.36952,1.37032,308794
2026-04-17,1.37032,1.37037,1.36491,1.36885,163661
2026-04-19,1.37055,1.37055,1.36425,1.3705,27998
2026-04-20,1.36834,1.37096,1.3635,1.36425,141790
2026-04-21,1.36425,1.36769,1.3631,1.36624,156455
2026-04-22,1.36624,1.36747,1.36431,1.36707,126013
2026-04-23,1.36707,1.37144,1.36602,1.36998,366080
2026-04-24,1.36998,1.37144,1.36626,1.3665,140759
2026-04-26,1.36778,1.36778,1.3598,1.3676,20722
2026-04-27,1.36798,1.36812,1.35973,1.36259,117941
2026-04-28,1.36259,1.36916,1.36126,1.36832,155785
2026-04-29,1.36832,1.37106,1.36666,1.36835,165239
2026-04-30,1.36835,1.36888,1.35799,1.35808,410286
2026-05-01,1.35808,1.35934,1.35498,1.35853,151909
2026-05-03,1.35743,1.3589,1.35597,1.3588,23794
2026-05-04,1.35853,1.36262,1.35738,1.3624,219296
2026-05-05,1.3624,1.363,1.36041,1.36188,200450
2026-05-06,1.36188,1.36414,1.35779,1.36329,247365
2026-05-07,1.36329,1.36652,1.36201,1.36642,222224
2026-05-08,1.36642,1.37102,1.36428,1.36741,148907
2026-05-10,1.36586,1.36913,1.36586,1.36871,26158
2026-05-11,1.36586,1.36947,1.3648,1.36775,129723
2026-05-12,1.36775,1.37244,1.36689,1.36957,159140
2026-05-13,1.36957,1.37188,1.3684,1.37067,140228
2026-05-14,1.37067,1.37377,1.37008,1.37192,222731
2026-05-15,1.37192,1.37671,1.37138,1.37444,251137
2026-05-17,1.374,1.37635,1.374,1.37518,37468
2026-05-18,1.374,1.37635,1.37322,1.37384,244590
2026-05-19,1.37384,1.3774,1.37321,1.37439,235801
2026-05-20,1.37439,1.37785,1.37311,1.37446,250948
2026-05-21,1.37446,1.38003,1.37343,1.37769,180087
2026-05-22,1.37769,1.38233,1.37675,1.38147,135371
2026-05-24,1.38026,1.38199,1.3793,1.38021,25450
2026-05-25,1.37997,1.38205,1.37948,1.38024,95801
2026-05-26,1.38024,1.38214,1.37939,1.38121,163305
2026-05-27,1.38121,1.38521,1.38034,1.38391,165260
2026-05-28,1.38391,1.38698,1.37737,1.37826,428502
2026-05-29,1.37826,1.38294,1.37701,1.37868,238893
2026-05-31,1.38057,1.38123,1.37841,1.38115,47194
2026-06-01,1.38057,1.38494,1.37841,1.38401,212147
2026-06-02,1.38401,1.38543,1.38149,1.38389,172272
2026-06-03,1.38389,1.38997,1.38257,1.38961,226458
2026-06-04,1.38961,1.39253,1.38809,1.39082,403678
2026-06-05,1.39082,1.39505,1.38661,1.39373,230415
2026-06-07,1.39373,1.39521,1.39335,1.39473,39084
2026-06-08,1.39373,1.3961,1.39261,1.39517,253096
2026-06-09,1.39517,1.39692,1.39187,1.39479,259699
2026-06-10,1.39479,1.39572,1.38989,1.39422,245997
2026-06-11,1.39422,1.40239,1.39313,1.39658,395988
2026-06-12,1.39658,1.39957,1.3953,1.39873,275854
2026-06-14,1.39848,1.39849,1.3955,1.39656,36904
2026-06-15,1.39848,1.3994,1.39504,1.39898,187844
2026-06-16,1.39898,1.40183,1.398,1.39942,176453
2026-06-17,1.39942,1.41229,1.39843,1.40993,206254
2026-06-18,1.40993,1.41465,1.40916,1.41367,431832
2026-06-19,1.41367,1.41832,1.41261,1.41479,142608
2026-06-21,1.41612,1.41842,1.4157,1.41823,26940
2026-06-22,1.41612,1.41934,1.41447,1.41521,174967
2026-06-23,1.41521,1.4217,1.41497,1.42094,187451
2026-06-24,1.42094,1.42481,1.42014,1.42318,191006
2026-06-25,1.42318,1.42483,1.41774,1.42002,388282
2026-06-26,1.42002,1.42096,1.41691,1.41875,211637
2026-06-28,1.42014,1.42014,1.4179,1.41858,26147
2026-06-29,1.42014,1.42178,1.41753,1.4209,155362
2026-06-30,1.4209,1.42476,1.41782,1.41949,178633
2026-07-01,1.41949,1.42352,1.41902,1.42147,226015
2026-07-02,1.42147,1.42241,1.41498,1.41808,468818
2026-07-03,1.41808,1.42078,1.4159,1.42061,201468
2026-07-05,1.41913,1.42135,1.41911,1.42107,33476
2026-07-06,1.41913,1.42388,1.41911,1.42027,218748
2026-07-07,1.42027,1.42262,1.41836,1.41999,222147
2026-07-08,1.41999,1.42083,1.41548,1.41707,221897
2026-07-09,1.41707,1.41897,1.41524,1.41669,326170
2026-07-10,1.41669,1.41725,1.41174,1.41504,186716
2026-07-12,1.41572,1.41745,1.41572,1.41635,37577
2026-07-13,1.41572,1.41746,1.4125,1.41523,217161
2026-07-14,1.41523,1.41551,1.40474,1.40578,246606
2026-07-15,1.40578,1.40771,1.40245,1.40408,234032
2026-07-16,1.40408,1.40583,1.40102,1.40415,345016
2026-07-17,1.40415,1.40429,1.40052,1.40195,214808
2026-07-19,1.39824,1.40226,1.39821,1.40192,28892
2026-07-20,1.40087,1.40721,1.40031,1.40692,202936
2026-07-21,1.40692,1.4111,1.40543,1.41071,156545
2026-07-22,1.41071,1.41114,1.40764,1.40867,140346
2026-07-23,1.40867,1.40997,1.40565,1.40841,383780
2026-07-24,1.40841,1.4115,1.4066,1.40918,200109
2026-07-26,1.40846,1.40914,1.40705,1.40829,37566
2026-07-27,1.40846,1.41264,1.40705,1.41229,166811
2026-07-28,1.41229,1.4129,1.40861,1.41065,145452
2026-07-29,1.41065,1.41097,1.40231,1.40462,223409
2026-07-30,1.40462,1.4068,1.39908,1.40109,488438
2026-07-31,1.40109,1.40586,1.40002,1.40117,260598
2026-08-02,1.40049,1.40352,1.40014,1.40343,46216
2026-08-03,1.40049,1.40536,1.40014,1.40453,186388
2026-08-04,1.40453,1.40801,1.40349,1.4062,224542
2026-08-05,1.4062,1.408,1.40048,1.40077,230601
2026-08-06,1.40077,1.40377,1.39905,1.4013,260246
2026-08-07,1.4013,1.40291,1.39255,1.39357,194546
2026-08-09,1.39456,1.39628,1.39416,1.39607,31191
2026-08-10,1.39456,1.39639,1.39265,1.39395,207078
2026-08-11,1.39395,1.3946,1.39151,1.39231,203111
2026-08-12,1.39231,1.39471,1.39078,1.39392,139738
2026-08-13,1.39392,1.39584,1.39278,1.39298,303262
2026-08-14,1.39298,1.39334,1.38641,1.38724,154967
2026-08-16,1.38699,1.3875,1.38636,1.38669,23592
2026-08-17,1.38699,1.38777,1.38446,1.38738,126620
2026-08-18,1.38738,1.39103,1.38615,1.38959,129898
2026-08-19,1.38959,1.39078,1.38034,1.38081,211583
2026-08-20,1.38081,1.38124,1.37553,1.37894,388084
2026-08-21,1.37894,1.37894,1.37319,1.37631,207488
2026-08-23,1.38074,1.38144,1.37826,1.37927,34889
2026-08-24,1.38074,1.38601,1.37823,1.38437,232607
2026-08-25,1.38437,1.38669,1.3825,1.38362,222176
2026-08-26,1.38362,1.38929,1.38307,1.38764,203761
2026-08-27,1.38764,1.38911,1.3852,1.38547,364160
2026-08-28,1.38547,1.39099,1.38422,1.39013,202660
2026-08-30,1.39098,1.39111,1.3896,1.3897,39309
2026-08-31,1.39084,1.39099,1.38526,1.38536,223487
2026-09-01,1.38536,1.39066,1.38448,1.38949,182439
2026-09-02,1.38949,1.39398,1.38349,1.38375,248203
2026-09-03,1.38375,1.38477,1.37651,1.37942,449574
2026-09-04,1.37942,1.38722,1.37844,1.38315,209196
2026-09-06,1.38271,1.38415,1.38268,1.38383,36518
2026-09-07,1.38271,1.38415,1.38049,1.3814,121883
2026-09-08,1.3814,1.38147,1.37595,1.37827,225500
2026-09-09,1.37827,1.38205,1.37659,1.38044,182757
2026-09-10,1.38044,1.38395,1.37959,1.38326,341442
2026-09-11,1.38326,1.38838,1.38218,1.38688,267309
2026-09-13,1.38671,1.38721,1.38414,1.38679,42403
2026-09-14,1.38672,1.39297,1.38647,1.39013,194403
2026-09-15,1.39013,1.39293,1.38966,1.39125,173798
2026-09-16,1.39125,1.39384,1.39088,1.39307,72112
