date,open,high,low,close,volume
2007-11-14,110.895,111.751,110.76,111.31,36732
2007-11-15,111.31,111.68,110.21,110.29,37694
2007-11-16,110.29,111.339,109.77,110.921,33698
2007-11-19,110.85,111.071,109.75,109.771,30255
2007-11-20,109.771,110.58,109.51,109.965,42080
2007-11-21,109.965,109.98,108.252,108.412,41105
2007-11-22,108.412,109.164,108.29,108.43,22164
2007-11-23,108.43,108.607,107.549,108.32,25238
2007-11-26,108.39,108.774,107.221,107.41,32324
2007-11-27,107.41,109.15,107.28,108.96,43711
2007-11-28,108.96,110.481,108.26,110.015,36253
2007-11-29,110.015,110.31,109.47,109.927,35175
2007-11-30,109.927,111.223,109.65,111.11,34478
2007-12-03,111.02,111.02,110.131,110.455,22936
2007-12-04,110.455,110.541,109.56,109.86,25752
2007-12-05,109.86,110.96,109.7,110.88,24164
2007-12-06,110.88,111.46,110.63,111.32,24262
2007-12-07,111.32,111.785,111.162,111.71,18838
2007-12-10,111.42,111.88,111.345,111.7,19000
2007-12-11,111.7,112.14,110.479,110.65,23759
2007-12-12,110.65,112.471,110.62,112.23,29739
2007-12-13,112.23,112.451,111.404,112.209,31623
2007-12-14,112.209,113.59,112.205,113.4,30227
2007-12-17,113.47,113.49,112.83,112.935,25741
2007-12-18,112.935,113.53,112.746,113.39,24822
2007-12-19,113.39,113.491,112.74,113.422,26109
2007-12-20,113.422,113.422,112.791,113.13,24091
2007-12-21,113.13,114.203,112.947,114.195,22206
2007-12-24,114.12,114.465,113.973,114.445,8222
2007-12-25,114.19,114.36,113.95,114.2,0
2007-12-26,114.445,114.445,114.2,114.22,186
2007-12-27,114.22,114.66,113.57,113.72,17494
2007-12-28,113.72,114.018,112.63,112.63,26082
2007-12-31,112.54,112.665,111.496,111.736,13954
2008-01-01,111.2,111.968,111.2,111.82,0
2008-01-02,111.736,111.92,109.219,109.65,21930
2008-01-03,109.65,109.756,108.235,109.315,32201
2008-01-04,109.315,109.586,107.901,108.45,33129
2008-01-07,108.5,109.734,108.5,109.17,32045
2008-01-08,109.17,109.83,108.861,108.89,34034
2008-01-09,108.89,110.127,108.78,110.03,36249
2008-01-10,110.03,110.098,109.104,109.326,38741
2008-01-11,109.326,109.704,108.625,108.98,38663
2008-01-14,108.62,108.96,107.37,108.155,26281
2008-01-15,108.155,108.34,106.6,106.775,35888
2008-01-16,106.775,107.925,105.911,107.63,47056
2008-01-17,107.63,107.88,106.525,106.535,44404
2008-01-18,106.535,107.59,106.35,106.645,39268
2008-01-21,106.7,106.976,105.675,105.981,32796
2008-01-22,105.981,107.046,105.615,106.43,54517
2008-01-23,106.43,107.38,104.96,106.7,52111
2008-01-24,106.7,107.192,105.94,107.171,49185
2008-01-25,107.171,107.891,106.748,106.82,42156
2008-01-28,106.755,107.04,106,106.885,42842
2008-01-29,106.885,107.225,106.385,107.105,38441
2008-01-30,107.105,107.46,106.209,106.21,38544
2008-01-31,106.21,106.87,105.705,106.425,56220
2008-02-01,106.425,106.73,105.759,106.575,42075
2008-02-04,106.52,107.085,106.5,106.705,30469
2008-02-05,106.705,107.74,106.58,106.805,41125
2008-02-06,106.805,106.855,106.181,106.53,39747
2008-02-07,106.53,107.822,105.915,107.475,47001
2008-02-08,107.475,107.725,107.145,107.35,34207
2008-02-11,107.32,107.65,106.34,106.96,29487
2008-02-12,106.96,107.53,106.765,107.3,34694
2008-02-13,107.3,108.371,106.991,108.32,34270
2008-02-14,108.32,108.605,107.76,107.86,33952
2008-02-15,107.86,108.31,107.26,107.815,34486
2008-02-18,107.83,108.318,107.745,108.22,18629
2008-02-19,108.22,108.281,107.21,107.767,33433
2008-02-20,107.767,108.37,107.471,108.114,42885
2008-02-21,108.114,108.33,107.15,107.395,35084
2008-02-22,107.395,107.57,106.725,107.21,33719
2008-02-25,107.21,108.22,107.15,108.055,31768
2008-02-26,108.055,108.14,107.19,107.275,33304
2008-02-27,107.275,107.394,105.95,106.475,40913
2008-02-28,106.475,106.643,105.078,105.36,38071
2008-02-29,105.36,105.374,103.79,103.89,47275
2008-03-03,103.89,103.89,102.609,103.482,47286
2008-03-04,103.482,103.58,102.652,103.355,41055
2008-03-05,103.355,104.182,103.285,104.009,38960
2008-03-06,104.009,104.009,102.55,102.663,41141
2008-03-07,102.663,103.24,101.411,102.84,47298
2008-03-10,102.84,102.84,101.555,101.75,40268
2008-03-11,101.75,103.589,101.42,103.41,47725
2008-03-12,103.41,103.526,101.63,101.801,46141
2008-03-13,101.801,101.801,99.755,100.64,63735
2008-03-14,100.64,101.15,98.879,99.309,65559
2008-03-17,99.309,99.309,95.715,97.3,80535
2008-03-18,97.3,99.985,96.845,99.869,57668
2008-03-19,99.869,100.44,97.66,99.04,73497
2008-03-20,99.04,100.201,98.455,99.49,43716
2008-03-21,99.49,99.74,98.985,99.405,10124
2008-03-24,99.405,100.89,99.3,100.731,22178
2008-03-25,100.731,101.04,99.622,99.989,45109
2008-03-26,99.989,100.33,98.86,99.19,48688
2008-03-27,99.19,100.157,98.55,99.596,56871
2008-03-28,99.596,100.39,99.1,99.2,44557
2008-03-31,99.2,100.183,98.817,99.69,40959
2008-04-01,99.69,102.162,99.585,101.838,40196
2008-04-02,101.838,102.84,101.51,102.356,53246
2008-04-03,102.356,102.946,102.069,102.26,47842
2008-04-04,102.26,102.685,101.46,101.59,43706
2008-04-07,101.59,102.851,101.47,102.4,38106
2008-04-08,102.4,102.681,101.751,102.655,44922
2008-04-09,102.655,102.83,101.5,101.8,39085
2008-04-10,101.8,102.042,100.025,101.94,60533
2008-04-11,101.94,102.27,100.641,100.865,52151
2008-04-14,100.865,101.505,100.304,101.095,52627
2008-04-15,101.095,101.83,100.792,101.822,45299
2008-04-16,101.822,101.927,100.827,101.825,47298
2008-04-17,101.825,102.72,101.7,102.484,53629
2008-04-18,102.484,104.641,102.255,103.695,55010
2008-04-21,103.695,104.06,102.98,103.265,55973
2008-04-22,103.265,103.548,102.675,103.027,66929
2008-04-23,103.027,103.78,102.744,103.371,60945
2008-04-24,103.371,104.541,103.305,104.263,59892
2008-04-25,104.263,104.82,103.9,104.421,58724
2008-04-28,104.421,104.818,104.085,104.185,43855
2008-04-29,104.185,104.36,103.213,104.022,44049
2008-04-30,104.022,104.872,103.691,103.906,58780
2008-05-01,103.906,104.59,103.544,104.424,44211
2008-05-02,104.424,105.695,104.331,105.393,55302
2008-05-05,105.393,105.62,104.735,104.85,27918
2008-05-06,104.85,105.12,104.022,104.765,48271
2008-05-07,104.765,105.586,104.61,104.726,54449
2008-05-08,104.726,104.96,103.405,103.73,60771
2008-05-09,103.73,103.963,102.613,102.954,53251
2008-05-12,102.954,104.036,102.574,103.745,55866
2008-05-13,103.745,104.916,103.384,104.744,61088
2008-05-14,104.744,105.444,104.58,105.038,52520
2008-05-15,105.038,105.29,104.433,104.737,51606
2008-05-16,104.737,105.1,103.521,104.074,55109
2008-05-19,104.074,104.691,103.629,104.32,43056
2008-05-20,104.32,104.477,103.455,103.67,57545
2008-05-21,103.67,103.692,102.964,103.047,56558
2008-05-22,103.047,104.38,102.732,104.083,56875
2008-05-23,104.083,104.26,103.064,103.311,42573
2008-05-26,103.311,103.487,103.131,103.427,15988
2008-05-27,103.427,104.34,103.261,104.236,44621
2008-05-28,104.236,105.312,103.886,104.684,53497
2008-05-29,104.684,105.872,104.606,105.494,53553
2008-05-30,105.494,105.733,105.233,105.412,40583
2008-06-02,105.412,105.535,104.023,104.424,50782
2008-06-03,104.424,105.558,103.87,105.077,54700
2008-06-04,105.077,105.364,104.538,105.218,49464
2008-06-05,105.218,106.433,105.193,105.925,46303
2008-06-06,105.925,106.338,104.913,104.998,46373
2008-06-09,104.998,106.349,104.413,106.295,57971
2008-06-10,106.295,107.443,106.24,107.435,55681
2008-06-11,107.435,107.756,106.555,106.962,51757
2008-06-12,106.962,108.081,106.787,107.952,53555
2008-06-13,107.952,108.385,107.646,108.216,52399
2008-06-16,108.216,108.585,107.922,108.217,42774
2008-06-17,108.217,108.391,107.603,107.924,49680
2008-06-18,107.924,108.43,107.711,107.872,40777
2008-06-19,107.872,108.065,107.421,108.002,48970
2008-06-20,108.002,108.062,107.123,107.263,42528
2008-06-23,107.263,108.079,107.1,107.842,41913
2008-06-24,107.842,108.219,107.354,107.807,38145
2008-06-25,107.807,108.413,107.662,107.793,34227
2008-06-26,107.793,108.182,106.612,106.8,36892
2008-06-27,106.8,107.211,105.863,106.155,42007
2008-06-30,106.155,106.465,104.984,106.205,39657
2008-07-01,106.205,106.382,105.233,106.121,43725
2008-07-02,106.121,106.771,105.781,105.926,40935
2008-07-03,105.926,106.932,105.773,106.714,38931
2008-07-04,106.714,106.883,106.595,106.757,19162
2008-07-07,106.757,107.754,106.662,107.183,40620
2008-07-08,107.183,107.539,106.252,107.496,43195
2008-07-09,107.496,107.66,106.688,106.757,40074
2008-07-10,106.757,107.432,106.691,107.064,42592
2008-07-11,107.064,107.296,105.651,106.39,47443
2008-07-14,106.39,106.811,105.99,106.133,41111
2008-07-15,106.133,106.273,104.131,104.725,58382
2008-07-16,104.725,105.184,103.77,105.114,45330
2008-07-17,105.114,107.094,104.752,106.273,45424
2008-07-18,106.273,106.977,105.975,106.941,37451
2008-07-21,106.941,107.152,106.368,106.442,34631
2008-07-22,106.442,107.443,106.051,107.329,39042
2008-07-23,107.329,107.96,107.172,107.888,38161
2008-07-24,107.888,107.981,107.188,107.322,33105
2008-07-25,107.322,107.942,106.575,107.888,36058
2008-07-28,107.888,108.08,107.341,107.451,25831
2008-07-29,107.451,108.288,107.292,108.094,27146
2008-07-30,108.094,108.335,107.702,108.123,32985
2008-07-31,108.123,108.374,107.573,107.905,36468
2008-08-01,107.905,107.918,107.281,107.749,38678
2008-08-04,107.749,108.287,107.453,108.265,31476
2008-08-05,108.265,108.393,107.672,108.343,39061
2008-08-06,108.343,109.88,108.224,109.784,38322
2008-08-07,109.784,109.805,109.13,109.441,40682
2008-08-08,109.441,110.365,109.304,110.203,48329
2008-08-11,110.203,110.4,109.545,110.055,44915
2008-08-12,110.055,110.349,109.236,109.264,47129
2008-08-13,109.264,109.75,108.366,109.524,58933
2008-08-14,109.524,109.983,109.027,109.727,42724
2008-08-15,109.727,110.662,109.632,110.518,42107
2008-08-18,110.518,110.553,109.963,110.118,31533
2008-08-19,110.118,110.325,109.553,109.708,39711
2008-08-20,109.708,110.272,109.611,109.848,33889
2008-08-21,109.848,109.865,108.133,108.423,43237
2008-08-22,108.423,110.143,108.324,110.051,36006
2008-08-25,110.051,110.288,109.024,109.293,27122
2008-08-26,109.293,109.939,109.141,109.593,40526
2008-08-27,109.593,109.894,108.704,109.475,41007
2008-08-28,109.475,109.715,108.786,109.478,41544
2008-08-29,109.478,109.578,108.423,108.814,36075
2008-09-01,108.814,108.814,107.62,108.126,30889
2008-09-02,108.126,109.176,107.768,108.602,45772
2008-09-03,108.602,109.092,108.104,108.278,42178
2008-09-04,108.278,108.572,106.974,107.061,45762
2008-09-05,107.061,107.341,105.531,107.21,70429
2008-09-08,107.21,109.081,107.21,108.253,63644
2008-09-09,108.253,108.45,106.653,106.793,61418
2008-09-10,106.793,107.932,106.591,107.678,60739
2008-09-11,107.678,107.868,106.063,107.144,62099
2008-09-12,107.144,107.888,106.721,107.858,51588
2008-09-15,107.858,107.858,104.527,104.653,80669
2008-09-16,104.653,106.381,103.541,105.63,71186
2008-09-17,105.63,106.697,104.376,104.643,73990
2008-09-18,104.643,105.781,103.981,105.425,70675
2008-09-19,105.425,108.031,105.387,107.259,62501
2008-09-22,107.259,107.259,105.145,105.495,64205
2008-09-23,105.495,106.073,105.163,105.553,54179
2008-09-24,105.553,106.343,105.363,106.098,51514
2008-09-25,106.098,107.018,105.467,106.547,54800
2008-09-26,106.547,106.554,105.033,106.143,48175
2008-09-29,106.143,106.956,104.013,104.158,64141
2008-09-30,104.158,106.499,103.51,106.095,59760
2008-10-01,106.095,106.524,105.333,105.708,50867
2008-10-02,105.708,106.279,105.093,105.317,55230
2008-10-03,105.317,106.134,104.48,105.144,57144
2008-10-06,105.144,105.149,100.224,101.8,86612
2008-10-07,101.8,103.283,101.07,101.455,99431
2008-10-08,101.455,101.723,98.593,99.117,108795
2008-10-09,99.117,101.475,98.884,99.805,84819
2008-10-10,99.805,100.703,97.896,100.243,100231
2008-10-13,100.243,102.163,99.558,101.995,54379
2008-10-14,101.995,103.061,101.498,102.067,73452
2008-10-15,102.067,102.243,99.873,99.936,72780
2008-10-16,99.936,101.726,99.262,101.55,89820
2008-10-17,101.55,101.823,100.603,101.439,67345
2008-10-20,101.439,102.403,101.353,101.855,62215
2008-10-21,101.855,102.155,100.08,100.122,57227
2008-10-22,100.122,100.562,97.221,97.645,74915
2008-10-23,97.645,98.313,95.935,97.336,95976
2008-10-24,97.336,98.064,90.891,94.615,124575
2008-10-27,94.615,94.615,91.856,92.758,100986
2008-10-28,92.758,98.44,92.441,98.012,97750
2008-10-29,98.012,99.703,96.071,97.355,106343
2008-10-30,97.355,99.12,97.196,98.534,91320
2008-10-31,98.534,99.118,96.341,98.537,81001
2008-11-03,98.537,99.64,98.2,99.1,55599
2008-11-04,99.1,100.551,98.364,99.703,67490
2008-11-05,99.703,99.925,97.873,97.913,80570
2008-11-06,97.913,98.681,97.481,97.738,95207
2008-11-07,97.738,98.675,96.752,98.301,85154
2008-11-10,98.301,99.474,97.601,97.982,64868
2008-11-11,97.982,98.297,97.311,97.628,66423
2008-11-12,97.628,98.081,94.471,94.999,88294
2008-11-13,94.999,98.267,94.508,97.686,100335
2008-11-14,97.686,98.088,96.069,97.089,102397
2008-11-17,97.089,97.549,95.847,96.421,95362
2008-11-18,96.421,97.417,96.02,97.025,97834
2008-11-19,97.025,97.146,95.651,95.722,89419
2008-11-20,95.722,96.238,93.548,93.686,110733
2008-11-21,93.686,95.97,93.632,95.959,106383
2008-11-24,95.959,97.362,94.927,97.331,84925
2008-11-25,97.331,97.432,94.941,95.243,96210
2008-11-26,95.243,95.958,94.609,95.659,80262
2008-11-27,95.659,95.708,94.995,95.102,37430
2008-11-28,95.102,95.747,95.102,95.533,47160
2008-12-01,95.533,95.587,93.049,93.174,74017
2008-12-02,93.174,93.818,92.617,93.166,91401
2008-12-03,93.166,93.627,92.53,93.289,80898
2008-12-04,93.289,93.419,92.07,92.224,86850
2008-12-05,92.224,93.381,91.578,92.988,78960
2008-12-08,92.988,93.908,92.57,92.795,66561
2008-12-09,92.795,93.067,91.932,92.123,66545
2008-12-10,92.123,93.03,92.054,92.754,68043
2008-12-11,92.754,92.877,91.162,91.454,71796
2008-12-12,91.454,91.86,88.163,91.031,90757
2008-12-15,91.031,91.354,90.246,90.646,60745
2008-12-16,90.646,90.734,88.631,89.068,66499
2008-12-17,89.068,89.212,87.122,87.237,87059
2008-12-18,87.237,90.027,87.182,89.444,86090
2008-12-19,89.444,89.842,88.42,89.109,70912
2008-12-22,89.109,90.47,89.106,90.226,56764
2008-12-23,90.226,90.981,89.879,90.976,37556
2008-12-24,90.976,90.978,90.23,90.595,25769
2008-12-25,90.48,90.57,90.21,90.514,0
2008-12-26,90.595,90.751,90.333,90.666,8599
2008-12-29,90.666,90.747,89.761,90.662,43259
2008-12-30,90.662,90.978,90.011,90.335,38536
2008-12-31,90.335,90.89,90.129,90.871,27490
2009-01-01,90.65,91.25,87.56,90.667,0
2009-01-02,90.871,92.414,90.795,92.281,28446
2009-01-05,92.281,93.585,91.801,93.387,59423
2009-01-06,93.387,94.63,92.834,93.646,65735
2009-01-07,93.646,94.155,92.334,92.646,66845
2009-01-08,92.646,92.929,90.836,91.198,74672
2009-01-09,91.198,91.663,90.154,90.239,66991
2009-01-12,90.239,90.264,88.884,89.218,56097
2009-01-13,89.218,89.883,88.784,89.383,73758
2009-01-14,89.383,89.967,88.604,89.053,70874
2009-01-15,89.053,90.018,88.48,89.825,78938
2009-01-16,89.825,90.914,89.736,90.585,71396
2009-01-19,90.585,91.3,90.152,90.644,50619
2009-01-20,90.644,90.975,89.665,89.772,79609
2009-01-21,89.772,90.162,87.098,89.486,82349
2009-01-22,89.486,89.55,88.066,88.905,82330
2009-01-23,88.905,89.631,87.987,88.834,78594
2009-01-26,88.834,89.688,88.258,89.084,71085
2009-01-27,89.084,90.074,88.429,88.966,76140
2009-01-28,88.966,90.769,88.881,90.284,76869
2009-01-29,90.284,90.657,89.465,90.011,71913
2009-01-30,90.011,90.152,89.153,89.836,77894
2009-02-02,89.836,90.012,88.812,89.447,66888
2009-02-03,89.447,89.977,88.589,89.435,75460
2009-02-04,89.435,89.786,88.822,89.432,77596
2009-02-05,89.432,92.254,89.204,91.226,80815
2009-02-06,91.226,92.227,90.727,92.026,75559
2009-02-09,92.026,92.414,90.887,91.466,75086
2009-02-10,91.466,91.666,90.132,90.471,97456
2009-02-11,90.471,90.759,89.702,90.396,71729
2009-02-12,90.396,91.113,89.812,90.935,82553
2009-02-13,90.935,92.032,90.537,91.965,72678
2009-02-16,91.965,92.075,91.423,91.738,39030
2009-02-17,91.738,92.756,91.558,92.407,69754
2009-02-18,92.407,93.959,92.092,93.783,69596
2009-02-19,93.783,94.47,93.301,94.199,66768
2009-02-20,94.199,94.384,92.508,93.036,70148
2009-02-23,93.036,94.945,92.76,94.607,77434
2009-02-24,94.607,96.936,94.259,96.632,80562
2009-02-25,96.632,97.785,96.356,97.392,80292
2009-02-26,97.392,98.715,97.318,98.502,65010
2009-02-27,98.502,98.608,96.86,97.599,74338
2009-03-02,97.599,97.899,96.918,97.474,61433
2009-03-03,97.474,98.599,97.001,98.17,68818
2009-03-04,98.17,99.482,98.143,99.152,64535
2009-03-05,99.152,99.678,97.722,98.082,55492
2009-03-06,98.082,98.503,96.581,98.277,70908
2009-03-09,98.277,99.191,97.899,98.842,58485
2009-03-10,98.842,99.136,97.903,98.665,65227
2009-03-11,98.665,98.849,97.036,97.277,61000
2009-03-12,97.277,98.528,95.664,97.716,80481
2009-03-13,97.716,98.656,97.136,98.026,66849
2009-03-16,98.026,98.646,97.556,98.176,61510
2009-03-17,98.176,98.97,98.075,98.588,55850
2009-03-18,98.588,98.848,95.658,96.246,62579
2009-03-19,96.246,96.606,93.545,94.506,78701
2009-03-20,94.506,96.264,94.151,95.894,47919
2009-03-23,95.894,97.346,95.423,96.946,65447
2009-03-24,96.946,98.565,96.92,97.861,71048
2009-03-25,97.861,98.359,96.909,97.532,71501
2009-03-26,97.532,98.862,97.436,98.706,61800
2009-03-27,98.706,98.866,97.099,97.924,65390
2009-03-30,97.924,98.321,95.956,97.25,67827
2009-03-31,97.25,99.364,97.222,98.952,70461
2009-04-01,98.952,99.469,98.215,98.516,68260
2009-04-02,98.516,99.905,98.392,99.521,68717
2009-04-03,99.521,100.301,99.345,100.265,66500
2009-04-06,100.265,101.44,100.177,100.976,57654
2009-04-07,100.976,101.096,99.848,100.395,62698
2009-04-08,100.395,100.877,99.306,99.73,71159
2009-04-09,99.73,100.569,99.632,100.402,46797
2009-04-10,100.402,100.722,100.197,100.288,13087
2009-04-13,100.288,100.721,99.85,100.08,34940
2009-04-14,100.08,100.427,98.737,98.968,64913
2009-04-15,98.968,99.657,98.137,99.361,65284
2009-04-16,99.361,99.503,98.525,99.255,58480
2009-04-17,99.255,99.752,98.71,99.235,54800
2009-04-20,99.235,99.407,97.656,97.874,61250
2009-04-21,97.874,98.914,97.721,98.7,64011
2009-04-22,98.7,98.742,97.577,97.988,63224
2009-04-23,97.988,98.438,97.627,97.949,62017
2009-04-24,97.949,98.142,96.634,97.104,60513
2009-04-27,97.104,97.109,96.428,96.756,54920
2009-04-28,96.756,96.78,95.618,96.429,62236
2009-04-29,96.429,97.977,96.374,97.636,60883
2009-04-30,97.636,98.989,97.137,98.611,69257
2009-05-01,98.611,99.575,98.517,99.26,48266
2009-05-04,99.26,99.567,98.724,98.771,33270
2009-05-05,98.771,99.211,98.611,98.798,43855
2009-05-06,98.798,99.078,97.928,98.291,53979
2009-05-07,98.291,99.753,98.274,99.094,60562
2009-05-08,99.094,99.564,98.321,98.44,49570
2009-05-11,98.44,98.82,97.262,97.463,69239
2009-05-12,97.463,97.836,96.11,96.422,71206
2009-05-13,96.422,96.691,95.145,95.288,74705
2009-05-14,95.288,95.865,95.115,95.772,65572
2009-05-15,95.772,96.183,94.73,95.12,62332
2009-05-18,95.12,96.46,94.554,96.282,59751
2009-05-19,96.282,96.701,95.897,95.965,58356
2009-05-20,95.965,96.22,94.685,94.869,68355
2009-05-21,94.869,95.268,93.963,94.395,72227
2009-05-22,94.395,94.92,93.85,94.804,62095
2009-05-25,94.804,95.21,94.419,94.795,30637
2009-05-26,94.795,95.142,94.512,95.009,57469
2009-05-27,95.009,95.502,94.656,95.321,57695
2009-05-28,95.321,97.241,95.226,96.836,75611
2009-05-29,96.836,97.005,95.018,95.275,63905
2009-06-01,95.275,96.806,94.447,96.457,72700
2009-06-02,96.457,96.651,95.33,95.752,82106
2009-06-03,95.752,96.424,95.369,95.968,80905
2009-06-04,95.968,96.973,95.873,96.548,92669
2009-06-05,96.548,98.881,96.51,98.842,81948
2009-06-08,98.842,98.857,98.202,98.447,78148
2009-06-09,98.447,98.568,97.25,97.373,84340
2009-06-10,97.373,98.44,97.086,98.097,87537
2009-06-11,98.097,98.56,97.28,97.617,71503
2009-06-12,97.617,98.421,97.471,98.364,83077
2009-06-15,98.364,98.571,97.582,97.795,64236
2009-06-16,97.795,97.887,96.074,96.376,86196
2009-06-17,96.376,96.782,95.518,95.716,84328
2009-06-18,95.716,96.688,95.627,96.395,72640
2009-06-19,96.395,97.177,96,96.184,56263
2009-06-22,96.184,96.307,95.718,95.843,64557
2009-06-23,95.843,95.96,94.876,95.219,76688
2009-06-24,95.219,96.051,95.025,95.632,78824
2009-06-25,95.632,96.572,95.595,95.929,71867
2009-06-26,95.929,96.041,95.043,95.196,62923
2009-06-29,95.196,96.174,95.111,96.053,54210
2009-06-30,96.053,96.51,95.31,96.333,60727
2009-07-01,96.333,96.982,96.168,96.638,61203
2009-07-02,96.638,96.884,95.693,95.912,59617
2009-07-03,95.912,96.122,95.698,96.076,36487
2009-07-06,96.076,96.122,94.66,95.331,54698
2009-07-07,95.331,95.457,94.704,94.883,51460
2009-07-08,94.883,94.883,91.801,92.864,71638
2009-07-09,92.864,93.602,92.372,92.974,72995
2009-07-10,92.974,93.192,91.775,92.411,78407
2009-07-13,92.411,93.032,91.74,92.941,78812
2009-07-14,92.941,93.766,92.713,93.503,83022
2009-07-15,93.503,94.466,93.261,94.22,69641
2009-07-16,94.22,94.451,93.269,93.915,77140
2009-07-17,93.915,94.374,93.48,94.351,56667
2009-07-20,94.351,94.784,94.131,94.175,46896
2009-07-21,94.175,94.395,93.284,93.73,66603
2009-07-22,93.73,93.874,93.091,93.651,69476
2009-07-23,93.651,95.294,93.53,94.927,70357
2009-07-24,94.927,95.168,94.592,94.751,58912
2009-07-27,94.751,95.381,94.667,95.174,43579
2009-07-28,95.174,95.27,94.041,94.536,57224
2009-07-29,94.536,95.36,94.02,94.974,71099
2009-07-30,94.974,95.885,94.827,95.546,58418
2009-07-31,95.546,95.835,94.498,94.618,61473
2009-08-03,94.618,95.43,94.587,95.25,60546
2009-08-04,95.25,95.468,94.364,95.218,68346
2009-08-05,95.218,95.395,94.633,94.951,64127
2009-08-06,94.951,95.806,94.775,95.442,64006
2009-08-07,95.442,97.789,95.055,97.504,63412
2009-08-10,97.504,97.74,96.912,97.126,56649
2009-08-11,97.126,97.168,95.761,95.975,67553
2009-08-12,95.975,96.76,95.123,96.03,80852
2009-08-13,96.03,96.492,95.04,95.467,74418
2009-08-14,95.467,95.467,94.431,94.803,65395
2009-08-17,94.803,94.867,94.205,94.485,64357
2009-08-18,94.485,95.288,94.34,94.67,62555
2009-08-19,94.67,94.968,93.672,94.059,72934
2009-08-20,94.059,94.555,93.854,94.185,61136
2009-08-21,94.185,94.723,93.424,94.312,69032
2009-08-24,94.312,95.071,94.275,94.545,52927
2009-08-25,94.545,94.629,93.792,94.17,70100
2009-08-26,94.17,94.57,93.872,94.237,59488
2009-08-27,94.237,94.286,93.217,93.515,77724
2009-08-28,93.515,94.084,93.415,93.58,59978
2009-08-31,93.58,93.58,92.543,93.106,60735
2009-09-01,93.106,93.44,92.812,92.905,68268
2009-09-02,92.905,93.062,92.104,92.202,75445
2009-09-03,92.202,92.781,91.945,92.619,63483
2009-09-04,92.619,93.256,92.279,93.006,53474
2009-09-07,93.006,93.301,92.812,93.064,28804
2009-09-08,93.064,93.082,92.035,92.31,64038
2009-09-09,92.31,92.594,91.61,92.035,55281
2009-09-10,92.035,92.26,91.43,91.713,56173
2009-09-11,91.713,91.786,90.214,90.654,58516
2009-09-14,90.654,91.134,90.198,90.924,54401
2009-09-15,90.924,91.641,90.786,91.025,53796
2009-09-16,91.025,91.361,90.125,90.924,69512
2009-09-17,90.924,91.618,90.517,91.075,60488
2009-09-18,91.075,91.541,90.984,91.388,53181
2009-09-21,91.295,92.535,91.295,91.9,41462
2009-09-22,91.9,92.128,90.935,91.081,41988
2009-09-23,91.081,91.542,90.483,91.269,52151
2009-09-24,91.269,91.631,90.354,91.245,63432
2009-09-25,91.245,91.357,89.513,89.821,66652
2009-09-28,89.542,89.78,88.229,89.612,63619
2009-09-29,89.612,90.365,89.497,90.059,59589
2009-09-30,90.059,90.406,89.355,89.67,57031
2009-10-01,89.67,90.165,89.418,89.6,53105
2009-10-02,89.6,89.93,88.606,89.733,60132
2009-10-05,89.733,89.981,89.338,89.53,39792
2009-10-06,89.53,89.653,88.625,88.81,54247
2009-10-07,88.81,89.397,88.008,88.573,65254
2009-10-08,88.573,88.713,88.145,88.373,55221
2009-10-09,88.373,89.884,88.351,89.805,59233
2009-10-12,89.805,90.455,89.512,89.816,40134
2009-10-13,89.816,90.191,89.434,89.67,53225
2009-10-14,89.67,89.904,88.832,89.427,63546
2009-10-15,89.427,90.781,89.271,90.539,66028
2009-10-16,90.539,91.322,90.505,90.901,63163
2009-10-19,90.901,91.125,90.367,90.532,52223
2009-10-20,90.532,91.071,90.075,90.748,59932
2009-10-21,90.748,91.277,90.485,90.945,61935
2009-10-22,90.945,91.713,90.772,91.28,57800
2009-10-23,91.28,92.126,91.272,92.067,58956
2009-10-26,92.067,92.283,91.574,92.153,52156
2009-10-27,92.153,92.323,91.706,91.782,52588
2009-10-28,91.782,91.814,90.551,90.664,66647
2009-10-29,90.664,91.621,90.245,91.4,63929
2009-10-30,91.4,91.584,89.92,89.997,61254
2009-11-02,89.997,90.696,89.191,90.207,64070
2009-11-03,90.207,90.585,89.873,90.321,54685
2009-11-04,90.321,91.284,90.046,90.711,55184
2009-11-05,90.711,90.861,89.986,90.698,55258
2009-11-06,90.698,90.862,89.612,89.956,57461
2009-11-09,89.956,90.262,89.69,89.916,50023
2009-11-10,89.916,90.18,89.684,89.791,47221
2009-11-11,89.791,90.041,89.293,89.86,42730
2009-11-12,89.86,90.612,89.643,90.345,47352
2009-11-13,90.345,90.416,89.46,89.661,39931
2009-11-16,89.661,89.71,88.753,89.041,41858
2009-11-17,89.041,89.538,88.732,89.24,46739
2009-11-18,89.24,89.484,89.012,89.296,37496
2009-11-19,89.296,89.436,88.64,88.948,46791
2009-11-20,88.948,89.133,88.681,89.013,38866
2009-11-23,89.013,89.192,88.574,88.953,31519
2009-11-24,88.953,89.063,88.355,88.48,39898
2009-11-25,88.48,88.635,87.214,87.337,47063
2009-11-26,87.337,87.482,86.293,86.556,49744
2009-11-27,86.556,87.016,84.811,86.575,68617
2009-11-30,86.575,87.033,85.863,86.385,56244
2009-12-01,86.385,87.536,86.165,86.683,53919
2009-12-02,86.683,87.492,86.591,87.366,46943
2009-12-03,87.366,88.481,87.365,88.25,50352
2009-12-04,88.25,90.779,87.993,90.464,54566
2009-12-07,90.464,90.464,89.068,89.496,57281
2009-12-08,89.496,89.506,88.181,88.401,64324
2009-12-09,88.401,88.695,87.365,87.855,60096
2009-12-10,87.855,88.451,87.734,88.175,51460
2009-12-11,88.175,89.808,88.175,89.07,51981
2009-12-14,89.07,89.323,88.321,88.598,46691
2009-12-15,88.598,89.954,88.551,89.597,49698
2009-12-16,89.597,89.984,89.386,89.766,47337
2009-12-17,89.766,90.371,89.56,89.947,51783
2009-12-18,89.947,90.913,88.912,90.342,57108
2009-12-21,90.342,91.234,90.24,91.15,33760
2009-12-22,91.15,91.868,91.004,91.825,40871
2009-12-23,91.825,91.872,91.313,91.614,27176
2009-12-24,91.614,91.781,91.131,91.68,21296
2009-12-25,91.4,91.614,91.1,91.11,0
2009-12-28,91.68,91.772,91.39,91.62,23714
2009-12-29,91.62,92.074,91.525,91.975,29375
2009-12-30,91.975,92.765,91.903,92.406,31709
2009-12-31,92.406,93.101,91.909,93.081,19224
2010-01-01,92.94,93.09,92.92,92.92,0
2010-01-04,93.081,93.214,92.19,92.483,50799
2010-01-05,92.483,92.55,91.251,91.675,52945
2010-01-06,91.675,92.741,91.522,92.307,53753
2010-01-07,92.307,93.403,92.105,93.359,56186
2010-01-08,93.359,93.768,92.275,92.619,59164
2010-01-11,92.619,92.665,91.812,92.071,39893
2010-01-12,92.071,92.425,90.725,90.966,61161
2010-01-13,90.966,91.562,90.905,91.362,54212
2010-01-14,91.362,92.046,90.838,91.193,50442
2010-01-15,91.193,91.321,90.601,90.809,52977
2010-01-18,90.809,91.062,90.623,90.774,30336
2010-01-19,90.774,91.264,90.312,91.118,52923
2010-01-20,91.118,91.463,90.791,91.218,52180
2010-01-21,91.218,91.873,90.118,90.427,63390
2010-01-22,90.427,90.571,89.785,90.031,61021
2010-01-25,90.031,90.34,89.816,90.266,47176
2010-01-26,90.266,90.554,89.342,89.629,67835
2010-01-27,89.629,90.086,89.135,89.994,63997
2010-01-28,89.994,90.551,89.631,89.897,62302
2010-01-29,89.897,90.925,89.585,90.263,63182
2010-02-01,90.263,90.945,89.856,90.586,48585
2010-02-02,90.586,90.915,90.265,90.367,47915
2010-02-03,90.367,91.28,90.076,90.97,54533
2010-02-04,90.97,91.081,88.573,89,61703
2010-02-05,89,89.89,88.821,89.381,82289
2010-02-08,89.381,89.564,89.141,89.235,51150
2010-02-09,89.235,89.808,89.154,89.675,59490
2010-02-10,89.675,90.064,89.243,89.911,62377
2010-02-11,89.911,90.141,89.568,89.749,49934
2010-02-12,89.749,90.425,89.59,89.994,57352
2010-02-15,89.994,90.232,89.912,89.995,24068
2010-02-16,89.995,90.521,89.707,90.126,41814
2010-02-17,90.126,91.381,90.12,91.229,54076
2010-02-18,91.229,91.821,90.566,91.794,56921
2010-02-19,91.794,92.147,91.61,91.64,53415
2010-02-22,91.64,91.908,91.023,91.125,43332
2010-02-23,91.125,91.298,89.923,90.206,55688
2010-02-24,90.206,90.362,89.763,90.126,41880
2010-02-25,90.126,90.321,88.804,89.067,67061
2010-02-26,89.067,89.505,88.744,88.843,48930
2010-03-01,88.843,89.482,88.815,89.115,47551
2010-03-02,89.115,89.375,88.554,88.839,53797
2010-03-03,88.839,88.992,88.322,88.449,53431
2010-03-04,88.449,89.259,88.137,89.006,48944
2010-03-05,89.006,90.591,88.974,90.341,40518
2010-03-08,90.341,90.681,90.151,90.297,37786
2010-03-09,90.297,90.33,89.632,89.944,56065
2010-03-10,89.944,90.822,89.841,90.487,52669
2010-03-11,90.487,90.713,90.203,90.49,43324
2010-03-12,90.49,91.087,90.171,90.453,53677
2010-03-15,90.453,90.802,90.352,90.485,28650
2010-03-16,90.485,90.734,89.99,90.285,41183
2010-03-17,90.285,90.714,90.028,90.308,56703
2010-03-18,90.308,90.803,89.756,90.357,54237
2010-03-19,90.357,90.716,90.336,90.551,37550
2010-03-22,90.551,90.773,89.831,90.116,36656
2010-03-23,90.116,90.476,90.058,90.386,42328
2010-03-24,90.386,92.401,90.347,92.285,60184
2010-03-25,92.285,92.955,91.763,92.715,62989
2010-03-26,92.715,92.896,92.305,92.491,48313
2010-03-29,92.491,92.787,92.332,92.453,43565
2010-03-30,92.453,93.022,92.124,92.744,41201
2010-03-31,92.744,93.639,92.744,93.447,63914
2010-04-01,93.447,94.044,93.277,93.803,49813
2010-04-02,93.803,94.693,93.535,94.552,26416
2010-04-05,94.552,94.775,94.083,94.345,26116
2010-04-06,94.345,94.384,93.663,93.778,55228
2010-04-07,93.778,94.267,93.15,93.338,56605
2010-04-08,93.338,93.483,92.832,93.362,57456
2010-04-09,93.362,93.784,93.111,93.195,48278
2010-04-12,93.195,93.611,92.891,93.236,47496
2010-04-13,93.236,93.411,92.574,93.191,61014
2010-04-14,93.191,93.732,92.823,93.222,58089
2010-04-15,93.222,93.523,92.863,93.029,55992
2010-04-16,93.029,93.142,91.902,92.101,70870
2010-04-19,92.101,92.468,91.595,92.387,48132
2010-04-20,92.387,93.391,92.387,93.212,37881
2010-04-21,93.212,93.446,92.936,93.182,58306
2010-04-22,93.182,93.613,92.743,93.476,66269
2010-04-23,93.476,94.331,93.31,94.026,61437
2010-04-26,94.026,94.357,93.926,93.951,52050
2010-04-27,93.951,94.036,92.816,93.276,71967
2010-04-28,93.276,94.326,92.994,94.022,77404
2010-04-29,94.022,94.262,93.853,94.012,45779
2010-04-30,94.012,94.584,93.877,93.926,61048
2010-05-03,93.926,94.793,93.843,94.546,33387
2010-05-04,94.546,94.985,94.324,94.53,60942
2010-05-05,94.53,94.984,93.535,93.81,74518
2010-05-06,93.81,93.977,88.22,90.55,124176
2010-05-07,90.55,93.202,90.01,91.399,156595
2010-05-10,91.399,93.541,91.399,93.277,90644
2010-05-11,93.277,93.392,92.212,92.634,86997
2010-05-12,92.634,93.282,92.443,93.239,72399
2010-05-13,93.239,93.643,92.59,92.74,69664
2010-05-14,92.74,93.094,91.802,92.341,88602
2010-05-17,92.341,92.694,91.763,92.581,96205
2010-05-18,92.581,92.97,92.094,92.23,98636
2010-05-19,92.23,92.239,90.943,91.679,113376
2010-05-20,91.679,91.875,88.958,89.67,111235
2010-05-21,89.67,90.479,89.037,89.981,112396
2010-05-24,89.981,90.621,89.744,90.287,76929
2010-05-25,90.287,90.311,89.264,90.214,106794
2010-05-26,90.214,90.672,89.821,89.919,78748
2010-05-27,89.919,91.082,89.812,91.032,73875
2010-05-28,91.032,91.412,90.605,90.903,62746
2010-05-31,90.903,91.617,90.903,91.259,32984
2010-06-01,91.259,91.461,90.542,90.938,69318
2010-06-02,90.938,92.356,90.889,92.124,67903
2010-06-03,92.124,92.804,92.039,92.704,57204
2010-06-04,92.704,92.883,91.416,91.705,63448
2010-06-07,91.705,92.084,90.98,91.372,74549
2010-06-08,91.372,91.926,90.833,91.453,69233
2010-06-09,91.453,91.674,91.054,91.291,61047
2010-06-10,91.291,91.472,90.854,91.329,66176
2010-06-11,91.329,91.778,91.192,91.651,56479
2010-06-14,91.651,92.114,91.415,91.571,63699
2010-06-15,91.571,91.692,91.079,91.454,56553
2010-06-16,91.454,91.824,91.093,91.432,50198
2010-06-17,91.432,91.44,90.514,91,55858
2010-06-18,91,91.076,90.445,90.711,108596
2010-06-21,90.711,91.477,90.205,91.103,55919
2010-06-22,91.103,91.106,90.333,90.561,51364
2010-06-23,90.561,90.586,89.728,89.808,51504
2010-06-24,89.808,89.982,89.223,89.606,52380
2010-06-25,89.606,89.775,89.219,89.284,54641
2010-06-28,89.284,89.467,89.064,89.359,42324
2010-06-29,89.359,89.417,88.284,88.596,64561
2010-06-30,88.596,88.765,88.364,88.435,60323
2010-07-01,88.435,88.563,86.967,87.588,80304
2010-07-02,87.588,88.211,87.322,87.799,64192
2010-07-05,87.799,88.004,87.634,87.761,27431
2010-07-06,87.761,87.982,87.349,87.515,55812
2010-07-07,87.515,87.775,87.021,87.699,57102
2010-07-08,87.699,88.642,87.654,88.346,62166
2010-07-09,88.346,88.703,88.314,88.647,46886
2010-07-12,88.647,89.154,88.386,88.615,44597
2010-07-13,88.615,88.865,88.028,88.724,55134
2010-07-14,88.724,89.11,88.073,88.396,59208
2010-07-15,88.396,88.496,87.234,87.389,66552
2010-07-16,87.389,87.508,86.264,86.692,61818
2010-07-19,86.692,87.22,86.477,86.688,47341
2010-07-20,86.688,87.573,86.661,87.503,57557
2010-07-21,87.503,87.508,86.869,87.041,52406
2010-07-22,87.041,87.213,86.341,86.938,58620
2010-07-23,86.938,87.503,86.735,87.374,63486
2010-07-26,87.374,87.716,86.825,86.877,54423
2010-07-27,86.877,87.974,86.828,87.898,55005
2010-07-28,87.898,88.117,87.253,87.46,62539
2010-07-29,87.46,87.514,86.571,86.782,57634
2010-07-30,86.782,86.983,85.941,86.394,69077
2010-08-02,86.394,86.884,86.322,86.497,48065
2010-08-03,86.497,86.654,85.672,85.778,50118
2010-08-04,85.778,86.385,85.325,86.261,50307
2010-08-05,86.261,86.451,85.711,85.829,45723
2010-08-06,85.829,86.181,85.022,85.413,49713
2010-08-09,85.413,85.95,85.294,85.931,33739
2010-08-10,85.931,86.241,85.173,85.433,51731
2010-08-11,85.433,85.468,84.725,85.314,63384
2010-08-12,85.314,85.985,84.933,85.908,64155
2010-08-13,85.908,86.375,85.565,86.289,47217
2010-08-16,86.289,86.289,85.21,85.341,90784
2010-08-17,85.341,85.683,85.113,85.517,40909
2010-08-18,85.517,85.682,85.193,85.448,39904
2010-08-19,85.448,85.92,84.893,85.383,54326
2010-08-20,85.383,85.821,85.192,85.647,45637
2010-08-23,85.647,85.724,85.095,85.156,39076
2010-08-24,85.156,85.192,83.592,83.903,73654
2010-08-25,83.903,84.833,83.898,84.568,64780
2010-08-26,84.568,84.884,84.324,84.442,50036
2010-08-27,84.442,85.454,84.272,85.349,64983
2010-08-30,85.349,85.907,84.504,84.617,48439
2010-08-31,84.617,84.664,83.826,84.193,59337
2010-09-01,84.193,84.665,83.665,84.438,60619
2010-09-02,84.438,84.553,83.997,84.263,47465
2010-09-03,84.263,85.23,84.164,84.423,46724
2010-09-06,84.423,84.494,84.044,84.202,27093
2010-09-07,84.202,84.263,83.515,83.828,54122
2010-09-08,83.828,84.046,83.344,83.866,55167
2010-09-09,83.866,84.027,83.494,83.778,48572
2010-09-10,83.778,84.385,83.749,84.183,49867
2010-09-13,84.183,84.36,83.505,83.704,45760
2010-09-14,83.704,83.754,82.925,83.045,58739
2010-09-15,83.045,85.774,82.874,85.737,104306
2010-09-16,85.737,85.931,85.224,85.778,58593
2010-09-17,85.778,85.931,85.596,85.808,49746
2010-09-20,85.808,85.808,85.508,85.693,29506
2010-09-21,85.693,85.773,84.977,85.083,45854
2010-09-22,85.083,85.187,84.274,84.478,52018
2010-09-23,84.478,84.671,84.252,84.378,41710
2010-09-24,84.378,85.391,84.115,84.259,59170
2010-09-27,84.259,84.393,84.114,84.289,38480
2010-09-28,84.289,84.344,83.691,83.867,47973
2010-09-29,83.867,84.091,83.502,83.697,47029
2010-09-30,83.697,83.816,83.165,83.517,63008
2010-10-01,83.517,83.577,83.161,83.306,50612
2010-10-04,83.306,83.874,83.182,83.353,44779
2010-10-05,83.353,83.984,82.959,83.211,68098
2010-10-06,83.211,83.267,82.707,82.93,56657
2010-10-07,82.93,83.035,82.111,82.413,65281
2010-10-08,82.413,82.564,81.724,82.18,57912
2010-10-11,82.18,82.183,81.378,82.068,33512
2010-10-12,82.068,82.357,81.661,81.723,59934
2010-10-13,81.723,82.006,81.661,81.8,51573
2010-10-14,81.8,81.844,80.89,81.469,68969
2010-10-15,81.469,81.623,80.876,81.414,64559
2010-10-18,81.414,81.479,81.127,81.265,54682
2010-10-19,81.265,81.924,81.135,81.581,68784
2010-10-20,81.581,81.662,80.846,81.083,53339
2010-10-21,81.083,81.827,80.921,81.326,66820
2010-10-22,81.326,81.506,80.992,81.366,44347
2010-10-25,81.366,81.455,80.411,80.81,44135
2010-10-26,80.81,81.654,80.614,81.43,61793
2010-10-27,81.43,81.982,81.317,81.746,62373
2010-10-28,81.746,81.778,80.864,81.027,48526
2010-10-29,81.027,81.073,80.448,80.457,53398
2010-11-01,80.457,81.432,80.241,80.503,46479
2010-11-02,80.503,80.966,80.46,80.621,44410
2010-11-03,80.621,81.584,80.6,81.07,57681
2010-11-04,81.07,81.223,80.585,80.738,60894
2010-11-05,80.738,81.477,80.62,81.329,57218
2010-11-08,81.329,81.436,81.005,81.179,42121
2010-11-09,81.179,81.966,80.534,81.688,59109
2010-11-10,81.688,82.797,81.553,82.273,72483
2010-11-11,82.273,82.603,82.043,82.483,49393
2010-11-12,82.483,82.656,81.655,82.436,64154
2010-11-15,82.436,83.262,82.395,83.069,59509
2010-11-16,83.069,83.593,82.849,83.297,61777
2010-11-17,83.297,83.552,83.033,83.181,44066
2010-11-18,83.181,83.783,83.102,83.526,52609
2010-11-19,83.526,83.643,83.136,83.472,39988
2010-11-22,83.472,83.567,83.233,83.328,38618
2010-11-23,83.328,83.843,82.774,83.153,54469
2010-11-24,83.153,83.663,82.94,83.534,49951
2010-11-25,83.534,83.697,83.403,83.594,30273
2010-11-26,83.594,84.186,83.561,84.1,37722
2010-11-29,84.1,84.403,83.821,84.255,40963
2010-11-30,84.255,84.313,83.423,83.68,52720
2010-12-01,83.68,84.392,83.374,84.196,52971
2010-12-02,84.196,84.362,83.485,83.813,48224
2010-12-03,83.813,83.892,82.529,82.732,44315
2010-12-06,82.732,82.991,82.565,82.648,35160
2010-12-07,82.648,83.661,82.341,83.483,51682
2010-12-08,83.483,84.303,83.457,84.04,61363
2010-12-09,84.04,84.113,83.513,83.738,55643
2010-12-10,83.738,84.017,83.452,83.944,38418
2010-12-13,83.944,84.352,83.105,83.405,44842
2010-12-14,83.405,83.779,82.838,83.653,49372
2010-12-15,83.653,84.511,83.598,84.231,52915
2010-12-16,84.231,84.452,83.887,83.903,46059
2010-12-17,83.903,84.203,83.692,83.863,42005
2010-12-20,83.863,84.122,83.632,83.77,31069
2010-12-21,83.77,83.904,83.503,83.739,32256
2010-12-22,83.739,83.852,83.413,83.564,33239
2010-12-23,83.564,83.582,82.855,82.914,29665
2010-12-24,82.914,83.167,82.863,82.909,11267
2010-12-27,82.909,82.98,82.653,82.802,19301
2010-12-28,82.802,82.848,81.815,82.381,43322
2010-12-29,82.381,82.453,81.609,81.609,30933
2010-12-30,81.609,81.855,81.289,81.515,33301
2010-12-31,81.515,81.545,80.94,81.121,14525
2011-01-03,81.121,81.744,81.121,81.734,6520
2011-01-04,81.734,82.282,81.612,82.04,48600
2011-01-05,82.04,83.377,81.883,83.247,56384
2011-01-06,83.247,83.392,82.883,83.302,54933
2011-01-07,83.302,83.686,82.852,83.035,52332
2011-01-10,83.035,83.28,82.665,82.717,39934
2011-01-11,82.717,83.494,82.683,83.239,49603
2011-01-12,83.239,83.462,82.808,82.981,53836
2011-01-13,82.981,83.152,82.544,82.803,53827
2011-01-14,82.803,83.066,82.411,82.988,51342
2011-01-17,82.988,82.988,82.676,82.676,1060
2011-01-18,82.676,82.824,82.331,82.548,49472
2011-01-19,82.548,82.692,81.853,82.016,55266
2011-01-20,82.016,83.123,82.013,82.989,43186
2011-01-21,82.989,83.091,82.532,82.568,36598
2011-01-24,82.568,82.92,82.305,82.519,41592
2011-01-25,82.519,82.675,81.977,82.233,51407
2011-01-26,82.233,82.612,81.98,82.168,47754
2011-01-27,82.168,83.214,82.012,82.897,57359
2011-01-28,82.897,82.924,81.985,82.102,52690
2011-01-31,82.102,82.256,81.907,82.042,45252
2011-02-01,82.042,82.152,81.313,81.33,49695
2011-02-02,81.33,81.857,81.33,81.534,45030
2011-02-03,81.534,82.063,81.403,81.601,40935
2011-02-04,81.601,82.472,81.085,82.214,45995
2011-02-07,82.214,82.472,82.154,82.314,38521
2011-02-08,82.314,82.425,81.773,82.353,41827
2011-02-09,82.353,82.664,82.203,82.342,48587
2011-02-10,82.342,83.373,82.303,83.204,50418
2011-02-11,83.204,83.672,83.197,83.452,37314
2011-02-14,83.452,83.52,83.094,83.301,40449
2011-02-15,83.301,83.917,83.197,83.755,54050
2011-02-16,83.755,83.974,83.489,83.673,49584
2011-02-17,83.673,83.752,83.156,83.286,43270
2011-02-18,83.286,83.532,83.033,83.093,38220
2011-02-21,83.093,83.264,83.011,83.122,25048
2011-02-22,83.122,83.534,82.583,82.75,57426
2011-02-23,82.75,82.893,82.318,82.494,47626
2011-02-24,82.494,82.511,81.624,81.869,49312
2011-02-25,81.869,82.062,81.652,81.673,35967
2011-02-28,81.673,81.983,81.62,81.764,37047
2011-03-01,81.764,82.241,81.734,81.838,42333
2011-03-02,81.838,82.112,81.569,81.858,33706
2011-03-03,81.858,82.523,81.723,82.425,39986
2011-03-04,82.425,83.07,82.215,82.312,42191
2011-03-07,82.312,82.389,81.952,82.223,62089
2011-03-08,82.223,82.854,82.21,82.647,62413
2011-03-09,82.647,82.934,82.577,82.717,61227
2011-03-10,82.717,83.172,82.702,82.954,64571
2011-03-11,82.954,83.294,81.652,81.892,70804
2011-03-14,81.892,82.46,80.531,81.622,93990
2011-03-16,80.717,81.172,79.564,79.58,90621
2011-03-17,79.58,79.744,76.317,78.88,150039
2011-03-18,78.88,81.986,78.827,80.667,133594
2011-03-21,80.667,81.316,80.667,81.004,48546
2011-03-22,81.004,81.285,80.847,80.96,48671
2011-03-23,80.96,81.073,80.704,80.91,52566
2011-03-24,80.91,81.057,80.764,80.96,42927
2011-03-25,80.96,81.503,80.87,81.473,42968
2011-03-28,81.473,81.845,81.3,81.69,38898
2011-03-29,81.69,82.481,81.544,82.47,38283
2011-03-30,82.47,83.183,82.364,82.88,53768
2011-03-31,82.88,83.227,82.565,83.12,55351
2011-04-01,83.12,84.733,83.12,84.032,61384
2011-04-04,84.032,84.385,83.855,84.054,41031
2011-04-05,84.054,84.874,84.02,84.861,50174
2011-04-06,84.861,85.523,84.842,85.48,61312
2011-04-07,85.48,85.501,84.591,84.9,64000
2011-04-08,84.9,85.397,84.675,84.824,51336
2011-04-11,84.824,85.157,84.513,84.58,46325
2011-04-12,84.58,84.78,83.462,83.551,80642
2011-04-13,83.551,84.262,83.504,83.823,62122
2011-04-14,83.823,83.93,82.951,83.49,67697
2011-04-15,83.49,83.784,82.958,83.044,49297
2011-04-18,83.044,83.261,82.184,82.644,59635
2011-04-19,82.644,82.761,82.32,82.574,51104
2011-04-20,82.574,83.102,82.256,82.55,55352
2011-04-21,82.55,82.586,81.602,81.84,53610
2011-04-22,81.84,82.111,81.665,81.92,18518
2011-04-25,81.92,82.424,81.666,81.82,29511
2011-04-26,81.82,81.973,81.483,81.55,42425
2011-04-27,81.55,82.791,81.267,82.143,57457
2011-04-28,82.143,82.276,81.401,81.526,54755
2011-04-29,81.526,81.652,81.043,81.14,28088
2011-05-02,81.14,81.69,81.001,81.206,40006
2011-05-03,81.206,81.275,80.696,80.924,39025
2011-05-04,80.924,81.191,80.432,80.608,43082
2011-05-05,80.608,80.694,79.566,80.076,64598
2011-05-06,80.076,80.947,80.054,80.568,79597
2011-05-09,80.568,80.843,80.183,80.35,50770
2011-05-10,80.35,80.91,80.154,80.863,51000
2011-05-11,80.863,81.326,80.615,81.033,61017
2011-05-12,81.033,81.34,80.709,80.93,54179
2011-05-13,80.93,81.089,80.34,80.853,53838
2011-05-16,80.853,81.067,80.633,80.785,44889
2011-05-17,80.785,81.771,80.734,81.405,57175
2011-05-18,81.405,81.723,80.938,81.678,53752
2011-05-19,81.678,82.234,81.471,81.605,54418
2011-05-20,81.605,81.864,81.48,81.694,44874
2011-05-23,81.694,82.042,81.32,82.001,53481
2011-05-24,82.001,82.214,81.615,81.95,49130
2011-05-25,81.95,82.174,81.792,81.967,52306
2011-05-26,81.967,82.088,81.15,81.281,52753
2011-05-27,81.281,81.414,80.702,80.848,51257
2011-05-30,80.848,80.98,80.705,80.92,21259
2011-05-31,80.92,81.772,80.714,81.516,57573
2011-06-01,81.516,81.57,80.556,80.943,58534
2011-06-02,80.943,81.324,80.552,80.89,57885
2011-06-03,80.89,81.012,80.049,80.189,55587
2011-06-06,80.189,80.394,79.979,80.096,44702
2011-06-07,80.096,80.334,79.98,80.086,44813
2011-06-08,80.086,80.28,79.696,79.884,59642
2011-06-09,79.884,80.422,79.836,80.343,60364
2011-06-10,80.343,80.464,79.966,80.34,52909
2011-06-13,80.34,80.69,80.115,80.223,46090
2011-06-14,80.223,80.626,80.083,80.485,51790
2011-06-15,80.485,81.063,80.382,80.93,57137
2011-06-16,80.93,81.051,80.483,80.622,71028
2011-06-17,80.622,80.673,80.012,80.014,53334
2011-06-20,80.014,80.365,80.014,80.247,38417
2011-06-21,80.247,80.344,80.052,80.193,36122
2011-06-22,80.193,80.384,80.014,80.287,39914
2011-06-23,80.287,80.797,80.282,80.489,55000
2011-06-24,80.489,80.605,80.135,80.485,46604
2011-06-27,80.485,80.983,80.295,80.889,49575
2011-06-28,80.889,81.267,80.66,81.117,49309
2011-06-29,81.117,81.186,80.556,80.779,52686
2011-06-30,80.779,80.868,80.264,80.553,51624
2011-07-01,80.553,81.145,80.493,80.805,45408
2011-07-04,80.805,80.91,80.536,80.785,37259
2011-07-05,80.785,81.185,80.707,81.074,47589
2011-07-06,81.074,81.122,80.768,80.911,43189
2011-07-07,80.911,81.413,80.795,81.224,47345
2011-07-08,81.224,81.474,80.504,80.614,46371
2011-07-11,80.614,80.83,80.108,80.255,46516
2011-07-12,80.255,80.374,79.172,79.236,75332
2011-07-13,79.236,79.574,78.464,78.958,62586
2011-07-14,78.958,79.601,78.466,79.131,71045
2011-07-15,79.131,79.275,78.889,79.042,46910
2011-07-18,79.042,79.18,78.95,79.039,36507
2011-07-19,79.039,79.278,78.821,79.174,43866
2011-07-20,79.174,79.317,78.707,78.768,39559
2011-07-21,78.768,79.032,78.269,78.284,55988
2011-07-22,78.284,78.733,78.21,78.457,41617
2011-07-25,78.457,78.553,78.054,78.288,44223
2011-07-26,78.288,78.698,77.831,77.902,47087
2011-07-27,77.902,78.17,77.572,77.974,42515
2011-07-28,77.974,78.024,77.629,77.661,42322
2011-07-29,77.661,77.865,76.886,76.896,54581
2011-08-01,76.896,78.046,76.293,77.209,76505
2011-08-02,77.209,77.826,76.959,77.113,68994
2011-08-03,77.113,77.406,76.781,77.05,66305
2011-08-04,77.05,80.24,76.929,78.885,130078
2011-08-05,78.885,79.411,78.316,78.429,90956
2011-08-08,78.429,78.463,77.502,77.749,81299
2011-08-09,77.749,77.856,76.702,76.955,106842
2011-08-10,76.955,77.304,76.346,76.854,70442
2011-08-11,76.854,77.231,76.309,76.829,76341
2011-08-12,76.829,77.019,76.512,76.816,45841
2011-08-15,76.816,77.097,76.592,76.805,42142
2011-08-16,76.805,76.93,76.641,76.785,35677
2011-08-17,76.785,76.839,76.408,76.598,34332
2011-08-18,76.598,76.713,76.447,76.575,38540
2011-08-19,76.575,76.971,75.941,76.5,49530
2011-08-22,76.5,77.212,76.5,76.788,40313
2011-08-23,76.788,76.936,76.471,76.64,37966
2011-08-24,76.64,77.076,76.454,76.975,41369
2011-08-25,76.975,77.695,76.841,77.455,46848
2011-08-26,77.455,77.518,76.5,76.666,44790
2011-08-29,76.666,77.017,76.554,76.823,29781
2011-08-30,76.823,76.981,76.593,76.736,34168
2011-08-31,76.736,76.841,76.422,76.651,33597
2011-09-01,76.651,77.238,76.565,76.923,51775
2011-09-02,76.923,76.969,76.494,76.809,37193
2011-09-05,76.809,76.975,76.69,76.859,28083
2011-09-06,76.859,77.729,76.719,77.65,58638
2011-09-07,77.65,77.712,77.067,77.245,44449
2011-09-08,77.245,77.597,77.142,77.497,41417
2011-09-09,77.497,77.858,77.094,77.498,52375
2011-09-12,77.498,77.584,76.754,77.185,55483
2011-09-13,77.185,77.254,76.805,76.924,46746
2011-09-14,76.924,77.065,76.602,76.625,41539
2011-09-15,76.625,77.341,76.559,76.689,43289
2011-09-16,76.689,76.973,76.651,76.826,36513
2011-09-19,76.826,76.979,76.324,76.567,28986
2011-09-20,76.567,76.761,76.355,76.445,38263
2011-09-21,76.445,76.735,76.115,76.454,45217
2011-09-22,76.454,76.971,76.105,76.22,58046
2011-09-23,76.22,76.886,76.15,76.628,33988
2011-09-26,76.628,76.761,76.221,76.355,45675
2011-09-27,76.355,76.933,76.266,76.811,40265
2011-09-28,76.811,76.874,76.337,76.607,39629
2011-09-29,76.607,77.023,76.413,76.831,41432
2011-09-30,76.831,77.198,76.496,77.054,43206
2011-10-03,77.054,77.259,76.512,76.624,49020
2011-10-04,76.624,76.982,76.529,76.8,40457
2011-10-05,76.8,77.076,76.614,76.791,34062
2011-10-06,76.791,76.84,76.564,76.71,38558
2011-10-07,76.71,76.92,76.585,76.839,31487
2011-10-10,76.839,76.853,76.572,76.649,21753
2011-10-11,76.649,76.757,76.604,76.643,26203
2011-10-12,76.643,77.486,76.312,77.239,43925
2011-10-13,77.239,77.292,76.677,76.884,35198
2011-10-14,76.884,77.45,76.817,77.206,31468
2011-10-17,77.206,77.454,76.601,76.823,36005
2011-10-18,76.823,76.912,76.627,76.813,32060
2011-10-19,76.813,76.863,76.659,76.794,23129
2011-10-20,76.794,77.091,76.678,76.762,29482
2011-10-21,76.762,76.913,75.788,76.098,31260
2011-10-24,76.098,76.485,75.988,76.098,28798
2011-10-25,76.098,76.304,75.736,76.058,33037
2011-10-26,76.058,76.321,75.707,76.154,33361
2011-10-27,76.154,76.293,75.661,75.937,36836
2011-10-28,75.937,76.001,75.675,75.762,21198
2011-10-31,75.762,79.535,75.565,78.165,87301
2011-11-01,78.165,78.989,78.013,78.357,48666
2011-11-02,78.357,78.41,77.94,78.041,34127
2011-11-03,78.041,78.161,77.892,78.053,29235
2011-11-04,78.053,78.267,77.985,78.207,25795
2011-11-07,78.207,78.207,77.984,78.044,23080
2011-11-08,78.044,78.1,77.594,77.724,27422
2011-11-09,77.724,77.887,77.542,77.815,31992
2011-11-10,77.815,77.872,77.506,77.645,30812
2011-11-11,77.645,77.684,77.051,77.115,26564
2011-11-14,77.115,77.262,76.814,77.064,27275
2011-11-15,77.064,77.496,76.907,77.026,30191
2011-11-16,77.026,77.148,76.855,77.054,24222
2011-11-17,77.054,77.091,76.914,76.974,24553
2011-11-18,76.974,77.031,76.577,76.919,29788
2011-11-21,76.919,76.992,76.763,76.887,26073
2011-11-22,76.887,77.332,76.837,76.967,29104
2011-11-23,76.967,77.58,76.927,77.309,21702
2011-11-24,77.309,77.335,77.013,77.112,27209
2011-11-25,77.112,77.79,77.076,77.739,32511
2011-11-28,77.739,78.239,77.455,77.945,31000
2011-11-29,77.945,78.283,77.623,77.914,32450
2011-11-30,77.914,78.155,77.29,77.605,46344
2011-12-01,77.605,77.81,77.486,77.693,31371
2011-12-02,77.693,78.078,77.685,77.979,25472
2011-12-05,77.979,78.109,77.692,77.813,27129
2011-12-06,77.813,77.856,77.636,77.724,27200
2011-12-07,77.724,77.792,77.626,77.674,22576
2011-12-08,77.674,77.8,77.129,77.639,34538
2011-12-09,77.639,77.782,77.492,77.559,28648
2011-12-12,77.559,78.009,77.493,77.915,31728
2011-12-13,77.915,78.021,77.643,77.994,33418
2011-12-14,77.994,78.161,77.923,78.065,33093
2011-12-15,78.065,78.141,77.737,77.851,30045
2011-12-16,77.851,77.962,77.617,77.714,25219
2011-12-19,77.714,78.177,77.671,78.034,27808
2011-12-20,78.034,78.056,77.716,77.879,25171
2011-12-21,77.879,78.113,77.686,78.056,30218
2011-12-22,78.056,78.203,78.002,78.16,25141
2011-12-23,78.16,78.224,78.002,78.033,17453
2011-12-26,78.033,78.098,77.872,77.952,6097
2011-12-27,77.952,78.03,77.794,77.856,17527
2011-12-28,77.856,78.038,77.563,77.938,27049
2011-12-29,77.938,77.982,77.599,77.62,26523
2011-12-30,77.62,77.74,76.847,76.865,40348
2012-01-02,76.865,77.008,76.842,76.888,5563
2012-01-03,76.888,76.962,76.624,76.724,23762
2012-01-04,76.724,76.833,76.609,76.703,28010
2012-01-05,76.703,77.245,76.658,77.1,34116
2012-01-06,77.1,77.336,76.881,76.881,30832
2012-01-09,76.881,77.009,76.77,76.806,21678
2012-01-10,76.806,76.905,76.776,76.84,23881
2012-01-11,76.84,77.041,76.807,76.863,25402
2012-01-12,76.863,76.981,76.67,76.748,28675
2012-01-13,76.748,77.006,76.664,76.875,35225
2012-01-16,76.875,77.057,76.701,76.75,21966
2012-01-17,76.75,76.879,76.552,76.824,28568
2012-01-18,76.824,76.874,76.654,76.819,26721
2012-01-19,76.819,77.321,76.699,77.08,29050
2012-01-20,77.08,77.307,76.917,76.969,29213
2012-01-23,76.955,77.082,76.866,77.005,23485
2012-01-24,77.005,77.855,76.957,77.662,34567
2012-01-25,77.662,78.283,77.561,77.763,47608
2012-01-26,77.763,77.812,77.292,77.43,29995
2012-01-27,77.43,77.484,76.648,76.663,37433
2012-01-30,76.663,76.776,76.216,76.335,26613
2012-01-31,76.335,76.421,76.159,76.26,36412
2012-02-01,76.26,76.352,76.026,76.186,30186
2012-02-02,76.186,76.242,76.044,76.204,22981
2012-02-03,76.204,76.739,76.141,76.505,30511
2012-02-06,76.505,76.801,76.495,76.526,34133
2012-02-07,76.526,76.968,76.517,76.76,32547
2012-02-08,76.76,77.187,76.709,77.022,31822
2012-02-09,77.022,77.728,77.009,77.653,34935
2012-02-10,77.653,77.806,77.52,77.603,29843
2012-02-13,77.603,77.781,77.393,77.57,24296
2012-02-14,77.57,78.546,77.364,78.42,43646
2012-02-15,78.42,78.662,78.185,78.422,42081
2012-02-16,78.422,78.964,78.357,78.925,39287
2012-02-17,78.925,79.611,78.797,79.54,39417
2012-02-20,79.54,79.895,79.361,79.632,37309
2012-02-21,79.632,79.85,79.55,79.734,36266
2012-02-22,79.734,80.402,79.67,80.28,42446
2012-02-23,80.28,80.353,79.857,79.993,38898
2012-02-24,79.993,81.214,79.932,81.202,49502
2012-02-27,81.202,81.672,80.132,80.594,60438
2012-02-28,80.594,80.785,80.016,80.45,60151
2012-02-29,80.45,81.311,80.253,81.141,60393
2012-03-01,81.141,81.398,80.839,81.105,57516
2012-03-02,81.105,81.872,81.083,81.779,54467
2012-03-05,81.779,81.865,81.156,81.549,48118
2012-03-06,81.549,81.584,80.587,80.88,61084
2012-03-07,80.88,81.223,80.585,81.072,51206
2012-03-08,81.072,81.731,81.072,81.54,57160
2012-03-09,81.54,82.646,81.466,82.374,60494
2012-03-12,82.374,82.533,82.114,82.218,38526
2012-03-13,82.218,83.083,81.966,82.93,54681
2012-03-14,82.93,83.83,82.863,83.724,49094
2012-03-15,83.724,84.18,83.192,83.566,57539
2012-03-16,83.566,83.941,83.184,83.416,56276
2012-03-19,83.416,83.567,83.02,83.335,48137
2012-03-20,83.335,83.833,83.316,83.695,42888
2012-03-21,83.695,84.096,83.293,83.397,59002
2012-03-22,83.397,83.471,82.329,82.519,83736
2012-03-23,82.519,82.952,81.973,82.334,70310
2012-03-26,82.334,83.004,82.334,82.804,58142
2012-03-27,82.804,83.384,82.641,83.157,54635
2012-03-28,83.157,83.207,82.61,82.888,63888
2012-03-29,82.888,82.969,81.903,82.447,67085
2012-03-30,82.447,82.884,81.831,82.837,71337
2012-04-02,82.837,83.305,81.875,82.062,71388
2012-04-03,82.062,82.995,81.55,82.799,70704
2012-04-04,82.799,82.935,82.095,82.448,68761
2012-04-05,82.448,82.474,81.828,82.342,63992
2012-04-06,82.342,82.555,81.299,81.551,36998
2012-04-09,81.551,81.671,81.198,81.489,42303
2012-04-10,81.489,81.862,80.646,80.678,71299
2012-04-11,80.678,81.122,80.567,80.844,67554
2012-04-12,80.844,81.131,80.738,80.88,61632
2012-04-13,80.88,81.198,80.822,80.895,51171
2012-04-16,80.895,80.999,80.294,80.393,54938
2012-04-17,80.393,80.929,80.332,80.825,51233
2012-04-18,80.825,81.564,80.819,81.239,56686
2012-04-19,81.239,81.738,81.169,81.592,60750
2012-04-20,81.592,81.78,81.403,81.403,43599
2012-04-23,81.403,81.662,80.972,81.183,45550
2012-04-24,81.183,81.399,80.856,81.312,48029
2012-04-25,81.312,81.693,81.071,81.341,56725
2012-04-26,81.341,81.424,80.666,80.976,55688
2012-04-27,80.976,81.441,80.186,80.235,71006
2012-04-30,80.235,80.388,79.736,79.811,37936
2012-05-01,79.811,80.303,79.641,80.082,37523
2012-05-02,80.082,80.613,80.044,80.129,48119
2012-05-03,80.129,80.554,80.099,80.17,34870
2012-05-04,80.17,80.397,79.753,79.753,40962
2012-05-07,79.753,80.001,79.64,79.909,46903
2012-05-08,79.909,80.079,79.71,79.859,49855
2012-05-09,79.859,79.942,79.431,79.623,57393
2012-05-10,79.623,80.021,79.606,79.918,49882
2012-05-11,79.918,79.992,79.727,79.899,50620
2012-05-14,79.888,80.186,79.682,79.85,56368
2012-05-15,79.85,80.336,79.812,80.179,63791
2012-05-16,80.179,80.553,80.156,80.321,67835
2012-05-17,80.321,80.394,79.134,79.261,78761
2012-05-18,79.261,79.464,78.976,78.989,70682
2012-05-21,78.989,79.449,78.989,79.295,57580
2012-05-22,79.295,80.157,79.27,79.949,65401
2012-05-23,79.949,80.074,79.214,79.429,80708
2012-05-24,79.429,79.634,79.343,79.583,59048
2012-05-25,79.583,79.822,79.499,79.653,48759
2012-05-28,79.653,79.713,79.334,79.457,33804
2012-05-29,79.457,79.641,79.363,79.478,48981
2012-05-30,79.478,79.569,78.868,79.055,65876
2012-05-31,79.055,79.133,78.213,78.294,65916
2012-06-01,78.294,78.711,77.661,77.974,61599
2012-06-04,77.974,78.469,77.974,78.33,53827
2012-06-05,78.33,78.972,78.105,78.719,62220
2012-06-06,78.719,79.279,78.611,79.179,72679
2012-06-07,79.179,79.795,79.153,79.613,71544
2012-06-08,79.613,79.754,79.11,79.462,75377
2012-06-11,79.462,79.723,79.362,79.429,59541
2012-06-12,79.429,79.693,79.168,79.526,70247
2012-06-13,79.526,79.747,79.299,79.463,61030
2012-06-14,79.463,79.48,79.16,79.331,58020
2012-06-15,79.331,79.51,78.613,78.659,64580
2012-06-18,78.659,79.307,78.659,79.092,65831
2012-06-19,79.092,79.133,78.844,78.933,49284
2012-06-20,78.933,79.705,78.793,79.52,61124
2012-06-21,79.52,80.334,79.387,80.269,59956
2012-06-22,80.269,80.568,80.008,80.399,51850
2012-06-25,80.399,80.621,79.441,79.649,44801
2012-06-26,79.649,79.786,79.232,79.5,51206
2012-06-27,79.5,79.866,79.354,79.694,42554
2012-06-28,79.694,79.756,79.22,79.447,44786
2012-06-29,79.447,79.989,79.133,79.782,73407
2012-07-02,79.782,79.982,79.311,79.503,48455
2012-07-03,79.503,79.931,79.413,79.779,38618
2012-07-04,79.779,79.889,79.593,79.864,28771
2012-07-05,79.864,80.095,79.559,79.916,50584
2012-07-06,79.916,80.023,79.496,79.648,41615
2012-07-09,79.648,79.771,79.425,79.544,30474
2012-07-10,79.544,79.596,79.212,79.412,34154
2012-07-11,79.412,79.768,79.135,79.751,36477
2012-07-12,79.751,79.964,79.175,79.292,45396
2012-07-13,79.292,79.393,79.071,79.151,31548
2012-07-17,78.856,79.173,78.851,79.043,37191
2012-07-18,79.043,79.154,78.759,78.791,31187
2012-07-19,78.791,78.823,78.43,78.577,36384
2012-07-20,78.577,78.803,78.434,78.445,33982
2012-07-23,78.445,78.54,77.942,78.365,39485
2012-07-24,78.365,78.4,78.101,78.139,33095
2012-07-25,78.139,78.277,78.071,78.138,33249
2012-07-26,78.138,78.318,77.983,78.077,43953
2012-07-27,78.077,78.678,78.077,78.41,49825
2012-07-30,78.41,78.541,78.12,78.17,39016
2012-07-31,78.17,78.304,78.041,78.123,41104
2012-08-01,78.123,78.503,77.908,78.439,45988
2012-08-02,78.439,78.541,78.118,78.228,46385
2012-08-03,78.228,78.773,78.071,78.439,45822
2012-08-06,78.439,78.642,78.143,78.233,36850
2012-08-07,78.233,78.738,78.159,78.595,35266
2012-08-08,78.595,78.662,78.235,78.437,40170
2012-08-09,78.437,78.792,78.288,78.556,46954
2012-08-10,78.556,78.644,78.162,78.246,39932
2012-08-13,78.246,78.376,78.163,78.29,31560
2012-08-14,78.29,78.936,78.287,78.71,40102
2012-08-15,78.71,79.051,78.592,78.979,34067
2012-08-16,78.979,79.406,78.914,79.327,42340
2012-08-17,79.327,79.575,79.233,79.538,33856
2012-08-20,79.538,79.66,79.32,79.407,29124
2012-08-21,79.407,79.527,79.223,79.267,34848
2012-08-22,79.267,79.375,78.281,78.562,41905
2012-08-23,78.562,78.696,78.361,78.475,34505
2012-08-24,78.475,78.723,78.444,78.66,33345
2012-08-27,78.66,78.844,78.628,78.704,22103
2012-08-28,78.704,78.78,78.455,78.491,32770
2012-08-29,78.491,78.789,78.483,78.611,29842
2012-08-30,78.611,78.748,78.497,78.592,25607
2012-08-31,78.592,78.65,78.186,78.348,41145
2012-09-03,78.348,78.399,78.14,78.14,21493
2012-09-04,78.14,78.471,78.14,78.404,31050
2012-09-05,78.404,78.536,78.3,78.359,32396
2012-09-06,78.359,79.036,78.359,78.767,44084
2012-09-07,78.767,79.028,78.018,78.254,48780
2012-09-10,78.254,78.332,78.184,78.281,26982
2012-09-11,78.281,78.294,77.702,77.767,37307
2012-09-12,77.767,77.967,77.735,77.829,47313
2012-09-13,77.829,77.87,77.131,77.484,52016
2012-09-14,77.484,78.391,77.45,78.385,56613
2012-09-17,78.385,78.931,78.165,78.708,40242
2012-09-18,78.708,78.874,78.486,78.816,42091
2012-09-19,78.816,79.217,78.257,78.367,69285
2012-09-20,78.367,78.461,78.022,78.248,47081
2012-09-21,78.248,78.371,78.111,78.163,37954
2012-09-24,78.163,78.19,77.804,77.841,28588
2012-09-25,77.841,77.928,77.659,77.796,33554
2012-09-26,77.796,77.908,77.59,77.737,33126
2012-09-27,77.737,77.756,77.582,77.598,32290
2012-09-28,77.598,78.109,77.438,77.907,44370
2012-10-01,77.907,78.153,77.791,78.004,34643
2012-10-02,78.004,78.214,77.973,78.156,29654
2012-10-03,78.156,78.585,78.114,78.484,34962
2012-10-04,78.484,78.717,78.302,78.483,33644
2012-10-05,78.483,78.874,78.274,78.647,38346
2012-10-08,78.647,78.763,78.078,78.327,23338
2012-10-09,78.327,78.433,78.154,78.248,29434
2012-10-10,78.248,78.372,78.124,78.18,26596
2012-10-11,78.18,78.59,77.947,78.342,38054
2012-10-12,78.342,78.536,78.286,78.424,28867
2012-10-15,78.424,78.858,78.329,78.645,33891
2012-10-16,78.645,78.967,78.614,78.895,37654
2012-10-17,78.895,79.051,78.615,78.943,39010
2012-10-18,78.943,79.467,78.909,79.276,47233
2012-10-19,79.276,79.433,79.139,79.317,31402
2012-10-22,79.317,79.96,79.217,79.948,37493
2012-10-23,79.948,80.008,79.711,79.843,40971
2012-10-24,79.843,79.925,79.691,79.804,37345
2012-10-25,79.804,80.342,79.765,80.294,43674
2012-10-26,80.294,80.378,79.498,79.642,45036
2012-10-29,79.642,79.844,79.527,79.801,26226
2012-10-30,79.801,80.132,79.277,79.621,36696
2012-10-31,79.621,79.961,79.521,79.801,34796
2012-11-01,79.801,80.207,79.758,80.129,33367
2012-11-02,80.129,80.676,80.112,80.48,38371
2012-11-05,80.48,80.562,80.149,80.293,28186
2012-11-06,80.293,80.443,79.962,80.348,31565
2012-11-07,80.348,80.414,79.757,79.982,57592
2012-11-08,79.982,80.003,79.322,79.457,42198
2012-11-09,79.457,79.611,79.076,79.462,44918
2012-11-12,79.462,79.562,79.356,79.485,20250
2012-11-13,79.485,79.64,79.21,79.388,36995
2012-11-14,79.388,80.307,79.376,80.249,46329
2012-11-15,80.249,81.46,80.125,81.167,59806
2012-11-16,81.167,81.44,80.893,81.318,50591
2012-11-19,81.318,81.589,81.087,81.401,40818
2012-11-20,81.401,81.759,81.138,81.677,47500
2012-11-21,81.677,82.555,81.654,82.523,56635
2012-11-22,82.523,82.836,82.264,82.483,43980
2012-11-23,82.483,82.508,82.065,82.386,42666
2012-11-26,82.386,82.623,81.923,82.071,46330
2012-11-27,82.071,82.316,81.858,82.158,44715
2012-11-28,82.158,82.213,81.688,82.072,51392
2012-11-29,82.072,82.216,81.913,82.128,46761
2012-11-30,82.128,82.748,82.047,82.462,56279
2012-12-03,82.462,82.506,81.996,82.241,41119
2012-12-04,82.241,82.265,81.72,81.893,42364
2012-12-05,81.893,82.479,81.796,82.462,51308
2012-12-06,82.462,82.618,82.201,82.387,38940
2012-12-07,82.387,82.83,82.177,82.492,44219
2012-12-10,82.492,82.64,82.117,82.364,34101
2012-12-11,82.364,82.577,82.305,82.511,29239
2012-12-12,82.511,83.297,82.482,83.261,49885
2012-12-13,83.261,83.672,83.128,83.648,51398
2012-12-14,83.648,83.961,83.318,83.504,59519
2012-12-17,83.504,84.336,83.504,83.892,58285
2012-12-18,83.892,84.269,83.823,84.206,48604
2012-12-19,84.206,84.616,84.159,84.4,56878
2012-12-20,84.4,84.453,83.86,84.38,61238
2012-12-21,84.38,84.442,83.856,84.238,62421
2012-12-24,84.238,84.858,84.238,84.82,25065
2012-12-25,84.78,84.88,84.676,84.84,0
2012-12-26,84.82,85.729,84.82,85.615,36575
2012-12-27,85.615,86.151,85.478,86.097,62876
2012-12-28,86.097,86.633,85.945,85.979,56788
2012-12-31,85.979,86.67,85.524,86.638,34597
2013-01-01,86.642,86.75,86.64,86.72,0
2013-01-02,86.638,87.341,86.638,87.333,57847
2013-01-03,87.333,87.358,86.768,87.226,56255
2013-01-04,87.226,88.41,87.217,88.154,87039
2013-01-07,88.154,88.375,87.627,87.787,65568
2013-01-08,87.787,87.82,86.901,87.038,73495
2013-01-09,87.038,88.015,86.823,87.88,74844
2013-01-10,87.88,88.786,87.858,88.773,76452
2013-01-11,88.773,89.448,88.658,89.191,96153
2013-01-14,89.191,89.669,89.084,89.473,67002
2013-01-15,89.473,89.63,88.287,88.78,117689
2013-01-16,88.78,88.873,87.794,88.373,107609
2013-01-17,88.373,90.133,88.134,89.875,120590
2013-01-18,89.875,90.209,89.634,90.081,100047
2013-01-21,90.081,90.247,89.338,89.594,70135
2013-01-22,89.594,90.158,88.365,88.702,134339
2013-01-23,88.702,88.793,88.06,88.623,88986
2013-01-24,88.623,90.555,88.416,90.315,103050
2013-01-25,90.315,91.196,90.289,90.831,94762
2013-01-28,90.831,91.256,90.566,90.837,74511
2013-01-29,90.837,91.016,90.328,90.715,85755
2013-01-30,90.715,91.405,90.657,91.076,84026
2013-01-31,91.076,91.777,90.745,91.712,80653
2013-02-01,91.712,92.959,91.605,92.822,109388
2013-02-04,92.77,93.18,92.208,92.372,92190
2013-02-05,92.372,93.652,91.977,93.62,118493
2013-02-06,93.62,94.061,93.273,93.637,106093
2013-02-07,93.637,93.916,93.081,93.637,106158
2013-02-08,93.637,93.737,92.17,92.69,111299
2013-02-11,92.747,94.458,92.354,94.323,81068
2013-02-12,94.323,94.41,92.944,93.465,120891
2013-02-13,93.465,93.78,92.822,93.41,94376
2013-02-14,93.41,93.71,92.676,92.863,97187
2013-02-15,92.863,93.84,92.225,93.492,126192
2013-02-18,93.708,94.217,93.694,93.962,71853
2013-02-19,93.962,93.962,93.292,93.565,71599
2013-02-20,93.565,94.04,93.137,93.562,88488
2013-02-21,93.562,93.862,92.773,93.109,100411
2013-02-22,93.109,93.515,92.921,93.399,88619
2013-02-25,94.616,94.616,90.851,91.815,141841
2013-02-26,91.815,92.748,91.12,91.971,172474
2013-02-27,91.971,92.436,91.136,92.218,110100
2013-02-28,92.218,92.852,92.009,92.54,90257
2013-03-01,92.54,93.684,92.442,93.565,94125
2013-03-04,93.624,93.727,93.168,93.451,66809
2013-03-05,93.451,93.535,92.914,93.281,71097
2013-03-06,93.281,94.116,92.994,94.074,67705
2013-03-07,94.074,95.094,93.793,94.833,86524
2013-03-08,94.833,96.559,94.767,96.03,108214
2013-03-11,95.981,96.368,95.94,96.286,61698
2013-03-12,96.286,96.711,95.641,96.073,97314
2013-03-13,96.073,96.265,95.444,96.115,91319
2013-03-14,96.115,96.593,95.684,96.108,87671
2013-03-15,96.108,96.277,95.077,95.266,95105
2013-03-18,94.296,95.6,94.076,95.215,102879
2013-03-19,95.215,95.747,94.72,95.168,86892
2013-03-20,95.168,96.135,94.827,96.002,81910
2013-03-21,96.002,96.109,94.542,94.897,110283
2013-03-22,94.897,95.134,94.197,94.518,98620
2013-03-25,94.401,94.963,93.527,94.173,102162
2013-03-26,94.173,94.618,93.865,94.44,87966
2013-03-27,94.44,94.908,94.02,94.455,79080
2013-03-28,94.455,94.483,93.877,94.149,77220
2013-03-29,94.149,94.303,93.93,94.212,46143
2013-04-01,94.251,94.374,93.162,93.231,64963
2013-04-02,93.231,93.56,92.565,93.416,80331
2013-04-03,93.416,93.688,92.715,93.04,72509
2013-04-04,93.04,96.415,92.731,96.328,149968
2013-04-05,96.328,97.834,95.745,97.525,151775
2013-04-08,98.186,99.383,98.072,99.366,120127
2013-04-09,99.366,99.664,98.589,99.013,118011
2013-04-10,99.013,99.874,98.913,99.797,107827
2013-04-11,99.797,99.949,99.113,99.649,97323
2013-04-12,99.649,99.803,98.091,98.41,112949
2013-04-15,98.201,98.713,96.354,96.723,156583
2013-04-16,96.723,98.158,95.789,97.544,153419
2013-04-17,97.544,98.432,97.211,98.115,134861
2013-04-18,98.115,98.53,97.632,98.138,114483
2013-04-19,98.138,99.685,98.107,99.519,109722
2013-04-22,99.803,99.889,98.978,99.232,100847
2013-04-23,99.232,99.535,98.484,99.473,124938
2013-04-24,99.473,99.762,99.187,99.497,98315
2013-04-25,99.497,99.564,98.983,99.243,82517
2013-04-26,99.243,99.414,97.558,98.08,136091
2013-04-29,97.925,98.202,97.351,97.764,71840
2013-04-30,97.764,98.125,97.005,97.408,87875
2013-05-01,97.408,97.677,97.022,97.388,72327
2013-05-02,97.388,98.393,97.088,97.936,93981
2013-05-03,97.936,99.272,97.891,99.011,79735
2013-05-06,99.15,99.453,99.06,99.32,41268
2013-05-07,99.32,99.434,98.826,98.994,78307
2013-05-08,98.994,99.152,98.583,98.996,76373
2013-05-09,98.996,100.791,98.648,100.613,102529
2013-05-10,100.613,101.986,100.538,101.609,133635
2013-05-13,101.877,102.151,101.515,101.818,161353
2013-05-14,101.818,102.425,101.261,102.405,189767
2013-05-15,102.405,102.766,101.853,102.245,189932
2013-05-16,102.245,102.685,101.832,102.256,209366
2013-05-17,102.256,103.309,102.08,103.224,169836
2013-05-20,102.726,102.943,101.965,102.249,82176
2013-05-21,102.249,102.886,102.076,102.48,79293
2013-05-22,102.48,103.736,102.35,103.146,126608
2013-05-23,103.146,103.571,100.831,101.984,189233
2013-05-24,101.984,102.587,100.685,101.284,164882
2013-05-27,101.028,101.298,100.745,100.932,62260
2013-05-28,100.932,102.503,100.926,102.348,114020
2013-05-29,102.348,102.526,100.713,101.12,136356
2013-05-30,101.12,101.805,100.468,100.724,155575
2013-05-31,100.724,101.284,100.221,100.455,150551
2013-06-03,100.426,100.723,98.862,99.523,139167
2013-06-04,99.523,100.42,99.333,100.049,121999
2013-06-05,100.049,100.462,98.966,99.043,145802
2013-06-06,99.043,99.468,95.893,96.965,208945
2013-06-07,96.965,97.785,94.981,97.492,272446
2013-06-10,97.808,99.285,97.703,98.759,147820
2013-06-11,98.759,99.055,95.592,96.021,221618
2013-06-12,96.021,97.02,95.137,96.013,155852
2013-06-13,96.013,96.104,93.786,95.361,194932
2013-06-14,95.361,95.799,93.984,94.108,166760
2013-06-17,94.136,95.217,94.103,94.478,107808
2013-06-18,94.478,95.765,94.438,95.326,109825
2013-06-19,95.326,97.032,94.833,96.437,150678
2013-06-20,96.437,98.286,96.201,97.279,208816
2013-06-21,97.279,98.135,96.862,97.869,162709
2013-06-24,97.931,98.702,97.218,97.727,166002
2013-06-25,97.727,98.066,96.959,97.809,140989
2013-06-26,97.809,98.235,97.236,97.712,122913
2013-06-27,97.712,98.569,97.563,98.342,102226
2013-06-28,98.342,99.449,98.322,99.167,116172
2013-07-01,99.191,99.864,99.175,99.66,85052
2013-07-02,99.66,100.727,99.507,100.618,88427
2013-07-03,100.618,100.855,99.256,99.877,117223
2013-07-04,99.877,100.163,99.492,100.029,71569
2013-07-05,100.029,101.23,99.889,101.201,106573
2013-07-08,101.216,101.532,100.786,100.983,77544
2013-07-09,100.983,101.299,100.768,101.139,86591
2013-07-10,101.139,101.216,99.391,99.672,126692
2013-07-11,99.672,99.895,98.241,98.949,170349
2013-07-12,98.949,99.693,98.674,99.178,95012
2013-07-15,99.315,100.483,99.066,99.847,64868
2013-07-16,99.847,100.068,98.891,99.091,85066
2013-07-17,99.091,99.946,99.04,99.571,101210
2013-07-18,99.571,100.654,99.462,100.411,92858
2013-07-19,100.411,100.866,99.805,100.613,105412
2013-07-22,100.387,100.619,99.286,99.649,92433
2013-07-23,99.649,100.182,99.142,99.439,89096
2013-07-24,99.439,100.439,99.384,100.249,95552
2013-07-25,100.249,100.454,98.887,99.28,100761
2013-07-26,99.28,99.403,97.958,98.266,104804
2013-07-29,98.076,98.34,97.633,98.137,70907
2013-07-30,97.951,98.463,97.758,98.034,87368
2013-07-31,98.034,98.549,97.583,97.897,118410
2013-08-01,97.897,99.573,97.656,99.538,101442
2013-08-02,99.538,99.961,98.66,98.908,107980
2013-08-05,98.876,99.15,98.19,98.271,74436
2013-08-06,98.271,98.585,97.501,97.748,86356
2013-08-07,97.748,97.808,96.326,96.342,116975
2013-08-08,96.342,96.936,95.807,96.696,110950
2013-08-09,96.696,96.972,96.129,96.213,85340
2013-08-12,96.276,96.937,95.923,96.897,76737
2013-08-13,96.897,98.341,96.853,98.202,98219
2013-08-14,98.202,98.428,97.864,98.117,78392
2013-08-15,98.117,98.651,97.069,97.371,124569
2013-08-16,97.371,97.775,97.048,97.566,87181
2013-08-19,97.6,98.125,97.356,97.552,77472
2013-08-20,97.552,97.862,96.91,97.264,96861
2013-08-21,97.264,97.985,97.122,97.67,102297
2013-08-22,97.67,98.811,97.584,98.702,95855
2013-08-23,98.702,99.149,98.388,98.681,85679
2013-08-26,98.528,98.842,98.266,98.501,57582
2013-08-27,98.501,98.531,96.987,97.032,96918
2013-08-28,97.032,97.838,96.816,97.636,91697
2013-08-29,97.636,98.521,97.451,98.348,87618
2013-08-30,98.348,98.478,97.885,98.104,85122
2013-09-02,98.431,99.433,98.275,99.324,64105
2013-09-03,99.324,99.861,99.168,99.567,95396
2013-09-04,99.567,99.815,99.321,99.724,80069
2013-09-05,99.724,100.196,99.565,100.1,97238
2013-09-06,100.1,100.224,98.544,99.099,96711
2013-09-09,99.671,100.106,99.335,99.576,79791
2013-09-10,99.576,100.458,99.47,100.386,84025
2013-09-11,100.386,100.611,99.795,99.892,83224
2013-09-12,99.892,99.99,99.013,99.523,87972
2013-09-13,99.523,99.979,99.193,99.349,80769
2013-09-16,98.572,99.183,98.452,99.064,62010
2013-09-17,99.064,99.385,99.008,99.12,56720
2013-09-18,99.12,99.339,97.761,97.939,93592
2013-09-19,97.939,99.631,97.852,99.444,99232
2013-09-20,99.444,99.668,99.174,99.37,66812
2013-09-23,99.213,99.359,98.648,98.848,49422
2013-09-24,98.848,99.175,98.475,98.747,67550
2013-09-25,98.747,98.817,98.384,98.432,63294
2013-09-26,98.432,99.136,98.266,99.012,80003
2013-09-27,99.012,99.041,98.096,98.257,74274
2013-09-30,97.615,98.462,97.498,98.215,87634
2013-10-01,98.215,98.727,97.657,98.021,98505
2013-10-02,98.021,98.085,97.142,97.353,90504
2013-10-03,97.353,97.873,96.929,97.254,91137
2013-10-04,97.254,97.484,96.952,97.476,80367
2013-10-07,97.174,97.331,96.668,96.706,67653
2013-10-08,96.706,97.251,96.564,96.864,75081
2013-10-09,96.864,97.645,96.826,97.358,79594
2013-10-10,97.358,98.272,97.336,98.155,79450
2013-10-11,98.155,98.595,97.917,98.554,75136
2013-10-14,98.277,98.584,98.094,98.578,33493
2013-10-15,98.578,98.704,97.988,98.174,75683
2013-10-16,98.174,98.972,98.134,98.76,82976
2013-10-17,98.76,99.005,97.74,97.906,87911
2013-10-18,97.906,98.159,97.558,97.769,59417
2013-10-21,97.819,98.242,97.775,98.168,50083
2013-10-22,98.168,98.484,97.865,98.13,61872
2013-10-23,98.13,98.195,97.158,97.387,77618
2013-10-24,97.387,97.616,97.173,97.278,63918
2013-10-25,97.278,97.491,96.943,97.375,67353
2013-10-28,97.696,97.792,97.444,97.676,44161
2013-10-29,97.676,98.282,97.463,98.179,58800
2013-10-30,98.179,98.678,98.053,98.516,63455
2013-10-31,98.516,98.571,98.087,98.359,70135
2013-11-01,98.359,98.85,97.809,98.686,69013
2013-11-04,98.771,98.844,98.536,98.593,33643
2013-11-05,98.593,98.674,98.168,98.499,54928
2013-11-06,98.499,98.756,98.406,98.657,50222
2013-11-07,98.657,99.411,97.614,98.088,96948
2013-11-08,98.088,99.223,97.976,99.067,82899
2013-11-11,99.179,99.301,98.924,99.155,34893
2013-11-12,99.155,99.799,99.103,99.631,62169
2013-11-13,99.631,99.673,99.104,99.238,57353
2013-11-14,99.238,100.151,99.134,100.017,84271
2013-11-15,100.017,100.434,99.937,100.157,60665
2013-11-18,100.23,100.391,99.789,99.983,53336
2013-11-19,99.983,100.257,99.572,100.135,65821
2013-11-20,100.135,100.241,99.788,100.032,78803
2013-11-21,100.032,101.163,100.008,101.155,79252
2013-11-22,101.155,101.354,100.956,101.247,61480
2013-11-25,101.262,101.917,101.141,101.675,60071
2013-11-26,101.675,101.714,101.148,101.268,55783
2013-11-27,101.268,102.199,101.183,102.154,62442
2013-11-28,102.154,102.374,101.936,102.301,42218
2013-11-29,102.301,102.611,102.117,102.38,62088
2013-12-02,102.456,103.129,102.226,102.936,121154
2013-12-03,102.936,103.379,101.976,102.527,162041
2013-12-04,102.527,102.838,101.819,102.355,209223
2013-12-05,102.355,102.441,101.624,101.797,190300
2013-12-06,101.797,102.964,101.631,102.896,171137
2013-12-09,102.982,103.33,102.889,103.264,121679
2013-12-10,103.264,103.396,102.575,102.842,134764
2013-12-11,102.842,102.949,102.148,102.423,145666
2013-12-12,102.423,103.433,102.388,103.365,148798
2013-12-13,103.365,103.922,102.992,103.231,167999
2013-12-16,103.242,103.29,102.643,103.015,128157
2013-12-17,103.015,103.119,102.503,102.671,103102
2013-12-18,102.671,104.358,102.562,104.284,190818
2013-12-19,104.284,104.364,103.78,104.242,153506
2013-12-20,104.242,104.634,103.858,104.078,134068
2013-12-23,103.986,104.125,103.773,104.104,60881
2013-12-24,104.104,104.411,104.083,104.265,59914
2013-12-25,104.262,104.48,104.2,104.3,0
2013-12-26,104.265,104.833,104.265,104.801,55243
2013-12-27,104.801,105.184,104.648,105.164,111873
2013-12-30,105.154,105.413,104.974,105.141,87838
2013-12-31,105.141,105.292,104.863,105.243,54722
2014-01-01,105.3,105.3,105.26,105.3,0
2014-01-02,105.243,105.442,104.546,104.793,128268
2014-01-03,104.793,104.883,104.075,104.84,126409
2014-01-06,104.774,104.95,103.911,104.223,164648
2014-01-07,104.223,104.735,104.17,104.582,138853
2014-01-08,104.582,105.126,104.582,104.843,156104
2014-01-09,104.843,105.06,104.576,104.814,128354
2014-01-10,104.814,105.358,103.828,104.153,165627
2014-01-13,103.965,104.135,102.856,103.013,151881
2014-01-14,103.013,104.285,102.981,104.213,142661
2014-01-15,104.213,104.698,104.091,104.557,119375
2014-01-16,104.557,104.923,104.151,104.348,119899
2014-01-17,104.348,104.476,104.196,104.26,96733
2014-01-20,104.166,104.321,103.863,104.176,81443
2014-01-21,104.176,104.748,104.025,104.298,123289
2014-01-22,104.298,104.58,103.972,104.515,125570
2014-01-23,104.515,104.842,102.974,103.29,200573
2014-01-24,103.29,103.585,102,102.305,265148
2014-01-27,102.178,102.932,101.769,102.55,235275
2014-01-28,102.55,103.252,102.485,102.945,164186
2014-01-29,102.945,103.443,101.842,102.278,263375
2014-01-30,102.278,102.892,102.081,102.717,199472
2014-01-31,102.717,102.934,101.953,102.029,218937
2014-02-03,101.983,102.411,100.777,100.977,229487
2014-02-04,100.977,101.676,100.757,101.637,219051
2014-02-05,101.637,101.765,100.803,101.451,219049
2014-02-06,101.451,102.174,101.242,102.12,170732
2014-02-07,102.12,102.58,101.435,102.318,182378
2014-02-10,102.542,102.648,101.994,102.26,116671
2014-02-11,102.26,102.702,102.076,102.625,118578
2014-02-12,102.625,102.683,102.224,102.524,119732
2014-02-13,102.524,102.569,101.697,102.162,149377
2014-02-14,102.162,102.411,101.57,101.78,142368
2014-02-17,101.63,101.99,101.385,101.89,80245
2014-02-18,101.89,102.744,101.754,102.355,149956
2014-02-19,102.355,102.467,101.849,102.305,129142
2014-02-20,102.305,102.42,101.668,102.269,163101
2014-02-21,102.269,102.828,102.265,102.49,122441
2014-02-24,102.473,102.683,102.166,102.501,110656
2014-02-25,102.501,102.627,102.005,102.231,111027
2014-02-26,102.231,102.61,102.103,102.349,123308
2014-02-27,102.349,102.445,101.722,102.119,152408
2014-02-28,102.119,102.295,101.554,101.785,149729
2014-03-03,101.478,101.663,101.2,101.446,135988
2014-03-04,101.446,102.287,101.397,102.203,121712
2014-03-05,102.203,102.55,102.117,102.293,110387
2014-03-06,102.293,103.168,102.258,103.062,127899
2014-03-07,103.062,103.762,102.838,103.223,128818
2014-03-10,103.025,103.407,102.934,103.262,105194
2014-03-11,103.262,103.427,102.845,103.017,106863
2014-03-12,103.017,103.1,102.55,102.751,113066
2014-03-13,102.751,102.864,101.542,101.821,155564
2014-03-14,101.821,101.879,101.208,101.342,161610
2014-03-17,101.342,101.872,101.269,101.764,119829
2014-03-18,101.764,101.942,101.277,101.436,130047
2014-03-19,101.436,102.683,101.298,102.318,141125
2014-03-20,102.318,102.548,102.212,102.387,131859
2014-03-21,102.387,102.454,102.016,102.251,79195
2014-03-24,102.134,102.647,102.099,102.242,115268
2014-03-25,102.242,102.489,102.097,102.253,105817
2014-03-26,102.253,102.473,101.873,101.992,102493
2014-03-27,101.992,102.432,101.718,102.179,136847
2014-03-28,102.179,102.98,102.034,102.819,100186
2014-03-31,102.959,103.44,102.794,103.224,109271
2014-04-01,103.224,103.711,103.087,103.64,96694
2014-04-02,103.64,103.935,103.586,103.875,97117
2014-04-03,103.875,104.114,103.812,103.92,102739
2014-04-04,103.92,104.127,103.199,103.274,131476
2014-04-07,103.224,103.389,102.993,103.092,103698
2014-04-08,103.092,103.12,101.55,101.799,182438
2014-04-09,101.799,102.159,101.72,101.993,126710
2014-04-10,101.993,102.136,101.329,101.512,171851
2014-04-11,101.512,101.873,101.323,101.606,171637
2014-04-14,101.585,102.012,101.416,101.839,124630
2014-04-15,101.839,101.995,101.502,101.904,156133
2014-04-16,101.904,102.366,101.808,102.227,117553
2014-04-17,102.227,102.469,101.865,102.378,98863
2014-04-18,102.378,102.57,102.306,102.376,24547
2014-04-21,102.411,102.709,102.392,102.583,45145
2014-04-22,102.583,102.723,102.414,102.612,74361
2014-04-23,102.612,102.692,102.167,102.526,89903
2014-04-24,102.526,102.645,102.088,102.307,107228
2014-04-25,102.307,102.497,101.962,102.194,102462
2014-04-28,102.16,102.627,102.046,102.488,99529
2014-04-29,102.488,102.783,102.466,102.632,72658
2014-04-30,102.632,102.655,102.027,102.214,123737
2014-05-01,102.214,102.366,102.129,102.313,63499
2014-05-02,102.313,103.02,102.133,102.194,124841
2014-05-05,102.127,102.258,101.864,102.135,71453
2014-05-06,102.135,102.188,101.496,101.678,96261
2014-05-07,101.678,102.008,101.432,101.893,134582
2014-05-08,101.893,101.959,101.461,101.652,128731
2014-05-09,101.652,101.853,101.546,101.779,93365
2014-05-12,101.847,102.185,101.783,102.116,77627
2014-05-13,102.116,102.364,102.04,102.256,95026
2014-05-14,102.256,102.283,101.719,101.879,100567
2014-05-15,101.879,102.117,101.313,101.573,143281
2014-05-16,101.573,101.673,101.363,101.414,110762
2014-05-19,101.495,101.598,101.102,101.489,111320
2014-05-20,101.489,101.6,101.189,101.325,95211
2014-05-21,101.325,101.62,100.822,101.359,137406
2014-05-22,101.359,101.815,101.349,101.71,96560
2014-05-23,101.71,102.007,101.593,101.878,86632
2014-05-26,101.927,102.05,101.84,101.884,30483
2014-05-27,101.884,102.141,101.726,101.956,83876
2014-05-28,101.956,102.031,101.636,101.821,84782
2014-05-29,101.821,101.864,101.429,101.786,96904
2014-05-30,101.786,101.845,101.493,101.728,88415
2014-06-02,101.847,102.485,101.753,102.378,95387
2014-06-03,102.378,102.553,102.27,102.501,89752
2014-06-04,102.501,102.796,102.439,102.706,102034
2014-06-05,102.706,102.761,102.338,102.405,126812
2014-06-06,102.405,102.612,102.115,102.449,107853
2014-06-09,102.492,102.649,102.378,102.515,62189
2014-06-10,102.515,102.572,102.215,102.346,87835
2014-06-11,102.346,102.393,101.863,102.068,95135
2014-06-12,102.068,102.142,101.606,101.69,105876
2014-06-13,101.69,102.139,101.657,101.991,99759
2014-06-16,102.077,102.077,101.721,101.828,87233
2014-06-17,101.828,102.243,101.815,102.144,78360
2014-06-18,102.144,102.383,101.881,101.914,101183
2014-06-19,101.914,102.002,101.74,101.94,73051
2014-06-20,101.94,102.197,101.815,102.024,61062
2014-06-23,102.074,102.136,101.817,101.922,56120
2014-06-24,101.922,102.167,101.818,101.97,60083
2014-06-25,101.97,101.978,101.625,101.858,64857
2014-06-26,101.858,101.866,101.487,101.722,65815
2014-06-27,101.722,101.733,101.315,101.382,71807
2014-06-30,101.375,101.473,101.237,101.326,54425
2014-07-01,101.326,101.594,101.292,101.518,65357
2014-07-02,101.518,101.842,101.41,101.764,66375
2014-07-03,101.764,102.267,101.762,102.186,83181
2014-07-04,102.186,102.222,101.972,102.04,38629
2014-07-07,102.06,102.201,101.787,101.856,54385
2014-07-08,101.856,101.9,101.487,101.57,67691
2014-07-09,101.57,101.861,101.446,101.632,66829
2014-07-10,101.632,101.662,101.067,101.34,82247
2014-07-11,101.34,101.387,101.219,101.333,56662
2014-07-14,101.373,101.622,101.271,101.534,45385
2014-07-15,101.534,101.748,101.435,101.68,71657
2014-07-16,101.68,101.793,101.635,101.664,52861
2014-07-17,101.664,101.695,101.138,101.156,82020
2014-07-18,101.156,101.45,101.086,101.306,75003
2014-07-21,101.308,101.398,101.197,101.392,41910
2014-07-22,101.392,101.605,101.333,101.46,52410
2014-07-23,101.46,101.546,101.316,101.472,40769
2014-07-24,101.472,101.86,101.416,101.802,51798
2014-07-25,101.802,101.939,101.716,101.787,56210
2014-07-28,101.779,101.908,101.749,101.852,49418
2014-07-29,101.852,102.16,101.822,102.11,68847
2014-07-30,102.11,103.092,102.037,102.784,111919
2014-07-31,102.784,103.006,102.724,102.794,88001
2014-08-01,102.794,103.036,102.337,102.564,119887
2014-08-04,102.505,102.73,102.406,102.564,56715
2014-08-05,102.564,102.925,102.461,102.59,69962
2014-08-06,102.59,102.642,101.78,102.088,87986
2014-08-07,102.088,102.46,101.998,102.09,82025
2014-08-08,102.09,102.143,101.511,101.999,114378
2014-08-11,102.182,102.229,102.023,102.172,46075
2014-08-12,102.172,102.365,102.091,102.258,47527
2014-08-13,102.258,102.544,102.223,102.412,54153
2014-08-14,102.412,102.656,102.31,102.442,52852
2014-08-15,102.442,102.718,102.139,102.32,85505
2014-08-18,102.291,102.598,102.247,102.566,43614
2014-08-19,102.566,102.929,102.521,102.904,48557
2014-08-20,102.904,103.848,102.891,103.742,88023
2014-08-21,103.742,103.959,103.6,103.835,66134
2014-08-22,103.835,104.195,103.501,103.894,97030
2014-08-25,104.258,104.274,103.863,104.048,58178
2014-08-26,104.048,104.173,103.748,104.058,67834
2014-08-27,104.058,104.161,103.78,103.876,63069
2014-08-28,103.876,103.921,103.554,103.708,74841
2014-08-29,103.708,104.111,103.656,104.009,62869
2014-09-01,104.167,104.35,104.102,104.348,31213
2014-09-02,104.348,105.214,104.298,105.09,88990
2014-09-03,105.09,105.311,104.742,104.782,90160
2014-09-04,104.782,105.367,104.759,105.254,110173
2014-09-05,105.254,105.706,104.682,105.052,124152
2014-09-08,104.972,106.089,104.972,106.024,95514
2014-09-09,106.024,106.474,105.944,106.178,131350
2014-09-10,106.178,106.884,106.04,106.854,138706
2014-09-11,106.854,107.199,106.64,107.098,147045
2014-09-12,107.098,107.393,106.968,107.309,119526
2014-09-15,107.169,107.364,107.009,107.177,77439
2014-09-16,107.177,107.333,106.809,107.118,126656
2014-09-17,107.118,108.389,107.092,108.362,161271
2014-09-18,108.362,108.962,108.318,108.681,142471
2014-09-19,108.681,109.459,108.593,109.005,175960
2014-09-22,109.038,109.193,108.665,108.836,124521
2014-09-23,108.836,108.992,108.251,108.878,127808
2014-09-24,108.878,109.151,108.458,109.042,137576
2014-09-25,109.042,109.375,108.522,108.738,181179
2014-09-26,108.738,109.539,108.477,109.275,164480
2014-09-29,109.289,109.745,109.131,109.488,156380
2014-09-30,109.488,109.85,109.185,109.6,144182
2014-10-01,109.6,110.091,108.866,108.888,193175
2014-10-02,108.888,109.118,108.008,108.412,247770
2014-10-03,108.412,109.905,108.351,109.731,154943
2014-10-06,109.712,109.854,108.651,108.78,133717
2014-10-07,108.78,109.233,107.818,108.02,218034
2014-10-08,108.02,108.745,107.751,108.07,229540
2014-10-09,108.07,108.315,107.529,107.834,259725
2014-10-10,107.834,108.155,107.605,107.605,221426
2014-10-13,107.54,107.608,106.772,106.821,174712
2014-10-14,106.821,107.312,106.671,107.046,225152
2014-10-15,107.046,107.496,105.194,105.894,367442
2014-10-16,105.894,106.462,105.505,106.318,367608
2014-10-17,106.318,106.941,106.131,106.849,202828
2014-10-20,107.2,107.392,106.782,106.944,161231
2014-10-21,106.944,107.021,106.249,106.994,166125
2014-10-22,106.994,107.379,106.788,107.132,147005
2014-10-23,107.132,108.353,107.105,108.266,155420
2014-10-24,108.266,108.31,107.784,108.146,155907
2014-10-27,108.358,108.358,107.606,107.814,136674
2014-10-28,107.814,108.187,107.693,108.144,130518
2014-10-29,108.144,108.961,107.939,108.888,141486
2014-10-30,108.888,109.467,108.748,109.188,191270
2014-10-31,109.188,112.474,109.172,112.325,349722
2014-11-03,112.704,114.214,112.571,114.036,216255
2014-11-04,114.036,114.04,113.166,113.586,229445
2014-11-05,113.586,114.843,113.412,114.638,249784
2014-11-06,114.638,115.514,114.062,115.202,325099
2014-11-07,115.202,115.592,114.253,114.601,297448
2014-11-10,114.514,114.909,113.857,114.854,203853
2014-11-11,114.854,116.105,114.634,115.764,251123
2014-11-12,115.764,116.013,114.881,115.472,308242
2014-11-13,115.472,115.884,115.307,115.756,217071
2014-11-14,115.756,116.825,115.724,116.287,260657
2014-11-17,116.476,117.052,115.454,116.642,274717
2014-11-18,116.642,117.05,116.336,116.84,226022
2014-11-19,116.84,118.079,116.813,117.962,246994
2014-11-20,117.962,118.978,117.74,118.188,321638
2014-11-21,118.188,118.368,117.353,117.813,314951
2014-11-24,117.884,118.483,117.58,118.246,161642
2014-11-25,118.246,118.578,117.688,117.968,243455
2014-11-26,117.968,117.979,117.44,117.726,188590
2014-11-27,117.726,117.883,117.235,117.654,117313
2014-11-28,117.654,118.778,117.652,118.602,183762
2014-12-01,118.752,119.144,117.859,118.394,281010
2014-12-02,118.394,119.288,118.222,119.206,193242
2014-12-03,119.206,119.868,119.126,119.788,204402
2014-12-04,119.788,120.25,119.337,119.782,269976
2014-12-05,119.782,121.685,119.705,121.449,251105
2014-12-08,121.586,121.848,120.203,120.678,260466
2014-12-09,120.678,121.002,117.939,119.678,413694
2014-12-10,119.678,119.916,117.707,117.814,431814
2014-12-11,117.814,119.557,117.437,118.62,389070
2014-12-12,118.62,119.208,118.05,118.775,383189
2014-12-15,118.642,119.056,117.562,117.81,445551
2014-12-16,117.81,118.012,115.561,116.392,528362
2014-12-17,116.392,118.902,116.292,118.608,471519
2014-12-18,118.608,119.312,118.258,118.816,323857
2014-12-19,118.816,119.624,118.81,119.465,318755
2014-12-22,119.504,120.086,119.312,120.052,192592
2014-12-23,120.052,120.825,119.961,120.67,178029
2014-12-24,120.67,120.762,120.278,120.426,146959
2014-12-25,120.399,120.459,119.999,120.459,0
2014-12-26,120.426,120.463,120.151,120.327,71799
2014-12-29,120.302,120.737,120.172,120.666,191867
2014-12-30,120.666,120.686,118.862,119.454,248662
2014-12-31,119.454,119.942,119.248,119.892,151502
2015-01-01,119.673,119.673,119.673,119.673,0
2015-01-02,119.892,120.742,119.806,120.439,171844
2015-01-05,120.466,120.647,119.374,119.634,311487
2015-01-06,119.634,119.634,118.053,118.392,407798
2015-01-07,118.392,119.648,118.366,119.25,379830
2015-01-08,119.25,119.962,119.157,119.608,293058
2015-01-09,119.608,119.878,118.416,118.495,383826
2015-01-12,118.331,119.32,118.1,118.33,296588
2015-01-13,118.33,118.85,117.536,117.915,398277
2015-01-14,117.915,117.956,116.07,117.326,461771
2015-01-15,117.326,117.943,116.142,116.15,633133
2015-01-16,116.15,117.769,115.852,117.548,510500
2015-01-19,117.441,117.784,116.92,117.543,312356
2015-01-20,117.543,118.866,117.543,118.794,380187
2015-01-21,118.794,118.83,117.179,117.955,387093
2015-01-22,117.955,118.667,117.248,118.478,367223
2015-01-23,118.478,118.815,117.536,117.732,376185
2015-01-26,117.516,118.502,117.263,118.434,270868
2015-01-27,118.434,118.659,117.336,117.856,306593
2015-01-28,117.856,118.262,117.251,117.535,331115
2015-01-29,117.535,118.492,117.385,118.249,335591
2015-01-30,118.249,118.461,117.299,117.528,335629
2015-02-02,116.887,117.876,116.879,117.408,295974
2015-02-03,117.408,117.745,116.873,117.556,296108
2015-02-04,117.556,117.998,117.073,117.244,264557
2015-02-05,117.244,117.597,117.022,117.504,233313
2015-02-06,117.504,119.222,117.12,119.09,260415
2015-02-09,119.018,119.1,118.332,118.632,211989
2015-02-10,118.632,119.622,118.399,119.416,235748
2015-02-11,119.416,120.484,119.284,120.455,215622
2015-02-12,120.455,120.47,118.512,119.114,327378
2015-02-13,119.114,119.198,118.41,118.696,219199
2015-02-16,118.458,118.788,118.276,118.475,156792
2015-02-17,118.475,119.417,118.235,119.2,203350
2015-02-18,119.2,119.418,118.544,118.788,216006
2015-02-19,118.788,119.179,118.43,118.942,194931
2015-02-20,118.942,119.188,118.299,119.01,220862
2015-02-23,119.05,119.353,118.741,118.808,145281
2015-02-24,118.808,119.838,118.762,118.958,210647
2015-02-25,118.958,119.065,118.627,118.854,161174
2015-02-26,118.854,119.504,118.678,119.414,192722
2015-02-27,119.414,119.799,119.112,119.576,198450
2015-03-02,119.686,120.192,119.63,120.12,151278
2015-03-03,120.12,120.265,119.38,119.73,180658
2015-03-04,119.73,119.825,119.468,119.65,183626
2015-03-05,119.65,120.417,119.627,120.124,195762
2015-03-06,120.124,121.284,119.772,120.708,253612
2015-03-09,120.821,121.415,120.612,121.15,186248
2015-03-10,121.15,122.024,120.919,121.118,345741
2015-03-11,121.118,121.626,120.849,121.422,325058
2015-03-12,121.422,121.671,120.638,121.272,261540
2015-03-13,121.272,121.573,121.135,121.416,216417
2015-03-16,121.356,121.457,121.091,121.326,165496
2015-03-17,121.326,121.519,121.101,121.356,169378
2015-03-18,121.356,121.409,119.288,120.102,283729
2015-03-19,120.102,121.033,119.674,120.764,310962
2015-03-20,120.764,121.201,119.901,120.018,241544
2015-03-23,119.868,120.166,119.586,119.714,233809
2015-03-24,119.714,119.984,119.22,119.746,240234
2015-03-25,119.746,119.827,119.234,119.482,188247
2015-03-26,119.482,119.574,118.33,119.174,242659
2015-03-27,119.174,119.493,118.928,119.109,208194
2015-03-30,119.204,120.229,119.105,120.062,160978
2015-03-31,120.062,120.365,119.778,120.12,188968
2015-04-01,120.12,120.33,119.415,119.74,235259
2015-04-02,119.74,119.897,119.452,119.706,145717
2015-04-03,119.706,119.962,118.72,118.928,101140
2015-04-06,118.845,119.682,118.798,119.536,85858
2015-04-07,119.536,120.446,119.439,120.22,136844
2015-04-08,120.22,120.352,119.642,120.13,181977
2015-04-09,120.13,120.741,119.859,120.562,149706
2015-04-10,120.562,120.626,120.055,120.174,143412
2015-04-13,120.29,120.844,119.701,120.092,161644
2015-04-14,120.092,120.175,119.071,119.388,196194
2015-04-15,119.388,119.747,118.788,119.134,179411
2015-04-16,119.134,119.472,118.794,118.978,185427
2015-04-17,118.978,119.265,118.57,118.897,189227
2015-04-20,118.985,119.436,118.53,119.13,137434
2015-04-21,119.13,119.834,119.13,119.664,148956
2015-04-22,119.664,119.962,119.344,119.904,155843
2015-04-23,119.904,120.094,119.426,119.568,174520
2015-04-24,119.568,119.659,118.827,118.926,188997
2015-04-27,118.84,119.434,118.776,119.03,145467
2015-04-28,119.03,119.199,118.774,118.838,136621
2015-04-29,118.838,119.361,118.608,118.994,194037
2015-04-30,118.994,119.896,118.496,119.374,221675
2015-05-01,119.374,120.288,119.368,120.171,115439
2015-05-04,120.238,120.276,119.995,120.128,89174
2015-05-05,120.128,120.506,119.726,119.818,138929
2015-05-06,119.818,120.047,119.204,119.424,156813
2015-05-07,119.424,119.861,119.055,119.728,178858
2015-05-08,119.728,120.237,119.578,119.771,180092
2015-05-11,119.64,120.154,119.618,120.076,111673
2015-05-12,120.076,120.277,119.788,119.856,141179
2015-05-13,119.856,120.044,119.035,119.142,145916
2015-05-14,119.142,119.339,118.887,119.124,143607
2015-05-15,119.124,119.927,119.122,119.359,163934
2015-05-18,119.26,120.04,119.214,119.978,131842
2015-05-19,119.978,120.743,119.831,120.688,162371
2015-05-20,120.688,121.485,120.58,121.336,197131
2015-05-21,121.336,121.382,120.846,121.026,162281
2015-05-22,121.026,121.571,120.64,121.5,163813
2015-05-25,121.5,121.777,121.445,121.552,70690
2015-05-26,121.552,123.323,121.493,123.048,219269
2015-05-27,123.048,124.071,122.778,123.61,228687
2015-05-28,123.61,124.461,123.493,123.946,243198
2015-05-29,123.946,124.185,123.606,124.112,211387
2015-06-01,124.07,124.916,123.853,124.768,184074
2015-06-02,124.768,125.055,123.752,124.084,247739
2015-06-03,124.084,124.682,123.789,124.232,205910
2015-06-04,124.232,124.681,123.778,124.346,201933
2015-06-05,124.346,125.856,124.338,125.576,208114
2015-06-08,125.571,125.681,124.294,124.474,196270
2015-06-09,124.474,124.738,123.86,124.332,212038
2015-06-10,124.332,124.621,122.456,122.6,338393
2015-06-11,122.6,124.16,122.578,123.388,232125
2015-06-12,123.388,123.817,123.14,123.349,188970
2015-06-15,123.198,123.66,123.114,123.402,166612
2015-06-16,123.402,123.804,123.291,123.354,137463
2015-06-17,123.354,124.446,123.21,123.42,207929
2015-06-18,123.42,123.608,122.48,122.962,239589
2015-06-19,122.962,123.217,122.559,122.632,178268
2015-06-22,122.946,123.419,122.56,123.35,160618
2015-06-23,123.35,124.186,123.342,123.936,158034
2015-06-24,123.936,124.377,123.718,123.842,167195
2015-06-25,123.842,123.957,123.32,123.624,167125
2015-06-26,123.624,123.989,123.227,123.809,155850
2015-06-29,122.732,123.193,122.105,122.53,348843
2015-06-30,122.53,122.726,121.939,122.488,270755
2015-07-01,122.488,123.239,122.355,123.168,210686
2015-07-02,123.168,123.721,122.954,123.026,198834
2015-07-03,123.026,123.184,122.6,122.799,147007
2015-07-06,121.884,122.93,121.842,122.56,249796
2015-07-07,122.56,122.881,122.011,122.522,240230
2015-07-08,122.522,122.568,120.413,120.702,344277
2015-07-09,120.702,121.576,120.465,121.312,272252
2015-07-10,121.312,122.879,121.267,122.792,279724
2015-07-13,122.186,123.535,122.168,123.436,229984
2015-07-14,123.436,123.729,122.92,123.394,190226
2015-07-15,123.394,123.972,123.261,123.754,194807
2015-07-16,123.754,124.179,123.694,124.144,192620
2015-07-17,124.144,124.231,123.917,124.054,143353
2015-07-20,124.02,124.379,124.012,124.178,133094
2015-07-21,124.178,124.477,123.762,123.88,173900
2015-07-22,123.88,124.153,123.572,123.958,167242
2015-07-23,123.958,124.186,123.675,123.914,172233
2015-07-24,123.914,124.096,123.597,123.769,155366
2015-07-27,123.736,123.837,123.01,123.24,189457
2015-07-28,123.24,123.794,123.076,123.554,185687
2015-07-29,123.554,124.022,123.331,123.92,190955
2015-07-30,123.92,124.582,123.878,124.136,187712
2015-07-31,124.136,124.375,123.518,123.836,225794
2015-08-03,123.854,124.272,123.843,124.026,162800
2015-08-04,124.026,124.402,123.8,124.376,180547
2015-08-05,124.376,125.012,124.02,124.856,199436
2015-08-06,124.856,124.963,124.54,124.726,161393
2015-08-07,124.726,125.072,124.106,124.202,187429
2015-08-10,124.124,124.783,124.108,124.624,150425
2015-08-11,124.624,125.208,124.523,125.096,226666
2015-08-12,125.096,125.28,123.789,124.208,265154
2015-08-13,124.208,124.627,124.068,124.434,182700
2015-08-14,124.434,124.532,124.055,124.314,159165
2015-08-17,124.228,124.574,124.221,124.384,128798
2015-08-18,124.384,124.513,124.182,124.396,151122
2015-08-19,124.396,124.469,123.689,123.79,207903
2015-08-20,123.79,124.157,123.33,123.36,209129
2015-08-21,123.36,123.496,121.814,122.023,312238
2015-08-24,121.888,122.024,116.082,118.396,684951
2015-08-25,118.396,120.397,118.248,118.818,616660
2015-08-26,118.818,120.015,118.449,119.918,549518
2015-08-27,119.918,121.398,119.792,121.002,409375
2015-08-28,121.002,121.738,120.651,121.696,307388
2015-08-31,121.64,121.64,120.879,121.222,246942
2015-09-01,121.222,121.266,119.252,119.344,433247
2015-09-02,119.344,120.466,119.225,120.324,369062
2015-09-03,120.324,120.698,119.643,120.064,311361
2015-09-04,120.064,120.189,118.588,119.026,389947
2015-09-07,118.922,119.589,118.798,119.272,219943
2015-09-08,119.272,120.227,118.851,119.808,295620
2015-09-09,119.808,121.197,119.808,120.448,337323
2015-09-10,120.448,121.326,119.978,120.606,413103
2015-09-11,120.606,120.967,120.362,120.574,274423
2015-09-14,120.488,120.843,119.853,120.23,250267
2015-09-15,120.23,120.652,119.401,120.406,270496
2015-09-16,120.406,120.728,120.108,120.544,230882
2015-09-17,120.544,120.992,119.793,119.982,310254
2015-09-18,119.982,120.41,119.054,119.955,352450
2015-09-21,120.098,120.659,119.725,120.55,248935
2015-09-22,120.55,120.608,119.694,120.112,276390
2015-09-23,120.112,120.544,119.622,120.266,292987
2015-09-24,120.266,120.392,119.225,120.064,377307
2015-09-25,120.064,121.236,119.994,120.544,373040
2015-09-28,120.508,120.6,119.696,119.908,314055
2015-09-29,119.908,120.159,119.25,119.73,363452
2015-09-30,119.73,120.35,119.55,119.874,296428
2015-10-01,119.874,120.276,119.494,119.91,304052
2015-10-02,119.91,120.406,118.681,119.875,373429
2015-10-05,119.984,120.551,119.869,120.454,281923
2015-10-06,120.454,120.567,120.108,120.202,245264
2015-10-07,120.202,120.36,119.748,119.996,283647
2015-10-08,119.996,120.109,119.626,119.93,240774
2015-10-09,119.93,120.347,119.837,120.189,199725
2015-10-12,120.168,120.264,119.892,120.03,125834
2015-10-13,120.03,120.079,119.552,119.728,158398
2015-10-14,119.728,119.801,118.63,118.828,224546
2015-10-15,118.828,119.168,118.063,118.866,274717
2015-10-16,118.866,119.661,118.83,119.407,210191
2015-10-19,119.351,119.611,119.139,119.474,197049
2015-10-20,119.474,119.963,119.412,119.832,175260
2015-10-21,119.832,120.092,119.758,119.9,193650
2015-10-22,119.9,120.77,119.615,120.678,256271
2015-10-23,120.678,121.479,120.227,121.419,299146
2015-10-26,121.414,121.498,120.598,121.076,216711
2015-10-27,121.076,121.094,120.16,120.44,234191
2015-10-28,120.44,121.258,120.01,121.074,262224
2015-10-29,121.074,121.186,120.586,121.108,253270
2015-10-30,121.108,121.486,120.28,120.584,361715
2015-11-02,120.351,120.812,120.256,120.746,169311
2015-11-03,120.746,121.231,120.597,121.052,155960
2015-11-04,121.052,121.718,121.001,121.552,224428
2015-11-05,121.552,122.003,121.386,121.736,212863
2015-11-06,121.736,123.271,121.632,123.119,245939
2015-11-09,123.252,123.605,122.976,123.164,175637
2015-11-10,123.164,123.437,123.029,123.127,181558
2015-11-11,123.127,123.224,122.738,122.848,163191
2015-11-12,122.848,123.073,122.553,122.586,211042
2015-11-13,122.586,122.988,122.439,122.579,204889
2015-11-16,122.236,123.279,122.22,123.171,200822
2015-11-17,123.171,123.489,123.166,123.427,178587
2015-11-18,123.427,123.756,123.219,123.622,162687
2015-11-19,123.622,123.638,122.621,122.852,206015
2015-11-20,122.852,123.052,122.724,122.752,159038
2015-11-23,122.86,123.26,122.782,122.832,135767
2015-11-24,122.832,122.962,122.307,122.518,168183
2015-11-25,122.518,122.936,122.258,122.684,176051
2015-11-26,122.684,122.739,122.501,122.556,121834
2015-11-27,122.556,122.88,122.305,122.812,123123
2015-11-30,122.81,123.343,122.687,123.09,138775
2015-12-01,123.09,123.274,122.641,122.857,166980
2015-12-02,122.857,123.67,122.818,123.238,149624
2015-12-03,123.238,123.562,122.297,122.594,299735
2015-12-04,122.594,123.38,122.476,123.088,255652
2015-12-07,123.16,123.476,123.151,123.356,172070
2015-12-08,123.356,123.393,122.721,122.92,194992
2015-12-09,122.92,123.046,121.074,121.432,287615
2015-12-10,121.432,121.867,121.244,121.531,236663
2015-12-11,121.531,122.229,120.582,120.929,297023
2015-12-14,121.168,121.353,120.343,121.018,315404
2015-12-15,121.018,121.793,120.575,121.642,246877
2015-12-16,121.642,122.431,121.382,122.2,316935
2015-12-17,122.2,122.876,122.196,122.553,233412
2015-12-18,122.553,123.571,121.056,121.099,400543
2015-12-21,121.148,121.505,120.839,121.154,208728
2015-12-22,121.154,121.312,120.722,121.06,181464
2015-12-23,121.06,121.136,120.813,120.909,123310
2015-12-24,120.909,120.983,120.25,120.269,112750
2015-12-25,120.325,120.326,120.039,120.17,0
2015-12-28,120.253,120.63,120.092,120.395,121833
2015-12-29,120.395,120.51,120.235,120.454,115961
2015-12-30,120.454,120.654,120.351,120.504,103410
2015-12-31,120.504,120.582,120.003,120.191,101940
2016-01-01,120.288,120.288,120.288,120.288,0
2016-01-04,120.18,120.465,118.702,119.43,299051
2016-01-05,119.43,119.699,118.793,119.052,264238
2016-01-06,119.052,119.169,118.25,118.462,341028
2016-01-07,118.462,118.756,117.329,117.652,419682
2016-01-08,117.652,118.818,117.198,117.201,432286
2016-01-11,117.186,118.028,116.69,117.746,377373
2016-01-12,117.746,118.071,117.227,117.632,369537
2016-01-13,117.632,118.38,117.63,117.659,319172
2016-01-14,117.659,118.28,117.291,118.052,388553
2016-01-15,118.052,118.27,116.508,116.954,443292
2016-01-18,116.658,117.439,116.658,117.269,258123
2016-01-19,117.269,118.114,117.233,117.624,341692
2016-01-20,117.624,117.685,115.97,116.936,484595
2016-01-21,116.936,117.813,116.47,117.668,547653
2016-01-22,117.668,118.879,117.54,118.744,362812
2016-01-25,118.613,118.855,118.171,118.285,314667
2016-01-26,118.285,118.621,117.655,118.402,284454
2016-01-27,118.402,119.069,118.042,118.652,355798
2016-01-28,118.652,118.991,118.414,118.806,329068
2016-01-29,118.806,121.688,118.484,121.119,552133
2016-02-01,121.324,121.487,120.679,120.964,280337
2016-02-02,120.964,121.035,119.837,119.958,301783
2016-02-03,119.958,120.045,117.052,117.879,509446
2016-02-04,117.879,118.241,116.527,116.755,490318
2016-02-05,116.755,117.429,116.291,116.798,426952
2016-02-08,116.779,117.525,115.173,115.842,459921
2016-02-09,115.842,115.847,114.206,115.1,668595
2016-02-10,115.1,115.26,113.117,113.316,722893
2016-02-11,113.316,113.589,110.968,112.405,827952
2016-02-12,112.405,113.54,111.651,113.17,632747
2016-02-15,113.38,114.731,113.271,114.557,344578
2016-02-16,114.557,114.875,113.594,114.033,390654
2016-02-17,114.033,114.504,113.374,114.074,388745
2016-02-18,114.074,114.321,113.142,113.224,335818
2016-02-19,113.224,113.375,112.304,112.539,349699
2016-02-22,112.545,113.388,112.424,112.853,275630
2016-02-23,112.853,113.052,111.773,112.088,378916
2016-02-24,112.088,112.264,111.041,112.167,382441
2016-02-25,112.167,113.022,111.897,112.988,378584
2016-02-26,112.988,113.99,112.56,113.964,329834
2016-02-29,113.94,113.982,112.652,112.668,356742
2016-03-01,112.668,114.184,112.156,113.968,324664
2016-03-02,113.968,114.556,113.215,113.46,315696
2016-03-03,113.46,114.268,113.297,113.674,283600
2016-03-04,113.674,114.257,113.121,113.774,332130
2016-03-07,113.903,113.929,113.224,113.428,251963
2016-03-08,113.428,113.52,112.424,112.616,302126
2016-03-09,112.616,113.454,112.225,113.318,292482
2016-03-10,113.318,114.445,112.602,113.135,485463
2016-03-11,113.135,113.918,112.754,113.79,293062
2016-03-14,113.936,114.007,113.506,113.818,212098
2016-03-15,113.818,114.143,112.631,113.108,287264
2016-03-16,113.108,113.817,112.329,112.53,282507
2016-03-17,112.53,112.959,110.667,111.37,381788
2016-03-18,111.37,111.758,110.82,111.542,261420
2016-03-21,111.518,111.976,111.218,111.938,177488
2016-03-22,111.938,112.491,111.377,112.336,269183
2016-03-23,112.336,112.907,112.14,112.358,235610
2016-03-24,112.358,113.007,112.293,112.899,169729
2016-03-25,112.899,113.323,112.747,113.029,114726
2016-03-28,113.161,113.687,113.11,113.431,113287
2016-03-29,113.431,113.803,112.612,112.662,206594
2016-03-30,112.662,112.804,112.017,112.403,232382
2016-03-31,112.403,112.662,112.109,112.554,217719
2016-04-01,112.554,112.581,111.585,111.599,279788
2016-04-04,111.594,111.796,111.096,111.32,219345
2016-04-05,111.32,111.348,109.939,110.309,326160
2016-04-06,110.309,110.641,109.338,109.788,290141
2016-04-07,109.788,109.903,107.665,108.175,396866
2016-04-08,108.175,109.098,108.02,108.048,301087
2016-04-11,107.932,108.441,107.63,107.936,281275
2016-04-12,107.936,108.787,107.87,108.528,241399
2016-04-13,108.528,109.405,108.505,109.332,220981
2016-04-14,109.332,109.547,108.895,109.374,218052
2016-04-15,109.374,109.733,108.6,108.744,196633
2016-04-18,108.176,108.987,107.836,108.806,252786
2016-04-19,108.806,109.487,108.742,109.192,213416
2016-04-20,109.192,109.879,108.761,109.836,214182
2016-04-21,109.836,109.897,109.322,109.451,258179
2016-04-22,109.451,111.806,109.261,111.788,300997
2016-04-25,111.851,111.88,110.839,111.184,268225
2016-04-26,111.184,111.474,110.67,111.31,241128
2016-04-27,111.31,111.758,111.027,111.426,242553
2016-04-28,111.426,111.882,107.864,108.085,451588
2016-04-29,108.085,108.2,106.277,106.283,344106
2016-05-02,106.224,106.818,106.136,106.404,294169
2016-05-03,106.404,106.681,105.549,106.555,261263
2016-05-04,106.555,107.455,106.246,106.975,293964
2016-05-05,106.975,107.5,106.802,107.251,213689
2016-05-06,107.251,107.421,106.434,107.1,275743
2016-05-09,107.05,108.606,107.036,108.312,230965
2016-05-10,108.312,109.348,108.273,109.258,244278
2016-05-11,109.258,109.37,108.369,108.384,229064
2016-05-12,108.384,109.396,108.226,108.981,256106
2016-05-13,108.981,109.558,108.513,108.601,292972
2016-05-16,108.592,109.095,108.463,109.013,175801
2016-05-17,109.013,109.653,108.838,109.13,223850
2016-05-18,109.13,110.256,108.722,110.192,277015
2016-05-19,110.192,110.385,109.698,109.953,274476
2016-05-20,109.953,110.588,109.849,110.098,214126
2016-05-23,110.104,110.24,109.11,109.234,198588
2016-05-24,109.234,110.129,109.169,109.991,177737
2016-05-25,109.991,110.448,109.863,110.162,172069
2016-05-26,110.162,110.231,109.417,109.751,208205
2016-05-27,109.751,110.447,109.473,110.187,183032
2016-05-30,110.412,111.449,110.357,111.105,189724
2016-05-31,111.105,111.352,110.501,110.7,249495
2016-06-01,110.7,110.832,109.051,109.532,336781
2016-06-02,109.532,109.587,108.524,108.867,311079
2016-06-03,108.867,109.137,106.506,106.538,362114
2016-06-06,106.565,107.656,106.359,107.547,386594
2016-06-07,107.547,107.904,107.153,107.329,278939
2016-06-08,107.329,107.387,106.584,106.987,300710
2016-06-09,106.987,107.177,106.253,107.073,332539
2016-06-10,107.073,107.261,106.557,106.916,347711
2016-06-13,106.8,106.849,105.736,106.219,439784
2016-06-14,106.219,106.421,105.628,106.089,403524
2016-06-15,106.089,106.397,105.429,106.005,371776
2016-06-16,106.005,106.027,103.547,104.251,592886
2016-06-17,104.251,104.831,104.041,104.083,380385
2016-06-20,104.707,104.845,103.783,103.929,352197
2016-06-21,103.929,105.058,103.58,104.725,375112
2016-06-22,104.725,104.852,104.314,104.405,321957
2016-06-23,104.405,106.158,103.957,106.125,409386
2016-06-24,106.125,106.812,98.787,102.199,670428
2016-06-27,101.519,102.478,101.399,101.977,429184
2016-06-28,101.977,102.841,101.557,102.748,295245
2016-06-29,102.748,102.936,102.171,102.824,301153
2016-06-30,102.824,103.292,102.355,103.178,343071
2016-07-01,103.178,103.395,102.442,102.464,263436
2016-07-04,102.594,102.804,102.424,102.52,185372
2016-07-05,102.52,102.589,101.451,101.706,263031
2016-07-06,101.706,101.76,100.195,101.3,375907
2016-07-07,101.3,101.402,100.596,100.774,280715
2016-07-08,100.774,101.284,99.985,100.569,310218
2016-07-11,100.599,102.894,100.521,102.771,222705
2016-07-12,102.771,104.987,102.45,104.671,432306
2016-07-13,104.671,104.878,103.902,104.481,414941
2016-07-14,104.481,105.937,103.971,105.341,477896
2016-07-15,105.341,106.317,104.629,104.804,495877
2016-07-18,105.338,106.262,105.272,106.151,376149
2016-07-19,106.151,106.534,105.645,106.102,273534
2016-07-20,106.102,107.02,105.832,106.86,273759
2016-07-21,106.86,107.494,105.418,105.811,419365
2016-07-22,105.811,106.403,105.567,106.012,327465
2016-07-25,106.118,106.723,105.74,105.796,153612
2016-07-26,105.796,105.891,103.993,104.618,265414
2016-07-27,104.618,106.541,104.614,105.385,307430
2016-07-28,105.385,105.503,104.472,105.25,218578
2016-07-29,105.25,105.608,101.971,102.01,426826
2016-08-01,102.28,102.683,102.007,102.385,158802
2016-08-02,102.385,102.83,100.678,100.89,202524
2016-08-03,100.89,101.571,100.748,101.231,175239
2016-08-04,101.231,101.665,100.861,101.205,158848
2016-08-05,101.205,102.066,100.871,101.792,149191
2016-08-08,101.974,102.655,101.858,102.436,114359
2016-08-09,102.436,102.528,101.788,101.867,101315
2016-08-10,101.867,101.957,100.966,101.26,142462
2016-08-11,101.26,102.054,101.01,101.932,110228
2016-08-12,101.932,102.271,100.829,101.268,160432
2016-08-15,101.115,101.455,100.87,101.25,121859
2016-08-16,101.25,101.29,99.539,100.297,221094
2016-08-17,100.297,101.163,100.036,100.265,207410
2016-08-18,100.265,100.52,99.644,99.876,221509
2016-08-19,99.876,100.459,99.872,100.174,162789
2016-08-22,100.771,100.934,100.212,100.321,179860
2016-08-23,100.321,100.389,99.938,100.231,156386
2016-08-24,100.231,100.609,100.091,100.441,139775
2016-08-25,100.441,100.615,100.301,100.519,116065
2016-08-26,100.519,101.944,100.057,101.759,232340
2016-08-29,102.046,102.392,101.828,101.906,151826
2016-08-30,101.906,103.136,101.748,102.942,162551
2016-08-31,102.942,103.531,102.859,103.421,161395
2016-09-01,103.421,103.998,103.058,103.226,185473
2016-09-02,103.226,104.32,102.799,103.874,251236
2016-09-05,104.081,104.139,103.145,103.398,140874
2016-09-06,103.398,103.807,101.931,102.005,211733
2016-09-07,102.005,102.125,101.198,101.734,194617
2016-09-08,101.734,102.6,101.41,102.48,203610
2016-09-09,102.48,103.056,101.965,102.644,222515
2016-09-12,102.551,102.668,101.557,101.83,229129
2016-09-13,101.83,102.747,101.417,102.544,234127
2016-09-14,102.544,103.359,102.247,102.403,214380
2016-09-15,102.403,102.755,101.896,102.069,221413
2016-09-16,102.069,102.463,101.73,102.244,187177
2016-09-19,102.141,102.414,101.579,101.911,139207
2016-09-20,101.911,102.063,101.532,101.694,152478
2016-09-21,101.694,102.785,100.296,100.315,388228
2016-09-22,100.315,100.931,100.099,100.741,189733
2016-09-23,100.741,101.245,100.672,100.987,181625
2016-09-26,101.029,101.079,100.249,100.318,160971
2016-09-27,100.318,100.988,100.083,100.418,210879
2016-09-28,100.418,100.818,100.259,100.682,174978
2016-09-29,100.682,101.842,100.653,101.016,226882
2016-09-30,101.016,101.779,100.746,101.279,233427
2016-10-03,101.198,101.671,101.178,101.636,142937
2016-10-04,101.636,102.967,101.567,102.89,225455
2016-10-05,102.89,103.667,102.67,103.492,187118
2016-10-06,103.492,104.163,103.348,103.928,173663
2016-10-07,103.928,104.026,102.857,102.896,282268
2016-10-10,103.248,103.787,102.809,103.592,114650
2016-10-11,103.592,104.072,103.173,103.472,184208
2016-10-12,103.472,104.481,103.279,104.19,196043
2016-10-13,104.19,104.635,103.333,103.682,249958
2016-10-14,103.682,104.478,103.61,104.183,257875
2016-10-17,104.351,104.372,103.789,103.876,209033
2016-10-18,103.876,104.202,103.681,103.864,192297
2016-10-19,103.864,103.949,103.165,103.437,182009
2016-10-20,103.437,104.105,103.342,103.941,212672
2016-10-21,103.941,104.208,103.521,103.822,175604
2016-10-24,103.815,104.321,103.722,104.178,166161
2016-10-25,104.178,104.874,104.114,104.216,204029
2016-10-26,104.216,104.62,104.02,104.476,202369
2016-10-27,104.476,105.348,104.294,105.28,230417
2016-10-28,105.28,105.532,104.457,104.665,318190
2016-10-31,104.404,105.23,104.401,104.818,217982
2016-11-01,104.818,105.116,103.796,104.148,287582
2016-11-02,104.148,104.168,103.018,103.292,334381
2016-11-03,103.292,103.443,102.549,102.978,294394
2016-11-04,102.978,103.354,102.83,103.099,276377
2016-11-07,104.101,104.632,103.724,104.46,236837
2016-11-08,104.46,105.192,104.295,105.149,223694
2016-11-09,105.149,105.888,101.19,105.658,844972
2016-11-10,105.658,106.947,104.962,106.806,552870
2016-11-11,106.806,106.932,106.031,106.59,426345
2016-11-14,106.882,108.543,106.732,108.41,475943
2016-11-15,108.41,109.335,107.77,109.172,388983
2016-11-16,109.172,109.755,108.792,109.06,343592
2016-11-17,109.06,110.178,108.552,110.092,392441
2016-11-18,110.092,110.951,109.8,110.859,389975
2016-11-21,110.901,111.363,110.455,110.784,377699
2016-11-22,110.784,111.354,110.266,111.13,328012
2016-11-23,111.13,112.974,110.852,112.48,320706
2016-11-24,112.48,113.534,112.356,113.298,271105
2016-11-25,113.298,113.896,112.553,113.163,393099
2016-11-28,112.751,112.971,111.358,111.922,399362
2016-11-29,111.922,113.338,111.619,112.374,367088
2016-11-30,112.374,114.542,112.057,114.421,469346
2016-12-01,114.421,114.824,113.83,114.061,435475
2016-12-02,114.061,114.207,113.329,113.489,362487
2016-12-05,113.271,114.774,112.867,113.812,353960
2016-12-06,113.812,114.186,113.502,113.984,218436
2016-12-07,113.984,114.406,113.412,113.742,202729
2016-12-08,113.742,114.378,113.127,114.026,321081
2016-12-09,114.026,115.369,113.984,115.159,235209
2016-12-12,115.408,116.121,114.85,115.016,351009
2016-12-13,115.016,115.476,114.736,115.181,297996
2016-12-14,115.181,117.396,114.772,117.032,362291
2016-12-15,117.032,118.662,117.014,118.172,444978
2016-12-16,118.172,118.426,117.47,117.905,310705
2016-12-19,117.952,117.974,116.548,117.084,352087
2016-12-20,117.084,118.242,116.988,117.834,331389
2016-12-21,117.834,118.067,117.106,117.55,264855
2016-12-22,117.55,117.876,117.267,117.512,233922
2016-12-23,117.512,117.611,117.17,117.242,200898
2016-12-26,117.313,117.313,117.001,117.31,0
2016-12-27,117.242,117.618,117.04,117.41,205645
2016-12-28,117.41,117.814,117.054,117.247,237870
2016-12-29,117.247,117.247,116.231,116.532,327662
2016-12-30,116.532,117.196,116.041,116.978,455825
2017-01-02,116.81,117.485,116.725,116.795,0
2017-01-03,116.978,118.612,116.978,117.736,378582
2017-01-04,117.736,118.188,117.052,117.22,411028
2017-01-05,117.22,117.429,115.218,115.352,651516
2017-01-06,115.352,117.18,115.068,116.899,438224
2017-01-09,117.012,117.531,115.954,116.007,388026
2017-01-10,116.007,116.344,115.198,115.758,463004
2017-01-11,115.758,116.873,114.243,115.412,678712
2017-01-12,115.412,115.513,113.757,114.706,517599
2017-01-13,114.706,115.444,114.145,114.427,419133
2017-01-16,114.322,114.458,113.621,114.182,306168
2017-01-17,114.182,114.281,112.597,112.62,530008
2017-01-18,112.62,114.762,112.571,114.66,390739
2017-01-19,114.66,115.624,114.402,114.854,464255
2017-01-20,114.854,115.387,114.212,114.569,477934
2017-01-23,114.248,114.424,112.654,112.7,467706
2017-01-24,112.7,113.892,112.523,113.764,363395
2017-01-25,113.764,113.988,113.036,113.278,359399
2017-01-26,113.278,114.858,113.048,114.507,364804
2017-01-27,114.507,115.376,114.39,115.068,335145
2017-01-30,114.743,114.952,113.446,113.754,362553
2017-01-31,113.754,113.964,112.078,112.796,473882
2017-02-01,112.796,113.952,112.641,113.224,398026
2017-02-02,113.224,113.362,112.052,112.792,379665
2017-02-03,112.792,113.502,112.314,112.552,367689
2017-02-06,112.432,112.777,111.622,111.72,316047
2017-02-07,111.72,112.578,111.594,112.376,266589
2017-02-08,112.376,112.545,111.63,111.93,272326
2017-02-09,111.93,113.346,111.732,113.228,228970
2017-02-10,113.228,113.857,112.853,113.222,211097
2017-02-13,113.545,114.168,113.421,113.726,352457
2017-02-14,113.726,114.501,113.247,114.257,447722
2017-02-15,114.257,114.958,113.852,114.115,413214
2017-02-16,114.115,114.306,113.07,113.202,443300
2017-02-17,113.202,113.503,112.617,112.896,392504
2017-02-20,112.864,113.238,112.789,113.071,222107
2017-02-21,113.071,113.778,113.071,113.664,289073
2017-02-22,113.664,113.733,112.905,113.296,388607
2017-02-23,113.296,113.456,112.548,112.62,356138
2017-02-24,112.62,112.954,111.929,112.145,325355
2017-02-27,112.108,112.84,111.916,112.693,326789
2017-02-28,112.693,112.898,111.687,112.751,354517
2017-03-01,112.751,114.047,112.747,113.708,462191
2017-03-02,113.708,114.596,113.682,114.398,312933
2017-03-03,114.398,114.749,113.807,114.023,363017
2017-03-06,113.855,114.13,113.558,113.887,233318
2017-03-07,113.887,114.153,113.728,113.976,227550
2017-03-08,113.976,114.758,113.607,114.386,304982
2017-03-09,114.386,115.001,114.333,114.922,356828
2017-03-10,114.922,115.504,114.654,114.778,408933
2017-03-13,114.725,114.921,114.481,114.877,288099
2017-03-14,114.877,115.194,114.518,114.744,306492
2017-03-15,114.744,114.884,113.167,113.371,375325
2017-03-16,113.371,113.546,112.901,113.305,372466
2017-03-17,113.305,113.492,112.562,112.682,276997
2017-03-20,112.656,112.896,112.451,112.558,233586
2017-03-21,112.558,112.866,111.51,111.713,421864
2017-03-22,111.713,111.793,110.731,111.158,475075
2017-03-23,111.158,111.577,110.627,110.916,468329
2017-03-24,110.916,111.482,110.613,111.312,423602
2017-03-27,110.861,111.035,110.107,110.666,364571
2017-03-28,110.666,111.202,110.177,111.136,319719
2017-03-29,111.136,111.315,110.715,111.044,311595
2017-03-30,111.044,111.943,110.939,111.925,315606
2017-03-31,111.925,112.198,111.241,111.363,350045
2017-04-03,111.414,111.586,110.855,110.891,305616
2017-04-04,110.891,110.928,110.268,110.73,339087
2017-04-05,110.73,111.454,110.536,110.672,378992
2017-04-06,110.672,111.14,110.288,110.787,361366
2017-04-07,110.787,111.367,110.091,111.054,531166
2017-04-10,111.029,111.582,110.806,110.912,278043
2017-04-11,110.912,110.92,109.604,109.607,345450
2017-04-12,109.607,109.866,108.956,108.99,386849
2017-04-13,108.99,109.393,108.722,109.088,348665
2017-04-14,109.088,109.224,108.539,108.565,136979
2017-04-17,108.691,109.053,108.13,108.903,225117
2017-04-18,108.903,109.22,108.319,108.431,330240
2017-04-19,108.431,109.181,108.372,108.851,291849
2017-04-20,108.851,109.487,108.72,109.312,313177
2017-04-21,109.312,109.423,108.88,108.951,273287
2017-04-24,110.518,110.518,109.657,109.746,342422
2017-04-25,109.746,111.188,109.592,111.08,275196
2017-04-26,111.08,111.779,110.87,111.048,393795
2017-04-27,111.048,111.601,110.993,111.254,327992
2017-04-28,111.254,111.717,111.071,111.51,261203
2017-05-01,111.24,111.926,111.206,111.826,196807
2017-05-02,111.826,112.306,111.78,112,208720
2017-05-03,112,112.777,111.961,112.738,225548
2017-05-04,112.738,113.049,112.316,112.447,269694
2017-05-05,112.447,112.8,112.089,112.638,275105
2017-05-08,112.931,113.294,112.393,113.239,239629
2017-05-09,113.239,114.329,113.132,114.003,253552
2017-05-10,114.003,114.367,113.624,114.285,274698
2017-05-11,114.285,114.368,113.451,113.85,250661
2017-05-12,113.85,113.953,113.2,113.335,257529
2017-05-15,113.124,113.853,113.124,113.783,220235
2017-05-16,113.783,113.791,112.927,113.097,264854
2017-05-17,113.097,113.125,110.785,110.804,458207
2017-05-18,110.804,111.734,110.235,111.465,638464
2017-05-19,111.465,111.702,111.03,111.262,369815
2017-05-22,110.985,111.607,110.923,111.29,264544
2017-05-23,111.29,111.859,110.859,111.785,363617
2017-05-24,111.785,112.128,111.483,111.488,319891
2017-05-25,111.488,111.952,111.467,111.831,259562
2017-05-26,111.831,111.849,110.878,111.309,269921
2017-05-29,111.178,111.467,111.152,111.259,154882
2017-05-30,111.259,111.299,110.664,110.834,271450
2017-05-31,110.834,111.226,110.481,110.758,286028
2017-06-01,110.758,111.48,110.631,111.362,273296
2017-06-02,111.362,111.711,110.329,110.438,330476
2017-06-05,110.352,110.732,110.305,110.473,202060
2017-06-06,110.473,110.525,109.227,109.404,335370
2017-06-07,109.404,109.883,109.115,109.812,311375
2017-06-08,109.812,110.387,109.38,110.025,353617
2017-06-09,110.025,110.812,109.72,110.316,386568
2017-06-12,110.309,110.442,109.633,109.928,278229
2017-06-13,109.928,110.272,109.777,110.059,226304
2017-06-14,110.059,110.343,108.802,109.566,417807
2017-06-15,109.566,110.98,109.27,110.943,378938
2017-06-16,110.943,111.419,110.643,110.865,322630
2017-06-19,110.881,111.603,110.704,111.518,246329
2017-06-20,111.518,111.788,111.308,111.433,277146
2017-06-21,111.433,111.739,111.069,111.368,295970
2017-06-22,111.368,111.449,110.95,111.305,305154
2017-06-23,111.305,111.43,111.152,111.29,222413
2017-06-26,111.186,111.945,111.141,111.839,248721
2017-06-27,111.839,112.467,111.463,112.34,328776
2017-06-28,112.34,112.417,111.83,112.326,386311
2017-06-29,112.326,112.928,111.805,112.165,390607
2017-06-30,112.165,112.606,111.724,112.376,378582
2017-07-03,112.098,113.472,112.083,113.379,274674
2017-07-04,113.379,113.439,112.734,113.278,264778
2017-07-05,113.278,113.686,112.824,113.251,322170
2017-07-06,113.251,113.47,112.887,113.206,329745
2017-07-07,113.206,114.18,113.106,113.904,337369
2017-07-10,113.863,114.302,113.863,114.034,248099
2017-07-11,114.034,114.495,113.717,113.941,287216
2017-07-12,113.941,113.968,112.923,113.161,357877
2017-07-13,113.161,113.53,112.86,113.289,315806
2017-07-14,113.289,113.578,112.254,112.515,293796
2017-07-17,112.452,112.869,112.328,112.614,247075
2017-07-18,112.614,112.68,111.686,112.044,350953
2017-07-19,112.044,112.233,111.556,111.93,260990
2017-07-20,111.93,112.417,111.48,111.893,402453
2017-07-21,111.893,112.079,111.011,111.121,307354
2017-07-24,111.106,111.321,110.618,111.1,279591
2017-07-25,111.1,111.958,110.828,111.872,319692
2017-07-26,111.872,112.193,111.06,111.169,361900
2017-07-27,111.169,111.712,110.781,111.266,487194
2017-07-28,111.266,111.33,110.547,110.699,443645
2017-07-31,110.653,110.773,110.214,110.254,331139
2017-08-01,110.254,110.591,109.919,110.387,406885
2017-08-02,110.387,110.984,110.283,110.741,383918
2017-08-03,110.741,110.829,109.854,110.045,382850
2017-08-04,110.045,111.051,109.841,110.682,362326
2017-08-07,110.697,110.919,110.647,110.729,257315
2017-08-08,110.729,110.829,110.25,110.338,263984
2017-08-09,110.338,110.363,109.559,110.056,350362
2017-08-10,110.056,110.179,109.152,109.209,358198
2017-08-11,109.209,109.404,108.713,109.172,393553
2017-08-14,109.153,109.802,109.024,109.652,327213
2017-08-15,109.652,110.848,109.606,110.662,349878
2017-08-16,110.662,110.949,110.03,110.191,315001
2017-08-17,110.191,110.372,109.446,109.553,411240
2017-08-18,109.553,109.599,108.603,109.199,431386
2017-08-21,109.313,109.422,108.636,108.958,288582
2017-08-22,108.958,109.658,108.844,109.552,240833
2017-08-23,109.552,109.83,108.924,109.032,255164
2017-08-24,109.032,109.608,108.849,109.55,283422
2017-08-25,109.55,109.846,109.112,109.322,319322
2017-08-28,109.154,109.414,109.026,109.232,194136
2017-08-29,109.232,109.903,108.267,109.736,461175
2017-08-30,109.736,110.44,109.542,110.228,282061
2017-08-31,110.228,110.672,109.88,109.96,315930
2017-09-01,109.96,110.489,109.562,110.228,299765
2017-09-04,109.498,109.933,109.383,109.696,196809
2017-09-05,109.696,109.835,108.63,108.8,341314
2017-09-06,108.8,109.398,108.448,109.178,334265
2017-09-07,109.178,109.264,108.046,108.426,357597
2017-09-08,108.426,108.486,107.318,107.836,386097
2017-09-11,108.168,109.506,108.128,109.392,277477
2017-09-12,109.392,110.255,109.239,110.15,291107
2017-09-13,110.15,110.691,109.903,110.484,266209
2017-09-14,110.484,111.042,110.06,110.214,319687
2017-09-15,110.214,111.335,109.546,110.83,353736
2017-09-18,111.054,111.663,110.993,111.57,232532
2017-09-19,111.57,111.881,111.201,111.588,315467
2017-09-20,111.588,112.532,111.096,112.21,307044
2017-09-21,112.21,112.717,112.135,112.456,290932
2017-09-22,112.456,112.556,111.653,111.99,260935
2017-09-25,112.148,112.531,111.474,111.722,308039
2017-09-26,111.722,112.481,111.498,112.21,282812
2017-09-27,112.21,113.257,112.21,112.808,333153
2017-09-28,112.808,113.211,112.254,112.322,318835
2017-09-29,112.322,112.737,112.213,112.464,254814
2017-10-02,112.646,113.058,112.436,112.738,243698
2017-10-03,112.738,113.196,112.662,112.844,231567
2017-10-04,112.844,112.937,112.323,112.75,242086
2017-10-05,112.75,112.92,112.412,112.804,211926
2017-10-06,112.804,113.44,112.6,112.6,252933
2017-10-09,112.558,112.747,112.33,112.674,146206
2017-10-10,112.674,112.827,111.989,112.438,208549
2017-10-11,112.438,112.586,112.08,112.472,212880
2017-10-12,112.472,112.521,112.126,112.272,204507
2017-10-13,112.272,112.305,111.687,111.826,236540
2017-10-16,111.748,112.288,111.653,112.182,184956
2017-10-17,112.182,112.481,112.036,112.185,206921
2017-10-18,112.185,113.052,112.136,112.922,216218
2017-10-19,112.922,113.147,112.296,112.534,281362
2017-10-20,112.534,113.57,112.513,113.508,277430
2017-10-23,113.864,114.1,113.245,113.436,253330
2017-10-24,113.436,114.022,113.249,113.89,277126
2017-10-25,113.89,114.245,113.48,113.736,333196
2017-10-26,113.736,114.081,113.342,113.97,305916
2017-10-27,113.97,114.453,113.635,113.635,319999
2017-10-30,113.723,113.836,113.026,113.17,236277
2017-10-31,113.17,113.732,112.958,113.622,236660
2017-11-01,113.622,114.28,113.602,114.178,279702
2017-11-02,114.178,114.218,113.538,114.084,299298
2017-11-03,114.084,114.427,113.62,114.042,208683
2017-11-06,114.001,114.737,113.696,113.698,238605
2017-11-07,113.698,114.342,113.698,114.002,216651
2017-11-08,114.002,114.008,113.395,113.866,221711
2017-11-09,113.866,114.068,113.091,113.454,330217
2017-11-10,113.454,113.635,113.221,113.505,248762
2017-11-13,113.454,113.713,113.245,113.62,199856
2017-11-14,113.62,113.912,113.308,113.45,220860
2017-11-15,113.45,113.496,112.476,112.876,330784
2017-11-16,112.876,113.333,112.734,113.042,237142
2017-11-17,113.042,113.143,111.945,112.085,271126
2017-11-20,112.119,112.718,111.886,112.614,279401
2017-11-21,112.614,112.705,112.174,112.435,225418
2017-11-22,112.435,112.493,111.142,111.208,246488
2017-11-23,111.208,111.381,111.068,111.199,158834
2017-11-24,111.199,111.622,111.194,111.501,192085
2017-11-27,111.488,111.692,110.842,111.082,259013
2017-11-28,111.082,111.641,110.931,111.465,284691
2017-11-29,111.465,112.151,111.375,111.906,302952
2017-11-30,111.906,112.64,111.735,112.536,301146
2017-12-01,112.536,112.875,111.405,112.164,482735
2017-12-04,112.796,113.09,112.365,112.4,319389
2017-12-05,112.4,112.869,112.378,112.579,266957
2017-12-06,112.579,112.633,111.992,112.284,282532
2017-12-07,112.284,113.158,112.219,113.082,259786
2017-12-08,113.082,113.59,113.077,113.448,229189
2017-12-11,113.52,113.69,113.243,113.545,209973
2017-12-12,113.545,113.752,113.371,113.548,176479
2017-12-13,113.548,113.575,112.46,112.526,259369
2017-12-14,112.526,112.885,112.064,112.38,241803
2017-12-15,112.38,112.744,112.032,112.581,230507
2017-12-18,112.718,112.832,112.31,112.538,199497
2017-12-19,112.538,113.079,112.511,112.884,191222
2017-12-20,112.884,113.466,112.839,113.385,197541
2017-12-21,113.385,113.638,113.199,113.315,188633
2017-12-22,113.315,113.448,113.24,113.265,174381
2017-12-25,113.295,113.345,113.211,113.308,0
2017-12-26,113.265,113.332,113.119,113.226,126941
2017-12-27,113.226,113.383,113.147,113.34,207574
2017-12-28,113.34,113.344,112.662,112.856,188295
2017-12-29,112.856,112.969,112.472,112.651,195780
2018-01-01,112.651,112.651,112.594,112.594,2
2018-01-02,112.594,112.792,112.055,112.273,176504
2018-01-03,112.273,112.608,112.172,112.502,174543
2018-01-04,112.502,112.864,112.461,112.734,204605
2018-01-05,112.734,113.303,112.717,113.018,197295
2018-01-08,113.127,113.387,112.881,113.082,154132
2018-01-09,113.082,113.18,112.366,112.635,231600
2018-01-10,112.635,112.785,111.271,111.424,299397
2018-01-11,111.424,111.876,111.044,111.244,253170
2018-01-12,111.244,111.699,110.913,110.996,280545
2018-01-15,111.083,111.184,110.328,110.525,244319
2018-01-16,110.525,110.983,110.246,110.438,266884
2018-01-17,110.438,111.347,110.192,111.264,294803
2018-01-18,111.264,111.482,110.692,111.092,284427
2018-01-19,111.092,111.131,110.49,110.814,263501
2018-01-22,110.551,111.224,110.512,110.92,219910
2018-01-23,110.92,111.179,110.252,110.3,263569
2018-01-24,110.3,110.337,108.968,109.218,316080
2018-01-25,109.218,109.703,108.5,109.402,460700
2018-01-26,109.402,109.771,108.282,108.589,392483
2018-01-29,108.685,109.203,108.51,108.95,316900
2018-01-30,108.95,109.205,108.414,108.774,337551
2018-01-31,108.774,109.448,108.596,109.188,363229
2018-02-01,109.188,109.751,109.094,109.382,322025
2018-02-02,109.382,110.483,109.281,110.152,398671
2018-02-05,110.181,110.286,108.992,109.062,470651
2018-02-06,109.062,109.654,108.456,109.554,746599
2018-02-07,109.554,109.712,108.919,109.302,425595
2018-02-08,109.302,109.784,108.58,108.736,562927
2018-02-09,108.736,109.31,108.046,108.77,678414
2018-02-12,108.842,108.885,108.436,108.641,359739
2018-02-13,108.641,108.781,107.408,107.81,371279
2018-02-14,107.81,107.903,106.723,106.995,457407
2018-02-15,106.995,107,106.035,106.118,424237
2018-02-16,106.118,106.399,105.55,106.272,356288
2018-02-19,106.328,106.727,106.096,106.58,210702
2018-02-20,106.58,107.379,106.557,107.322,257966
2018-02-21,107.322,107.907,107.278,107.77,320634
2018-02-22,107.77,107.773,106.594,106.742,302282
2018-02-23,106.742,107.134,106.512,106.858,226943
2018-02-26,107.194,107.194,106.376,106.907,266721
2018-02-27,106.907,107.676,106.784,107.32,284055
2018-02-28,107.32,107.528,106.565,106.661,280668
2018-03-01,106.661,107.205,106.162,106.22,320867
2018-03-02,106.22,106.3,105.25,105.712,321213
2018-03-05,105.444,106.238,105.351,106.204,278880
2018-03-06,106.204,106.463,105.852,106.13,256562
2018-03-07,106.13,106.229,105.456,106.059,310462
2018-03-08,106.059,106.315,105.892,106.193,235072
2018-03-09,106.193,107.05,106.15,106.814,262542
2018-03-12,106.632,106.972,106.31,106.41,177379
2018-03-13,106.41,107.293,106.254,106.564,333328
2018-03-14,106.564,106.749,106.064,106.314,295920
2018-03-15,106.314,106.415,105.785,106.327,290687
2018-03-16,106.327,106.374,105.602,105.953,274256
2018-03-19,105.909,106.308,105.677,106.084,304815
2018-03-20,106.084,106.608,105.929,106.528,305280
2018-03-21,106.528,106.64,105.881,106.046,296027
2018-03-22,106.046,106.089,105.26,105.27,455439
2018-03-23,105.27,105.411,104.636,104.712,523091
2018-03-26,104.641,105.482,104.629,105.396,313393
2018-03-27,105.396,105.903,105.316,105.328,335215
2018-03-28,105.328,107.012,105.325,106.842,440459
2018-03-29,106.842,106.933,106.267,106.418,302837
2018-03-30,106.418,106.537,106.122,106.26,171535
2018-04-02,106.26,106.45,105.657,105.877,264871
2018-04-03,105.877,106.658,105.693,106.6,331330
2018-04-04,106.6,106.848,105.99,106.774,436259
2018-04-05,106.774,107.493,106.711,107.374,358296
2018-04-06,107.374,107.462,106.776,106.915,511269
2018-04-09,106.937,107.203,106.616,106.754,346286
2018-04-10,106.754,107.399,106.619,107.188,410928
2018-04-11,107.188,107.253,106.65,106.782,379557
2018-04-12,106.782,107.43,106.7,107.302,369528
2018-04-13,107.302,107.78,107.204,107.338,358554
2018-04-16,107.338,107.609,107.035,107.106,300370
2018-04-17,107.106,107.213,106.882,106.991,278417
2018-04-18,106.991,107.386,106.984,107.225,298791
2018-04-19,107.225,107.517,107.181,107.358,328898
2018-04-20,107.358,107.856,107.352,107.616,350308
2018-04-23,107.77,108.754,107.659,108.7,332243
2018-04-24,108.7,109.202,108.543,108.808,385524
2018-04-25,108.808,109.456,108.783,109.418,406703
2018-04-26,109.418,109.467,109.065,109.294,368083
2018-04-27,109.294,109.539,108.966,109.022,348647
2018-04-30,109.063,109.452,109.02,109.326,286083
2018-05-01,109.326,109.89,109.234,109.862,316057
2018-05-02,109.862,110.036,109.594,109.826,375630
2018-05-03,109.826,109.884,108.929,109.18,398724
2018-05-04,109.18,109.274,108.646,109.056,329053
2018-05-07,109.108,109.398,108.757,109.09,279834
2018-05-08,109.09,109.352,108.828,109.126,357688
2018-05-09,109.126,109.833,108.996,109.744,359258
2018-05-10,109.744,110.019,109.316,109.388,384495
2018-05-11,109.388,109.568,109.152,109.358,293017
2018-05-14,109.384,109.672,109.207,109.652,294240
2018-05-15,109.652,110.454,109.648,110.342,360441
2018-05-16,110.342,110.404,110.04,110.394,368272
2018-05-17,110.394,110.859,110.073,110.75,350084
2018-05-18,110.75,111.081,110.607,110.736,318180
2018-05-21,110.873,111.397,110.821,111.037,276264
2018-05-22,111.037,111.186,110.796,110.894,313343
2018-05-23,110.894,110.919,109.557,110.079,495247
2018-05-24,110.079,110.095,108.955,109.244,454109
2018-05-25,109.244,109.744,109.122,109.362,394644
2018-05-28,109.746,109.83,109.232,109.404,300966
2018-05-29,109.404,109.469,108.112,108.754,573724
2018-05-30,108.754,109.075,108.351,108.905,496951
2018-05-31,108.905,109.005,108.386,108.803,450929
2018-06-01,108.803,109.733,108.722,109.488,367106
2018-06-04,109.448,109.855,109.371,109.813,282567
2018-06-05,109.813,110.005,109.472,109.778,316477
2018-06-06,109.778,110.267,109.771,110.18,309744
2018-06-07,110.18,110.221,109.476,109.694,360263
2018-06-08,109.694,109.853,109.199,109.509,355496
2018-06-11,109.284,110.118,109.284,110.033,264296
2018-06-12,110.033,110.494,109.963,110.364,330890
2018-06-13,110.364,110.849,110.271,110.336,289490
2018-06-14,110.336,110.694,109.918,110.62,290321
2018-06-15,110.62,110.904,110.386,110.644,255401
2018-06-18,110.66,110.736,110.3,110.542,154101
2018-06-19,110.542,110.574,109.55,110.051,306108
2018-06-20,110.051,110.451,109.854,110.36,225376
2018-06-21,110.36,110.757,109.842,109.957,263986
2018-06-22,109.957,110.218,109.801,109.976,212664
2018-06-25,109.843,110.04,109.367,109.74,227387
2018-06-26,109.74,110.219,109.369,110.017,218462
2018-06-27,110.017,110.49,109.685,110.26,340808
2018-06-28,110.26,110.649,109.966,110.49,316354
2018-06-29,110.49,110.943,110.374,110.666,323021
2018-07-02,110.65,111.063,110.592,110.896,298851
2018-07-03,110.896,111.135,110.508,110.573,297494
2018-07-04,110.573,110.608,110.277,110.48,295074
2018-07-05,110.48,110.741,110.288,110.589,316198
2018-07-06,110.589,110.787,110.379,110.449,256027
2018-07-09,110.411,110.903,110.35,110.846,225911
2018-07-10,110.846,111.354,110.791,110.996,226707
2018-07-11,110.996,112.174,110.767,112.014,383815
2018-07-12,112.014,112.627,111.915,112.534,302016
2018-07-13,112.534,112.801,112.276,112.33,252161
2018-07-16,112.2,112.562,112.198,112.272,200248
2018-07-17,112.272,112.925,112.228,112.871,286666
2018-07-18,112.871,113.138,112.71,112.835,251874
2018-07-19,112.835,113.176,112.064,112.462,313821
2018-07-20,112.462,112.623,111.382,111.422,395510
2018-07-23,111.38,111.544,110.752,111.338,306919
2018-07-24,111.338,111.514,110.961,111.191,270483
2018-07-25,111.191,111.385,110.664,110.982,305785
2018-07-26,110.982,111.25,110.588,111.22,289155
2018-07-27,111.22,111.247,110.797,110.972,252951
2018-07-30,110.934,111.165,110.89,111.042,206519
2018-07-31,111.042,111.959,110.734,111.868,358316
2018-08-01,111.868,112.152,111.389,111.718,269418
2018-08-02,111.718,111.738,111.313,111.654,275022
2018-08-03,111.654,111.879,111.101,111.225,247121
2018-08-06,111.215,111.527,111.15,111.404,139748
2018-08-07,111.404,111.479,110.992,111.379,189085
2018-08-08,111.379,111.439,110.837,110.959,181042
2018-08-09,110.959,111.185,110.707,111.08,203144
2018-08-10,111.08,111.17,110.515,110.819,336862
2018-08-13,110.446,110.94,110.11,110.71,286647
2018-08-14,110.71,111.315,110.587,111.143,236796
2018-08-15,111.143,111.431,110.432,110.742,288029
2018-08-16,110.742,111.124,110.459,110.898,296376
2018-08-17,110.898,111.052,110.315,110.463,232450
2018-08-20,110.586,110.684,110.021,110.07,168795
2018-08-21,110.07,110.547,109.774,110.291,220985
2018-08-22,110.291,110.617,110.027,110.555,220251
2018-08-23,110.555,111.316,110.519,111.28,213238
2018-08-24,111.28,111.487,111.103,111.225,225752
2018-08-27,111.314,111.348,110.936,111.074,150392
2018-08-28,111.074,111.356,110.954,111.191,191176
2018-08-29,111.191,111.828,111.122,111.677,230476
2018-08-30,111.677,111.756,110.953,110.984,211097
2018-08-31,110.984,111.135,110.685,111.047,237312
2018-09-03,111.091,111.188,110.85,111.035,175966
2018-09-04,111.035,111.533,110.9,111.439,216238
2018-09-05,111.439,111.758,111.358,111.524,236973
2018-09-06,111.524,111.532,110.52,110.746,249645
2018-09-07,110.746,111.247,110.38,111.043,264756
2018-09-10,111.043,111.249,110.85,111.1,161417
2018-09-11,111.1,111.642,111.063,111.628,162512
2018-09-12,111.628,111.651,111.114,111.254,179794
2018-09-13,111.254,111.999,111.17,111.922,202422
2018-09-14,111.922,112.169,111.753,112.051,187834
2018-09-17,112.03,112.122,111.761,111.839,141546
2018-09-18,111.839,112.39,111.663,112.353,247027
2018-09-19,112.353,112.446,112.161,112.262,189643
2018-09-20,112.262,112.584,112.042,112.482,224640
2018-09-21,112.482,112.874,112.427,112.553,190479
2018-09-24,112.403,112.838,112.403,112.771,133912
2018-09-25,112.771,112.981,112.741,112.968,168235
2018-09-26,112.968,113.138,112.631,112.712,215109
2018-09-27,112.712,113.468,112.561,113.358,201171
2018-09-28,113.358,113.714,113.317,113.678,198062
2018-10-01,113.706,114.062,113.69,113.898,156531
2018-10-02,113.898,114.017,113.528,113.612,192720
2018-10-03,113.612,114.542,113.522,114.53,194263
2018-10-04,114.53,114.55,113.632,113.876,262667
2018-10-05,113.876,114.101,113.558,113.701,263091
2018-10-08,113.766,113.943,112.822,113.228,184647
2018-10-09,113.228,113.392,112.869,112.952,321755
2018-10-10,112.952,113.287,112.245,112.273,329174
2018-10-11,112.273,112.534,111.831,112.164,576965
2018-10-12,112.164,112.497,111.879,112.206,363234
2018-10-15,112.136,112.236,111.625,111.764,321723
2018-10-16,111.764,112.339,111.733,112.25,258768
2018-10-17,112.25,112.676,112.015,112.642,288748
2018-10-18,112.642,112.731,111.948,112.174,369012
2018-10-19,112.174,112.648,112.141,112.511,354971
2018-10-22,112.59,112.886,112.351,112.814,296580
2018-10-23,112.814,112.84,111.952,112.438,407899
2018-10-24,112.438,112.743,112.089,112.24,461656
2018-10-25,112.24,112.674,111.82,112.394,452845
2018-10-26,112.394,112.444,111.376,111.873,619537
2018-10-29,111.863,112.564,111.775,112.36,420734
2018-10-30,112.36,113.118,112.303,113.115,429134
2018-10-31,113.115,113.385,112.804,112.942,312153
2018-11-01,112.942,113.003,112.606,112.697,291952
2018-11-02,112.697,113.323,112.557,113.191,364440
2018-11-05,113.151,113.342,113.075,113.188,235467
2018-11-06,113.188,113.505,113.101,113.412,208381
2018-11-07,113.412,113.818,112.946,113.494,378408
2018-11-08,113.494,114.088,113.471,114.06,232281
2018-11-09,114.06,114.082,113.639,113.799,251084
2018-11-12,113.773,114.233,113.66,113.834,285002
2018-11-13,113.834,114.147,113.579,113.808,318128
2018-11-14,113.808,114.009,113.297,113.606,330822
2018-11-15,113.606,113.707,113.097,113.623,345462
2018-11-16,113.623,113.64,112.642,112.821,311271
2018-11-19,112.785,112.875,112.421,112.549,320774
2018-11-20,112.549,112.843,112.304,112.75,336948
2018-11-21,112.75,113.148,112.644,113.056,260362
2018-11-22,113.056,113.23,112.885,112.919,220840
2018-11-23,112.919,113.012,112.66,112.952,209736
2018-11-26,112.896,113.651,112.877,113.564,245330
2018-11-27,113.564,113.843,113.415,113.784,229697
2018-11-28,113.784,114.037,113.441,113.674,221226
2018-11-29,113.674,113.684,113.189,113.479,230566
2018-11-30,113.479,113.72,113.334,113.453,186467
2018-12-03,113.648,113.823,113.375,113.649,195998
2018-12-04,113.649,113.66,112.576,112.776,301602
2018-12-05,112.776,113.241,112.65,113.188,153795
2018-12-06,113.188,113.204,112.232,112.659,443645
2018-12-07,112.659,112.928,112.554,112.689,327451
2018-12-10,112.602,113.367,112.24,113.325,368162
2018-12-11,113.325,113.466,113.007,113.368,314456
2018-12-12,113.368,113.521,113.139,113.277,292373
2018-12-13,113.277,113.708,113.203,113.587,257263
2018-12-14,113.587,113.675,113.211,113.377,268596
2018-12-17,113.338,113.522,112.681,112.826,285449
2018-12-18,112.826,112.856,112.25,112.518,297524
2018-12-19,112.518,112.665,112.088,112.473,355428
2018-12-20,112.473,112.604,110.813,111.278,512899
2018-12-21,111.278,111.459,110.933,111.204,443226
2018-12-24,110.93,111.191,110.267,110.33,440476
2018-12-25,110.314,110.344,109.991,110.311,0
2018-12-26,110.33,111.408,110.279,111.36,236865
2018-12-27,111.36,111.362,110.455,110.954,575807
2018-12-28,110.954,111.019,110.141,110.251,369498
2018-12-31,110.328,110.475,109.635,109.684,233378
2019-01-01,109.63,109.634,109.59,109.63,0
2019-01-02,109.684,109.684,108.709,108.874,312468
2019-01-03,108.874,108.899,104.656,107.656,618784
2019-01-04,107.656,108.589,107.513,108.504,490056
2019-01-07,108.498,108.748,108.019,108.706,322767
2019-01-08,108.706,109.088,108.44,108.735,315128
2019-01-09,108.735,109.004,107.972,108.166,350793
2019-01-10,108.166,108.519,107.77,108.428,338254
2019-01-11,108.428,108.598,108.145,108.554,266052
2019-01-14,108.507,108.551,107.986,108.157,220744
2019-01-15,108.157,108.767,108.125,108.678,321568
2019-01-16,108.678,109.197,108.371,109.083,261335
2019-01-17,109.083,109.402,108.686,109.248,293003
2019-01-18,109.248,109.889,109.057,109.768,274428
2019-01-21,109.699,109.76,109.474,109.655,168930
2019-01-22,109.655,109.694,109.145,109.368,227186
2019-01-23,109.368,109.998,109.32,109.594,249611
2019-01-24,109.594,109.801,109.421,109.639,273138
2019-01-25,109.639,109.951,109.453,109.539,274883
2019-01-28,109.54,109.583,109.161,109.328,243743
2019-01-29,109.328,109.542,109.13,109.384,232964
2019-01-30,109.384,109.743,108.809,109.026,275439
2019-01-31,109.026,109.068,108.497,108.849,243249
2019-02-01,108.849,109.581,108.724,109.526,232372
2019-02-04,109.504,110.163,109.432,109.882,208230
2019-02-05,109.882,110.04,109.778,109.96,195938
2019-02-06,109.96,110.053,109.558,109.964,202299
2019-02-07,109.964,110.088,109.605,109.803,247103
2019-02-08,109.803,109.898,109.647,109.727,204325
2019-02-11,109.735,110.467,109.735,110.367,219487
2019-02-12,110.367,110.651,110.338,110.464,227303
2019-02-13,110.464,111.055,110.417,111.002,185219
2019-02-14,111.002,111.128,110.436,110.467,251755
2019-02-15,110.467,110.646,110.25,110.456,231796
2019-02-18,110.451,110.656,110.443,110.592,198853
2019-02-19,110.592,110.824,110.451,110.616,203552
2019-02-20,110.616,110.95,110.527,110.843,204271
2019-02-21,110.843,110.862,110.562,110.694,216788
2019-02-22,110.694,110.907,110.556,110.642,197530
2019-02-25,110.648,111.234,110.577,111.056,211172
2019-02-26,111.056,111.076,110.421,110.576,187705
2019-02-27,110.576,111.073,110.355,110.99,206089
2019-02-28,110.99,111.494,110.661,111.382,215983
2019-03-01,111.382,112.077,111.323,111.898,190216
2019-03-04,111.848,112.014,111.64,111.739,219786
2019-03-05,111.739,112.137,111.708,111.882,184929
2019-03-06,111.882,111.923,111.615,111.768,182535
2019-03-07,111.768,111.858,111.482,111.568,185028
2019-03-08,111.568,111.651,110.746,111.154,220262
2019-03-11,110.996,111.308,110.881,111.194,155651
2019-03-12,111.194,111.467,111.11,111.345,194159
2019-03-13,111.345,111.465,111.006,111.15,179073
2019-03-14,111.15,111.834,111.134,111.682,213235
2019-03-15,111.682,111.902,111.384,111.451,193896
2019-03-18,111.45,111.629,111.296,111.43,155445
2019-03-19,111.43,111.476,111.158,111.393,159944
2019-03-20,111.393,111.694,110.535,110.687,223712
2019-03-21,110.687,110.959,110.297,110.801,222828
2019-03-22,110.801,110.897,109.741,109.903,320592
2019-03-25,109.903,110.24,109.705,109.965,285036
2019-03-26,109.965,110.69,109.913,110.621,273178
2019-03-27,110.621,110.713,110.235,110.504,320717
2019-03-28,110.504,110.831,110.019,110.615,313076
2019-03-29,110.615,110.949,110.533,110.853,256360
2019-04-01,111.019,111.444,110.802,111.343,231166
2019-04-02,111.343,111.456,111.248,111.318,169778
2019-04-03,111.318,111.579,111.208,111.482,213508
2019-04-04,111.482,111.681,111.334,111.655,168774
2019-04-05,111.655,111.824,111.526,111.7,176402
2019-04-08,111.663,111.753,111.282,111.462,176991
2019-04-09,111.462,111.579,110.98,111.123,174530
2019-04-10,111.123,111.281,110.843,110.998,191162
2019-04-11,110.998,111.696,110.897,111.636,185668
2019-04-12,111.636,112.097,111.585,112.005,201531
2019-04-15,111.946,112.097,111.886,112.034,151094
2019-04-16,112.034,112.046,111.845,111.995,188606
2019-04-17,111.995,112.166,111.922,112.06,179253
2019-04-18,112.06,112.062,111.765,111.972,202771
2019-04-19,111.972,112.007,111.895,111.916,262865
2019-04-22,111.856,111.992,111.837,111.934,129246
2019-04-23,111.934,112.034,111.65,111.85,167295
2019-04-24,111.85,112.4,111.682,112.172,197325
2019-04-25,112.172,112.239,111.364,111.599,218157
2019-04-26,111.599,112.03,111.428,111.536,231587
2019-04-29,111.543,111.899,111.539,111.645,122051
2019-04-30,111.645,111.69,111.236,111.416,173999
2019-05-01,111.416,111.613,111.049,111.371,164805
2019-05-02,111.371,111.666,111.349,111.488,174966
2019-05-03,111.488,111.688,111.069,111.079,187100
2019-05-06,110.6,110.959,110.281,110.744,251585
2019-05-07,110.744,110.854,110.17,110.234,267421
2019-05-08,110.234,110.292,109.903,110.095,304995
2019-05-09,110.095,110.115,109.471,109.762,338662
2019-05-10,109.762,110.05,109.471,109.94,369832
2019-05-13,109.752,109.835,109.019,109.31,313545
2019-05-14,109.31,109.774,109.145,109.593,225832
2019-05-15,109.593,109.703,109.153,109.595,260236
2019-05-16,109.595,109.968,109.336,109.838,220781
2019-05-17,109.838,110.194,109.493,110.058,314985
2019-05-20,110.104,110.318,109.808,110.06,262390
2019-05-21,110.06,110.673,110.005,110.495,234807
2019-05-22,110.495,110.626,110.24,110.352,213210
2019-05-23,110.352,110.365,109.458,109.607,261109
2019-05-24,109.607,109.745,109.273,109.276,186960
2019-05-27,109.334,109.586,109.28,109.506,128131
2019-05-28,109.506,109.629,109.21,109.372,216626
2019-05-29,109.372,109.699,109.149,109.593,258701
2019-05-30,109.593,109.926,109.473,109.621,211668
2019-05-31,109.621,109.624,108.276,108.282,332237
2019-06-03,108.278,108.446,107.883,108.062,289872
2019-06-04,108.062,108.36,107.846,108.145,253150
2019-06-05,108.145,108.486,107.815,108.462,276186
2019-06-06,108.462,108.563,108.025,108.394,260580
2019-06-07,108.394,108.618,107.881,108.16,255143
2019-06-10,108.47,108.716,108.311,108.444,180156
2019-06-11,108.444,108.802,108.35,108.517,184272
2019-06-12,108.517,108.568,108.218,108.504,205083
2019-06-13,108.504,108.538,108.164,108.364,204808
2019-06-14,108.364,108.588,108.158,108.563,181186
2019-06-17,108.48,108.724,108.464,108.523,142850
2019-06-18,108.523,108.677,108.059,108.446,274049
2019-06-19,108.446,108.617,107.901,108.1,254796
2019-06-20,108.1,108.143,107.212,107.295,337660
2019-06-21,107.295,107.735,107.049,107.31,275894
2019-06-24,107.299,107.537,107.248,107.296,207089
2019-06-25,107.296,107.41,106.78,107.161,320820
2019-06-26,107.161,107.85,107.101,107.787,234145
2019-06-27,107.787,108.162,107.649,107.778,218015
2019-06-28,107.778,107.933,107.562,107.912,213048
2019-07-01,108.182,108.533,108.102,108.44,243870
2019-07-02,108.44,108.475,107.766,107.88,202012
2019-07-03,107.88,107.92,107.533,107.795,190857
2019-07-04,107.795,107.843,107.708,107.808,103864
2019-07-05,107.808,108.638,107.764,108.457,200579
2019-07-08,108.412,108.806,108.28,108.721,161228
2019-07-09,108.721,108.964,108.676,108.853,143791
2019-07-10,108.853,108.991,108.347,108.458,196127
2019-07-11,108.458,108.533,107.859,108.493,194655
2019-07-12,108.493,108.61,107.804,107.892,188037
2019-07-15,107.963,108.11,107.799,107.914,179500
2019-07-16,107.914,108.376,107.82,108.243,214061
2019-07-17,108.243,108.328,107.935,107.947,166530
2019-07-18,107.947,108.016,107.211,107.29,233377
2019-07-19,107.29,107.978,107.217,107.689,239187
2019-07-22,107.723,108.07,107.696,107.873,188055
2019-07-23,107.873,108.29,107.825,108.212,175855
2019-07-24,108.212,108.277,107.932,108.181,156526
2019-07-25,108.181,108.757,108.042,108.626,200431
2019-07-26,108.626,108.828,108.561,108.633,145240
2019-07-29,108.655,108.899,108.421,108.783,109562
2019-07-30,108.783,108.948,108.452,108.59,197220
2019-07-31,108.59,108.999,108.49,108.751,260773
2019-08-01,108.751,109.317,107.256,107.333,344146
2019-08-02,107.333,107.568,106.508,106.569,464037
2019-08-05,106.58,106.683,105.786,105.951,484221
2019-08-06,105.951,107.09,105.52,106.459,464655
2019-08-07,106.459,106.468,105.495,106.267,481749
2019-08-08,106.267,106.303,105.894,106.059,329751
2019-08-09,106.059,106.077,105.267,105.684,259961
2019-08-12,105.554,105.691,105.05,105.294,215028
2019-08-13,105.294,106.977,105.066,106.738,389880
2019-08-14,106.738,106.767,105.65,105.907,371676
2019-08-15,105.907,106.78,105.702,106.124,464963
2019-08-16,106.124,106.494,106.025,106.339,271517
2019-08-19,106.249,106.698,106.242,106.633,185310
2019-08-20,106.633,106.691,106.16,106.224,197074
2019-08-21,106.224,106.646,106.221,106.614,174755
2019-08-22,106.614,106.653,106.251,106.432,218425
2019-08-23,106.432,106.733,105.255,105.352,347732
2019-08-26,104.969,106.415,104.446,106.094,492950
2019-08-27,106.094,106.151,105.591,105.721,302815
2019-08-28,105.721,106.229,105.651,106.114,265899
2019-08-29,106.114,106.683,105.828,106.514,260923
2019-08-30,106.514,106.545,106.104,106.249,255875
2019-09-02,106.073,106.4,105.899,106.196,146392
2019-09-03,106.196,106.386,105.738,105.927,281481
2019-09-04,105.927,106.447,105.828,106.365,224413
2019-09-05,106.365,107.23,106.324,106.927,289917
2019-09-06,106.927,107.102,106.623,106.897,250480
2019-09-09,106.809,107.275,106.762,107.24,204030
2019-09-10,107.24,107.585,107.18,107.536,229944
2019-09-11,107.536,107.857,107.479,107.799,205904
2019-09-12,107.799,108.188,107.522,108.095,343766
2019-09-13,108.095,108.259,107.905,108.062,217649
2019-09-16,107.464,108.169,107.449,108.112,254928
2019-09-17,108.112,108.371,108.022,108.104,230119
2019-09-18,108.104,108.477,108.085,108.447,230154
2019-09-19,108.447,108.474,107.786,108.01,263565
2019-09-20,108.01,108.088,107.522,107.536,236026
2019-09-23,107.719,107.77,107.311,107.534,192050
2019-09-24,107.534,107.8,106.96,107.049,266487
2019-09-25,107.049,107.883,106.995,107.766,276844
2019-09-26,107.766,107.959,107.422,107.834,228619
2019-09-27,107.834,108.181,107.656,107.932,265719
2019-09-30,107.959,108.178,107.744,108.08,197560
2019-10-01,108.08,108.469,107.625,107.738,241183
2019-10-02,107.738,107.892,107.045,107.178,258931
2019-10-03,107.178,107.298,106.483,106.912,317330
2019-10-04,106.912,107.133,106.549,106.901,241070
2019-10-07,106.646,107.464,106.635,107.249,193860
2019-10-08,107.249,107.444,106.803,107.084,274542
2019-10-09,107.084,107.628,106.933,107.475,205034
2019-10-10,107.475,108.02,107.034,107.953,334978
2019-10-11,107.953,108.627,107.84,108.437,313830
2019-10-14,108.324,108.522,108.031,108.396,170826
2019-10-15,108.396,108.899,108.156,108.85,210829
2019-10-16,108.85,108.865,108.558,108.767,239413
2019-10-17,108.767,108.939,108.451,108.632,239343
2019-10-18,108.632,108.723,108.377,108.383,188777
2019-10-21,108.405,108.664,108.291,108.608,189308
2019-10-22,108.608,108.726,108.44,108.483,158687
2019-10-23,108.483,108.705,108.249,108.692,190385
2019-10-24,108.692,108.753,108.494,108.606,175540
2019-10-25,108.606,108.773,108.509,108.663,157400
2019-10-28,108.729,109.039,108.658,108.935,134731
2019-10-29,108.935,109.068,108.748,108.887,150854
2019-10-30,108.887,109.286,108.719,108.831,178862
2019-10-31,108.831,108.906,107.927,108.029,217755
2019-11-01,108.029,108.325,107.886,108.162,185701
2019-11-04,108.217,108.65,108.181,108.573,131480
2019-11-05,108.573,109.255,108.534,109.152,193006
2019-11-06,109.152,109.183,108.817,108.975,178137
2019-11-07,108.975,109.488,108.647,109.281,227245
2019-11-08,109.281,109.477,109.077,109.213,192659
2019-11-11,109.194,109.255,108.896,109.048,115912
2019-11-12,109.048,109.295,108.923,109,193718
2019-11-13,109,109.151,108.654,108.815,191660
2019-11-14,108.815,108.863,108.242,108.407,199870
2019-11-15,108.407,108.855,108.363,108.744,152648
2019-11-18,108.773,109.073,108.512,108.678,173393
2019-11-19,108.678,108.836,108.451,108.539,185946
2019-11-20,108.539,108.74,108.347,108.602,232611
2019-11-21,108.602,108.697,108.277,108.617,246372
2019-11-22,108.617,108.732,108.476,108.627,188727
2019-11-25,108.671,108.979,108.63,108.914,134709
2019-11-26,108.914,109.207,108.874,109.039,159380
2019-11-27,109.039,109.608,109.007,109.524,136624
2019-11-28,109.524,109.557,109.332,109.513,113447
2019-11-29,109.513,109.669,109.398,109.488,144987
2019-12-02,109.518,109.727,108.924,108.972,172499
2019-12-03,108.972,109.207,108.482,108.629,211978
2019-12-04,108.629,108.963,108.427,108.864,197899
2019-12-05,108.864,108.997,108.655,108.759,167811
2019-12-06,108.759,108.923,108.461,108.558,162659
2019-12-09,108.609,108.677,108.429,108.555,113907
2019-12-10,108.555,108.769,108.514,108.717,154071
2019-12-11,108.717,108.857,108.464,108.557,145931
2019-12-12,108.557,109.457,108.456,109.29,440672
2019-12-13,109.29,109.707,108.922,109.317,309979
2019-12-16,109.277,109.676,109.247,109.542,125277
2019-12-17,109.542,109.634,109.444,109.476,110926
2019-12-18,109.476,109.627,109.4,109.541,113098
2019-12-19,109.541,109.685,109.181,109.364,125442
2019-12-20,109.364,109.526,109.254,109.474,105194
2019-12-23,109.406,109.538,109.339,109.394,111494
2019-12-24,109.394,109.44,109.325,109.354,98297
2019-12-25,109.38,109.782,109.31,109.383,0
2019-12-26,109.354,109.683,109.354,109.624,58186
2019-12-27,109.624,109.624,109.389,109.439,193675
2019-12-30,109.429,109.477,108.768,108.874,144449
2019-12-31,108.874,108.885,108.469,108.623,123010
2020-01-01,108.68,111.41,108.63,108.681,0
2020-01-02,108.623,108.866,108.211,108.569,104650
2020-01-03,108.569,108.63,107.84,108.123,249472
2020-01-06,107.84,108.506,107.771,108.369,215961
2020-01-07,108.369,108.629,108.26,108.428,191467
2020-01-08,108.428,109.245,107.65,109.106,445734
2020-01-09,109.106,109.582,109.011,109.518,197606
2020-01-10,109.518,109.689,109.433,109.478,142791
2020-01-13,109.503,109.947,109.503,109.944,125486
2020-01-14,109.944,110.214,109.852,109.982,186928
2020-01-15,109.982,110.011,109.789,109.897,155661
2020-01-16,109.897,110.179,109.85,110.16,129501
2020-01-17,110.16,110.29,110.046,110.149,129811
2020-01-20,110.068,110.218,110.068,110.182,95821
2020-01-21,110.182,110.223,109.76,109.861,193180
2020-01-22,109.861,110.101,109.831,109.837,159472
2020-01-23,109.837,109.862,109.266,109.49,206679
2020-01-24,109.49,109.654,109.172,109.25,182164
2020-01-27,108.894,109.139,108.729,108.892,282587
2020-01-28,108.892,109.204,108.757,109.146,208395
2020-01-29,109.146,109.267,108.975,109.012,199021
2020-01-30,109.012,109.063,108.583,108.939,322242
2020-01-31,108.939,109.135,108.311,108.351,285730
2020-02-03,108.474,108.799,108.315,108.666,306233
2020-02-04,108.666,109.545,108.548,109.52,222472
2020-02-05,109.52,109.847,109.303,109.818,247123
2020-02-06,109.818,110.003,109.734,109.988,188353
2020-02-07,109.988,110.023,109.533,109.757,218478
2020-02-10,109.68,109.879,109.562,109.773,206385
2020-02-11,109.773,109.966,109.727,109.785,162690
2020-02-12,109.785,110.134,109.766,110.091,160983
2020-02-13,110.091,110.095,109.619,109.817,233908
2020-02-14,109.817,109.912,109.698,109.773,162342
2020-02-17,109.845,109.96,109.719,109.879,98315
2020-02-18,109.879,109.948,109.658,109.872,179343
2020-02-19,109.872,111.593,109.842,111.365,187835
2020-02-20,111.365,112.228,111.112,112.081,309746
2020-02-21,112.081,112.187,111.472,111.597,275105
2020-02-24,111.267,111.684,110.333,110.692,363960
2020-02-25,110.692,111.041,109.891,110.195,473407
2020-02-26,110.195,110.702,110.129,110.421,530471
2020-02-27,110.421,110.456,109.538,109.58,634683
2020-02-28,109.58,109.681,107.51,107.954,859451
2020-03-02,107.385,108.578,107.364,108.288,711612
2020-03-03,108.288,108.537,106.928,107.094,761221
2020-03-04,107.094,107.689,106.848,107.523,526881
2020-03-05,107.523,107.74,105.968,106.156,466764
2020-03-06,106.156,106.344,104.992,105.341,801412
2020-03-09,104.186,104.598,101.18,102.357,1176535
2020-03-10,102.357,105.919,102.004,105.633,1255046
2020-03-11,105.633,105.642,104.093,104.51,911037
2020-03-12,104.51,106.099,103.081,104.631,1353326
2020-03-13,104.631,108.505,104.503,107.96,1387780
2020-03-16,107.045,107.568,105.147,105.855,1360439
2020-03-17,105.855,107.862,105.855,107.665,1751845
2020-03-18,107.665,108.653,106.753,108.037,1527593
2020-03-19,108.037,110.955,107.843,110.708,1893746
2020-03-20,110.708,111.504,109.329,110.753,1891423
2020-03-23,110.762,111.594,109.668,111.204,1507743
2020-03-24,111.204,111.715,110.081,111.212,1245066
2020-03-25,111.212,111.68,110.752,111.198,994957
2020-03-26,111.198,111.301,109.208,109.549,1003751
2020-03-27,109.549,109.717,107.75,107.91,775546
2020-03-30,107.686,108.295,107.122,107.756,640712
2020-03-31,107.756,108.729,107.462,107.494,713296
2020-04-01,107.494,107.939,106.92,107.159,514093
2020-04-02,107.159,108.096,107.017,107.86,495328
2020-04-03,107.86,108.678,107.8,108.382,397504
2020-04-06,108.356,109.382,108.349,109.189,412387
2020-04-07,109.189,109.277,108.671,108.728,394158
2020-04-08,108.728,109.103,108.504,108.807,347963
2020-04-09,108.807,109.063,108.207,108.473,329443
2020-04-10,108.473,108.587,108.321,108.359,108299
2020-04-13,108.399,108.526,107.5,107.762,250518
2020-04-14,107.762,107.764,106.979,107.21,246583
2020-04-15,107.21,107.873,106.926,107.414,311349
2020-04-16,107.414,108.083,107.165,107.914,337762
2020-04-17,107.914,108.084,107.3,107.515,349969
2020-04-20,107.515,107.949,107.47,107.606,226853
2020-04-21,107.606,107.893,107.282,107.752,303848
2020-04-22,107.752,107.938,107.514,107.734,212129
2020-04-23,107.734,108.045,107.346,107.569,296013
2020-04-24,107.569,107.76,107.367,107.442,223363
2020-04-27,107.529,107.624,106.993,107.234,238088
2020-04-28,107.234,107.339,106.56,106.867,248610
2020-04-29,106.867,106.895,106.358,106.608,227086
2020-04-30,106.608,107.499,106.407,107.133,326594
2020-05-01,107.133,107.405,106.604,106.882,242327
2020-05-04,106.882,107.069,106.633,106.705,206638
2020-05-05,106.705,106.894,106.416,106.537,185278
2020-05-06,106.537,106.601,105.987,106.092,199811
2020-05-07,106.092,106.656,105.99,106.243,206395
2020-05-08,106.243,106.746,106.22,106.615,207464
2020-05-11,106.497,107.769,106.497,107.633,219628
2020-05-12,107.633,107.694,107.106,107.108,199733
2020-05-13,107.108,107.278,106.744,107.018,239120
2020-05-14,107.018,107.367,106.776,107.22,222565
2020-05-15,107.22,107.435,106.858,107.075,202934
2020-05-18,107.069,107.505,107.061,107.303,200318
2020-05-19,107.303,108.087,107.264,107.696,223649
2020-05-20,107.696,107.984,107.337,107.508,173246
2020-05-21,107.508,107.849,107.508,107.604,189628
2020-05-22,107.604,107.763,107.322,107.601,168381
2020-05-25,107.599,107.782,107.551,107.673,112616
2020-05-26,107.673,107.923,107.401,107.507,191402
2020-05-27,107.507,107.947,107.365,107.712,274980
2020-05-28,107.712,107.903,107.57,107.597,251491
2020-05-29,107.597,107.897,107.077,107.773,325653
2020-06-01,107.662,107.856,107.379,107.587,222488
2020-06-02,107.587,108.773,107.514,108.663,259791
2020-06-03,108.663,108.983,108.423,108.901,276485
2020-06-04,108.901,109.198,108.614,109.11,316841
2020-06-05,109.11,109.85,109.033,109.562,319785
2020-06-08,109.599,109.691,108.234,108.426,250643
2020-06-09,108.426,108.543,107.62,107.718,330537
2020-06-10,107.718,107.874,106.989,107.114,359935
2020-06-11,107.114,107.235,106.573,106.862,355540
2020-06-12,106.862,107.553,106.584,107.358,357479
2020-06-15,107.303,107.568,107.001,107.334,299494
2020-06-16,107.334,107.64,107.211,107.314,331104
2020-06-17,107.314,107.442,106.951,107.004,237854
2020-06-18,107.004,107.13,106.666,106.969,280691
2020-06-19,106.969,107.058,106.767,106.845,209503
2020-06-22,106.767,107.011,106.737,106.898,202343
2020-06-23,106.898,107.222,106.073,106.517,291020
2020-06-24,106.517,107.073,106.383,107.042,251206
2020-06-25,107.042,107.453,106.953,107.192,239267
2020-06-26,107.192,107.361,106.797,107.193,219962
2020-06-29,107.087,107.884,107.04,107.574,205119
2020-06-30,107.574,107.984,107.52,107.921,233477
2020-07-01,107.921,108.165,107.361,107.468,201039
2020-07-02,107.468,107.725,107.333,107.493,163062
2020-07-03,107.493,107.569,107.434,107.486,105827
2020-07-06,107.455,107.772,107.258,107.334,128244
2020-07-07,107.334,107.791,107.245,107.516,138748
2020-07-08,107.516,107.711,107.201,107.255,125405
2020-07-09,107.255,107.397,107.097,107.198,178025
2020-07-10,107.198,107.264,106.636,106.892,151760
2020-07-13,106.884,107.319,106.787,107.29,131483
2020-07-14,107.29,107.435,107.118,107.233,189490
2020-07-15,107.233,107.31,106.666,106.931,171814
2020-07-16,106.931,107.402,106.833,107.21,173810
2020-07-17,107.21,107.362,106.939,107.014,135795
2020-07-20,107.014,107.545,107.013,107.247,159784
2020-07-21,107.247,107.368,106.679,106.793,176453
2020-07-22,106.793,107.289,106.711,107.152,174734
2020-07-23,107.152,107.229,106.711,106.859,145894
2020-07-24,106.859,106.905,105.682,106.076,232360
2020-07-27,106.008,106.105,105.116,105.369,234885
2020-07-28,105.369,105.687,104.956,105.09,218994
2020-07-29,105.09,105.242,104.772,104.918,245106
2020-07-30,104.918,105.296,104.68,104.725,243617
2020-07-31,104.725,106.055,104.185,105.85,396995
2020-08-03,105.752,106.472,105.581,105.949,364017
2020-08-04,105.949,106.195,105.638,105.714,209234
2020-08-05,105.714,105.874,105.321,105.597,257063
2020-08-06,105.597,105.698,105.301,105.544,251022
2020-08-07,105.544,106.057,105.458,105.904,246097
2020-08-10,105.852,106.203,105.708,105.958,161834
2020-08-11,105.958,106.685,105.876,106.487,243814
2020-08-12,106.487,107.015,106.44,106.906,248987
2020-08-13,106.906,107.05,106.566,106.922,214737
2020-08-14,106.922,107.039,106.435,106.541,164248
2020-08-17,106.541,106.654,105.943,106.002,165506
2020-08-18,106.002,106.052,105.283,105.401,215578
2020-08-19,105.401,106.152,105.103,106.103,247787
2020-08-20,106.103,106.219,105.745,105.791,251127
2020-08-21,105.791,106.072,105.442,105.758,206046
2020-08-24,105.767,105.998,105.69,105.973,164226
2020-08-25,105.973,106.578,105.871,106.384,200060
2020-08-26,106.384,106.556,105.956,105.981,179617
2020-08-27,105.981,106.701,105.601,106.561,337575
2020-08-28,106.561,106.947,105.202,105.339,364098
2020-08-31,105.452,106.096,105.291,105.899,251450
2020-09-01,105.899,106.152,105.593,105.944,255027
2020-09-02,105.944,106.302,105.85,106.177,202646
2020-09-03,106.177,106.552,106.003,106.181,225986
2020-09-04,106.181,106.506,106.056,106.208,196762
2020-09-07,106.241,106.386,106.132,106.236,126147
2020-09-08,106.236,106.382,105.861,106.023,183728
2020-09-09,106.023,106.274,105.789,106.175,189241
2020-09-10,106.175,106.303,105.981,106.122,181986
2020-09-11,106.122,106.266,106.056,106.137,154194
2020-09-14,106.088,106.166,105.546,105.716,128878
2020-09-15,105.716,105.814,105.299,105.439,160032
2020-09-16,105.439,105.439,104.798,104.941,228003
2020-09-17,104.941,105.175,104.525,104.738,208613
2020-09-18,104.738,104.873,104.273,104.55,167274
2020-09-21,104.483,104.907,104,104.643,229195
2020-09-22,104.643,105.077,104.406,104.924,191036
2020-09-23,104.924,105.497,104.845,105.355,214602
2020-09-24,105.355,105.531,105.205,105.39,210247
2020-09-25,105.39,105.7,105.24,105.551,181910
2020-09-28,105.475,105.693,105.264,105.446,172838
2020-09-29,105.446,105.735,105.342,105.612,212254
2020-09-30,105.612,105.804,105.401,105.413,248106
2020-10-01,105.413,105.728,105.402,105.501,239013
2020-10-02,105.501,105.666,104.942,105.314,274222
2020-10-05,105.242,105.796,105.234,105.744,194031
2020-10-06,105.744,105.785,105.469,105.603,216186
2020-10-07,105.603,106.108,105.597,105.947,191983
2020-10-08,105.947,106.108,105.924,106.018,164610
2020-10-09,106.018,106.042,105.58,105.594,182667
2020-10-12,105.722,105.795,105.241,105.327,181298
2020-10-13,105.327,105.629,105.261,105.467,197466
2020-10-14,105.467,105.516,105.037,105.161,165565
2020-10-15,105.161,105.494,105.049,105.423,191677
2020-10-16,105.423,105.443,105.19,105.377,194805
2020-10-19,105.371,105.502,105.3,105.433,172613
2020-10-20,105.433,105.749,105.323,105.487,184512
2020-10-21,105.487,105.526,104.341,104.588,192971
2020-10-22,104.588,104.924,104.476,104.832,143351
2020-10-23,104.832,104.936,104.548,104.684,146552
2020-10-26,104.659,105.055,104.649,104.83,161687
2020-10-27,104.83,104.89,104.389,104.414,135467
2020-10-28,104.414,104.556,104.114,104.321,179975
2020-10-29,104.321,104.727,104.025,104.572,199557
2020-10-30,104.572,104.743,104.125,104.646,231977
2020-11-02,104.498,104.949,104.49,104.668,181637
2020-11-03,104.668,104.802,104.422,104.425,256842
2020-11-04,104.425,105.347,104.15,104.493,480587
2020-11-05,104.493,104.544,103.441,103.446,308264
2020-11-06,103.446,103.759,103.176,103.342,332082
2020-11-09,103.306,105.647,103.186,105.357,405467
2020-11-10,105.357,105.487,104.82,105.256,297558
2020-11-11,105.256,105.677,105.007,105.426,203918
2020-11-12,105.426,105.478,105.07,105.13,201159
2020-11-13,105.13,105.15,104.555,104.555,212282
2020-11-16,104.708,105.138,104.363,104.568,222225
2020-11-17,104.568,104.6,104.071,104.184,189463
2020-11-18,104.184,104.203,103.652,103.796,186380
2020-11-19,103.796,104.216,103.718,103.74,201615
2020-11-20,103.74,103.911,103.701,103.824,162825
2020-11-23,103.73,104.638,103.683,104.441,218699
2020-11-24,104.441,104.763,104.147,104.424,212670
2020-11-25,104.424,104.599,104.256,104.434,207735
2020-11-26,104.434,104.47,104.214,104.227,185966
2020-11-27,104.227,104.278,103.905,104.041,136014
2020-11-30,104.008,104.411,103.833,104.297,203118
2020-12-01,104.297,104.579,104.181,104.285,189166
2020-12-02,104.285,104.753,104.225,104.403,227271
2020-12-03,104.403,104.537,103.671,103.83,214184
2020-12-04,103.83,104.245,103.738,104.17,225963
2020-12-07,104.026,104.313,103.922,104.046,229935
2020-12-08,104.046,104.207,103.954,104.144,218736
2020-12-09,104.144,104.406,104.052,104.187,206690
2020-12-10,104.187,104.579,104.138,104.224,236500
2020-12-11,104.224,104.268,103.823,103.964,215805
2020-12-14,103.98,104.104,103.512,104.02,210604
2020-12-15,104.02,104.151,103.605,103.654,169971
2020-12-16,103.654,103.918,103.262,103.43,192725
2020-12-17,103.43,103.561,102.874,103.065,199107
2020-12-18,103.065,103.595,103.056,103.236,198788
2020-12-21,103.49,103.89,103.251,103.289,278823
2020-12-22,103.289,103.734,103.279,103.616,207639
2020-12-23,103.616,103.653,103.357,103.515,200610
2020-12-24,103.515,103.767,103.492,103.665,112251
2020-12-25,103.621,103.655,103.214,103.653,0
2020-12-28,103.523,103.898,103.401,103.764,156237
2020-12-29,103.764,103.817,103.462,103.533,148850
2020-12-30,103.533,103.583,102.961,103.163,175594
2020-12-31,103.163,103.315,102.995,103.252,138192
2021-01-01,103.226,103.25,103.226,103.226,0
2021-01-04,103.06,103.316,102.712,103.106,231985
2021-01-05,103.106,103.191,102.605,102.714,203974
2021-01-06,102.714,103.443,102.591,103.01,297201
2021-01-07,103.01,103.956,102.949,103.773,239454
2021-01-08,103.773,104.094,103.603,103.952,272942
2021-01-11,103.849,104.397,103.83,104.239,187884
2021-01-12,104.239,104.335,103.719,103.747,198540
2021-01-13,103.747,103.997,103.524,103.869,178669
2021-01-14,103.869,104.198,103.565,103.802,219775
2021-01-15,103.802,103.914,103.616,103.82,166598
2021-01-18,103.79,103.93,103.636,103.683,170151
2021-01-19,103.683,104.086,103.652,103.901,168569
2021-01-20,103.901,103.929,103.447,103.533,160179
2021-01-21,103.533,103.668,103.327,103.48,184426
2021-01-22,103.48,103.886,103.467,103.705,164933
2021-01-25,103.76,103.937,103.673,103.757,147190
2021-01-26,103.757,103.828,103.556,103.609,145333
2021-01-27,103.609,104.2,103.577,104.087,167127
2021-01-28,104.087,104.463,104.046,104.193,173453
2021-01-29,104.193,104.941,104.173,104.675,196148
2021-02-01,104.77,105.034,104.608,104.922,143030
2021-02-02,104.922,105.173,104.829,104.954,148042
2021-02-03,104.954,105.105,104.921,105.027,122010
2021-02-04,105.027,105.565,104.975,105.496,141050
2021-02-05,105.496,105.768,105.309,105.317,163935
2021-02-08,105.313,105.672,105.15,105.211,145857
2021-02-09,105.211,105.262,104.497,104.555,179795
2021-02-10,104.555,104.842,104.409,104.584,154423
2021-02-11,104.584,104.805,104.549,104.739,109564
2021-02-12,104.739,105.181,104.681,104.919,116119
2021-02-15,104.891,105.418,104.89,105.358,111305
2021-02-16,105.358,106.073,105.181,106.036,141811
2021-02-17,106.036,106.225,105.78,105.867,163466
2021-02-18,105.867,105.924,105.597,105.678,128792
2021-02-19,105.678,105.743,105.24,105.396,134720
2021-02-22,105.386,105.844,104.982,105.064,158024
2021-02-23,105.064,105.428,104.921,105.243,143834
2021-02-24,105.243,106.104,105.171,105.847,187823
2021-02-25,105.847,106.405,105.811,106.139,520854
2021-02-26,106.139,106.693,105.848,106.509,297279
2021-03-01,106.483,106.889,106.366,106.76,168050
2021-03-02,106.76,106.957,106.66,106.684,152189
2021-03-03,106.684,107.153,106.673,107.009,176795
2021-03-04,107.009,107.987,106.956,107.968,189610
2021-03-05,107.968,108.644,107.819,108.362,250437
2021-03-08,108.315,108.943,108.286,108.832,176845
2021-03-09,108.832,109.233,108.415,108.475,216952
2021-03-10,108.475,108.92,108.337,108.364,207940
2021-03-11,108.364,108.812,108.347,108.493,189750
2021-03-12,108.493,109.166,108.488,109.024,187922
2021-03-15,108.981,109.365,108.914,109.118,164091
2021-03-16,109.118,109.287,108.771,108.987,156574
2021-03-17,108.987,109.325,108.742,108.836,171294
2021-03-18,108.836,109.304,108.623,108.878,231344
2021-03-19,108.878,109.131,108.607,108.849,197284
2021-03-22,108.603,108.956,108.579,108.838,141641
2021-03-23,108.838,108.873,108.406,108.572,157771
2021-03-24,108.572,108.957,108.451,108.719,140669
2021-03-25,108.719,109.238,108.706,109.176,153725
2021-03-26,109.176,109.848,109.13,109.669,144032
2021-03-29,109.723,109.845,109.373,109.764,144124
2021-03-30,109.764,110.426,109.725,110.345,154603
2021-03-31,110.345,110.966,110.274,110.674,196248
2021-04-01,110.674,110.848,110.545,110.59,146902
2021-04-02,110.59,110.75,110.374,110.643,129877
2021-04-05,110.599,110.749,109.96,110.166,129818
2021-04-06,110.166,110.551,109.669,109.73,163564
2021-04-07,109.73,109.941,109.578,109.835,180956
2021-04-08,109.835,109.904,108.999,109.248,170307
2021-04-09,109.248,109.96,109.193,109.614,153062
2021-04-12,109.614,109.77,109.246,109.373,119203
2021-04-13,109.373,109.751,109.017,109.061,164663
2021-04-14,109.061,109.096,108.752,108.914,147156
2021-04-15,108.914,108.964,108.612,108.743,145972
2021-04-16,108.743,108.965,108.611,108.736,134274
2021-04-19,108.735,108.835,108.008,108.142,167888
2021-04-20,108.142,108.548,107.974,108.077,163532
2021-04-21,108.077,108.281,107.874,108.025,134247
2021-04-22,108.025,108.233,107.814,107.955,146938
2021-04-23,107.955,108.146,107.477,107.867,151745
2021-04-26,107.894,108.197,107.643,108.079,148002
2021-04-27,108.079,108.774,108.062,108.687,134974
2021-04-28,108.687,109.08,108.57,108.579,175518
2021-04-29,108.579,109.222,108.434,108.924,141732
2021-04-30,108.924,109.373,108.712,109.29,161832
2021-05-03,109.267,109.698,108.894,109.067,136049
2021-05-04,109.067,109.488,109.005,109.293,167481
2021-05-05,109.293,109.482,109.142,109.19,135501
2021-05-06,109.19,109.427,109.001,109.084,180537
2021-05-07,109.084,109.289,108.335,108.543,233387
2021-05-10,108.571,109.056,108.468,108.794,182301
2021-05-11,108.794,108.982,108.349,108.612,188507
2021-05-12,108.612,109.707,108.558,109.621,232071
2021-05-13,109.621,109.786,109.406,109.427,224890
2021-05-14,109.427,109.656,109.189,109.335,156028
2021-05-17,109.244,109.502,109.073,109.167,136593
2021-05-18,109.167,109.283,108.835,108.88,143434
2021-05-19,108.88,109.337,108.571,109.202,209430
2021-05-20,109.202,109.308,108.748,108.763,170378
2021-05-21,108.763,109.004,108.612,108.913,154661
2021-05-24,108.88,108.995,108.696,108.735,138492
2021-05-25,108.735,109.074,108.559,108.745,170014
2021-05-26,108.745,109.178,108.722,109.138,151543
2021-05-27,109.138,109.923,109.037,109.75,174450
2021-05-28,109.75,110.199,109.736,109.821,155612
2021-05-31,109.765,109.935,109.353,109.528,100899
2021-06-01,109.528,109.706,109.33,109.467,130056
2021-06-02,109.467,109.884,109.388,109.519,113320
2021-06-03,109.519,110.32,109.516,110.259,119603
2021-06-04,110.259,110.329,109.365,109.481,137076
2021-06-07,109.586,109.637,109.188,109.238,109195
2021-06-08,109.238,109.558,109.198,109.481,120006
2021-06-09,109.481,109.657,109.225,109.597,95606
2021-06-10,109.597,109.796,109.306,109.314,141408
2021-06-11,109.314,109.843,109.304,109.656,106870
2021-06-14,109.616,110.099,109.602,110.064,111775
2021-06-15,110.064,110.168,109.987,110.012,104881
2021-06-16,110.012,110.721,109.802,110.71,151940
2021-06-17,110.71,110.824,110.164,110.164,164280
2021-06-18,110.164,110.484,109.941,110.209,164006
2021-06-21,110.209,110.354,109.715,110.299,175387
2021-06-22,110.299,110.793,110.211,110.608,121143
2021-06-23,110.608,111.106,110.578,110.952,131414
2021-06-24,110.952,111.116,110.685,110.841,137606
2021-06-25,110.841,110.983,110.481,110.782,119036
2021-06-28,110.76,110.977,110.496,110.595,119875
2021-06-29,110.595,110.76,110.43,110.475,123893
2021-06-30,110.475,111.12,110.419,111.097,151297
2021-07-01,111.097,111.639,111.025,111.512,126511
2021-07-02,111.512,111.658,110.951,111.015,137714
2021-07-05,110.954,111.19,110.796,110.952,117736
2021-07-06,110.952,110.981,110.519,110.602,134023
2021-07-07,110.602,110.815,110.395,110.596,167515
2021-07-08,110.596,110.673,109.532,109.745,191254
2021-07-09,109.745,110.259,109.655,110.113,143099
2021-07-12,110.11,110.402,109.977,110.328,79214
2021-07-13,110.328,110.648,110.197,110.618,106655
2021-07-14,110.618,110.699,109.934,109.938,109193
2021-07-15,109.938,110.089,109.714,109.811,110136
2021-07-16,109.811,110.343,109.732,110.027,97770
2021-07-19,110.012,110.098,109.064,109.432,135997
2021-07-20,109.432,109.957,109.326,109.845,151023
2021-07-21,109.845,110.387,109.781,110.283,117961
2021-07-22,110.283,110.359,110.013,110.116,132019
2021-07-23,110.116,110.593,110.079,110.498,132092
2021-07-26,110.455,110.584,110.117,110.369,156833
2021-07-27,110.369,110.387,109.581,109.767,154548
2021-07-28,109.767,110.289,109.726,109.913,186513
2021-07-29,109.913,109.947,109.421,109.462,159673
2021-07-30,109.462,109.828,109.361,109.685,145970
2021-08-02,109.685,109.771,109.186,109.299,121626
2021-08-03,109.299,109.34,108.877,109.022,141296
2021-08-04,109.022,109.676,108.722,109.482,157965
2021-08-05,109.482,109.788,109.403,109.76,143736
2021-08-06,109.76,110.357,109.698,110.206,138882
2021-08-09,110.315,110.353,110.026,110.218,115362
2021-08-10,110.218,110.599,110.218,110.559,93713
2021-08-11,110.559,110.802,110.308,110.433,120296
2021-08-12,110.433,110.546,110.316,110.419,84270
2021-08-13,110.419,110.457,109.546,109.596,83930
2021-08-16,109.596,109.751,109.113,109.199,117299
2021-08-17,109.199,109.656,109.117,109.575,124866
2021-08-18,109.575,110.066,109.478,109.765,119420
2021-08-19,109.765,110.228,109.483,109.724,160348
2021-08-20,109.724,109.885,109.57,109.774,117006
2021-08-23,109.62,110.147,109.62,109.696,115258
2021-08-24,109.696,109.881,109.412,109.617,100283
2021-08-25,109.617,110.125,109.588,110.016,109698
2021-08-26,110.016,110.23,109.927,110.083,132039
2021-08-27,110.083,110.268,109.778,109.799,148605
2021-08-30,109.841,109.962,109.702,109.913,82546
2021-08-31,109.913,110.078,109.586,109.992,167852
2021-09-01,109.992,110.419,109.88,109.984,154751
2021-09-02,109.984,110.121,109.906,109.911,105768
2021-09-03,109.911,110.073,109.591,109.688,166838
2021-09-06,109.688,109.947,109.589,109.803,76808
2021-09-07,109.803,110.321,109.684,110.258,127925
2021-09-08,110.258,110.447,110.14,110.232,124155
2021-09-09,110.232,110.274,109.621,109.667,151508
2021-09-10,109.667,109.991,109.642,109.876,132452
2021-09-13,109.883,110.159,109.785,109.937,124677
2021-09-14,109.937,110.163,109.527,109.685,152546
2021-09-15,109.685,109.743,109.112,109.37,155652
2021-09-16,109.37,109.829,109.212,109.704,146892
2021-09-17,109.704,110.082,109.667,109.974,146001
2021-09-20,109.89,110.037,109.322,109.382,156165
2021-09-21,109.382,109.707,109.183,109.203,181665
2021-09-22,109.203,109.9,109.12,109.765,236237
2021-09-23,109.765,110.35,109.73,110.323,160616
2021-09-24,110.323,110.794,110.246,110.739,149499
2021-09-27,110.626,111.065,110.535,110.988,144415
2021-09-28,110.988,111.64,110.935,111.479,193356
2021-09-29,111.479,112.049,111.207,111.942,187264
2021-09-30,111.942,112.078,111.239,111.254,205538
2021-10-01,111.254,111.489,110.906,111.058,246296
2021-10-04,110.89,111.303,110.822,110.918,221818
2021-10-05,110.918,111.562,110.828,111.449,198308
2021-10-06,111.449,111.788,111.2,111.395,225253
2021-10-07,111.395,111.651,111.23,111.607,167205
2021-10-08,111.607,112.253,111.51,112.207,208883
2021-10-11,112.116,113.411,112.116,113.295,133687
2021-10-12,113.295,113.787,113.003,113.605,214975
2021-10-13,113.605,113.805,113.228,113.249,207781
2021-10-14,113.249,113.718,113.211,113.677,168713
2021-10-15,113.677,114.465,113.623,114.202,221646
2021-10-18,114.223,114.453,114.015,114.317,215676
2021-10-19,114.317,114.398,113.878,114.362,171568
2021-10-20,114.362,114.699,114.08,114.28,186512
2021-10-21,114.28,114.415,113.651,113.967,191048
2021-10-22,113.967,114.207,113.412,113.471,204989
2021-10-25,113.545,113.925,113.418,113.71,176177
2021-10-26,113.71,114.312,113.68,114.133,144510
2021-10-27,114.133,114.221,113.387,113.82,247162
2021-10-28,113.82,113.867,113.255,113.566,247679
2021-10-29,113.566,114.096,113.393,113.981,214094
2021-11-01,114.05,114.444,113.938,113.995,181734
2021-11-02,113.995,114.134,113.462,113.952,197042
2021-11-03,113.952,114.22,113.72,114,191861
2021-11-04,114,114.278,113.508,113.742,200828
2021-11-05,113.742,114.031,113.299,113.387,206296
2021-11-08,113.32,113.666,113.08,113.217,159563
2021-11-09,113.217,113.291,112.725,112.841,195665
2021-11-10,112.841,114.015,112.775,113.902,231811
2021-11-11,113.902,114.157,113.807,114.057,137833
2021-11-12,114.057,114.301,113.761,113.853,152136
2021-11-15,113.919,114.217,113.752,114.118,140106
2021-11-16,114.118,114.849,114.081,114.813,160505
2021-11-17,114.813,114.97,113.935,114.078,166551
2021-11-18,114.078,114.487,113.879,114.244,167316
2021-11-19,114.244,114.541,113.587,113.983,217560
2021-11-22,113.911,114.962,113.911,114.867,175719
2021-11-23,114.867,115.193,114.485,115.119,208298
2021-11-24,115.119,115.523,114.825,115.41,199165
2021-11-25,115.41,115.458,115.241,115.318,138180
2021-11-26,115.318,115.364,113.051,113.214,352549
2021-11-29,113.7,113.957,112.992,113.529,272490
2021-11-30,113.529,113.891,112.532,113.15,372527
2021-12-01,113.15,113.628,112.67,112.761,266295
2021-12-02,112.761,113.33,112.624,113.156,256800
2021-12-03,113.156,113.613,112.56,112.766,245013
2021-12-06,112.825,113.552,112.825,113.478,181032
2021-12-07,113.478,113.779,113.4,113.538,153133
2021-12-08,113.538,113.956,113.312,113.63,195727
2021-12-09,113.63,113.811,113.27,113.454,149256
2021-12-10,113.454,113.792,113.223,113.327,162966
2021-12-13,113.27,113.727,113.248,113.543,127459
2021-12-14,113.543,113.758,113.428,113.711,138294
2021-12-15,113.711,114.276,113.629,113.988,176542
2021-12-16,113.988,114.247,113.559,113.589,184790
2021-12-17,113.589,113.86,113.141,113.7,186992
2021-12-20,113.7,113.73,113.326,113.569,183414
2021-12-21,113.569,114.219,113.552,114.073,116430
2021-12-22,114.073,114.372,113.949,114.085,109254
2021-12-23,114.085,114.467,114.05,114.38,92668
2021-12-24,114.38,114.513,114.301,114.333,171165
2021-12-27,114.321,114.913,114.31,114.859,71898
2021-12-28,114.859,114.949,114.707,114.811,82860
2021-12-29,114.811,115.038,114.668,114.936,107166
2021-12-30,114.936,115.221,114.898,115.033,95404
2021-12-31,115.033,115.198,115.004,115.09,77075
2022-01-03,115.09,115.367,114.946,115.307,103768
2022-01-04,115.307,116.352,115.273,116.132,147657
2022-01-05,116.132,116.243,115.621,116.081,150238
2022-01-06,116.081,116.185,115.625,115.818,167334
2022-01-07,115.818,116.05,115.475,115.475,148703
2022-01-10,115.475,115.851,115.042,115.178,150590
2022-01-11,115.178,115.681,115.123,115.292,161287
2022-01-12,115.292,115.485,114.38,114.635,165619
2022-01-13,114.635,114.704,113.998,114.179,147792
2022-01-14,114.179,114.265,113.481,114.148,197119
2022-01-17,114.118,114.651,114.113,114.607,91566
2022-01-18,114.607,115.058,114.448,114.596,188532
2022-01-19,114.596,114.788,114.205,114.32,169646
2022-01-20,114.32,114.547,113.963,114.077,174065
2022-01-21,114.077,114.15,113.603,113.659,200755
2022-01-24,113.637,114,113.47,113.929,224369
2022-01-25,113.929,114.155,113.669,113.861,216479
2022-01-26,113.861,114.695,113.777,114.637,202238
2022-01-27,114.637,115.49,114.475,115.368,242817
2022-01-28,115.368,115.685,115.122,115.194,208519
2022-01-31,115.278,115.593,114.924,115.14,204616
2022-02-01,115.14,115.193,114.564,114.659,197328
2022-02-02,114.659,114.803,114.148,114.441,166890
2022-02-03,114.441,114.986,114.327,114.976,216119
2022-02-04,114.976,115.431,114.774,115.141,213965
2022-02-07,115.214,115.379,114.914,115.066,186387
2022-02-08,115.066,115.627,115.049,115.529,174653
2022-02-09,115.529,115.683,115.322,115.51,157753
2022-02-10,115.51,116.338,115.453,115.967,250314
2022-02-11,115.967,116.174,115.014,115.418,243228
2022-02-14,115.304,115.747,115.01,115.518,280209
2022-02-15,115.518,115.874,115.257,115.578,216818
2022-02-16,115.578,115.79,115.357,115.458,208937
2022-02-17,115.458,115.538,114.845,114.938,273382
2022-02-18,114.938,115.297,114.789,114.996,214036
2022-02-21,114.995,115.124,114.714,114.727,159610
2022-02-22,114.727,115.242,114.498,115.057,290337
2022-02-23,115.057,115.201,114.924,114.98,152321
2022-02-24,114.98,115.695,114.406,115.494,445691
2022-02-25,115.494,115.761,115.149,115.51,274294
2022-02-28,115.148,115.78,114.861,114.957,282148
2022-03-01,114.957,115.289,114.699,114.871,241661
2022-03-02,114.871,115.687,114.789,115.505,240331
2022-03-03,115.505,115.807,115.383,115.453,202364
2022-03-04,115.453,115.557,114.649,114.743,256879
2022-03-07,114.958,115.472,114.815,115.258,274337
2022-03-08,115.258,115.791,115.243,115.624,247129
2022-03-09,115.624,115.942,115.555,115.814,188288
2022-03-10,115.814,116.196,115.806,116.132,187187
2022-03-11,116.132,117.357,116.076,117.27,175515
2022-03-14,117.278,118.217,117.278,118.182,152265
2022-03-15,118.182,118.45,117.696,118.292,191585
2022-03-16,118.292,119.122,118.173,118.702,222012
2022-03-17,118.702,119.025,118.365,118.588,204767
2022-03-18,118.588,119.399,118.47,119.145,128841
2022-03-21,119.145,119.499,119.063,119.47,129976
2022-03-22,119.47,121.033,119.434,120.761,204861
2022-03-23,120.761,121.414,120.592,121.147,216419
2022-03-24,121.147,122.409,120.951,122.325,207219
2022-03-25,122.325,122.434,121.178,122.084,263922
2022-03-28,122.07,125.106,122.006,123.815,442808
2022-03-29,123.815,124.303,121.975,122.831,439177
2022-03-30,122.831,123.205,121.309,121.771,451951
2022-03-31,121.771,122.454,121.278,121.653,414286
2022-04-01,121.653,123.034,121.624,122.541,328529
2022-04-04,122.6,122.958,122.261,122.777,208737
2022-04-05,122.777,123.672,122.37,123.595,221490
2022-04-06,123.595,124.05,123.446,123.741,292744
2022-04-07,123.741,124.003,123.467,123.892,222958
2022-04-08,123.892,124.677,123.663,124.278,195339
2022-04-11,124.03,125.771,124.01,125.338,249410
2022-04-12,125.338,125.757,124.76,125.334,341534
2022-04-13,125.334,126.318,125.298,125.579,277755
2022-04-14,125.579,126.015,125.081,125.871,286204
2022-04-15,125.871,126.683,125.86,126.353,370556
2022-04-18,126.32,126.999,126.237,126.988,188509
2022-04-19,126.988,128.974,126.962,128.874,358219
2022-04-20,128.874,129.408,127.456,127.795,489861
2022-04-21,127.795,128.707,127.795,128.319,367256
2022-04-22,128.319,129.109,127.737,128.484,377653
2022-04-25,128.484,128.867,127.52,128.131,478003
2022-04-26,128.131,128.225,127.022,127.219,449192
2022-04-27,127.219,128.591,126.942,128.416,422876
2022-04-28,128.416,131.253,128.339,130.793,631365
2022-04-29,130.793,130.955,129.314,129.854,499139
2022-05-02,129.72,130.477,129.611,130.12,403420
2022-05-03,130.12,130.292,129.695,130.137,308860
2022-05-04,130.137,130.385,128.617,129.056,409012
2022-05-05,129.056,130.559,128.749,130.183,476539
2022-05-06,130.183,130.81,130.095,130.532,468446
2022-05-09,130.333,131.347,130.111,130.268,421782
2022-05-10,130.268,130.579,129.795,130.429,451482
2022-05-11,130.429,130.812,129.445,129.939,508428
2022-05-12,129.939,130.054,127.516,128.263,629598
2022-05-13,128.263,129.454,128.248,129.245,441033
2022-05-16,129.288,129.64,128.699,129.113,326968
2022-05-17,129.113,129.779,128.827,129.356,335534
2022-05-18,129.356,129.536,128.005,128.209,328906
2022-05-19,128.209,128.944,127.023,127.794,512963
2022-05-20,127.794,128.297,127.528,127.898,377356
2022-05-23,127.893,128.057,127.152,127.889,306606
2022-05-24,127.889,128.087,126.361,126.769,370058
2022-05-25,126.769,127.495,126.656,127.271,344270
2022-05-26,127.271,127.582,126.551,127.074,329704
2022-05-27,127.074,127.254,126.676,127.093,264444
2022-05-30,127.035,127.826,126.86,127.508,211344
2022-05-31,127.508,128.892,127.508,128.609,362535
2022-06-01,128.609,130.189,128.595,130.084,322403
2022-06-02,130.084,130.241,129.512,129.832,267011
2022-06-03,129.832,130.979,129.686,130.816,263916
2022-06-06,130.831,132.012,130.429,131.867,252129
2022-06-07,131.867,133.001,131.846,132.565,355287
2022-06-08,132.565,134.477,132.542,134.215,381972
2022-06-09,134.215,134.557,133.183,134.317,433658
2022-06-10,134.317,134.481,133.361,134.388,419948
2022-06-13,134.3,135.197,133.591,134.417,536848
2022-06-14,134.417,135.473,133.874,135.472,557475
2022-06-15,135.472,135.59,133.502,133.804,644415
2022-06-16,133.804,134.678,131.491,132.156,1332164
2022-06-17,132.156,135.423,132.154,134.855,690640
2022-06-20,134.9,135.441,134.53,135.043,388119
2022-06-21,135.043,136.708,134.922,136.596,445607
2022-06-22,136.596,136.713,135.684,136.192,524700
2022-06-23,136.192,136.216,134.266,134.936,580209
2022-06-24,134.936,135.4,134.349,135.165,480940
2022-06-27,135.165,135.551,134.522,135.462,464414
2022-06-28,135.462,136.384,135.109,136.123,484244
2022-06-29,136.123,137.003,135.762,136.59,536007
2022-06-30,136.59,136.81,135.548,135.655,498750
2022-07-01,135.655,135.987,134.74,135.229,520210
2022-07-04,135.295,135.775,134.781,135.608,308617
2022-07-05,135.608,136.362,135.514,135.843,465381
2022-07-06,135.843,136.005,134.943,135.901,593056
2022-07-07,135.901,136.221,135.55,135.965,401944
2022-07-08,135.965,136.566,135.323,136.043,426105
2022-07-11,135.979,137.753,135.945,137.416,348536
2022-07-12,137.416,137.531,136.472,136.868,408976
2022-07-13,136.868,137.866,136.691,137.332,449530
2022-07-14,137.332,139.388,137.283,138.941,471297
2022-07-15,138.941,139.129,138.382,138.48,341533
2022-07-18,138.48,138.569,137.891,138.126,280453
2022-07-19,138.126,138.393,137.38,138.154,330420
2022-07-20,138.154,138.376,137.903,138.219,299667
2022-07-21,138.219,138.876,137.294,137.342,441375
2022-07-22,137.342,137.952,135.569,136.063,402570
2022-07-25,136.12,136.787,135.89,136.634,301453
2022-07-26,136.634,136.965,136.271,136.86,268775
2022-07-27,136.86,137.462,136.32,136.535,352506
2022-07-28,136.535,136.579,134.197,134.25,421388
2022-07-29,134.25,134.672,132.5,133.198,499759
2022-08-01,133.232,133.559,131.597,131.608,412515
2022-08-02,131.608,133.17,130.391,133.158,506469
2022-08-03,133.158,134.55,132.283,133.853,512933
2022-08-04,133.853,134.423,132.765,132.853,414220
2022-08-05,132.853,135.503,132.521,135.026,429399
2022-08-08,135.095,135.583,134.345,134.944,416324
2022-08-09,134.944,135.201,134.664,135.054,342009
2022-08-10,135.054,135.303,132.032,132.871,449156
2022-08-11,132.871,133.311,131.734,132.973,437667
2022-08-12,132.973,133.892,132.878,133.479,404442
2022-08-15,133.479,133.588,132.556,133.306,344886
2022-08-16,133.306,134.685,132.949,134.224,356924
2022-08-17,134.224,135.499,133.901,135.019,401905
2022-08-18,135.019,135.901,134.647,135.887,363947
2022-08-19,135.887,137.228,135.713,136.863,346486
2022-08-22,136.845,137.649,136.692,137.427,346213
2022-08-23,137.427,137.707,135.806,136.747,406582
2022-08-24,136.747,137.244,136.169,137.083,366938
2022-08-25,137.083,137.201,136.316,136.438,354984
2022-08-26,136.438,137.532,136.195,137.503,390466
2022-08-29,137.578,139.001,137.559,138.693,337527
2022-08-30,138.693,139.077,138.05,138.787,392515
2022-08-31,138.787,139.004,138.268,138.954,358170
2022-09-01,138.954,140.229,138.835,140.199,369506
2022-09-02,140.199,140.801,139.868,140.14,355859
2022-09-05,140.107,140.659,140.093,140.572,330490
2022-09-06,140.572,143.075,140.248,142.793,394793
2022-09-07,142.793,144.991,142.659,143.755,548825
2022-09-08,143.755,144.559,143.319,144.102,467105
2022-09-09,144.102,144.114,141.5,142.626,534450
2022-09-12,142.118,143.492,142.114,142.829,403609
2022-09-13,142.829,144.684,141.598,144.534,558466
2022-09-14,144.534,144.964,142.549,143.131,578931
2022-09-15,143.131,143.802,142.793,143.446,476602
2022-09-16,143.446,143.692,142.832,142.902,363363
2022-09-19,142.86,143.643,142.638,143.189,318743
2022-09-20,143.189,143.922,142.934,143.719,344890
2022-09-21,143.719,144.704,143.343,144.08,571552
2022-09-22,144.08,145.9,140.345,142.327,816060
2022-09-23,142.327,143.461,141.764,143.303,591268
2022-09-26,143.601,144.789,143.201,144.745,653711
2022-09-27,144.745,144.902,144.056,144.795,558281
2022-09-28,144.795,144.869,143.904,144.118,585573
2022-09-29,144.118,144.812,144.046,144.402,551754
2022-09-30,144.402,144.81,144.204,144.718,496696
2022-10-03,144.7,145.325,144.155,144.534,447020
2022-10-04,144.534,144.936,143.887,144.089,431306
2022-10-05,144.089,144.845,143.525,144.647,434868
2022-10-06,144.647,145.138,144.383,145.127,368603
2022-10-07,145.127,145.442,144.632,145.363,359538
2022-10-10,145.33,145.804,145.233,145.658,234176
2022-10-11,145.658,145.898,145.425,145.843,349463
2022-10-12,145.843,146.973,145.598,146.903,428377
2022-10-13,146.903,147.673,146.421,147.208,443253
2022-10-14,147.208,148.859,147.088,148.727,414073
2022-10-17,148.529,149.088,148.412,149.03,293583
2022-10-18,149.03,149.389,148.115,149.236,325028
2022-10-19,149.236,149.906,149.096,149.849,288788
2022-10-20,149.849,150.286,149.55,150.128,306787
2022-10-21,150.128,151.944,146.165,147.649,669072
2022-10-24,147.49,149.71,145.48,148.941,441195
2022-10-25,148.941,149.099,147.511,147.905,341076
2022-10-26,147.905,148.412,146.224,146.327,481612
2022-10-27,146.327,146.936,145.104,146.25,518275
2022-10-28,146.25,147.86,145.972,147.442,464763
2022-10-31,147.753,148.848,147.545,148.687,310541
2022-11-01,148.687,148.826,146.985,148.226,416850
2022-11-02,148.226,148.383,145.667,147.876,497995
2022-11-03,147.876,148.45,147.11,148.26,403662
2022-11-04,148.26,148.403,146.551,146.651,436541
2022-11-07,147.16,147.567,146.078,146.551,375264
2022-11-08,146.551,146.935,145.309,145.677,359299
2022-11-09,145.677,146.795,145.17,146.398,443965
2022-11-10,146.398,146.59,140.194,140.949,612129
2022-11-11,140.949,142.481,138.459,138.751,618307
2022-11-14,139.098,140.799,138.795,139.876,527398
2022-11-15,139.876,140.625,137.657,139.256,704081
2022-11-16,139.256,140.291,138.727,139.471,562053
2022-11-17,139.471,140.742,138.873,140.189,478148
2022-11-18,140.189,140.499,139.633,140.334,410601
2022-11-21,140.287,142.252,140.155,142.113,351302
2022-11-22,142.113,142.241,141.08,141.194,332730
2022-11-23,141.194,141.614,139.161,139.573,387472
2022-11-24,139.573,139.601,138.043,138.623,297783
2022-11-25,138.623,139.595,138.372,139.146,337158
2022-11-28,139.214,139.428,137.494,138.927,397294
2022-11-29,138.927,139.353,137.865,138.692,426057
2022-11-30,138.692,139.894,137.647,138.124,507920
2022-12-01,138.124,138.124,135.209,135.34,514901
2022-12-02,135.34,135.98,133.619,134.31,385794
2022-12-05,134.5,136.859,134.128,136.764,375016
2022-12-06,136.764,137.428,135.962,137.025,379311
2022-12-07,137.025,137.855,136.215,136.59,431473
2022-12-08,136.59,137.247,136.239,136.677,370536
2022-12-09,136.677,136.911,135.602,136.578,411474
2022-12-12,136.519,137.85,136.468,137.656,322668
2022-12-13,137.656,137.97,134.65,135.594,511836
2022-12-14,135.594,135.992,134.507,135.485,531727
2022-12-15,135.485,138.175,135.238,137.793,466690
2022-12-16,137.793,137.806,136.292,136.679,387795
2022-12-19,135.967,137.158,135.75,136.897,362395
2022-12-20,136.897,137.478,130.563,131.691,727214
2022-12-21,131.691,132.529,131.486,132.466,458969
2022-12-22,132.466,132.719,131.637,132.31,368455
2022-12-23,132.31,133.14,132.148,132.766,326963
2022-12-26,132.766,133.199,132.3,132.868,93355
2022-12-27,132.868,133.594,132.632,133.457,264628
2022-12-28,133.457,134.5,133.347,134.452,326670
2022-12-29,134.452,134.452,132.878,133.002,307547
2022-12-30,133.002,133.091,130.765,131.101,378222
2023-01-02,131.101,131.101,130.599,130.607,99639
2023-01-03,130.607,131.398,129.504,130.997,512622
2023-01-04,130.997,132.716,129.926,132.602,513081
2023-01-05,132.602,134.053,131.683,133.397,496482
2023-01-06,133.397,134.772,131.993,132.105,527218
2023-01-09,131.94,132.656,131.306,131.883,431251
2023-01-10,131.883,132.478,131.383,132.238,479323
2023-01-11,132.238,132.872,132.063,132.469,391446
2023-01-12,132.469,132.483,128.859,129.25,696287
2023-01-13,129.25,129.429,127.454,127.847,540978
2023-01-16,127.755,128.866,127.215,128.462,395243
2023-01-17,128.462,129.162,127.988,128.05,501053
2023-01-18,128.05,131.574,127.564,128.854,850159
2023-01-19,128.854,128.884,127.76,128.406,532106
2023-01-20,128.406,130.612,128.341,129.547,473352
2023-01-23,129.458,130.886,129.04,130.64,355402
2023-01-24,130.64,131.115,129.725,130.108,349723
2023-01-25,130.108,130.581,129.26,129.524,349655
2023-01-26,129.524,130.617,129.021,130.167,410324
2023-01-27,130.167,130.266,129.494,129.762,352227
2023-01-30,129.752,130.568,129.198,130.32,412790
2023-01-31,130.32,130.531,129.742,130.059,403846
2023-02-01,130.059,130.411,128.533,128.904,510719
2023-02-02,128.904,129.134,128.082,128.638,544171
2023-02-03,128.638,131.205,128.327,131.175,501826
2023-02-06,132.429,132.904,131.511,132.625,481956
2023-02-07,132.625,132.706,130.469,130.996,597688
2023-02-08,130.996,131.538,130.596,131.34,447417
2023-02-09,131.34,131.827,130.341,131.539,474544
2023-02-10,131.539,131.882,129.796,131.418,594052
2023-02-13,131.113,132.908,131.113,132.364,375139
2023-02-14,132.364,133.313,131.498,133.109,669410
2023-02-15,133.109,134.357,132.542,134.144,461197
2023-02-16,134.144,134.462,133.601,133.941,493460
2023-02-17,133.941,135.117,133.921,134.138,410317
2023-02-20,134.2,134.539,133.919,134.17,267507
2023-02-21,134.17,135.228,134.147,134.993,409764
2023-02-22,134.993,135.059,134.365,134.895,445712
2023-02-23,134.895,135.362,134.482,134.689,334410
2023-02-24,134.689,136.518,134.054,136.469,460329
2023-02-27,136.399,136.556,135.912,136.128,351723
2023-02-28,136.128,136.918,135.733,136.115,364768
2023-03-01,136.115,136.471,135.255,136.132,406513
2023-03-02,136.132,137.102,136.02,136.757,415482
2023-03-03,136.757,136.77,135.742,135.805,356658
2023-03-06,135.937,136.19,135.362,135.905,331899
2023-03-07,135.905,137.195,135.537,137.137,400056
2023-03-08,137.137,137.911,136.473,137.293,392327
2023-03-09,137.293,137.352,135.932,136.129,338006
2023-03-10,136.129,136.995,134.109,135.061,650201
2023-03-13,134.518,135.048,132.279,133.173,930711
2023-03-14,133.173,134.904,133.026,134.211,715368
2023-03-15,134.211,135.112,132.212,133.375,870268
2023-03-16,133.375,133.828,131.717,133.71,811085
2023-03-17,133.71,133.747,131.554,131.83,581922
2023-03-20,131.804,132.651,130.538,131.31,668459
2023-03-21,131.31,132.631,131.035,132.478,401367
2023-03-22,132.478,133.002,131.004,131.368,472941
2023-03-23,131.368,131.661,130.315,130.773,540908
2023-03-24,130.773,130.939,129.638,130.713,562634
2023-03-27,130.518,131.759,130.492,131.529,365626
2023-03-28,131.529,131.558,130.404,130.814,368658
2023-03-29,130.814,132.89,130.756,132.856,373363
2023-03-30,132.856,132.966,132.199,132.632,366888
2023-03-31,132.632,133.594,132.574,132.728,413564
2023-04-03,133.351,133.756,132.2,132.374,396776
2023-04-04,132.374,133.168,131.521,131.699,385090
2023-04-05,131.699,131.845,130.628,131.299,408154
2023-04-06,131.299,131.902,130.775,131.764,295785
2023-04-07,131.764,132.377,131.524,132.136,239703
2023-04-10,132.087,133.87,131.831,133.586,288488
2023-04-11,133.586,133.807,132.97,133.673,295698
2023-04-12,133.673,134.046,132.73,133.13,388020
2023-04-13,133.13,133.394,132.019,132.558,319027
2023-04-14,132.558,133.836,132.167,133.73,352857
2023-04-17,133.803,134.571,133.709,134.425,278857
2023-04-18,134.425,134.705,133.861,134.088,309930
2023-04-19,134.088,135.137,133.952,134.672,312146
2023-04-20,134.672,134.971,134.011,134.222,316930
2023-04-21,134.222,134.492,133.545,134.105,305537
2023-04-24,133.93,134.73,133.89,134.235,234227
2023-04-25,134.235,134.482,133.361,133.737,323051
2023-04-26,133.737,133.943,133.015,133.663,394641
2023-04-27,133.663,134.198,133.197,133.967,328248
2023-04-28,133.967,136.56,133.368,136.279,491116
2023-05-01,136.165,137.544,136.118,137.477,263086
2023-05-02,137.477,137.773,136.314,136.511,368976
2023-05-03,136.511,136.61,134.666,134.68,416700
2023-05-04,134.68,134.881,133.496,134.271,516802
2023-05-05,134.271,135.125,133.881,134.822,322380
2023-05-08,134.822,135.299,134.642,135.085,269850
2023-05-09,135.085,135.36,134.72,135.208,347929
2023-05-10,135.208,135.47,134.112,134.28,436162
2023-05-11,134.28,134.843,133.743,134.531,459170
2023-05-12,134.531,135.755,134.401,135.744,336382
2023-05-15,135.663,136.323,135.625,136.103,301774
2023-05-16,136.103,136.682,135.647,136.362,315337
2023-05-17,136.362,137.712,136.303,137.667,307247
2023-05-18,137.667,138.747,137.286,138.706,333389
2023-05-19,138.706,138.723,137.423,137.915,388531
2023-05-22,137.958,138.687,137.491,138.591,328283
2023-05-23,138.591,138.91,138.239,138.581,395429
2023-05-24,138.581,139.477,138.227,139.454,378865
2023-05-25,139.454,140.23,138.81,140.039,424216
2023-05-26,140.039,140.725,139.495,140.609,349341
2023-05-29,140.57,140.918,140.111,140.426,159921
2023-05-30,140.426,140.931,139.569,139.782,355888
2023-05-31,139.782,140.416,139.232,139.336,353893
2023-06-01,139.336,139.95,138.422,138.784,334850
2023-06-02,138.784,140.07,138.602,139.913,306541
2023-06-05,139.959,140.453,139.248,139.576,269357
2023-06-06,139.576,139.993,139.095,139.625,250932
2023-06-07,139.625,140.249,139.023,140.063,272466
2023-06-08,140.063,140.226,138.809,138.922,286816
2023-06-09,138.922,139.723,138.757,139.35,253228
2023-06-12,139.35,139.764,139.063,139.601,246201
2023-06-13,139.601,140.307,139.01,140.207,318794
2023-06-14,140.207,140.289,139.28,140.048,351120
2023-06-15,140.048,141.504,139.94,140.255,392477
2023-06-16,140.255,141.912,139.85,141.857,383372
2023-06-19,141.857,142.002,141.441,141.963,199015
2023-06-20,141.963,142.251,141.212,141.449,336245
2023-06-21,141.449,142.371,141.281,141.876,338403
2023-06-22,141.876,143.226,141.609,143.11,303660
2023-06-23,143.11,143.871,142.649,143.703,358595
2023-06-26,143.476,143.72,142.933,143.506,302698
2023-06-27,143.506,144.176,143.281,144.069,299820
2023-06-28,144.069,144.616,143.729,144.479,331478
2023-06-29,144.479,144.897,144.133,144.735,334552
2023-06-30,144.735,145.071,144.198,144.28,332657
2023-07-03,144.26,144.912,143.983,144.655,271774
2023-07-04,144.655,144.702,144.204,144.439,143517
2023-07-05,144.439,144.735,144.077,144.646,239967
2023-07-06,144.646,144.652,143.553,144.062,364858
2023-07-07,144.062,144.196,142.061,142.068,359974
2023-07-10,142.068,143.005,141.276,141.309,310513
2023-07-11,141.309,141.46,140.158,140.356,324110
2023-07-12,140.356,140.377,138.152,138.489,381806
2023-07-13,138.489,138.954,137.921,138.045,342671
2023-07-14,138.045,139.157,137.235,138.681,365868
2023-07-17,138.681,139.404,137.992,138.708,245226
2023-07-18,138.708,139.134,137.676,138.825,359664
2023-07-19,138.825,139.994,138.762,139.615,329037
2023-07-20,139.615,140.496,139.107,140.071,306962
2023-07-21,140.071,141.952,139.746,141.827,349854
2023-07-24,141.55,141.811,140.732,141.472,327050
2023-07-25,141.472,141.743,140.852,140.89,279394
2023-07-26,140.89,141.187,139.921,140.237,367170
2023-07-27,140.237,141.319,138.764,139.428,487842
2023-07-28,139.428,141.176,138.059,141.147,634163
2023-07-31,140.896,142.692,140.686,142.27,379224
2023-08-01,142.27,143.545,142.206,143.33,320464
2023-08-02,143.33,143.474,142.229,143.315,376773
2023-08-03,143.315,143.888,142.061,142.521,469630
2023-08-04,142.521,142.929,141.55,141.686,381924
2023-08-07,141.642,142.59,141.508,142.485,262257
2023-08-08,142.485,143.492,142.399,143.361,329968
2023-08-09,143.361,143.749,142.996,143.716,268146
2023-08-10,143.716,144.815,143.258,144.717,337568
2023-08-11,144.717,145,144.395,144.932,256992
2023-08-14,144.912,145.577,144.647,145.549,274340
2023-08-15,145.549,145.867,145.102,145.567,306589
2023-08-16,145.567,146.406,145.303,146.342,283183
2023-08-17,146.342,146.56,145.617,145.834,308454
2023-08-18,145.834,145.867,144.926,145.365,278585
2023-08-21,145.197,146.401,145.14,146.214,248310
2023-08-22,146.214,146.401,145.493,145.881,256405
2023-08-23,145.881,145.895,144.538,144.835,304001
2023-08-24,144.835,145.959,144.598,145.824,269982
2023-08-25,145.824,146.634,145.715,146.378,297524
2023-08-28,146.392,146.745,146.271,146.527,207431
2023-08-29,146.527,147.375,145.667,145.859,306376
2023-08-30,145.859,146.535,145.556,146.223,325552
2023-08-31,146.223,146.227,145.348,145.531,315791
2023-09-01,145.531,146.293,144.439,146.247,336513
2023-09-04,146.054,146.497,146.02,146.466,139401
2023-09-05,146.466,147.8,146.371,147.715,278937
2023-09-06,147.715,147.816,147.015,147.648,294223
2023-09-07,147.648,147.872,147.042,147.286,257679
2023-09-08,147.286,147.87,146.584,147.777,278495
2023-09-11,146.966,147.271,145.897,146.576,381622
2023-09-12,146.576,147.233,146.434,147.082,263170
2023-09-13,147.082,147.746,147.016,147.454,322538
2023-09-14,147.454,147.564,147.016,147.462,321579
2023-09-15,147.462,147.951,147.334,147.83,282202
2023-09-18,147.709,147.878,147.556,147.604,189012
2023-09-19,147.604,147.924,147.505,147.855,221255
2023-09-20,147.855,148.359,147.472,148.342,312974
2023-09-21,148.342,148.462,147.32,147.569,309854
2023-09-22,147.569,148.417,147.496,148.36,309231
2023-09-25,148.25,148.963,148.222,148.881,232920
2023-09-26,148.881,149.186,148.704,149.055,273072
2023-09-27,149.055,149.707,148.859,149.626,272175
2023-09-28,149.626,149.626,149.142,149.305,316978
2023-09-29,149.305,149.509,148.525,149.322,331179
2023-10-02,149.592,149.873,149.385,149.853,258779
2023-10-03,149.853,150.16,147.273,148.985,367526
2023-10-04,148.985,149.317,148.734,149.125,328152
2023-10-05,149.125,149.125,148.259,148.512,325442
2023-10-06,148.512,149.533,148.36,149.234,344054
2023-10-09,149.004,149.24,148.433,148.496,230454
2023-10-10,148.496,149.097,148.161,148.709,313676
2023-10-11,148.709,149.323,148.423,149.161,315968
2023-10-12,149.161,149.828,148.954,149.804,307917
2023-10-13,149.804,149.829,149.453,149.554,291646
2023-10-16,149.32,149.762,149.3,149.507,225124
2023-10-17,149.507,149.85,148.737,149.798,261565
2023-10-18,149.798,149.938,149.482,149.92,235785
2023-10-19,149.92,149.96,149.665,149.779,296909
2023-10-20,149.779,149.992,149.611,149.828,241643
2023-10-23,149.814,149.99,149.555,149.703,193090
2023-10-24,149.703,149.929,149.32,149.908,229909
2023-10-25,149.908,150.318,149.793,150.193,198090
2023-10-26,150.193,150.777,149.816,150.363,301893
2023-10-27,150.363,150.412,149.458,149.595,236172
2023-10-30,149.483,149.855,148.802,149.055,219006
2023-10-31,149.055,151.723,149.001,151.666,351549
2023-11-01,151.666,151.685,150.661,150.95,294828
2023-11-02,150.95,150.955,149.843,150.397,259563
2023-11-03,150.397,150.518,149.188,149.329,256600
2023-11-06,149.32,150.08,149.317,150.071,199630
2023-11-07,150.071,150.691,149.927,150.314,203049
2023-11-08,150.314,151.057,150.298,150.972,214042
2023-11-09,150.972,151.387,150.768,151.345,249483
2023-11-10,151.345,151.603,151.221,151.477,201388
2023-11-13,151.438,151.908,151.198,151.72,181201
2023-11-14,151.72,151.79,150.153,150.375,251655
2023-11-15,150.375,151.421,150.043,151.318,249096
2023-11-16,151.318,151.43,150.286,150.722,215271
2023-11-17,150.722,150.774,149.193,149.5,260632
2023-11-20,149.5,149.989,148.102,148.359,303634
2023-11-21,148.359,148.595,147.15,148.381,330602
2023-11-22,148.381,149.749,148.017,149.533,299815
2023-11-23,149.533,149.691,148.888,149.537,160193
2023-11-24,149.537,149.713,149.195,149.399,179985
2023-11-27,149.399,149.674,148.542,148.675,273326
2023-11-28,148.675,148.832,147.321,147.471,340962
2023-11-29,147.471,147.905,146.671,147.238,402382
2023-11-30,147.238,148.523,146.841,148.182,388616
2023-12-01,148.182,148.345,146.659,146.748,402257
2023-12-04,146.66,147.451,146.226,147.202,404316
2023-12-05,147.202,147.392,146.556,147.145,383083
2023-12-06,147.145,147.498,146.894,147.309,296760
2023-12-07,147.309,147.31,141.601,144.092,581180
2023-12-08,144.092,145.209,142.493,144.964,697562
2023-12-11,144.882,146.589,144.811,146.145,416279
2023-12-12,146.145,146.175,144.724,145.449,419551
2023-12-13,145.449,145.994,142.629,142.876,513889
2023-12-14,142.876,142.917,140.949,141.835,754136
2023-12-15,141.835,142.466,141.427,142.134,539649
2023-12-18,142.04,143.159,142.03,142.758,339500
2023-12-19,142.758,144.954,142.245,143.827,491299
2023-12-20,143.827,144.098,143.261,143.559,406400
2023-12-21,143.559,143.569,142.043,142.108,425201
2023-12-22,142.108,142.662,141.861,142.387,379717
2023-12-25,142.387,142.449,142.259,142.274,31
2023-12-26,142.274,142.634,142.188,142.392,123499
2023-12-27,142.392,142.845,141.542,141.814,240107
2023-12-28,141.814,141.822,140.249,141.368,346262
2023-12-29,141.368,141.912,140.794,140.982,297049
2024-01-01,140.952,141.02499,140.952,140.952,0
2024-01-02,140.982,142.213,140.982,141.979,270278
2024-01-03,141.979,143.732,141.856,143.286,361642
2024-01-04,143.286,144.849,142.851,144.622,367455
2024-01-05,144.622,145.977,143.805,144.595,460360
2024-01-08,144.595,144.915,143.66,144.226,318899
2024-01-09,144.226,144.622,143.423,144.466,348114
2024-01-10,144.466,145.829,144.315,145.752,306979
2024-01-11,145.752,146.413,145.207,145.26,443004
2024-01-12,145.26,145.565,144.346,144.872,366543
2024-01-15,144.872,145.942,144.839,145.676,203523
2024-01-16,145.676,147.313,145.579,147.178,428922
2024-01-17,147.178,148.526,147.053,148.142,404374
2024-01-18,148.142,148.3,147.654,148.144,365711
2024-01-19,148.144,148.803,147.834,148.166,335682
2024-01-22,148.245,148.301,147.613,148.085,310148
2024-01-23,148.085,148.695,146.972,148.283,394956
2024-01-24,148.283,148.384,146.651,147.487,381010
2024-01-25,147.487,147.933,147.08,147.656,384113
2024-01-26,147.656,148.208,147.399,148.136,322083
2024-01-29,148.087,148.334,147.252,147.489,272568
2024-01-30,147.489,147.926,147.093,147.597,300048
2024-01-31,147.597,147.897,146.005,146.864,560472
2024-02-01,146.864,147.112,145.891,146.413,476001
2024-02-02,146.413,148.585,146.238,148.31,386389
2024-02-05,148.37,148.894,148.265,148.671,347213
2024-02-06,148.671,148.785,147.814,147.94,341041
2024-02-07,147.94,148.256,147.614,148.172,348401
2024-02-08,148.172,149.477,147.928,149.303,339269
2024-02-09,149.303,149.574,149.004,149.237,315267
2024-02-12,149.21,149.478,148.926,149.336,260920
2024-02-13,149.336,150.884,149.232,150.771,341341
2024-02-14,150.771,150.781,150.345,150.523,315337
2024-02-15,150.523,150.567,149.509,149.891,349275
2024-02-16,149.891,150.643,149.821,150.185,307718
2024-02-19,150.065,150.192,149.873,150.108,187427
2024-02-20,150.108,150.439,149.682,150,309858
2024-02-21,150,150.393,149.85,150.281,295451
2024-02-22,150.281,150.687,150.015,150.52,359189
2024-02-23,150.52,150.768,150.289,150.487,280436
2024-02-26,150.46,150.839,150.29,150.686,305087
2024-02-27,150.686,150.701,150.071,150.499,277788
2024-02-28,150.499,150.844,150.369,150.686,305016
2024-02-29,150.686,150.688,149.205,149.972,378487
2024-03-01,149.972,150.717,149.914,150.06,362929
2024-03-04,149.959,150.567,149.837,150.524,240917
2024-03-05,150.524,150.546,149.701,150.039,305899
2024-03-06,150.039,150.084,149.092,149.346,329232
2024-03-07,149.346,149.367,147.579,148.042,425763
2024-03-08,148.042,148.116,146.478,147.053,430610
2024-03-11,147.02,147.147,146.484,146.937,272180
2024-03-12,146.937,148.163,146.618,147.644,355209
2024-03-13,147.644,148.046,147.232,147.751,266454
2024-03-14,147.751,148.357,147.428,148.294,325282
2024-03-15,148.294,149.163,148.031,148.994,263878
2024-03-18,148.93,149.332,148.905,149.144,248634
2024-03-19,149.144,150.961,148.972,150.845,341672
2024-03-20,150.845,151.818,150.716,151.249,366563
2024-03-21,151.249,151.753,150.261,151.604,368692
2024-03-22,151.604,151.862,151.001,151.406,303873
2024-03-25,151.406,151.544,151.05,151.406,224894
2024-03-26,151.406,151.604,151.205,151.558,229583
2024-03-27,151.558,151.972,151.024,151.319,264840
2024-03-28,151.319,151.545,151.148,151.362,262662
2024-03-29,151.362,151.501,151.166,151.316,168363
2024-04-01,151.246,151.773,151.222,151.642,176688
2024-04-02,151.642,151.8,151.461,151.551,230029
2024-04-03,151.551,151.951,151.44,151.688,204952
2024-04-04,151.688,151.77,151.118,151.333,208493
2024-04-05,151.333,151.751,150.809,151.607,234453
2024-04-08,151.546,151.944,151.545,151.78,185123
2024-04-09,151.78,151.936,151.569,151.733,169872
2024-04-10,151.733,153.239,151.68,153.157,255777
2024-04-11,153.157,153.317,152.758,153.265,258723
2024-04-12,153.265,153.384,152.589,153.21,243084
2024-04-15,153.028,154.446,152.96,154.259,253112
2024-04-16,154.259,154.787,153.885,154.709,239915
2024-04-17,154.709,154.734,154.158,154.382,194008
2024-04-18,154.382,154.68,153.95,154.643,193473
2024-04-19,154.643,154.674,153.587,154.598,274060
2024-04-22,154.55,154.85,154.441,154.846,149464
2024-04-23,154.846,154.874,154.549,154.828,174450
2024-04-24,154.828,155.374,154.727,155.334,167070
2024-04-25,155.334,155.747,155.197,155.647,220881
2024-04-26,155.647,158.437,154.957,158.283,322150
2024-04-29,157.87,160.209,154.512,156.306,717216
2024-04-30,156.306,157.846,156.057,157.789,265583
2024-05-01,157.789,157.987,152.997,154.6,326625
2024-05-02,154.6,156.286,153.055,153.561,397101
2024-05-03,153.561,153.752,151.856,152.928,342828
2024-05-06,152.928,154.007,152.748,153.866,204674
2024-05-07,153.866,154.747,153.832,154.691,217991
2024-05-08,154.691,155.686,154.523,155.481,188960
2024-05-09,155.481,155.953,155.147,155.418,191688
2024-05-10,155.418,155.904,155.264,155.755,167766
2024-05-13,155.661,156.249,155.493,156.201,154766
2024-05-14,156.201,156.786,156.119,156.398,161225
2024-05-15,156.398,156.562,154.69,154.873,267508
2024-05-16,154.873,155.533,153.601,155.388,300035
2024-05-17,155.388,155.976,155.248,155.64,183973
2024-05-20,155.583,156.304,155.493,156.246,170812
2024-05-21,156.246,156.547,155.841,156.133,203504
2024-05-22,156.133,156.846,156.077,156.786,191791
2024-05-23,156.786,157.195,156.507,156.886,243971
2024-05-24,156.886,157.145,156.821,156.959,167778
2024-05-27,156.996,156.996,156.661,156.815,106159
2024-05-28,156.815,157.2,156.578,157.158,170345
2024-05-29,157.158,157.711,156.892,157.631,181064
2024-05-30,157.631,157.671,156.369,156.809,253309
2024-05-31,156.809,157.365,156.558,157.234,280186
2024-06-03,157.267,157.472,155.947,156.03,247341
2024-06-04,156.03,156.487,154.524,154.84,347319
2024-06-05,154.84,156.482,154.777,156.089,301875
2024-06-06,156.089,156.446,155.353,155.602,282843
2024-06-07,155.602,157.074,155.119,156.695,310586
2024-06-10,156.9,157.193,156.692,157.023,229529
2024-06-11,157.023,157.404,156.804,157.128,236840
2024-06-12,157.128,157.37,155.716,156.723,343140
2024-06-13,156.723,157.312,156.555,156.982,271385
2024-06-14,156.982,158.257,156.787,157.375,424320
2024-06-16,157.346,158.25701,156.795,157.4015,17770
2024-06-17,157.355,157.96,157.154,157.708,232759
2024-06-18,157.708,158.23,157.515,157.837,228460
2024-06-19,157.837,158.136,157.601,158.054,117266
2024-06-20,158.054,158.94,157.797,158.902,196927
2024-06-21,158.902,159.828,158.665,159.76,221725
2024-06-23,159.699,159.934,158.664,159.667,16854
2024-06-24,159.754,159.929,158.74,159.596,249218
2024-06-25,159.596,159.756,159.185,159.666,232965
2024-06-26,159.666,160.872,159.609,160.783,254312
2024-06-27,160.783,160.823,160.278,160.734,220726
2024-06-28,160.734,161.283,160.26,160.835,326782
2024-06-30,160.835,161.186,160.61099,161.043,20678
2024-07-01,160.686,161.728,160.686,161.416,250628
2024-07-02,161.416,161.745,161.268,161.414,191639
2024-07-03,161.414,161.951,160.766,161.65,234933
2024-07-04,161.65,161.673,160.943,161.218,148982
2024-07-05,161.218,161.397,160.329,160.76,320891
2024-07-07,160.704,161.39901,160.255,160.532,22549
2024-07-08,160.747,161.12,160.261,160.793,245209
2024-07-09,160.793,161.517,160.73,161.28,215504
2024-07-10,161.28,161.807,161.245,161.663,178248
2024-07-11,161.663,161.76,157.414,158.763,430271
2024-07-12,158.763,159.448,157.355,157.9,517772
2024-07-14,157.846,159.445,157.35899,157.974,23289
2024-07-15,158.085,158.425,157.156,157.976,258842
2024-07-16,157.976,158.854,157.976,158.303,238167
2024-07-17,158.303,158.622,156.054,156.163,427411
2024-07-18,156.163,157.399,155.366,157.358,444209
2024-07-19,157.358,157.863,156.953,157.381,353082
2024-07-21,157.288,157.862,157.05799,157.483,20612
2024-07-22,157.364,157.613,156.283,157,343004
2024-07-23,157,157.1,155.544,155.565,376308
2024-07-24,155.565,155.989,153.105,153.845,500466
2024-07-25,153.845,154.318,151.937,153.91,648751
2024-07-26,153.91,154.737,153.085,153.724,495335
2024-07-28,153.791,154.73801,153.009,153.682,33955
2024-07-29,153.667,154.352,153.011,154.004,495006
2024-07-30,154.004,155.216,152.643,152.748,495560
2024-07-31,152.748,153.889,149.606,149.951,949756
2024-08-01,149.951,150.887,148.507,149.328,817815
2024-08-02,149.328,149.777,146.414,146.472,932530
2024-08-04,146.405,149.77401,144.602,144.61199,45751
2024-08-05,146.36,146.561,141.684,144.138,1249245
2024-08-06,144.138,146.364,143.615,144.291,1098923
2024-08-07,144.291,147.901,144.277,146.666,927899
2024-08-08,146.666,147.544,145.422,147.188,921881
2024-08-09,147.188,147.816,146.263,146.605,728631
2024-08-12,146.454,148.223,146.454,147.191,531312
2024-08-13,147.191,147.949,146.593,146.817,566194
2024-08-14,146.817,147.585,146.071,147.327,569319
2024-08-15,147.327,149.399,147.052,149.279,900928
2024-08-16,149.279,149.34,147.533,147.536,454389
2024-08-19,147.556,148.052,145.183,146.569,593588
2024-08-20,146.569,147.344,145.195,145.254,583795
2024-08-21,145.254,146.896,144.453,145.259,709794
2024-08-22,145.259,146.525,144.846,146.28,1018008
2024-08-23,146.28,146.481,144.045,144.328,630031
2024-08-26,144.184,144.654,143.443,144.513,534830
2024-08-27,144.513,145.174,143.914,143.93,450723
2024-08-28,143.93,145.04,143.68,144.575,459715
2024-08-29,144.575,145.555,144.172,144.976,1118814
2024-08-30,144.976,146.247,144.649,146.126,431969
2024-09-02,146.087,147.176,145.771,146.853,298227
2024-09-03,146.853,147.21,145.107,145.471,603885
2024-09-04,145.471,145.556,143.708,143.728,649758
2024-09-05,143.728,144.23,142.844,143.437,1279592
2024-09-06,143.437,144.023,141.763,142.232,896062
2024-09-09,142.134,143.797,141.941,143.149,550971
2024-09-10,143.149,143.71,142.19,142.417,474870
2024-09-11,142.417,142.546,140.706,142.356,734826
2024-09-12,142.356,143.042,141.722,141.799,1482072
2024-09-13,141.799,141.873,140.279,140.774,647718
2024-09-16,140.672,140.91,139.576,140.611,507692
2024-09-17,140.608,142.466,140.315,142.4,584216
2024-09-18,142.4,142.708,140.437,142.261,695073
2024-09-19,142.261,143.941,141.872,142.615,1587376
2024-09-20,142.615,144.492,141.733,143.848,789503
2024-09-23,143.889,144.454,143.161,143.579,573837
2024-09-24,143.579,144.678,143.108,143.215,508810
2024-09-25,143.215,144.839,142.882,144.747,500281
2024-09-26,144.747,145.209,144.103,144.798,991396
2024-09-27,144.798,146.491,142.063,142.154,839675
2024-09-30,142.046,143.909,141.641,143.623,549417
2024-10-01,143.623,144.525,142.962,143.538,688079
2024-10-02,143.538,146.515,143.423,146.447,518444
2024-10-03,146.447,147.24,146.278,146.927,1096156
2024-10-04,146.927,149.001,145.91,148.656,580337
2024-10-07,148.706,149.124,147.837,148.178,522368
2024-10-08,148.178,148.377,147.34,148.193,544425
2024-10-09,148.193,149.361,148.006,149.3,358309
2024-10-10,149.3,149.543,148.228,148.566,1052632
2024-10-11,148.566,149.281,148.396,149.08,332566
2024-10-14,149.023,149.98,149.006,149.745,240452
2024-10-15,149.745,149.836,148.84,149.195,370570
2024-10-16,149.195,149.803,148.854,149.621,326212
2024-10-17,149.621,150.32,149.235,150.194,703182
2024-10-18,150.194,150.28,149.362,149.447,319066
2024-10-21,149.443,150.883,149.081,150.827,323099
2024-10-22,150.827,151.194,150.489,151.069,333830
2024-10-23,151.069,153.184,150.973,152.747,353697
2024-10-24,152.747,152.832,151.548,151.815,837200
2024-10-25,151.815,152.376,151.441,152.235,374906
2024-10-28,153.233,153.877,152.403,153.271,347296
2024-10-29,153.271,153.862,152.749,153.352,353672
2024-10-30,153.352,153.487,152.776,153.404,384407
2024-10-31,153.404,153.623,151.828,152.026,494085
2024-11-01,152.026,153.088,151.777,152.924,844778
2024-11-04,152.163,152.549,151.529,152.119,384441
2024-11-05,152.119,152.54,151.33,151.603,311788
2024-11-06,151.603,154.693,151.276,154.62,1055693
2024-11-07,154.62,154.708,152.686,152.928,1021014
2024-11-08,152.928,153.364,152.136,152.568,421111
2024-11-11,152.617,153.949,152.617,153.71,240804
2024-11-12,153.71,154.92,153.403,154.591,330256
2024-11-13,154.591,155.621,154.335,155.46,409899
2024-11-14,155.46,156.417,155.336,156.247,749010
2024-11-15,156.247,156.744,153.855,154.281,485899
2024-11-18,154.215,155.354,153.829,154.652,448629
2024-11-19,154.652,154.795,153.272,154.652,509856
2024-11-20,154.652,155.884,154.522,155.382,331410
2024-11-21,155.382,155.391,153.903,154.53,942232
2024-11-22,154.53,155.023,153.959,154.707,447957
2024-11-25,154.077,154.719,153.543,154.172,428314
2024-11-26,154.172,154.487,152.979,153.083,433791
2024-11-27,153.083,153.232,150.45,151.05,452809
2024-11-28,151.05,151.949,150.885,151.504,437038
2024-11-29,151.504,151.546,149.46,149.707,659384
2024-12-02,149.599,150.75,149.075,149.57,450641
2024-12-03,149.57,150.233,148.639,149.579,375776
2024-12-04,149.579,151.226,149.516,150.549,411850
2024-12-05,150.549,150.771,149.65,150.093,686734
2024-12-06,150.093,150.695,149.356,149.962,380390
2024-12-09,149.857,151.343,149.687,151.206,266050
2024-12-10,151.206,152.179,150.89,151.951,293022
2024-12-11,151.951,152.842,150.981,152.446,403219
2024-12-12,152.446,152.769,151.793,152.613,750356
2024-12-13,152.613,153.797,152.447,153.579,276814
2024-12-16,153.6,154.473,153.316,154.097,246093
2024-12-17,154.097,154.34,153.156,153.498,297466
2024-12-18,153.498,154.859,153.329,154.81,346139
2024-12-19,154.81,157.802,154.428,157.401,1016404
2024-12-20,157.401,157.923,155.948,156.364,443399
2024-12-23,156.364,157.264,156.333,157.165,246911
2024-12-24,157.165,157.389,156.884,157.298,154785
2024-12-25,157.10699,157.86099,146.202,157.10699,4288
2024-12-26,157.298,158.082,157.298,157.93,287792
2024-12-27,157.93,157.949,157.347,157.802,231947
2024-12-30,157.755,158.07,156.663,156.838,242103
2024-12-31,156.838,157.542,156.014,157.312,271070
2025-01-01,157.267,157.26801,157.08,157.24699,0
2025-01-02,157.312,157.847,156.43,157.524,562676
2025-01-03,157.524,157.56,156.869,157.266,246888
2025-01-06,157.145,157.958,156.233,157.573,494962
2025-01-07,157.573,158.421,157.363,158.036,351465
2025-01-08,158.036,158.549,157.897,158.335,290183
2025-01-09,158.335,158.393,157.571,158.102,401788
2025-01-10,158.102,158.874,157.221,157.692,412141
2025-01-13,157.692,157.961,156.905,157.452,311876
2025-01-14,157.452,158.194,157.078,157.941,358818
2025-01-15,157.941,158.077,155.927,156.433,347654
2025-01-16,156.433,156.525,155.098,155.114,758678
2025-01-17,155.114,156.369,154.969,156.259,287747
2025-01-20,156.259,156.578,155.405,155.613,343230
2025-01-21,155.613,156.234,154.768,155.478,410593
2025-01-22,155.478,156.707,155.347,156.503,288933
2025-01-23,156.503,156.755,155.739,156.034,564514
2025-01-24,156.034,156.572,154.832,155.948,456249
2025-01-27,155.675,156.242,153.708,154.489,509066
2025-01-28,154.489,155.973,154.426,155.469,374463
2025-01-29,155.469,155.785,154.933,155.184,359701
2025-01-30,155.184,155.231,153.781,154.288,847898
2025-01-31,154.288,155.217,153.908,155.156,461949
2025-02-03,154.764,155.88,154.005,154.683,573660
2025-02-04,154.683,155.523,154.169,154.321,369646
2025-02-05,154.321,154.458,152.107,152.584,428953
2025-02-06,152.584,152.893,151.234,151.357,758420
2025-02-07,151.357,152.42,150.925,151.39,518019
2025-02-10,151.203,152.535,151.17,151.99,327082
2025-02-11,151.99,152.602,151.643,152.468,323623
2025-02-12,152.468,154.797,152.344,154.407,447872
2025-02-13,154.407,154.666,152.697,152.788,943802
2025-02-14,152.788,153.152,152.02,152.282,363745
2025-02-17,152.197,152.383,151.335,151.486,279242
2025-02-18,151.486,152.221,151.229,152.054,313296
2025-02-19,152.054,152.308,151.238,151.457,347739
2025-02-20,151.457,151.465,149.393,149.627,841432
2025-02-21,149.627,150.733,148.919,149.226,464416
2025-02-24,149.169,149.87,148.841,149.695,459614
2025-02-25,149.695,150.301,148.557,149.019,510597
2025-02-26,149.019,149.884,148.614,149.084,488655
2025-02-27,149.084,150.161,148.739,149.802,1080878
2025-02-28,149.802,150.985,149.093,150.609,597764
2025-03-03,150.725,151.301,149.094,149.489,604360
2025-03-04,149.489,149.873,148.089,149.791,839094
2025-03-05,149.791,150.179,148.381,148.873,753798
2025-03-06,148.873,149.332,147.307,147.979,1518794
2025-03-07,147.979,148.199,146.935,148.033,753152
2025-03-10,147.94,147.941,146.626,147.262,603887
2025-03-11,147.262,148.12,146.537,147.769,742811
2025-03-12,147.769,149.193,147.649,148.233,512834
2025-03-13,148.233,148.37,147.407,147.804,966456
2025-03-14,147.804,149.019,147.689,148.618,407553
2025-03-17,148.751,149.282,148.211,149.195,404373
2025-03-18,149.195,149.933,149.094,149.263,341412
2025-03-19,149.263,150.144,148.602,148.679,360179
2025-03-20,148.679,148.958,148.169,148.777,665002
2025-03-21,148.777,149.661,148.58,149.291,339567
2025-03-24,149.345,150.753,149.326,150.694,309136
2025-03-25,150.694,150.942,149.544,149.894,269111
2025-03-26,149.894,150.742,149.836,150.553,294259
2025-03-27,150.553,151.154,150.056,151.035,676322
2025-03-28,151.035,151.208,149.679,149.815,367109
2025-03-30,149.617,149.953,148.71001,149.617,1261046
2025-03-31,149.735,150.262,148.698,149.95,496469
2025-04-01,149.95,150.137,148.973,149.594,442019
2025-04-02,149.594,150.485,149.098,149.213,454804
2025-04-03,149.213,149.24,145.174,146.019,1896816
2025-04-04,146.019,147.429,144.546,146.904,1430713
2025-04-06,145.433,147.96201,145.095,145.433,1393266
2025-04-07,145.52,148.148,144.815,147.812,1662960
2025-04-08,147.812,148.119,145.959,146.22,1026769
2025-04-09,146.22,148.28,143.986,147.707,1390018
2025-04-10,147.707,147.714,144.004,144.422,1919504
2025-04-11,144.422,144.598,142.048,143.437,1134684
2025-04-13,143.696,144.047,142.265,143.696,1013263
2025-04-14,143.885,144.08,142.226,143.006,690260
2025-04-15,143.006,143.591,142.594,143.236,462575
2025-04-16,143.236,143.277,141.636,141.827,522880
2025-04-17,141.827,143.083,141.608,142.42,921662
2025-04-18,142.42,142.441,142.092,142.108,491077
2025-04-20,142.09599,142.103,142.09,142.09,1243694
2025-04-21,142.023,142.111,140.464,140.859,351909
2025-04-22,140.859,141.665,139.883,141.579,426705
2025-04-23,141.579,143.57,141.448,143.392,610912
2025-04-24,143.392,143.401,142.274,142.565,731792
2025-04-25,142.565,144.028,142.555,143.637,376439
2025-04-27,143.543,143.877,143.342,143.53,69427
2025-04-28,143.533,143.892,141.955,141.96,316658
2025-04-29,141.96,142.755,141.956,142.295,311465
2025-04-30,142.295,143.186,142.147,143.046,336356
2025-05-01,143.046,145.731,142.873,145.32,681246
2025-05-02,145.32,145.923,143.724,144.953,431968
2025-05-04,144.918,144.989,144.06,144.274,67166
2025-05-05,144.666,144.993,143.537,143.676,320865
2025-05-06,143.676,144.27,142.35,142.414,351009
2025-05-07,142.414,143.996,142.405,143.818,414259
2025-05-08,143.818,146.175,143.44,145.894,817694
2025-05-09,145.894,146.184,144.821,145.362,303902
2025-05-11,145.75,146.285,145.68,145.797,87842
2025-05-12,146.163,148.647,145.693,148.452,507592
2025-05-13,148.452,148.454,147.373,147.46,351932
2025-05-14,147.46,147.667,145.601,146.744,411242
2025-05-15,146.744,146.751,145.408,145.64,722100
2025-05-16,145.64,146.095,144.914,145.621,295134
2025-05-18,145.298,145.339,144.658,145.298,145299
2025-05-19,145.227,145.445,144.654,144.852,473634
2025-05-20,144.852,145.507,144.085,144.496,330743
2025-05-21,144.496,144.546,143.277,143.656,421568
2025-05-22,143.656,144.398,142.797,144.006,835844
2025-05-23,144.006,144.072,142.419,142.551,429004
2025-05-25,142.867,143.033,142.23399,142.867,86385
2025-05-26,142.415,143.079,142.222,142.835,203894
2025-05-27,142.835,144.458,142.108,144.321,329859
2025-05-28,144.321,145.077,143.846,144.815,354516
2025-05-29,144.815,146.285,143.955,144.164,908602
2025-05-30,144.164,144.441,143.434,144.038,434448
2025-06-01,144.094,144.112,143.321,143.592,75097
2025-06-02,144.097,144.097,142.535,142.654,360347
2025-06-03,142.654,144.108,142.367,143.966,309896
2025-06-04,143.966,144.389,142.6,142.763,331563
2025-06-05,142.763,143.976,142.527,143.499,854804
2025-06-06,143.499,145.085,143.444,144.813,364435
2025-06-08,144.813,144.946,144.34,144.444,56887
2025-06-09,144.813,144.946,143.971,144.595,245257
2025-06-10,144.595,145.286,144.396,144.872,295074
2025-06-11,144.872,145.464,144.317,144.523,340033
2025-06-12,144.523,144.537,143.181,143.479,780060
2025-06-13,143.479,144.48,142.788,144.075,491789
2025-06-15,144.091,144.571,143.66,144.091,84017
2025-06-16,143.958,144.875,143.647,144.696,315196
2025-06-17,144.696,145.379,144.368,145.253,350019
2025-06-18,145.253,145.436,144.325,145.104,334492
2025-06-19,145.104,145.767,144.733,145.447,480452
2025-06-20,145.447,146.21,145.119,146.061,265766
2025-06-22,145.99,146.766,145.99,146.637,82670
2025-06-23,146.644,148.026,146.006,146.127,424688
2025-06-24,146.127,146.173,144.51,144.889,371802
2025-06-25,144.889,145.946,144.604,145.162,260852
2025-06-26,145.162,145.262,143.749,144.347,716794
2025-06-27,144.347,144.944,144.17,144.623,357958
2025-06-29,144.615,144.762,144.086,144.244,67598
2025-06-30,144.295,144.759,143.777,143.975,350392
2025-07-01,143.978,144.052,142.681,143.396,697114
2025-07-02,143.396,144.243,143.316,143.64,285540
2025-07-03,143.64,145.236,143.446,144.909,585228
2025-07-04,144.909,144.969,144.18,144.498,222426
2025-07-06,144.365,144.846,144.221,144.809,57444
2025-07-07,144.368,146.239,144.224,146.06,257905
2025-07-08,146.06,146.977,145.83,146.535,269905
2025-07-09,146.535,147.184,146.251,146.305,230865
2025-07-10,146.305,146.79,145.754,146.229,458914
2025-07-11,146.229,147.524,146.132,147.409,247207
2025-07-13,147.293,147.568,146.847,147.373,65404
2025-07-14,147.134,147.78,146.849,147.694,241672
2025-07-15,147.694,149.024,147.55,148.831,240615
2025-07-16,148.831,149.185,146.905,147.868,454920
2025-07-17,147.868,149.086,147.726,148.604,612272
2025-07-18,148.604,148.886,148.183,148.795,254822
2025-07-20,147.9,148.659,147.9,148.45,52045
2025-07-21,147.886,148.663,147.082,147.369,229533
2025-07-22,147.369,147.949,146.308,146.588,225178
2025-07-23,146.588,147.214,146.109,146.503,322136
2025-07-24,146.503,147.027,145.853,146.993,630322
2025-07-25,146.993,147.941,146.809,147.65,340937
2025-07-27,147.756,148.022,147.514,147.743,73790
2025-07-28,147.721,148.58,147.514,148.496,332082
2025-07-29,148.496,148.809,148.157,148.45,319736
2025-07-30,148.45,149.535,147.803,149.479,402586
2025-07-31,149.479,150.842,148.587,150.72,739398
2025-08-01,150.72,150.917,147.287,147.38,573093
2025-08-03,147.254,147.907,147.048,147.699,88588
2025-08-04,147.205,148.089,146.864,147.082,365997
2025-08-05,147.082,147.835,146.618,147.608,314748
2025-08-06,147.608,147.885,146.974,147.344,313302
2025-08-07,147.344,147.711,146.691,147.106,773776
2025-08-08,147.106,147.906,146.72,147.703,299400
2025-08-10,147.523,147.787,147.428,147.45,37958
2025-08-11,147.548,148.251,147.347,148.141,234005
2025-08-12,148.141,148.517,147.578,147.836,355791
2025-08-13,147.836,148.169,147.085,147.374,252454
2025-08-14,147.374,147.964,146.214,147.748,719112
2025-08-15,147.748,147.868,146.734,147.119,242166
2025-08-17,147.148,147.38,147.073,147.226,44525
2025-08-18,147.154,147.985,147.08,147.862,212005
2025-08-19,147.862,148.116,147.44,147.655,231880
2025-08-20,147.655,147.816,146.871,147.311,228212
2025-08-21,147.311,148.406,147.253,148.366,495040
2025-08-22,148.366,148.777,146.571,146.883,323455
2025-08-24,146.767,147.528,146.749,147.321,50090
2025-08-25,146.767,147.939,146.749,147.77,195167
2025-08-26,147.77,147.91,146.987,147.317,312902
2025-08-27,147.317,148.185,147.29,147.39,231691
2025-08-28,147.39,147.49,146.659,146.931,494094
2025-08-29,146.931,147.411,146.759,147.04,261992
2025-08-31,147.06,147.382,146.836,146.916,49848
2025-09-01,147.041,147.379,146.787,147.17,194520
2025-09-02,147.17,148.943,147.045,148.362,365372
2025-09-03,148.362,149.137,147.88,148.026,293973
2025-09-04,148.026,148.778,147.791,148.486,561032
2025-09-05,148.486,148.515,146.817,147.346,343633
2025-09-07,148.199,148.577,147.899,148.201,79655
2025-09-08,148.119,148.577,147.34,147.464,268311
2025-09-09,147.464,147.52,146.306,147.407,284096
2025-09-10,147.407,147.644,147.093,147.459,223808
2025-09-11,147.459,148.181,146.988,147.205,507878
2025-09-12,147.205,148.074,147.121,147.646,248207
2025-09-14,147.666,147.681,147.237,147.666,24861
2025-09-15,147.646,147.769,147.23,147.349,249383
2025-09-16,147.349,147.54,146.278,146.477,304229
2025-09-17,146.477,147.049,145.481,146.944,290239
2025-09-18,146.944,148.267,146.767,147.996,596996
2025-09-19,147.996,148.284,147.195,147.958,310107
2025-09-21,147.863,148.108,147.863,148.095,45084
2025-09-22,147.944,148.377,147.658,147.711,254623
2025-09-23,147.711,147.927,147.461,147.641,233857
2025-09-24,147.641,148.917,147.515,148.895,186231
2025-09-25,148.895,149.927,148.558,149.79,498034
2025-09-26,149.79,149.957,149.403,149.472,234799
2025-09-28,149.405,149.405,148.468,149.405,46211
2025-09-29,149.472,149.514,148.47,148.532,236123
2025-09-30,148.532,148.845,147.652,147.803,274584
2025-10-01,147.803,148.224,146.585,147.043,355248
2025-10-02,147.043,147.515,146.6,147.256,479610
2025-10-03,147.256,147.819,147.056,147.46,253076
2025-10-05,149.361,150.049,148.693,150.043,116852
2025-10-06,149.436,150.477,149,150.345,435044
2025-10-07,150.345,152.043,150.188,151.896,271592
2025-10-08,151.896,152.999,151.738,152.683,321779
2025-10-09,152.683,153.233,152.104,153.035,749032
2025-10-10,153.035,153.274,151.102,151.128,446187
2025-10-12,152.056,152.44099,151.735,152.056,109396
2025-10-13,151.726,152.449,151.723,152.268,371080
2025-10-14,152.268,152.613,151.602,151.837,433609
2025-10-15,151.837,151.873,150.899,151.035,359102
2025-10-16,151.035,151.398,150.204,150.419,895158
2025-10-17,150.419,150.628,149.371,150.616,549649
2025-10-19,150.89999,151.19901,150.286,150.89999,72878
2025-10-20,150.616,151.202,150.272,150.736,323134
2025-10-21,150.736,152.174,150.468,151.927,407711
2025-10-22,151.927,152.044,151.485,151.966,361648
2025-10-23,151.966,152.796,151.821,152.552,496638
2025-10-24,152.552,153.061,152.227,152.868,277936
2025-10-26,152.727,153.174,152.727,153.061,64827
2025-10-27,152.756,153.257,152.564,152.87,284149
2025-10-28,152.87,152.87,151.759,152.094,330367
2025-10-29,152.094,153.057,151.534,152.722,389851
2025-10-30,152.722,154.448,152.162,154.113,845610
2025-10-31,154.113,154.415,153.647,154.004,288532
2025-11-02,154.0750000000001,154.247,153.991,154.195,33506
2025-11-03,153.949,154.296,153.885,154.216,209408
2025-11-04,154.216,154.483,153.315,153.664,298557
2025-11-05,153.664,154.354,152.958,154.106,284344
2025-11-06,154.106,154.14,152.831,153.057,440010
2025-11-07,153.057,153.597,152.814,153.412,321817
2025-11-09,153.765,153.862,153.617,153.817,73200
2025-11-10,153.769,154.249,153.399,154.131,278250
2025-11-11,154.131,154.494,153.663,154.138,253073
2025-11-12,154.138,155.044,154.04,154.793,263103
2025-11-13,154.793,155.017,154.126,154.51,658538
2025-11-14,154.51,154.763,153.613,154.52,352592
2025-11-16,154.02,154.633,154.02,154.59,58196
2025-11-17,154.372,155.306,154.372,155.174,256390
2025-11-18,155.174,155.732,154.814,155.453,416467
2025-11-19,155.453,157.18,155.211,157.136,359692
2025-11-20,157.136,157.893,156.873,157.436,900428
2025-11-21,157.436,157.541,156.198,156.328,471257
2025-11-23,156.547,156.804,156.339,156.55,53415
2025-11-24,156.374,157.188,156.374,156.911,275724
2025-11-25,156.911,156.982,155.803,156.031,311068
2025-11-26,156.031,156.737,155.655,156.454,325727
2025-11-27,156.454,156.454,155.716,156.278,335266
2025-11-28,156.278,156.584,155.981,156.128,606124
2025-11-30,156.039,156.149,155.898,155.901,79680
2025-12-01,156.054,156.149,154.662,155.406,311686
2025-12-02,155.406,156.181,155.4,155.862,269038
2025-12-03,155.862,155.9,155.01,155.213,255937
2025-12-04,155.213,155.54,154.507,155.052,633408
2025-12-05,155.052,155.493,154.341,155.337,316701
2025-12-07,155.235,155.378,155.141,155.306,63261
2025-12-08,155.181,155.985,154.901,155.92,263400
2025-12-09,155.92,156.955,155.744,156.811,273307
2025-12-10,156.811,156.937,155.788,156.003,268871
2025-12-11,156.003,156.162,154.942,155.576,593612
2025-12-12,155.576,156.128,155.446,155.799,256100
2025-12-14,155.864,155.904,155.75,155.859,51076
2025-12-15,155.671,155.985,154.835,155.208,262591
2025-12-16,155.208,155.244,154.394,154.688,350531
2025-12-17,154.688,155.749,154.512,155.64,267184
2025-12-18,155.64,155.977,155.278,155.455,560038
2025-12-19,155.455,157.765,155.446,157.703,297199
2025-12-21,157.75,157.75,157.224,157.295,64504
2025-12-22,157.675,157.709,156.704,157.02,226366
2025-12-23,157.02,157.039,155.649,156.214,243390
2025-12-24,156.214,156.281,155.553,155.967,237360
2025-12-25,155.805,156.488,155.734,156.141,0
2025-12-26,155.967,156.733,155.967,156.5,165273
2025-12-28,156.488,156.555,156.044,156.324,61507
2025-12-29,156.5,156.53,155.914,156.031,221272
2025-12-30,156.031,156.566,155.744,156.329,222383
2025-12-31,156.329,156.996,156.304,156.852,219881
2026-01-01,156.751,156.888,156.509,156.817,0
2026-01-02,156.852,157.002,156.561,156.805,151321
2026-01-04,156.737,157.298,156.611,157.243,60043
2026-01-05,156.697,157.299,156.115,156.335,264259
2026-01-06,156.335,156.796,156.164,156.596,219156
2026-01-07,156.596,156.809,156.293,156.744,180139
2026-01-08,156.744,157.072,156.458,156.829,156384
2026-01-09,156.829,158.187,156.757,157.918,221814
2026-01-11,158,158.205,157.507,158.134,52749
2026-01-12,158.072,158.206,157.515,158.128,188204
2026-01-13,158.128,159.19,157.894,159.063,208766
2026-01-14,159.063,159.454,158.094,158.427,269810
2026-01-15,158.427,158.879,158.179,158.632,252024
2026-01-16,158.632,158.703,157.817,158.066,223118
2026-01-18,157.981,157.988,157.415,157.845,70336
2026-01-19,157.757,158.165,157.425,158.135,174546
2026-01-20,158.135,158.604,157.463,158.114,324320
2026-01-21,158.114,158.535,157.747,158.239,305242
2026-01-22,158.239,158.894,158.179,158.336,463124
2026-01-23,158.336,159.225,155.6,155.741,387839
2026-01-25,154.635,155.344,153.809,153.944,150929
2026-01-26,154.635,155.344,153.302,154.135,506329
2026-01-27,154.135,154.878,152.092,152.165,467948
2026-01-28,152.165,154.045,152.141,153.4,442714
2026-01-29,153.4,153.537,152.679,153.078,643176
2026-01-30,153.078,154.794,152.863,154.75,349229
2026-02-01,154.78,154.78,154.78,154.78,349229
2026-02-02,154.846,155.785,154.548,155.597,326136
2026-02-03,155.597,156.084,155.291,155.71,308280
2026-02-04,155.71,156.948,155.688,156.812,303251
2026-02-05,156.812,157.337,156.526,157.024,568556
2026-02-06,157.024,157.26,156.508,157.18,298025
2026-02-08,157.52,157.65,156.841,157.225,106863
2026-02-09,157.556,157.66,155.52,155.867,349110
2026-02-10,155.867,156.292,154.051,154.371,248181
2026-02-11,154.371,154.65,152.549,153.224,359764
2026-02-12,153.224,153.759,152.267,152.707,730432
2026-02-13,152.707,153.664,152.592,152.629,295527
2026-02-15,152.611,153.246,152.522,153.233,45289
2026-02-16,152.658,153.635,152.58,153.514,128954
2026-02-17,153.514,153.925,152.699,153.252,252378
2026-02-18,153.252,154.868,153.067,154.763,189322
2026-02-19,154.763,155.342,154.54,154.997,436936
2026-02-20,154.997,155.641,154.712,155.027,280765
2026-02-22,154.846,154.951,153.988,154.421,60753
2026-02-23,154.848,155.044,153.994,154.644,216155
2026-02-24,154.644,156.279,154.522,155.894,236724
2026-02-25,155.894,156.823,155.344,156.357,264677
2026-02-26,156.357,156.431,155.699,156.09,530820
2026-02-27,156.09,156.231,155.537,156.004,266201
2026-03-01,156.035,156.806,155.936,156.552,110917
2026-03-02,155.944,157.752,155.944,157.349,386869
2026-03-03,157.349,157.969,157.151,157.684,417356
2026-03-04,157.684,157.862,156.849,157.049,353244
2026-03-05,157.049,157.85,156.449,157.55,356990
2026-03-06,157.55,158.089,157.366,157.75,385401
2026-03-08,158.045,158.897,158.028,158.858,109286
2026-03-09,158.045,158.9,157.625,157.645,489915
2026-03-10,157.645,158.134,157.272,158.036,364301
2026-03-11,158.036,158.976,157.861,158.943,355476
2026-03-12,158.943,159.431,158.569,159.324,502064
2026-03-13,159.324,159.746,159.007,159.7,295794
2026-03-15,159.72,159.746,159.244,159.493,59380
2026-03-16,159.524,159.743,158.849,159.056,248299
2026-03-17,159.056,159.497,158.721,158.983,213846
2026-03-18,158.983,159.901,158.569,159.807,247371
2026-03-19,159.807,159.852,157.506,157.688,822068
2026-03-20,157.688,159.386,157.583,159.2,282477
2026-03-22,159.22,159.616,159.003,159.371,69199
2026-03-23,159.307,159.657,158.017,158.41,599559
2026-03-24,158.41,159.191,158.257,158.678,366394
2026-03-25,158.678,159.5,158.564,159.462,290041
2026-03-26,159.462,159.849,159.285,159.785,446624
2026-03-27,159.785,160.413,159.456,160.247,216358
2026-03-29,160.231,160.23399,159.321,160.23399,55275
2026-03-30,160.145,160.461,159.325,159.669,222797
2026-03-31,159.669,159.974,158.655,158.711,282883
2026-04-01,158.711,159.014,158.271,158.775,268593
2026-04-02,158.775,159.746,158.543,159.589,527316
2026-04-03,159.589,159.816,159.429,159.505,111044
2026-04-05,159.75,159.793,159.317,159.78,60003
2026-04-06,159.687,159.832,159.304,159.676,193703
2026-04-07,159.676,160.03,159.468,159.592,237506
2026-04-08,159.592,159.745,157.884,158.535,379677
2026-04-09,158.535,159.298,158.445,158.926,400542
2026-04-10,158.926,159.378,158.854,159.243,181030
2026-04-12,159.69701,159.85001,159.517,159.67999,40301
2026-04-13,159.61,159.863,159.288,159.422,200645
2026-04-14,159.422,159.441,158.602,158.77,189928
2026-04-15,158.77,159.153,158.645,158.938,209851
2026-04-16,158.938,159.309,158.262,159.118,386032
2026-04-17,159.118,159.531,157.588,158.587,271520
2026-04-19,159.153,159.177,158.55099,159.161,45807
2026-04-20,158.735,159.202,158.551,158.806,275555
2026-04-21,158.806,159.639,158.708,159.323,262504
2026-04-22,159.323,159.574,159.101,159.438,265737
2026-04-23,159.438,159.847,159.295,159.647,491226
2026-04-24,159.647,159.841,159.295,159.298,200999
2026-04-26,159.575,159.576,159.09,159.576,34842
2026-04-27,159.555,159.597,159.093,159.41,160278
2026-04-28,159.41,159.787,158.958,159.611,208522
2026-04-29,159.611,160.473,159.49,160.435,229960
2026-04-30,160.435,160.724,155.535,156.592,1069694
2026-05-01,156.592,157.328,155.489,157.017,322759
2026-05-03,156.562,157.326,155.453,156.415,322759
2026-05-04,156.752,157.304,155.687,157.218,336839
2026-05-05,157.218,157.92,157.076,157.872,213646
2026-05-06,157.872,157.935,155.025,156.329,477547
2026-05-07,156.329,156.955,156.023,156.874,249766
2026-05-08,156.874,156.989,156.432,156.648,203994
2026-05-10,156.391,157.175,156.391,157.135,32867
2026-05-11,156.521,157.273,156.521,157.137,137972
2026-05-12,157.137,157.765,156.714,157.616,181861
2026-05-13,157.616,157.926,157.539,157.848,129604
2026-05-14,157.848,158.422,157.286,158.362,231473
2026-05-15,158.362,158.843,158.257,158.718,250774
2026-05-17,158.65,158.973,158.536,158.961,39448
2026-05-18,158.718,159.081,158.612,158.786,254375
2026-05-19,158.786,159.251,158.643,159.076,248154
2026-05-20,159.076,159.169,158.587,158.904,275740
2026-05-21,158.904,159.343,158.8,158.926,239658
2026-05-22,158.926,159.234,158.871,159.176,164890
2026-05-24,158.942,159.037,158.759,158.946,24088
2026-05-25,158.746,159.041,158.746,158.878,86721
2026-05-26,158.878,159.381,158.809,159.291,122291
2026-05-27,159.291,159.579,159.176,159.498,218872
2026-05-28,159.498,159.652,159.11,159.23,379878
2026-05-29,159.23,159.376,159.095,159.23,188054
2026-05-31,159.255,159.499,159.243,159.468,30264
2026-06-01,159.356,159.767,159.294,159.658,195329
2026-06-02,159.658,159.988,159.569,159.908,165702
2026-06-03,159.908,160.091,159.366,160.064,204647
2026-06-04,160.064,160.077,159.589,160.012,347938
2026-06-05,160.012,160.341,159.709,160.28,199382
2026-06-07,160.158,160.354,160.061,160.328,41671
2026-06-08,160.19,160.392,159.839,160.173,206495
2026-06-09,160.173,160.447,160.054,160.349,161563
2026-06-10,160.349,160.573,160.238,160.537,154557
2026-06-11,160.537,160.595,159.534,159.869,284794
2026-06-12,159.869,160.376,159.856,160.194,209404
2026-06-14,160.185,160.231,159.702,160.07,33770
2026-06-15,160.055,160.397,159.732,160.32,137185
2026-06-16,160.32,160.482,160.049,160.374,153071
2026-06-17,160.374,160.796,160.117,160.624,175412
2026-06-18,160.624,161.808,160.47,161.368,432994
2026-06-19,161.368,161.458,160.988,161.246,166404
2026-06-21,161.275,161.607,161.14,161.564,1
2026-06-22,161.222,161.926,161.07,161.561,220847
2026-06-23,161.561,161.741,161.265,161.568,180540
2026-06-24,161.568,161.839,161.45,161.777,177003
2026-06-25,161.777,161.948,161.555,161.781,310314
2026-06-26,161.781,161.849,161.532,161.691,136609
2026-06-28,161.685,161.863,161.668,161.778,136609
2026-06-29,161.708,161.98,161.703,161.928,104721
2026-06-30,161.928,162.671,161.853,162.518,174401
2026-07-01,162.518,162.837,162.295,162.569,172221
2026-07-02,162.569,162.597,160.619,161.096,693102
2026-07-03,161.096,161.52,160.478,161.325,339448
2026-07-05,161.487,162.424,161.452,161.452,40362
2026-07-06,161.256,162.424,161.237,162.072,207464
2026-07-07,162.072,162.18,161.651,162.077,222744
2026-07-08,162.077,162.709,162.02,162.577,220934
2026-07-09,162.577,162.607,162.246,162.348,258116
2026-07-10,162.348,162.424,161.28,161.663,267623
2026-07-12,161.63,162.174,161.584,162.064,1
2026-07-13,161.705,162.487,161.62,162.431,285957
2026-07-14,162.431,162.47,161.595,162.238,270069
2026-07-15,162.238,162.422,161.893,162.174,192874
2026-07-16,162.174,162.547,161.98,162.382,339600
2026-07-17,162.382,162.519,162.123,162.356,163566
2026-07-19,162.384,162.59,162.297,162.362,821
2026-07-20,162.4,162.599,162.199,162.481,139837
2026-07-21,162.481,163.238,162.432,163.149,129787
2026-07-22,163.149,163.228,162.665,163.138,143579
2026-07-23,163.138,163.987,162.992,163.831,332424
2026-07-24,163.831,163.937,163.642,163.824,141842
2026-07-26,163.696,163.711,163.449,163.584,32188
2026-07-27,163.581,163.796,163.327,163.718,149591
2026-07-28,163.718,163.95,163.644,163.844,121124
2026-07-29,163.844,163.905,163.23,163.391,198531
2026-07-30,163.391,163.74,157.955,159.497,1012984
2026-07-31,159.497,160.879,157.238,157.469,717326
2026-08-02,157.4,157.886,155.215,156.546,201228
2026-08-03,157.114,157.887,155.226,157.142,452576
2026-08-04,157.142,157.959,157.14,157.697,279199
2026-08-05,157.697,157.873,157.304,157.741,255995
2026-08-06,157.741,158.553,157.557,158.41,312480
2026-08-07,158.41,158.574,156.655,157.76,267632
2026-08-09,157.727,158.317,157.578,158.179,39738
2026-08-10,157.698,159.365,157.615,159.281,194113
2026-08-11,159.281,159.386,158.917,159.26,154887
2026-08-12,159.26,159.543,158.575,159.404,204099
2026-08-13,159.404,159.567,159.023,159.482,379228
2026-08-14,159.482,159.528,158.602,159.316,246526
2026-08-16,159.305,159.402,158.946,159.14,48234
2026-08-17,159.286,159.597,158.845,159.433,199007
2026-08-18,159.433,159.779,159.311,159.596,193356
2026-08-19,159.596,159.646,158.043,158.151,361264
2026-08-20,158.151,159.179,158.028,159.039,564502
2026-08-21,159.039,159.132,158.349,158.972,270514
2026-08-23,158.952,159.003,158.506,158.953,84
2026-08-24,158.971,159.282,158.551,159.08,285444
2026-08-25,159.08,159.491,159.024,159.183,257041
2026-08-26,159.183,159.446,158.877,159.289,236062
2026-08-27,159.289,159.525,159.114,159.391,444200
2026-08-28,159.391,160.203,159.295,160.079,251088
2026-08-30,160.098,160.201,159.726,159.808,52064
2026-08-31,160.018,160.199,159.472,159.733,269094
2026-09-01,159.733,160.274,159.632,160.167,251647
2026-09-02,160.167,160.392,158.203,158.685,415409
2026-09-03,158.685,158.964,155.298,155.797,1043916
2026-09-04,155.797,156.75,155.289,156.195,412297
2026-09-06,156.209,156.246,154.064,156.19701,57749
2026-09-07,155.976,156.292,154.055,154.342,268417
2026-09-08,154.342,154.426,152.887,153.973,420058
2026-09-09,153.973,153.977,152.938,153.505,422444
2026-09-10,153.505,154.671,153.284,154.419,673640
2026-09-11,154.419,154.617,153.238,153.468,389979
2026-09-13,153.12,153.791,153.12,153.411,121417
2026-09-14,153.468,155,153.37,154.34,447943
2026-09-15,154.34,155.237,154.21,155.073,387371
2026-09-16,155.081,155.49,154.877,155.141,212809
